[     434ms] [INFO] %cDownload the React DevTools for a better development experience: https://react.dev/link/react-devtools font-weight:bold @ http://localhost:4200/_next/static/chunks/0aus_next_dist_0dxyg_i._.js:2431
[     463ms] [LOG] [HMR] connected @ http://localhost:4200/_next/static/chunks/0aus_next_dist_0dxyg_i._.js:2431
[     638ms] [LOG] [Fast Refresh] rebuilding @ http://localhost:4200/_next/static/chunks/0aus_next_dist_0dxyg_i._.js:2431
[     818ms] [WARNING] Please ensure that the container has a non-static position, like 'relative', 'fixed', or 'absolute' to ensure scroll offset is calculated correctly. @ http://localhost:4200/_next/static/chunks/0aus_next_dist_0dxyg_i._.js:2431
[    1227ms] [LOG] [Fast Refresh] done in 689ms @ http://localhost:4200/_next/static/chunks/0aus_next_dist_0dxyg_i._.js:2431
[   32341ms] [INFO] %cDownload the React DevTools for a better development experience: https://react.dev/link/react-devtools font-weight:bold @ http://localhost:4200/_next/static/chunks/0aus_next_dist_0dxyg_i._.js:2431
[   32369ms] [LOG] [HMR] connected @ http://localhost:4200/_next/static/chunks/0aus_next_dist_0dxyg_i._.js:2431
[   32601ms] [WARNING] Please ensure that the container has a non-static position, like 'relative', 'fixed', or 'absolute' to ensure scroll offset is calculated correctly. @ http://localhost:4200/_next/static/chunks/0aus_next_dist_0dxyg_i._.js:2431
[  149127ms] [LOG] [Fast Refresh] rebuilding @ http://localhost:4200/_next/static/chunks/0aus_next_dist_0dxyg_i._.js:2431
[  149799ms] [LOG] [Fast Refresh] done in 772ms @ http://localhost:4200/_next/static/chunks/0aus_next_dist_0dxyg_i._.js:2431
[  184869ms] [LOG] [Fast Refresh] rebuilding @ http://localhost:4200/_next/static/chunks/0aus_next_dist_0dxyg_i._.js:2431
[  186183ms] [LOG] [Fast Refresh] done in 710ms @ http://localhost:4200/_next/static/chunks/0aus_next_dist_0dxyg_i._.js:2431
[  188395ms] [LOG] [Fast Refresh] rebuilding @ http://localhost:4200/_next/static/chunks/0aus_next_dist_0dxyg_i._.js:2431
[  188398ms] [LOG] [Fast Refresh] done in 114ms @ http://localhost:4200/_next/static/chunks/0aus_next_dist_0dxyg_i._.js:2431
[  191943ms] [LOG] [Fast Refresh] rebuilding @ http://localhost:4200/_next/static/chunks/0aus_next_dist_0dxyg_i._.js:2431
[  191950ms] [LOG] [Fast Refresh] done in 107ms @ http://localhost:4200/_next/static/chunks/0aus_next_dist_0dxyg_i._.js:2431
[  194217ms] [LOG] [Fast Refresh] rebuilding @ http://localhost:4200/_next/static/chunks/0aus_next_dist_0dxyg_i._.js:2431
[  194220ms] [LOG] [Fast Refresh] done in 109ms @ http://localhost:4200/_next/static/chunks/0aus_next_dist_0dxyg_i._.js:2431
[  199249ms] [LOG] [Fast Refresh] rebuilding @ http://localhost:4200/_next/static/chunks/0aus_next_dist_0dxyg_i._.js:2431
[  199318ms] [LOG] [Fast Refresh] done in 169ms @ http://localhost:4200/_next/static/chunks/0aus_next_dist_0dxyg_i._.js:2431
[  199443ms] [LOG] [Fast Refresh] rebuilding @ http://localhost:4200/_next/static/chunks/0aus_next_dist_0dxyg_i._.js:2431
[  199505ms] [LOG] [Fast Refresh] done in 162ms @ http://localhost:4200/_next/static/chunks/0aus_next_dist_0dxyg_i._.js:2431
[  199648ms] [LOG] [Fast Refresh] rebuilding @ http://localhost:4200/_next/static/chunks/0aus_next_dist_0dxyg_i._.js:2431
[  199717ms] [LOG] [Fast Refresh] done in 170ms @ http://localhost:4200/_next/static/chunks/0aus_next_dist_0dxyg_i._.js:2431
[  201478ms] [LOG] [Fast Refresh] rebuilding @ http://localhost:4200/_next/static/chunks/0aus_next_dist_0dxyg_i._.js:2431
[  201482ms] [LOG] [Fast Refresh] done in 115ms @ http://localhost:4200/_next/static/chunks/0aus_next_dist_0dxyg_i._.js:2431
[  203435ms] [LOG] [Fast Refresh] rebuilding @ http://localhost:4200/_next/static/chunks/0aus_next_dist_0dxyg_i._.js:2431
[  203438ms] [LOG] [Fast Refresh] done in 104ms @ http://localhost:4200/_next/static/chunks/0aus_next_dist_0dxyg_i._.js:2431
[  205027ms] [LOG] [Fast Refresh] rebuilding @ http://localhost:4200/_next/static/chunks/0aus_next_dist_0dxyg_i._.js:2431
[  205029ms] [LOG] [Fast Refresh] done in 103ms @ http://localhost:4200/_next/static/chunks/0aus_next_dist_0dxyg_i._.js:2431
[  205249ms] [LOG] [Fast Refresh] rebuilding @ http://localhost:4200/_next/static/chunks/0aus_next_dist_0dxyg_i._.js:2431
[  205263ms] [LOG] [Fast Refresh] done in 115ms @ http://localhost:4200/_next/static/chunks/0aus_next_dist_0dxyg_i._.js:2431
[  208775ms] [LOG] [Fast Refresh] rebuilding @ http://localhost:4200/_next/static/chunks/0aus_next_dist_0dxyg_i._.js:2431
[  208777ms] [LOG] [Fast Refresh] done in 119ms @ http://localhost:4200/_next/static/chunks/0aus_next_dist_0dxyg_i._.js:2431
[  220479ms] [LOG] [Fast Refresh] rebuilding @ http://localhost:4200/_next/static/chunks/0aus_next_dist_0dxyg_i._.js:2431
[  220927ms] [LOG] [Fast Refresh] done in 549ms @ http://localhost:4200/_next/static/chunks/0aus_next_dist_0dxyg_i._.js:2431
[  272099ms] [LOG] [Fast Refresh] rebuilding @ http://localhost:4200/_next/static/chunks/0aus_next_dist_0dxyg_i._.js:2431
[  272707ms] [WARNING] [Fast Refresh] performing full reload

Fast Refresh will perform a full reload when you edit a file that's imported by modules outside of the React rendering tree.
You might have a file which exports a React component but also exports a value that is imported by a non-React component file.
Consider migrating the non-React component export to a separate file and importing it into both files.

It is also possible the parent component of the component you edited is a class component, which disables Fast Refresh.
Fast Refresh requires at least one parent function component in your React tree. @ http://localhost:4200/_next/static/chunks/0aus_next_dist_0dxyg_i._.js:2431
[  272713ms] [LOG] [Fast Refresh] done in 707ms @ http://localhost:4200/_next/static/chunks/0aus_next_dist_0dxyg_i._.js:2431
[  272915ms] [LOG] [Fast Refresh] rebuilding @ http://localhost:4200/_next/static/chunks/0aus_next_dist_0dxyg_i._.js:2431
[  272967ms] [LOG] [Fast Refresh] done in 154ms @ http://localhost:4200/_next/static/chunks/0aus_next_dist_0dxyg_i._.js:2431
[  274057ms] [ERROR] Failed to load resource: the server responded with a status of 500 (Internal Server Error) @ http://localhost:4200/bento-5:0
[  274106ms] [INFO] %cDownload the React DevTools for a better development experience: https://react.dev/link/react-devtools font-weight:bold @ http://localhost:4200/_next/static/chunks/0aus_next_dist_0dxyg_i._.js:2431
[  274128ms] [LOG] [HMR] connected @ http://localhost:4200/_next/static/chunks/0aus_next_dist_0dxyg_i._.js:2431
[  274780ms] [ERROR] Encountered a script tag while rendering React component. Scripts inside React components are never executed when rendering on the client. Consider using template tag instead (https://developer.mozilla.org/en-US/docs/Web/HTML/Element/template). @ http://localhost:4200/_next/static/chunks/0aus_next_dist_0dxyg_i._.js:3272
[  274919ms] ReferenceError: snap is not defined
    at _c (http://localhost:4200/_next/static/chunks/app_bento-5_0vwjhwx._.js:417:14)
    at Array.map (<anonymous>)
    at module evaluation (http://localhost:4200/_next/static/chunks/app_bento-5_0vwjhwx._.js:415:3)
    at http://localhost:4200/_next/static/chunks/turbopack-_0z5pnsk._.js:1307:27
    at runModuleExecutionHooks (http://localhost:4200/_next/static/chunks/turbopack-_0z5pnsk._.js:1636:13)
    at instantiateModuleShared (http://localhost:4200/_next/static/chunks/turbopack-_0z5pnsk._.js:1305:9)
    at instantiateModule (http://localhost:4200/_next/static/chunks/turbopack-_0z5pnsk._.js:1621:12)
    at getOrInstantiateModuleFromParent (http://localhost:4200/_next/static/chunks/turbopack-_0z5pnsk._.js:1604:12)
    at DevContext.commonJsRequire [as r] (http://localhost:4200/_next/static/chunks/turbopack-_0z5pnsk._.js:299:12)
    at requireModule (http://localhost:4200/_next/static/chunks/0aus_next_dist_compiled_react-server-dom-turbopack_0bo9_ln._.js:95:84)
    at initializeModuleChunk (http://localhost:4200/_next/static/chunks/0aus_next_dist_compiled_react-server-dom-turbopack_0bo9_ln._.js:1110:25)
    at readChunk (http://localhost:4200/_next/static/chunks/0aus_next_dist_compiled_react-server-dom-turbopack_0bo9_ln._.js:846:17)
    at Object.react_stack_bottom_frame (http://localhost:4200/_next/static/chunks/0aus_next_dist_compiled_react-dom_0v6ubys._.js:15101:20)
    at resolveLazy (http://localhost:4200/_next/static/chunks/0aus_next_dist_compiled_react-dom_0v6ubys._.js:3866:20)
    at beginWork (http://localhost:4200/_next/static/chunks/0aus_next_dist_compiled_react-dom_0v6ubys._.js:6665:77)
    at runWithFiberInDEV (http://localhost:4200/_next/static/chunks/0aus_next_dist_compiled_react-dom_0v6ubys._.js:965:74)
    at performUnitOfWork (http://localhost:4200/_next/static/chunks/0aus_next_dist_compiled_react-dom_0v6ubys._.js:9555:97)
    at workLoopSync (http://localhost:4200/_next/static/chunks/0aus_next_dist_compiled_react-dom_0v6ubys._.js:9449:40)
    at renderRootSync (http://localhost:4200/_next/static/chunks/0aus_next_dist_compiled_react-dom_0v6ubys._.js:9433:13)
    at performWorkOnRoot (http://localhost:4200/_next/static/chunks/0aus_next_dist_compiled_react-dom_0v6ubys._.js:9061:186)
    at performWorkOnRootViaSchedulerTask (http://localhost:4200/_next/static/chunks/0aus_next_dist_compiled_react-dom_0v6ubys._.js:10255:9)
    at MessagePort.performWorkUntilDeadline (http://localhost:4200/_next/static/chunks/0aus_next_dist_compiled_0da0l5i._.js:2647:64)
[  274934ms] [ERROR] Failed to load resource: the server responded with a status of 404 (Not Found) @ http://localhost:4200/favicon.ico:0
[  274993ms] [LOG] [Fast Refresh] rebuilding @ http://localhost:4200/_next/static/chunks/0aus_next_dist_0dxyg_i._.js:2431
[  275009ms] [LOG] [Fast Refresh] done in 117ms @ http://localhost:4200/_next/static/chunks/0aus_next_dist_0dxyg_i._.js:2431
[  277389ms] [LOG] [Fast Refresh] rebuilding @ http://localhost:4200/_next/static/chunks/0aus_next_dist_0dxyg_i._.js:2431
[  277551ms] [WARNING] [Fast Refresh] performing full reload

Fast Refresh will perform a full reload when you edit a file that's imported by modules outside of the React rendering tree.
You might have a file which exports a React component but also exports a value that is imported by a non-React component file.
Consider migrating the non-React component export to a separate file and importing it into both files.

It is also possible the parent component of the component you edited is a class component, which disables Fast Refresh.
Fast Refresh requires at least one parent function component in your React tree. @ http://localhost:4200/_next/static/chunks/0aus_next_dist_0dxyg_i._.js:2431
[  277553ms] [WARNING] [Fast Refresh] performing full reload because your application had an unrecoverable error @ http://localhost:4200/_next/static/chunks/0aus_next_dist_0dxyg_i._.js:2431
[  277583ms] [LOG] [Fast Refresh] done in 262ms @ http://localhost:4200/_next/static/chunks/0aus_next_dist_0dxyg_i._.js:2431
[  277695ms] [LOG] [Fast Refresh] rebuilding @ http://localhost:4200/_next/static/chunks/0aus_next_dist_0dxyg_i._.js:2431
[  277836ms] [LOG] [Fast Refresh] done in 240ms @ http://localhost:4200/_next/static/chunks/0aus_next_dist_0dxyg_i._.js:2431
[  278494ms] [INFO] %cDownload the React DevTools for a better development experience: https://react.dev/link/react-devtools font-weight:bold @ http://localhost:4200/_next/static/chunks/0aus_next_dist_0dxyg_i._.js:2431
[  278519ms] [LOG] [HMR] connected @ http://localhost:4200/_next/static/chunks/0aus_next_dist_0dxyg_i._.js:2431
[  279250ms] [WARNING] Please ensure that the container has a non-static position, like 'relative', 'fixed', or 'absolute' to ensure scroll offset is calculated correctly. @ http://localhost:4200/_next/static/chunks/0aus_next_dist_0dxyg_i._.js:2431
[  279366ms] TypeError: undefined is not iterable (cannot read property Symbol(Symbol.iterator))
    at project (http://localhost:4200/_next/static/chunks/app_bento-5_0vwjhwx._.js:421:17)
    at Globe.useEffect.build (http://localhost:4200/_next/static/chunks/app_bento-5_0vwjhwx._.js:570:61)
    at Array.forEach (<anonymous>)
    at Globe.useEffect.build [as onRender] (http://localhost:4200/_next/static/chunks/app_bento-5_0vwjhwx._.js:566:40)
    at e.onRender (http://localhost:4200/_next/static/chunks/node_modules__pnpm_0n-f4ly._.js:403:23)
    at push.e.render (http://localhost:4200/_next/static/chunks/node_modules__pnpm_0n-f4ly._.js:79:94)
    at http://localhost:4200/_next/static/chunks/node_modules__pnpm_0n-f4ly._.js:218:11
    at Map.forEach (<anonymous>)
    at push.i.render (http://localhost:4200/_next/static/chunks/node_modules__pnpm_0n-f4ly._.js:217:42)
    at http://localhost:4200/_next/static/chunks/node_modules__pnpm_0n-f4ly._.js:220:18
[  279366ms] TypeError: undefined is not iterable (cannot read property Symbol(Symbol.iterator))
    at project (http://localhost:4200/_next/static/chunks/app_bento-5_0vwjhwx._.js:421:17)
    at Globe.useEffect.build (http://localhost:4200/_next/static/chunks/app_bento-5_0vwjhwx._.js:570:61)
    at Array.forEach (<anonymous>)
    at Globe.useEffect.build [as onRender] (http://localhost:4200/_next/static/chunks/app_bento-5_0vwjhwx._.js:566:40)
    at e.onRender (http://localhost:4200/_next/static/chunks/node_modules__pnpm_0n-f4ly._.js:403:23)
    at push.e.render (http://localhost:4200/_next/static/chunks/node_modules__pnpm_0n-f4ly._.js:79:94)
    at http://localhost:4200/_next/static/chunks/node_modules__pnpm_0n-f4ly._.js:218:11
    at Map.forEach (<anonymous>)
    at push.i.render (http://localhost:4200/_next/static/chunks/node_modules__pnpm_0n-f4ly._.js:217:42)
    at http://localhost:4200/_next/static/chunks/node_modules__pnpm_0n-f4ly._.js:220:18
[  290362ms] [LOG] [Fast Refresh] rebuilding @ http://localhost:4200/_next/static/chunks/0aus_next_dist_0dxyg_i._.js:2431
[  291086ms] [ERROR] ./app/bento-5/globe.tsx:242:7
cannot reassign to a variable declared with `const`
  240 |       const [w, h] = [canvas.offsetWidth, canvas.offsetHeight];
  241 |       globe?.destroy();
> 242 |       globe = createGlobe(canvas, {
      |       ^^^^^
  243 |         devicePixelRatio: dpr,
  244 |         width: size,
  245 |         height: size,

Ecmascript file had an error

Import trace:
  Server Component:
    ./app/bento-5/globe.tsx
    ./app/bento-5/page.tsx @ http://localhost:4200/_next/static/chunks/0aus_next_dist_0dxyg_i._.js:3272
[  291130ms] [ERROR] ./app/bento-5/globe.tsx:242:7
cannot reassign to a variable declared with `const`
  240 |       const [w, h] = [canvas.offsetWidth, canvas.offsetHeight];
  241 |       globe?.destroy();
> 242 |       globe = createGlobe(canvas, {
      |       ^^^^^
  243 |         devicePixelRatio: dpr,
  244 |         width: size,
  245 |         height: size,

Ecmascript file had an error

Import trace:
  Server Component:
    ./app/bento-5/globe.tsx
    ./app/bento-5/page.tsx @ http://localhost:4200/_next/static/chunks/0aus_next_dist_0dxyg_i._.js:3272
[  291197ms] [LOG] [Fast Refresh] rebuilding @ http://localhost:4200/_next/static/chunks/0aus_next_dist_0dxyg_i._.js:2431
[  298891ms] [LOG] [Fast Refresh] rebuilding @ http://localhost:4200/_next/static/chunks/0aus_next_dist_0dxyg_i._.js:2431
[  299178ms] TypeError: undefined is not iterable (cannot read property Symbol(Symbol.iterator))
    at project (http://localhost:4200/_next/static/chunks/app_bento-5_0vwjhwx._.js?id=%255Bproject%255D%252Fapp%252Fbento-5%252Fglobe.tsx+%255Bapp-client%255D+%2528ecmascript%2529:198:17)
    at Globe.useEffect.build (http://localhost:4200/_next/static/chunks/app_bento-5_0vwjhwx._.js?id=%255Bproject%255D%252Fapp%252Fbento-5%252Fglobe.tsx+%255Bapp-client%255D+%2528ecmascript%2529:356:61)
    at Array.forEach (<anonymous>)
    at Globe.useEffect.build [as onRender] (http://localhost:4200/_next/static/chunks/app_bento-5_0vwjhwx._.js?id=%255Bproject%255D%252Fapp%252Fbento-5%252Fglobe.tsx+%255Bapp-client%255D+%2528ecmascript%2529:352:40)
    at e.onRender (http://localhost:4200/_next/static/chunks/node_modules__pnpm_0n-f4ly._.js:403:23)
    at push.e.render (http://localhost:4200/_next/static/chunks/node_modules__pnpm_0n-f4ly._.js:79:94)
    at http://localhost:4200/_next/static/chunks/node_modules__pnpm_0n-f4ly._.js:218:11
    at Map.forEach (<anonymous>)
    at push.i.render (http://localhost:4200/_next/static/chunks/node_modules__pnpm_0n-f4ly._.js:217:42)
    at http://localhost:4200/_next/static/chunks/node_modules__pnpm_0n-f4ly._.js:220:18
[  299284ms] [LOG] [Fast Refresh] done in 328ms @ http://localhost:4200/_next/static/chunks/0aus_next_dist_0dxyg_i._.js:2431
[  299401ms] [LOG] [Fast Refresh] rebuilding @ http://localhost:4200/_next/static/chunks/0aus_next_dist_0dxyg_i._.js:2431
[  299422ms] [LOG] [Fast Refresh] done in 121ms @ http://localhost:4200/_next/static/chunks/0aus_next_dist_0dxyg_i._.js:2431
[  299825ms] TypeError: globe?.destroy is not a function
    at Globe.useEffect (http://localhost:4200/_next/static/chunks/app_bento-5_0vwjhwx._.js?id=%255Bproject%255D%252Fapp%252Fbento-5%252Fglobe.tsx+%255Bapp-client%255D+%2528ecmascript%2529:386:28)
    at Object.react_stack_bottom_frame (http://localhost:4200/_next/static/chunks/0aus_next_dist_compiled_react-dom_0v6ubys._.js:15093:17)
    at runWithFiberInDEV (http://localhost:4200/_next/static/chunks/0aus_next_dist_compiled_react-dom_0v6ubys._.js:965:74)
    at commitHookEffectListUnmount (http://localhost:4200/_next/static/chunks/0aus_next_dist_compiled_react-dom_0v6ubys._.js:7280:166)
    at commitHookPassiveUnmountEffects (http://localhost:4200/_next/static/chunks/0aus_next_dist_compiled_react-dom_0v6ubys._.js:7293:60)
    at commitPassiveUnmountOnFiber (http://localhost:4200/_next/static/chunks/0aus_next_dist_compiled_react-dom_0v6ubys._.js:8889:46)
    at recursivelyTraversePassiveUnmountEffects (http://localhost:4200/_next/static/chunks/0aus_next_dist_compiled_react-dom_0v6ubys._.js:8880:106)
    at commitPassiveUnmountOnFiber (http://localhost:4200/_next/static/chunks/0aus_next_dist_compiled_react-dom_0v6ubys._.js:8906:17)
    at recursivelyTraversePassiveUnmountEffects (http://localhost:4200/_next/static/chunks/0aus_next_dist_compiled_react-dom_0v6ubys._.js:8880:106)
    at commitPassiveUnmountOnFiber (http://localhost:4200/_next/static/chunks/0aus_next_dist_compiled_react-dom_0v6ubys._.js:8906:17)
    at recursivelyTraversePassiveUnmountEffects (http://localhost:4200/_next/static/chunks/0aus_next_dist_compiled_react-dom_0v6ubys._.js:8880:106)
    at commitPassiveUnmountOnFiber (http://localhost:4200/_next/static/chunks/0aus_next_dist_compiled_react-dom_0v6ubys._.js:8906:17)
    at recursivelyTraversePassiveUnmountEffects (http://localhost:4200/_next/static/chunks/0aus_next_dist_compiled_react-dom_0v6ubys._.js:8880:106)
    at commitPassiveUnmountOnFiber (http://localhost:4200/_next/static/chunks/0aus_next_dist_compiled_react-dom_0v6ubys._.js:8888:17)
    at recursivelyTraversePassiveUnmountEffects (http://localhost:4200/_next/static/chunks/0aus_next_dist_compiled_react-dom_0v6ubys._.js:8880:106)
    at commitPassiveUnmountOnFiber (http://localhost:4200/_next/static/chunks/0aus_next_dist_compiled_react-dom_0v6ubys._.js:8888:17)
    at recursivelyTraversePassiveUnmountEffects (http://localhost:4200/_next/static/chunks/0aus_next_dist_compiled_react-dom_0v6ubys._.js:8880:106)
    at commitPassiveUnmountOnFiber (http://localhost:4200/_next/static/chunks/0aus_next_dist_compiled_react-dom_0v6ubys._.js:8906:17)
    at recursivelyTraversePassiveUnmountEffects (http://localhost:4200/_next/static/chunks/0aus_next_dist_compiled_react-dom_0v6ubys._.js:8880:106)
    at commitPassiveUnmountOnFiber (http://localhost:4200/_next/static/chunks/0aus_next_dist_compiled_react-dom_0v6ubys._.js:8906:17)
    at recursivelyTraversePassiveUnmountEffects (http://localhost:4200/_next/static/chunks/0aus_next_dist_compiled_react-dom_0v6ubys._.js:8880:106)
    at commitPassiveUnmountOnFiber (http://localhost:4200/_next/static/chunks/0aus_next_dist_compiled_react-dom_0v6ubys._.js:8906:17)
    at recursivelyTraversePassiveUnmountEffects (http://localhost:4200/_next/static/chunks/0aus_next_dist_compiled_react-dom_0v6ubys._.js:8880:106)
    at commitPassiveUnmountOnFiber (http://localhost:4200/_next/static/chunks/0aus_next_dist_compiled_react-dom_0v6ubys._.js:8888:17)
    at recursivelyTraversePassiveUnmountEffects (http://localhost:4200/_next/static/chunks/0aus_next_dist_compiled_react-dom_0v6ubys._.js:8880:106)
    at commitPassiveUnmountOnFiber (http://localhost:4200/_next/static/chunks/0aus_next_dist_compiled_react-dom_0v6ubys._.js:8906:17)
    at recursivelyTraversePassiveUnmountEffects (http://localhost:4200/_next/static/chunks/0aus_next_dist_compiled_react-dom_0v6ubys._.js:8880:106)
    at commitPassiveUnmountOnFiber (http://localhost:4200/_next/static/chunks/0aus_next_dist_compiled_react-dom_0v6ubys._.js:8888:17)
    at recursivelyTraversePassiveUnmountEffects (http://localhost:4200/_next/static/chunks/0aus_next_dist_compiled_react-dom_0v6ubys._.js:8880:106)
    at commitPassiveUnmountOnFiber (http://localhost:4200/_next/static/chunks/0aus_next_dist_compiled_react-dom_0v6ubys._.js:8906:17)
    at recursivelyTraversePassiveUnmountEffects (http://localhost:4200/_next/static/chunks/0aus_next_dist_compiled_react-dom_0v6ubys._.js:8880:106)
    at commitPassiveUnmountOnFiber (http://localhost:4200/_next/static/chunks/0aus_next_dist_compiled_react-dom_0v6ubys._.js:8906:17)
    at recursivelyTraversePassiveUnmountEffects (http://localhost:4200/_next/static/chunks/0aus_next_dist_compiled_react-dom_0v6ubys._.js:8880:106)
    at commitPassiveUnmountOnFiber (http://localhost:4200/_next/static/chunks/0aus_next_dist_compiled_react-dom_0v6ubys._.js:8906:17)
    at recursivelyTraversePassiveUnmountEffects (http://localhost:4200/_next/static/chunks/0aus_next_dist_compiled_react-dom_0v6ubys._.js:8880:106)
    at commitPassiveUnmountOnFiber (http://localhost:4200/_next/static/chunks/0aus_next_dist_compiled_react-dom_0v6ubys._.js:8888:17)
    at recursivelyTraversePassiveUnmountEffects (http://localhost:4200/_next/static/chunks/0aus_next_dist_compiled_react-dom_0v6ubys._.js:8880:106)
    at commitPassiveUnmountOnFiber (http://localhost:4200/_next/static/chunks/0aus_next_dist_compiled_react-dom_0v6ubys._.js:8906:17)
    at recursivelyTraversePassiveUnmountEffects (http://localhost:4200/_next/static/chunks/0aus_next_dist_compiled_react-dom_0v6ubys._.js:8880:106)
    at commitPassiveUnmountOnFiber (http://localhost:4200/_next/static/chunks/0aus_next_dist_compiled_react-dom_0v6ubys._.js:8906:17)
    at recursivelyTraversePassiveUnmountEffects (http://localhost:4200/_next/static/chunks/0aus_next_dist_compiled_react-dom_0v6ubys._.js:8880:106)
    at commitPassiveUnmountOnFiber (http://localhost:4200/_next/static/chunks/0aus_next_dist_compiled_react-dom_0v6ubys._.js:8888:17)
    at recursivelyTraversePassiveUnmountEffects (http://localhost:4200/_next/static/chunks/0aus_next_dist_compiled_react-dom_0v6ubys._.js:8880:106)
    at commitPassiveUnmountOnFiber (http://localhost:4200/_next/static/chunks/0aus_next_dist_compiled_react-dom_0v6ubys._.js:8906:17)
    at recursivelyTraversePassiveUnmountEffects (http://localhost:4200/_next/static/chunks/0aus_next_dist_compiled_react-dom_0v6ubys._.js:8880:106)
    at commitPassiveUnmountOnFiber (http://localhost:4200/_next/static/chunks/0aus_next_dist_compiled_react-dom_0v6ubys._.js:8888:17)
    at recursivelyTraversePassiveUnmountEffects (http://localhost:4200/_next/static/chunks/0aus_next_dist_compiled_react-dom_0v6ubys._.js:8880:106)
    at commitPassiveUnmountOnFiber (http://localhost:4200/_next/static/chunks/0aus_next_dist_compiled_react-dom_0v6ubys._.js:8888:17)
    at recursivelyTraversePassiveUnmountEffects (http://localhost:4200/_next/static/chunks/0aus_next_dist_compiled_react-dom_0v6ubys._.js:8880:106)
    at commitPassiveUnmountOnFiber (http://localhost:4200/_next/static/chunks/0aus_next_dist_compiled_react-dom_0v6ubys._.js:8888:17)
[  299835ms] TypeError: globe?.destroy is not a function
    at Globe.useEffect (http://localhost:4200/_next/static/chunks/app_bento-5_0vwjhwx._.js?id=%255Bproject%255D%252Fapp%252Fbento-5%252Fglobe.tsx+%255Bapp-client%255D+%2528ecmascript%2529:386:28)
    at Object.react_stack_bottom_frame (http://localhost:4200/_next/static/chunks/0aus_next_dist_compiled_react-dom_0v6ubys._.js:15093:17)
    at runWithFiberInDEV (http://localhost:4200/_next/static/chunks/0aus_next_dist_compiled_react-dom_0v6ubys._.js:965:74)
    at commitHookEffectListUnmount (http://localhost:4200/_next/static/chunks/0aus_next_dist_compiled_react-dom_0v6ubys._.js:7280:166)
    at commitHookPassiveUnmountEffects (http://localhost:4200/_next/static/chunks/0aus_next_dist_compiled_react-dom_0v6ubys._.js:7293:60)
    at commitPassiveUnmountEffectsInsideOfDeletedTree_begin (http://localhost:4200/_next/static/chunks/0aus_next_dist_compiled_react-dom_0v6ubys._.js:8957:21)
    at recursivelyTraversePassiveUnmountEffects (http://localhost:4200/_next/static/chunks/0aus_next_dist_compiled_react-dom_0v6ubys._.js:8874:17)
    at commitPassiveUnmountOnFiber (http://localhost:4200/_next/static/chunks/0aus_next_dist_compiled_react-dom_0v6ubys._.js:8906:17)
    at recursivelyTraversePassiveUnmountEffects (http://localhost:4200/_next/static/chunks/0aus_next_dist_compiled_react-dom_0v6ubys._.js:8880:106)
    at commitPassiveUnmountOnFiber (http://localhost:4200/_next/static/chunks/0aus_next_dist_compiled_react-dom_0v6ubys._.js:8888:17)
    at recursivelyTraversePassiveUnmountEffects (http://localhost:4200/_next/static/chunks/0aus_next_dist_compiled_react-dom_0v6ubys._.js:8880:106)
    at commitPassiveUnmountOnFiber (http://localhost:4200/_next/static/chunks/0aus_next_dist_compiled_react-dom_0v6ubys._.js:8906:17)
    at recursivelyTraversePassiveUnmountEffects (http://localhost:4200/_next/static/chunks/0aus_next_dist_compiled_react-dom_0v6ubys._.js:8880:106)
    at commitPassiveUnmountOnFiber (http://localhost:4200/_next/static/chunks/0aus_next_dist_compiled_react-dom_0v6ubys._.js:8906:17)
    at recursivelyTraversePassiveUnmountEffects (http://localhost:4200/_next/static/chunks/0aus_next_dist_compiled_react-dom_0v6ubys._.js:8880:106)
    at commitPassiveUnmountOnFiber (http://localhost:4200/_next/static/chunks/0aus_next_dist_compiled_react-dom_0v6ubys._.js:8906:17)
    at recursivelyTraversePassiveUnmountEffects (http://localhost:4200/_next/static/chunks/0aus_next_dist_compiled_react-dom_0v6ubys._.js:8880:106)
    at commitPassiveUnmountOnFiber (http://localhost:4200/_next/static/chunks/0aus_next_dist_compiled_react-dom_0v6ubys._.js:8906:17)
    at recursivelyTraversePassiveUnmountEffects (http://localhost:4200/_next/static/chunks/0aus_next_dist_compiled_react-dom_0v6ubys._.js:8880:106)
    at commitPassiveUnmountOnFiber (http://localhost:4200/_next/static/chunks/0aus_next_dist_compiled_react-dom_0v6ubys._.js:8906:17)
    at recursivelyTraversePassiveUnmountEffects (http://localhost:4200/_next/static/chunks/0aus_next_dist_compiled_react-dom_0v6ubys._.js:8880:106)
    at commitPassiveUnmountOnFiber (http://localhost:4200/_next/static/chunks/0aus_next_dist_compiled_react-dom_0v6ubys._.js:8906:17)
    at recursivelyTraversePassiveUnmountEffects (http://localhost:4200/_next/static/chunks/0aus_next_dist_compiled_react-dom_0v6ubys._.js:8880:106)
    at commitPassiveUnmountOnFiber (http://localhost:4200/_next/static/chunks/0aus_next_dist_compiled_react-dom_0v6ubys._.js:8906:17)
    at recursivelyTraversePassiveUnmountEffects (http://localhost:4200/_next/static/chunks/0aus_next_dist_compiled_react-dom_0v6ubys._.js:8880:106)
    at commitPassiveUnmountOnFiber (http://localhost:4200/_next/static/chunks/0aus_next_dist_compiled_react-dom_0v6ubys._.js:8888:17)
    at recursivelyTraversePassiveUnmountEffects (http://localhost:4200/_next/static/chunks/0aus_next_dist_compiled_react-dom_0v6ubys._.js:8880:106)
    at commitPassiveUnmountOnFiber (http://localhost:4200/_next/static/chunks/0aus_next_dist_compiled_react-dom_0v6ubys._.js:8906:17)
    at recursivelyTraversePassiveUnmountEffects (http://localhost:4200/_next/static/chunks/0aus_next_dist_compiled_react-dom_0v6ubys._.js:8880:106)
    at commitPassiveUnmountOnFiber (http://localhost:4200/_next/static/chunks/0aus_next_dist_compiled_react-dom_0v6ubys._.js:8888:17)
    at recursivelyTraversePassiveUnmountEffects (http://localhost:4200/_next/static/chunks/0aus_next_dist_compiled_react-dom_0v6ubys._.js:8880:106)
    at commitPassiveUnmountOnFiber (http://localhost:4200/_next/static/chunks/0aus_next_dist_compiled_react-dom_0v6ubys._.js:8888:17)
    at recursivelyTraversePassiveUnmountEffects (http://localhost:4200/_next/static/chunks/0aus_next_dist_compiled_react-dom_0v6ubys._.js:8880:106)
    at commitPassiveUnmountOnFiber (http://localhost:4200/_next/static/chunks/0aus_next_dist_compiled_react-dom_0v6ubys._.js:8888:17)
    at recursivelyTraversePassiveUnmountEffects (http://localhost:4200/_next/static/chunks/0aus_next_dist_compiled_react-dom_0v6ubys._.js:8880:106)
    at commitPassiveUnmountOnFiber (http://localhost:4200/_next/static/chunks/0aus_next_dist_compiled_react-dom_0v6ubys._.js:8906:17)
    at recursivelyTraversePassiveUnmountEffects (http://localhost:4200/_next/static/chunks/0aus_next_dist_compiled_react-dom_0v6ubys._.js:8880:106)
    at commitPassiveUnmountOnFiber (http://localhost:4200/_next/static/chunks/0aus_next_dist_compiled_react-dom_0v6ubys._.js:8888:17)
    at recursivelyTraversePassiveUnmountEffects (http://localhost:4200/_next/static/chunks/0aus_next_dist_compiled_react-dom_0v6ubys._.js:8880:106)
    at commitPassiveUnmountOnFiber (http://localhost:4200/_next/static/chunks/0aus_next_dist_compiled_react-dom_0v6ubys._.js:8888:17)
    at recursivelyTraversePassiveUnmountEffects (http://localhost:4200/_next/static/chunks/0aus_next_dist_compiled_react-dom_0v6ubys._.js:8880:106)
    at commitPassiveUnmountOnFiber (http://localhost:4200/_next/static/chunks/0aus_next_dist_compiled_react-dom_0v6ubys._.js:8906:17)
    at recursivelyTraversePassiveUnmountEffects (http://localhost:4200/_next/static/chunks/0aus_next_dist_compiled_react-dom_0v6ubys._.js:8880:106)
    at commitPassiveUnmountOnFiber (http://localhost:4200/_next/static/chunks/0aus_next_dist_compiled_react-dom_0v6ubys._.js:8906:17)
    at recursivelyTraversePassiveUnmountEffects (http://localhost:4200/_next/static/chunks/0aus_next_dist_compiled_react-dom_0v6ubys._.js:8880:106)
    at commitPassiveUnmountOnFiber (http://localhost:4200/_next/static/chunks/0aus_next_dist_compiled_react-dom_0v6ubys._.js:8893:17)
    at flushPassiveEffects (http://localhost:4200/_next/static/chunks/0aus_next_dist_compiled_react-dom_0v6ubys._.js:9996:13)
    at flushPendingEffects (http://localhost:4200/_next/static/chunks/0aus_next_dist_compiled_react-dom_0v6ubys._.js:9961:16)
    at flushSpawnedWork (http://localhost:4200/_next/static/chunks/0aus_next_dist_compiled_react-dom_0v6ubys._.js:9934:48)
    at commitRoot (http://localhost:4200/_next/static/chunks/0aus_next_dist_compiled_react-dom_0v6ubys._.js:9746:441)
[  299928ms] [LOG] [Fast Refresh] rebuilding @ http://localhost:4200/_next/static/chunks/0aus_next_dist_0dxyg_i._.js:2431
[  300188ms] [LOG] [Fast Refresh] done in 362ms @ http://localhost:4200/_next/static/chunks/0aus_next_dist_0dxyg_i._.js:2431
[  305564ms] [LOG] [Fast Refresh] rebuilding @ http://localhost:4200/_next/static/chunks/0aus_next_dist_0dxyg_i._.js:2431
[  305769ms] [WARNING] [Fast Refresh] performing full reload because your application had an unrecoverable error @ http://localhost:4200/_next/static/chunks/0aus_next_dist_0dxyg_i._.js:2431
[  305772ms] [ERROR] Encountered a script tag while rendering React component. Scripts inside React components are never executed when rendering on the client. Consider using template tag instead (https://developer.mozilla.org/en-US/docs/Web/HTML/Element/template). @ http://localhost:4200/_next/static/chunks/0aus_next_dist_0dxyg_i._.js:3272
[  305854ms] [LOG] [Fast Refresh] done in 301ms @ http://localhost:4200/_next/static/chunks/0aus_next_dist_0dxyg_i._.js:2431
[  306001ms] TypeError: globe?.destroy is not a function
    at Globe.useEffect (http://localhost:4200/_next/static/chunks/app_bento-5_0vwjhwx._.js?id=%255Bproject%255D%252Fapp%252Fbento-5%252Fglobe.tsx+%255Bapp-client%255D+%2528ecmascript%2529:387:28)
    at Object.react_stack_bottom_frame (http://localhost:4200/_next/static/chunks/0aus_next_dist_compiled_react-dom_0v6ubys._.js:15093:17)
    at runWithFiberInDEV (http://localhost:4200/_next/static/chunks/0aus_next_dist_compiled_react-dom_0v6ubys._.js:965:74)
    at commitHookEffectListUnmount (http://localhost:4200/_next/static/chunks/0aus_next_dist_compiled_react-dom_0v6ubys._.js:7280:166)
    at commitHookPassiveUnmountEffects (http://localhost:4200/_next/static/chunks/0aus_next_dist_compiled_react-dom_0v6ubys._.js:7293:60)
    at commitPassiveUnmountOnFiber (http://localhost:4200/_next/static/chunks/0aus_next_dist_compiled_react-dom_0v6ubys._.js:8889:46)
    at recursivelyTraversePassiveUnmountEffects (http://localhost:4200/_next/static/chunks/0aus_next_dist_compiled_react-dom_0v6ubys._.js:8880:106)
    at commitPassiveUnmountOnFiber (http://localhost:4200/_next/static/chunks/0aus_next_dist_compiled_react-dom_0v6ubys._.js:8906:17)
    at recursivelyTraversePassiveUnmountEffects (http://localhost:4200/_next/static/chunks/0aus_next_dist_compiled_react-dom_0v6ubys._.js:8880:106)
    at commitPassiveUnmountOnFiber (http://localhost:4200/_next/static/chunks/0aus_next_dist_compiled_react-dom_0v6ubys._.js:8906:17)
    at recursivelyTraversePassiveUnmountEffects (http://localhost:4200/_next/static/chunks/0aus_next_dist_compiled_react-dom_0v6ubys._.js:8880:106)
    at commitPassiveUnmountOnFiber (http://localhost:4200/_next/static/chunks/0aus_next_dist_compiled_react-dom_0v6ubys._.js:8906:17)
    at recursivelyTraversePassiveUnmountEffects (http://localhost:4200/_next/static/chunks/0aus_next_dist_compiled_react-dom_0v6ubys._.js:8880:106)
    at commitPassiveUnmountOnFiber (http://localhost:4200/_next/static/chunks/0aus_next_dist_compiled_react-dom_0v6ubys._.js:8888:17)
    at recursivelyTraversePassiveUnmountEffects (http://localhost:4200/_next/static/chunks/0aus_next_dist_compiled_react-dom_0v6ubys._.js:8880:106)
    at commitPassiveUnmountOnFiber (http://localhost:4200/_next/static/chunks/0aus_next_dist_compiled_react-dom_0v6ubys._.js:8888:17)
    at recursivelyTraversePassiveUnmountEffects (http://localhost:4200/_next/static/chunks/0aus_next_dist_compiled_react-dom_0v6ubys._.js:8880:106)
    at commitPassiveUnmountOnFiber (http://localhost:4200/_next/static/chunks/0aus_next_dist_compiled_react-dom_0v6ubys._.js:8906:17)
    at recursivelyTraversePassiveUnmountEffects (http://localhost:4200/_next/static/chunks/0aus_next_dist_compiled_react-dom_0v6ubys._.js:8880:106)
    at commitPassiveUnmountOnFiber (http://localhost:4200/_next/static/chunks/0aus_next_dist_compiled_react-dom_0v6ubys._.js:8906:17)
    at recursivelyTraversePassiveUnmountEffects (http://localhost:4200/_next/static/chunks/0aus_next_dist_compiled_react-dom_0v6ubys._.js:8880:106)
    at commitPassiveUnmountOnFiber (http://localhost:4200/_next/static/chunks/0aus_next_dist_compiled_react-dom_0v6ubys._.js:8906:17)
    at recursivelyTraversePassiveUnmountEffects (http://localhost:4200/_next/static/chunks/0aus_next_dist_compiled_react-dom_0v6ubys._.js:8880:106)
    at commitPassiveUnmountOnFiber (http://localhost:4200/_next/static/chunks/0aus_next_dist_compiled_react-dom_0v6ubys._.js:8888:17)
    at recursivelyTraversePassiveUnmountEffects (http://localhost:4200/_next/static/chunks/0aus_next_dist_compiled_react-dom_0v6ubys._.js:8880:106)
    at commitPassiveUnmountOnFiber (http://localhost:4200/_next/static/chunks/0aus_next_dist_compiled_react-dom_0v6ubys._.js:8906:17)
    at recursivelyTraversePassiveUnmountEffects (http://localhost:4200/_next/static/chunks/0aus_next_dist_compiled_react-dom_0v6ubys._.js:8880:106)
    at commitPassiveUnmountOnFiber (http://localhost:4200/_next/static/chunks/0aus_next_dist_compiled_react-dom_0v6ubys._.js:8888:17)
    at recursivelyTraversePassiveUnmountEffects (http://localhost:4200/_next/static/chunks/0aus_next_dist_compiled_react-dom_0v6ubys._.js:8880:106)
    at commitPassiveUnmountOnFiber (http://localhost:4200/_next/static/chunks/0aus_next_dist_compiled_react-dom_0v6ubys._.js:8906:17)
    at recursivelyTraversePassiveUnmountEffects (http://localhost:4200/_next/static/chunks/0aus_next_dist_compiled_react-dom_0v6ubys._.js:8880:106)
    at commitPassiveUnmountOnFiber (http://localhost:4200/_next/static/chunks/0aus_next_dist_compiled_react-dom_0v6ubys._.js:8906:17)
    at recursivelyTraversePassiveUnmountEffects (http://localhost:4200/_next/static/chunks/0aus_next_dist_compiled_react-dom_0v6ubys._.js:8880:106)
    at commitPassiveUnmountOnFiber (http://localhost:4200/_next/static/chunks/0aus_next_dist_compiled_react-dom_0v6ubys._.js:8906:17)
    at recursivelyTraversePassiveUnmountEffects (http://localhost:4200/_next/static/chunks/0aus_next_dist_compiled_react-dom_0v6ubys._.js:8880:106)
    at commitPassiveUnmountOnFiber (http://localhost:4200/_next/static/chunks/0aus_next_dist_compiled_react-dom_0v6ubys._.js:8888:17)
    at recursivelyTraversePassiveUnmountEffects (http://localhost:4200/_next/static/chunks/0aus_next_dist_compiled_react-dom_0v6ubys._.js:8880:106)
    at commitPassiveUnmountOnFiber (http://localhost:4200/_next/static/chunks/0aus_next_dist_compiled_react-dom_0v6ubys._.js:8906:17)
    at recursivelyTraversePassiveUnmountEffects (http://localhost:4200/_next/static/chunks/0aus_next_dist_compiled_react-dom_0v6ubys._.js:8880:106)
    at commitPassiveUnmountOnFiber (http://localhost:4200/_next/static/chunks/0aus_next_dist_compiled_react-dom_0v6ubys._.js:8906:17)
    at recursivelyTraversePassiveUnmountEffects (http://localhost:4200/_next/static/chunks/0aus_next_dist_compiled_react-dom_0v6ubys._.js:8880:106)
    at commitPassiveUnmountOnFiber (http://localhost:4200/_next/static/chunks/0aus_next_dist_compiled_react-dom_0v6ubys._.js:8888:17)
    at recursivelyTraversePassiveUnmountEffects (http://localhost:4200/_next/static/chunks/0aus_next_dist_compiled_react-dom_0v6ubys._.js:8880:106)
    at commitPassiveUnmountOnFiber (http://localhost:4200/_next/static/chunks/0aus_next_dist_compiled_react-dom_0v6ubys._.js:8906:17)
    at recursivelyTraversePassiveUnmountEffects (http://localhost:4200/_next/static/chunks/0aus_next_dist_compiled_react-dom_0v6ubys._.js:8880:106)
    at commitPassiveUnmountOnFiber (http://localhost:4200/_next/static/chunks/0aus_next_dist_compiled_react-dom_0v6ubys._.js:8888:17)
    at recursivelyTraversePassiveUnmountEffects (http://localhost:4200/_next/static/chunks/0aus_next_dist_compiled_react-dom_0v6ubys._.js:8880:106)
    at commitPassiveUnmountOnFiber (http://localhost:4200/_next/static/chunks/0aus_next_dist_compiled_react-dom_0v6ubys._.js:8888:17)
    at recursivelyTraversePassiveUnmountEffects (http://localhost:4200/_next/static/chunks/0aus_next_dist_compiled_react-dom_0v6ubys._.js:8880:106)
    at commitPassiveUnmountOnFiber (http://localhost:4200/_next/static/chunks/0aus_next_dist_compiled_react-dom_0v6ubys._.js:8888:17)
[  306001ms] TypeError: globe?.destroy is not a function
    at Globe.useEffect (http://localhost:4200/_next/static/chunks/app_bento-5_0vwjhwx._.js?id=%255Bproject%255D%252Fapp%252Fbento-5%252Fglobe.tsx+%255Bapp-client%255D+%2528ecmascript%2529:387:28)
    at Object.react_stack_bottom_frame (http://localhost:4200/_next/static/chunks/0aus_next_dist_compiled_react-dom_0v6ubys._.js:15093:17)
    at runWithFiberInDEV (http://localhost:4200/_next/static/chunks/0aus_next_dist_compiled_react-dom_0v6ubys._.js:965:74)
    at commitHookEffectListUnmount (http://localhost:4200/_next/static/chunks/0aus_next_dist_compiled_react-dom_0v6ubys._.js:7280:166)
    at commitHookPassiveUnmountEffects (http://localhost:4200/_next/static/chunks/0aus_next_dist_compiled_react-dom_0v6ubys._.js:7293:60)
    at commitPassiveUnmountEffectsInsideOfDeletedTree_begin (http://localhost:4200/_next/static/chunks/0aus_next_dist_compiled_react-dom_0v6ubys._.js:8957:21)
    at recursivelyTraversePassiveUnmountEffects (http://localhost:4200/_next/static/chunks/0aus_next_dist_compiled_react-dom_0v6ubys._.js:8874:17)
    at commitPassiveUnmountOnFiber (http://localhost:4200/_next/static/chunks/0aus_next_dist_compiled_react-dom_0v6ubys._.js:8906:17)
    at recursivelyTraversePassiveUnmountEffects (http://localhost:4200/_next/static/chunks/0aus_next_dist_compiled_react-dom_0v6ubys._.js:8880:106)
    at commitPassiveUnmountOnFiber (http://localhost:4200/_next/static/chunks/0aus_next_dist_compiled_react-dom_0v6ubys._.js:8888:17)
    at recursivelyTraversePassiveUnmountEffects (http://localhost:4200/_next/static/chunks/0aus_next_dist_compiled_react-dom_0v6ubys._.js:8880:106)
    at commitPassiveUnmountOnFiber (http://localhost:4200/_next/static/chunks/0aus_next_dist_compiled_react-dom_0v6ubys._.js:8906:17)
    at recursivelyTraversePassiveUnmountEffects (http://localhost:4200/_next/static/chunks/0aus_next_dist_compiled_react-dom_0v6ubys._.js:8880:106)
    at commitPassiveUnmountOnFiber (http://localhost:4200/_next/static/chunks/0aus_next_dist_compiled_react-dom_0v6ubys._.js:8906:17)
    at recursivelyTraversePassiveUnmountEffects (http://localhost:4200/_next/static/chunks/0aus_next_dist_compiled_react-dom_0v6ubys._.js:8880:106)
    at commitPassiveUnmountOnFiber (http://localhost:4200/_next/static/chunks/0aus_next_dist_compiled_react-dom_0v6ubys._.js:8906:17)
    at recursivelyTraversePassiveUnmountEffects (http://localhost:4200/_next/static/chunks/0aus_next_dist_compiled_react-dom_0v6ubys._.js:8880:106)
    at commitPassiveUnmountOnFiber (http://localhost:4200/_next/static/chunks/0aus_next_dist_compiled_react-dom_0v6ubys._.js:8906:17)
    at recursivelyTraversePassiveUnmountEffects (http://localhost:4200/_next/static/chunks/0aus_next_dist_compiled_react-dom_0v6ubys._.js:8880:106)
    at commitPassiveUnmountOnFiber (http://localhost:4200/_next/static/chunks/0aus_next_dist_compiled_react-dom_0v6ubys._.js:8906:17)
    at recursivelyTraversePassiveUnmountEffects (http://localhost:4200/_next/static/chunks/0aus_next_dist_compiled_react-dom_0v6ubys._.js:8880:106)
    at commitPassiveUnmountOnFiber (http://localhost:4200/_next/static/chunks/0aus_next_dist_compiled_react-dom_0v6ubys._.js:8906:17)
    at recursivelyTraversePassiveUnmountEffects (http://localhost:4200/_next/static/chunks/0aus_next_dist_compiled_react-dom_0v6ubys._.js:8880:106)
    at commitPassiveUnmountOnFiber (http://localhost:4200/_next/static/chunks/0aus_next_dist_compiled_react-dom_0v6ubys._.js:8906:17)
    at recursivelyTraversePassiveUnmountEffects (http://localhost:4200/_next/static/chunks/0aus_next_dist_compiled_react-dom_0v6ubys._.js:8880:106)
    at commitPassiveUnmountOnFiber (http://localhost:4200/_next/static/chunks/0aus_next_dist_compiled_react-dom_0v6ubys._.js:8888:17)
    at recursivelyTraversePassiveUnmountEffects (http://localhost:4200/_next/static/chunks/0aus_next_dist_compiled_react-dom_0v6ubys._.js:8880:106)
    at commitPassiveUnmountOnFiber (http://localhost:4200/_next/static/chunks/0aus_next_dist_compiled_react-dom_0v6ubys._.js:8906:17)
    at recursivelyTraversePassiveUnmountEffects (http://localhost:4200/_next/static/chunks/0aus_next_dist_compiled_react-dom_0v6ubys._.js:8880:106)
    at commitPassiveUnmountOnFiber (http://localhost:4200/_next/static/chunks/0aus_next_dist_compiled_react-dom_0v6ubys._.js:8888:17)
    at recursivelyTraversePassiveUnmountEffects (http://localhost:4200/_next/static/chunks/0aus_next_dist_compiled_react-dom_0v6ubys._.js:8880:106)
    at commitPassiveUnmountOnFiber (http://localhost:4200/_next/static/chunks/0aus_next_dist_compiled_react-dom_0v6ubys._.js:8888:17)
    at recursivelyTraversePassiveUnmountEffects (http://localhost:4200/_next/static/chunks/0aus_next_dist_compiled_react-dom_0v6ubys._.js:8880:106)
    at commitPassiveUnmountOnFiber (http://localhost:4200/_next/static/chunks/0aus_next_dist_compiled_react-dom_0v6ubys._.js:8888:17)
    at recursivelyTraversePassiveUnmountEffects (http://localhost:4200/_next/static/chunks/0aus_next_dist_compiled_react-dom_0v6ubys._.js:8880:106)
    at commitPassiveUnmountOnFiber (http://localhost:4200/_next/static/chunks/0aus_next_dist_compiled_react-dom_0v6ubys._.js:8906:17)
    at recursivelyTraversePassiveUnmountEffects (http://localhost:4200/_next/static/chunks/0aus_next_dist_compiled_react-dom_0v6ubys._.js:8880:106)
    at commitPassiveUnmountOnFiber (http://localhost:4200/_next/static/chunks/0aus_next_dist_compiled_react-dom_0v6ubys._.js:8888:17)
    at recursivelyTraversePassiveUnmountEffects (http://localhost:4200/_next/static/chunks/0aus_next_dist_compiled_react-dom_0v6ubys._.js:8880:106)
    at commitPassiveUnmountOnFiber (http://localhost:4200/_next/static/chunks/0aus_next_dist_compiled_react-dom_0v6ubys._.js:8888:17)
    at recursivelyTraversePassiveUnmountEffects (http://localhost:4200/_next/static/chunks/0aus_next_dist_compiled_react-dom_0v6ubys._.js:8880:106)
    at commitPassiveUnmountOnFiber (http://localhost:4200/_next/static/chunks/0aus_next_dist_compiled_react-dom_0v6ubys._.js:8906:17)
    at recursivelyTraversePassiveUnmountEffects (http://localhost:4200/_next/static/chunks/0aus_next_dist_compiled_react-dom_0v6ubys._.js:8880:106)
    at commitPassiveUnmountOnFiber (http://localhost:4200/_next/static/chunks/0aus_next_dist_compiled_react-dom_0v6ubys._.js:8906:17)
    at recursivelyTraversePassiveUnmountEffects (http://localhost:4200/_next/static/chunks/0aus_next_dist_compiled_react-dom_0v6ubys._.js:8880:106)
    at commitPassiveUnmountOnFiber (http://localhost:4200/_next/static/chunks/0aus_next_dist_compiled_react-dom_0v6ubys._.js:8893:17)
    at flushPassiveEffects (http://localhost:4200/_next/static/chunks/0aus_next_dist_compiled_react-dom_0v6ubys._.js:9996:13)
    at flushPendingEffects (http://localhost:4200/_next/static/chunks/0aus_next_dist_compiled_react-dom_0v6ubys._.js:9961:16)
    at flushSpawnedWork (http://localhost:4200/_next/static/chunks/0aus_next_dist_compiled_react-dom_0v6ubys._.js:9934:48)
    at commitRoot (http://localhost:4200/_next/static/chunks/0aus_next_dist_compiled_react-dom_0v6ubys._.js:9746:441)
[  306174ms] [LOG] [Fast Refresh] rebuilding @ http://localhost:4200/_next/static/chunks/0aus_next_dist_0dxyg_i._.js:2431
[  306191ms] [LOG] [Fast Refresh] done in 117ms @ http://localhost:4200/_next/static/chunks/0aus_next_dist_0dxyg_i._.js:2431
[  306318ms] [LOG] [Fast Refresh] rebuilding @ http://localhost:4200/_next/static/chunks/0aus_next_dist_0dxyg_i._.js:2431
[  306341ms] [LOG] [Fast Refresh] done in 125ms @ http://localhost:4200/_next/static/chunks/0aus_next_dist_0dxyg_i._.js:2431
[  306635ms] [LOG] [Fast Refresh] rebuilding @ http://localhost:4200/_next/static/chunks/0aus_next_dist_0dxyg_i._.js:2431
[  306799ms] [LOG] [Fast Refresh] done in 265ms @ http://localhost:4200/_next/static/chunks/0aus_next_dist_0dxyg_i._.js:2431
[  307296ms] [INFO] %cDownload the React DevTools for a better development experience: https://react.dev/link/react-devtools font-weight:bold @ http://localhost:4200/_next/static/chunks/0aus_next_dist_0dxyg_i._.js:2431
[  307315ms] [LOG] [HMR] connected @ http://localhost:4200/_next/static/chunks/0aus_next_dist_0dxyg_i._.js:2431
[  310542ms] [LOG] [Fast Refresh] rebuilding @ http://localhost:4200/_next/static/chunks/0aus_next_dist_0dxyg_i._.js:2431
[  310585ms] [WARNING] Please ensure that the container has a non-static position, like 'relative', 'fixed', or 'absolute' to ensure scroll offset is calculated correctly. @ http://localhost:4200/_next/static/chunks/0aus_next_dist_0dxyg_i._.js:2431
[  310685ms] TypeError: globe?.destroy is not a function
    at Globe.useEffect (http://localhost:4200/_next/static/chunks/app_bento-5_0vwjhwx._.js:610:28)
    at Object.react_stack_bottom_frame (http://localhost:4200/_next/static/chunks/0aus_next_dist_compiled_react-dom_0v6ubys._.js:15093:17)
    at runWithFiberInDEV (http://localhost:4200/_next/static/chunks/0aus_next_dist_compiled_react-dom_0v6ubys._.js:965:74)
    at commitHookEffectListUnmount (http://localhost:4200/_next/static/chunks/0aus_next_dist_compiled_react-dom_0v6ubys._.js:7280:166)
    at commitHookPassiveUnmountEffects (http://localhost:4200/_next/static/chunks/0aus_next_dist_compiled_react-dom_0v6ubys._.js:7293:60)
    at commitPassiveUnmountOnFiber (http://localhost:4200/_next/static/chunks/0aus_next_dist_compiled_react-dom_0v6ubys._.js:8889:46)
    at recursivelyTraversePassiveUnmountEffects (http://localhost:4200/_next/static/chunks/0aus_next_dist_compiled_react-dom_0v6ubys._.js:8880:106)
    at commitPassiveUnmountOnFiber (http://localhost:4200/_next/static/chunks/0aus_next_dist_compiled_react-dom_0v6ubys._.js:8906:17)
    at recursivelyTraversePassiveUnmountEffects (http://localhost:4200/_next/static/chunks/0aus_next_dist_compiled_react-dom_0v6ubys._.js:8880:106)
    at commitPassiveUnmountOnFiber (http://localhost:4200/_next/static/chunks/0aus_next_dist_compiled_react-dom_0v6ubys._.js:8906:17)
    at recursivelyTraversePassiveUnmountEffects (http://localhost:4200/_next/static/chunks/0aus_next_dist_compiled_react-dom_0v6ubys._.js:8880:106)
    at commitPassiveUnmountOnFiber (http://localhost:4200/_next/static/chunks/0aus_next_dist_compiled_react-dom_0v6ubys._.js:8906:17)
    at recursivelyTraversePassiveUnmountEffects (http://localhost:4200/_next/static/chunks/0aus_next_dist_compiled_react-dom_0v6ubys._.js:8880:106)
    at commitPassiveUnmountOnFiber (http://localhost:4200/_next/static/chunks/0aus_next_dist_compiled_react-dom_0v6ubys._.js:8888:17)
    at recursivelyTraversePassiveUnmountEffects (http://localhost:4200/_next/static/chunks/0aus_next_dist_compiled_react-dom_0v6ubys._.js:8880:106)
    at commitPassiveUnmountOnFiber (http://localhost:4200/_next/static/chunks/0aus_next_dist_compiled_react-dom_0v6ubys._.js:8888:17)
    at recursivelyTraversePassiveUnmountEffects (http://localhost:4200/_next/static/chunks/0aus_next_dist_compiled_react-dom_0v6ubys._.js:8880:106)
    at commitPassiveUnmountOnFiber (http://localhost:4200/_next/static/chunks/0aus_next_dist_compiled_react-dom_0v6ubys._.js:8906:17)
    at recursivelyTraversePassiveUnmountEffects (http://localhost:4200/_next/static/chunks/0aus_next_dist_compiled_react-dom_0v6ubys._.js:8880:106)
    at commitPassiveUnmountOnFiber (http://localhost:4200/_next/static/chunks/0aus_next_dist_compiled_react-dom_0v6ubys._.js:8906:17)
    at recursivelyTraversePassiveUnmountEffects (http://localhost:4200/_next/static/chunks/0aus_next_dist_compiled_react-dom_0v6ubys._.js:8880:106)
    at commitPassiveUnmountOnFiber (http://localhost:4200/_next/static/chunks/0aus_next_dist_compiled_react-dom_0v6ubys._.js:8906:17)
    at recursivelyTraversePassiveUnmountEffects (http://localhost:4200/_next/static/chunks/0aus_next_dist_compiled_react-dom_0v6ubys._.js:8880:106)
    at commitPassiveUnmountOnFiber (http://localhost:4200/_next/static/chunks/0aus_next_dist_compiled_react-dom_0v6ubys._.js:8888:17)
    at recursivelyTraversePassiveUnmountEffects (http://localhost:4200/_next/static/chunks/0aus_next_dist_compiled_react-dom_0v6ubys._.js:8880:106)
    at commitPassiveUnmountOnFiber (http://localhost:4200/_next/static/chunks/0aus_next_dist_compiled_react-dom_0v6ubys._.js:8906:17)
    at recursivelyTraversePassiveUnmountEffects (http://localhost:4200/_next/static/chunks/0aus_next_dist_compiled_react-dom_0v6ubys._.js:8880:106)
    at commitPassiveUnmountOnFiber (http://localhost:4200/_next/static/chunks/0aus_next_dist_compiled_react-dom_0v6ubys._.js:8888:17)
    at recursivelyTraversePassiveUnmountEffects (http://localhost:4200/_next/static/chunks/0aus_next_dist_compiled_react-dom_0v6ubys._.js:8880:106)
    at commitPassiveUnmountOnFiber (http://localhost:4200/_next/static/chunks/0aus_next_dist_compiled_react-dom_0v6ubys._.js:8906:17)
    at recursivelyTraversePassiveUnmountEffects (http://localhost:4200/_next/static/chunks/0aus_next_dist_compiled_react-dom_0v6ubys._.js:8880:106)
    at commitPassiveUnmountOnFiber (http://localhost:4200/_next/static/chunks/0aus_next_dist_compiled_react-dom_0v6ubys._.js:8906:17)
    at recursivelyTraversePassiveUnmountEffects (http://localhost:4200/_next/static/chunks/0aus_next_dist_compiled_react-dom_0v6ubys._.js:8880:106)
    at commitPassiveUnmountOnFiber (http://localhost:4200/_next/static/chunks/0aus_next_dist_compiled_react-dom_0v6ubys._.js:8906:17)
    at recursivelyTraversePassiveUnmountEffects (http://localhost:4200/_next/static/chunks/0aus_next_dist_compiled_react-dom_0v6ubys._.js:8880:106)
    at commitPassiveUnmountOnFiber (http://localhost:4200/_next/static/chunks/0aus_next_dist_compiled_react-dom_0v6ubys._.js:8888:17)
    at recursivelyTraversePassiveUnmountEffects (http://localhost:4200/_next/static/chunks/0aus_next_dist_compiled_react-dom_0v6ubys._.js:8880:106)
    at commitPassiveUnmountOnFiber (http://localhost:4200/_next/static/chunks/0aus_next_dist_compiled_react-dom_0v6ubys._.js:8906:17)
    at recursivelyTraversePassiveUnmountEffects (http://localhost:4200/_next/static/chunks/0aus_next_dist_compiled_react-dom_0v6ubys._.js:8880:106)
    at commitPassiveUnmountOnFiber (http://localhost:4200/_next/static/chunks/0aus_next_dist_compiled_react-dom_0v6ubys._.js:8906:17)
    at recursivelyTraversePassiveUnmountEffects (http://localhost:4200/_next/static/chunks/0aus_next_dist_compiled_react-dom_0v6ubys._.js:8880:106)
    at commitPassiveUnmountOnFiber (http://localhost:4200/_next/static/chunks/0aus_next_dist_compiled_react-dom_0v6ubys._.js:8888:17)
    at recursivelyTraversePassiveUnmountEffects (http://localhost:4200/_next/static/chunks/0aus_next_dist_compiled_react-dom_0v6ubys._.js:8880:106)
    at commitPassiveUnmountOnFiber (http://localhost:4200/_next/static/chunks/0aus_next_dist_compiled_react-dom_0v6ubys._.js:8906:17)
    at recursivelyTraversePassiveUnmountEffects (http://localhost:4200/_next/static/chunks/0aus_next_dist_compiled_react-dom_0v6ubys._.js:8880:106)
    at commitPassiveUnmountOnFiber (http://localhost:4200/_next/static/chunks/0aus_next_dist_compiled_react-dom_0v6ubys._.js:8888:17)
    at recursivelyTraversePassiveUnmountEffects (http://localhost:4200/_next/static/chunks/0aus_next_dist_compiled_react-dom_0v6ubys._.js:8880:106)
    at commitPassiveUnmountOnFiber (http://localhost:4200/_next/static/chunks/0aus_next_dist_compiled_react-dom_0v6ubys._.js:8888:17)
    at recursivelyTraversePassiveUnmountEffects (http://localhost:4200/_next/static/chunks/0aus_next_dist_compiled_react-dom_0v6ubys._.js:8880:106)
    at commitPassiveUnmountOnFiber (http://localhost:4200/_next/static/chunks/0aus_next_dist_compiled_react-dom_0v6ubys._.js:8888:17)
[  310685ms] TypeError: globe?.destroy is not a function
    at Globe.useEffect (http://localhost:4200/_next/static/chunks/app_bento-5_0vwjhwx._.js:610:28)
    at Object.react_stack_bottom_frame (http://localhost:4200/_next/static/chunks/0aus_next_dist_compiled_react-dom_0v6ubys._.js:15093:17)
    at runWithFiberInDEV (http://localhost:4200/_next/static/chunks/0aus_next_dist_compiled_react-dom_0v6ubys._.js:965:74)
    at commitHookEffectListUnmount (http://localhost:4200/_next/static/chunks/0aus_next_dist_compiled_react-dom_0v6ubys._.js:7280:166)
    at commitHookPassiveUnmountEffects (http://localhost:4200/_next/static/chunks/0aus_next_dist_compiled_react-dom_0v6ubys._.js:7293:60)
    at commitPassiveUnmountEffectsInsideOfDeletedTree_begin (http://localhost:4200/_next/static/chunks/0aus_next_dist_compiled_react-dom_0v6ubys._.js:8957:21)
    at recursivelyTraversePassiveUnmountEffects (http://localhost:4200/_next/static/chunks/0aus_next_dist_compiled_react-dom_0v6ubys._.js:8874:17)
    at commitPassiveUnmountOnFiber (http://localhost:4200/_next/static/chunks/0aus_next_dist_compiled_react-dom_0v6ubys._.js:8906:17)
    at recursivelyTraversePassiveUnmountEffects (http://localhost:4200/_next/static/chunks/0aus_next_dist_compiled_react-dom_0v6ubys._.js:8880:106)
    at commitPassiveUnmountOnFiber (http://localhost:4200/_next/static/chunks/0aus_next_dist_compiled_react-dom_0v6ubys._.js:8888:17)
    at recursivelyTraversePassiveUnmountEffects (http://localhost:4200/_next/static/chunks/0aus_next_dist_compiled_react-dom_0v6ubys._.js:8880:106)
    at commitPassiveUnmountOnFiber (http://localhost:4200/_next/static/chunks/0aus_next_dist_compiled_react-dom_0v6ubys._.js:8906:17)
    at recursivelyTraversePassiveUnmountEffects (http://localhost:4200/_next/static/chunks/0aus_next_dist_compiled_react-dom_0v6ubys._.js:8880:106)
    at commitPassiveUnmountOnFiber (http://localhost:4200/_next/static/chunks/0aus_next_dist_compiled_react-dom_0v6ubys._.js:8906:17)
    at recursivelyTraversePassiveUnmountEffects (http://localhost:4200/_next/static/chunks/0aus_next_dist_compiled_react-dom_0v6ubys._.js:8880:106)
    at commitPassiveUnmountOnFiber (http://localhost:4200/_next/static/chunks/0aus_next_dist_compiled_react-dom_0v6ubys._.js:8906:17)
    at recursivelyTraversePassiveUnmountEffects (http://localhost:4200/_next/static/chunks/0aus_next_dist_compiled_react-dom_0v6ubys._.js:8880:106)
    at commitPassiveUnmountOnFiber (http://localhost:4200/_next/static/chunks/0aus_next_dist_compiled_react-dom_0v6ubys._.js:8906:17)
    at recursivelyTraversePassiveUnmountEffects (http://localhost:4200/_next/static/chunks/0aus_next_dist_compiled_react-dom_0v6ubys._.js:8880:106)
    at commitPassiveUnmountOnFiber (http://localhost:4200/_next/static/chunks/0aus_next_dist_compiled_react-dom_0v6ubys._.js:8906:17)
    at recursivelyTraversePassiveUnmountEffects (http://localhost:4200/_next/static/chunks/0aus_next_dist_compiled_react-dom_0v6ubys._.js:8880:106)
    at commitPassiveUnmountOnFiber (http://localhost:4200/_next/static/chunks/0aus_next_dist_compiled_react-dom_0v6ubys._.js:8906:17)
    at recursivelyTraversePassiveUnmountEffects (http://localhost:4200/_next/static/chunks/0aus_next_dist_compiled_react-dom_0v6ubys._.js:8880:106)
    at commitPassiveUnmountOnFiber (http://localhost:4200/_next/static/chunks/0aus_next_dist_compiled_react-dom_0v6ubys._.js:8906:17)
    at recursivelyTraversePassiveUnmountEffects (http://localhost:4200/_next/static/chunks/0aus_next_dist_compiled_react-dom_0v6ubys._.js:8880:106)
    at commitPassiveUnmountOnFiber (http://localhost:4200/_next/static/chunks/0aus_next_dist_compiled_react-dom_0v6ubys._.js:8888:17)
    at recursivelyTraversePassiveUnmountEffects (http://localhost:4200/_next/static/chunks/0aus_next_dist_compiled_react-dom_0v6ubys._.js:8880:106)
    at commitPassiveUnmountOnFiber (http://localhost:4200/_next/static/chunks/0aus_next_dist_compiled_react-dom_0v6ubys._.js:8906:17)
    at recursivelyTraversePassiveUnmountEffects (http://localhost:4200/_next/static/chunks/0aus_next_dist_compiled_react-dom_0v6ubys._.js:8880:106)
    at commitPassiveUnmountOnFiber (http://localhost:4200/_next/static/chunks/0aus_next_dist_compiled_react-dom_0v6ubys._.js:8888:17)
    at recursivelyTraversePassiveUnmountEffects (http://localhost:4200/_next/static/chunks/0aus_next_dist_compiled_react-dom_0v6ubys._.js:8880:106)
    at commitPassiveUnmountOnFiber (http://localhost:4200/_next/static/chunks/0aus_next_dist_compiled_react-dom_0v6ubys._.js:8888:17)
    at recursivelyTraversePassiveUnmountEffects (http://localhost:4200/_next/static/chunks/0aus_next_dist_compiled_react-dom_0v6ubys._.js:8880:106)
    at commitPassiveUnmountOnFiber (http://localhost:4200/_next/static/chunks/0aus_next_dist_compiled_react-dom_0v6ubys._.js:8888:17)
    at recursivelyTraversePassiveUnmountEffects (http://localhost:4200/_next/static/chunks/0aus_next_dist_compiled_react-dom_0v6ubys._.js:8880:106)
    at commitPassiveUnmountOnFiber (http://localhost:4200/_next/static/chunks/0aus_next_dist_compiled_react-dom_0v6ubys._.js:8906:17)
    at recursivelyTraversePassiveUnmountEffects (http://localhost:4200/_next/static/chunks/0aus_next_dist_compiled_react-dom_0v6ubys._.js:8880:106)
    at commitPassiveUnmountOnFiber (http://localhost:4200/_next/static/chunks/0aus_next_dist_compiled_react-dom_0v6ubys._.js:8888:17)
    at recursivelyTraversePassiveUnmountEffects (http://localhost:4200/_next/static/chunks/0aus_next_dist_compiled_react-dom_0v6ubys._.js:8880:106)
    at commitPassiveUnmountOnFiber (http://localhost:4200/_next/static/chunks/0aus_next_dist_compiled_react-dom_0v6ubys._.js:8888:17)
    at recursivelyTraversePassiveUnmountEffects (http://localhost:4200/_next/static/chunks/0aus_next_dist_compiled_react-dom_0v6ubys._.js:8880:106)
    at commitPassiveUnmountOnFiber (http://localhost:4200/_next/static/chunks/0aus_next_dist_compiled_react-dom_0v6ubys._.js:8906:17)
    at recursivelyTraversePassiveUnmountEffects (http://localhost:4200/_next/static/chunks/0aus_next_dist_compiled_react-dom_0v6ubys._.js:8880:106)
    at commitPassiveUnmountOnFiber (http://localhost:4200/_next/static/chunks/0aus_next_dist_compiled_react-dom_0v6ubys._.js:8906:17)
    at recursivelyTraversePassiveUnmountEffects (http://localhost:4200/_next/static/chunks/0aus_next_dist_compiled_react-dom_0v6ubys._.js:8880:106)
    at commitPassiveUnmountOnFiber (http://localhost:4200/_next/static/chunks/0aus_next_dist_compiled_react-dom_0v6ubys._.js:8893:17)
    at flushPassiveEffects (http://localhost:4200/_next/static/chunks/0aus_next_dist_compiled_react-dom_0v6ubys._.js:9996:13)
    at flushPendingEffects (http://localhost:4200/_next/static/chunks/0aus_next_dist_compiled_react-dom_0v6ubys._.js:9961:16)
    at flushSpawnedWork (http://localhost:4200/_next/static/chunks/0aus_next_dist_compiled_react-dom_0v6ubys._.js:9934:48)
    at commitRoot (http://localhost:4200/_next/static/chunks/0aus_next_dist_compiled_react-dom_0v6ubys._.js:9746:441)
[  310822ms] [LOG] [Fast Refresh] done in 418ms @ http://localhost:4200/_next/static/chunks/0aus_next_dist_0dxyg_i._.js:2431
[  320353ms] [LOG] [Fast Refresh] rebuilding @ http://localhost:4200/_next/static/chunks/0aus_next_dist_0dxyg_i._.js:2431
[  320570ms] [WARNING] [Fast Refresh] performing full reload because your application had an unrecoverable error @ http://localhost:4200/_next/static/chunks/0aus_next_dist_0dxyg_i._.js:2431
[  320624ms] [LOG] [Fast Refresh] done in 312ms @ http://localhost:4200/_next/static/chunks/0aus_next_dist_0dxyg_i._.js:2431
[  321487ms] [INFO] %cDownload the React DevTools for a better development experience: https://react.dev/link/react-devtools font-weight:bold @ http://localhost:4200/_next/static/chunks/0aus_next_dist_0dxyg_i._.js:2431
[  321504ms] [LOG] [HMR] connected @ http://localhost:4200/_next/static/chunks/0aus_next_dist_0dxyg_i._.js:2431
[  322007ms] [WARNING] Please ensure that the container has a non-static position, like 'relative', 'fixed', or 'absolute' to ensure scroll offset is calculated correctly. @ http://localhost:4200/_next/static/chunks/0aus_next_dist_0dxyg_i._.js:2431
[  322245ms] TypeError: globe?.destroy is not a function
    at Globe.useEffect (http://localhost:4200/_next/static/chunks/app_bento-5_0vwjhwx._.js:616:28)
    at Object.react_stack_bottom_frame (http://localhost:4200/_next/static/chunks/0aus_next_dist_compiled_react-dom_0v6ubys._.js:15093:17)
    at runWithFiberInDEV (http://localhost:4200/_next/static/chunks/0aus_next_dist_compiled_react-dom_0v6ubys._.js:965:74)
    at commitHookEffectListUnmount (http://localhost:4200/_next/static/chunks/0aus_next_dist_compiled_react-dom_0v6ubys._.js:7280:166)
    at commitHookPassiveUnmountEffects (http://localhost:4200/_next/static/chunks/0aus_next_dist_compiled_react-dom_0v6ubys._.js:7293:60)
    at commitPassiveUnmountOnFiber (http://localhost:4200/_next/static/chunks/0aus_next_dist_compiled_react-dom_0v6ubys._.js:8889:46)
    at recursivelyTraversePassiveUnmountEffects (http://localhost:4200/_next/static/chunks/0aus_next_dist_compiled_react-dom_0v6ubys._.js:8880:106)
    at commitPassiveUnmountOnFiber (http://localhost:4200/_next/static/chunks/0aus_next_dist_compiled_react-dom_0v6ubys._.js:8906:17)
    at recursivelyTraversePassiveUnmountEffects (http://localhost:4200/_next/static/chunks/0aus_next_dist_compiled_react-dom_0v6ubys._.js:8880:106)
    at commitPassiveUnmountOnFiber (http://localhost:4200/_next/static/chunks/0aus_next_dist_compiled_react-dom_0v6ubys._.js:8906:17)
    at recursivelyTraversePassiveUnmountEffects (http://localhost:4200/_next/static/chunks/0aus_next_dist_compiled_react-dom_0v6ubys._.js:8880:106)
    at commitPassiveUnmountOnFiber (http://localhost:4200/_next/static/chunks/0aus_next_dist_compiled_react-dom_0v6ubys._.js:8906:17)
    at recursivelyTraversePassiveUnmountEffects (http://localhost:4200/_next/static/chunks/0aus_next_dist_compiled_react-dom_0v6ubys._.js:8880:106)
    at commitPassiveUnmountOnFiber (http://localhost:4200/_next/static/chunks/0aus_next_dist_compiled_react-dom_0v6ubys._.js:8888:17)
    at recursivelyTraversePassiveUnmountEffects (http://localhost:4200/_next/static/chunks/0aus_next_dist_compiled_react-dom_0v6ubys._.js:8880:106)
    at commitPassiveUnmountOnFiber (http://localhost:4200/_next/static/chunks/0aus_next_dist_compiled_react-dom_0v6ubys._.js:8888:17)
    at recursivelyTraversePassiveUnmountEffects (http://localhost:4200/_next/static/chunks/0aus_next_dist_compiled_react-dom_0v6ubys._.js:8880:106)
    at commitPassiveUnmountOnFiber (http://localhost:4200/_next/static/chunks/0aus_next_dist_compiled_react-dom_0v6ubys._.js:8906:17)
    at recursivelyTraversePassiveUnmountEffects (http://localhost:4200/_next/static/chunks/0aus_next_dist_compiled_react-dom_0v6ubys._.js:8880:106)
    at commitPassiveUnmountOnFiber (http://localhost:4200/_next/static/chunks/0aus_next_dist_compiled_react-dom_0v6ubys._.js:8906:17)
    at recursivelyTraversePassiveUnmountEffects (http://localhost:4200/_next/static/chunks/0aus_next_dist_compiled_react-dom_0v6ubys._.js:8880:106)
    at commitPassiveUnmountOnFiber (http://localhost:4200/_next/static/chunks/0aus_next_dist_compiled_react-dom_0v6ubys._.js:8906:17)
    at recursivelyTraversePassiveUnmountEffects (http://localhost:4200/_next/static/chunks/0aus_next_dist_compiled_react-dom_0v6ubys._.js:8880:106)
    at commitPassiveUnmountOnFiber (http://localhost:4200/_next/static/chunks/0aus_next_dist_compiled_react-dom_0v6ubys._.js:8888:17)
    at recursivelyTraversePassiveUnmountEffects (http://localhost:4200/_next/static/chunks/0aus_next_dist_compiled_react-dom_0v6ubys._.js:8880:106)
    at commitPassiveUnmountOnFiber (http://localhost:4200/_next/static/chunks/0aus_next_dist_compiled_react-dom_0v6ubys._.js:8906:17)
    at recursivelyTraversePassiveUnmountEffects (http://localhost:4200/_next/static/chunks/0aus_next_dist_compiled_react-dom_0v6ubys._.js:8880:106)
    at commitPassiveUnmountOnFiber (http://localhost:4200/_next/static/chunks/0aus_next_dist_compiled_react-dom_0v6ubys._.js:8888:17)
    at recursivelyTraversePassiveUnmountEffects (http://localhost:4200/_next/static/chunks/0aus_next_dist_compiled_react-dom_0v6ubys._.js:8880:106)
    at commitPassiveUnmountOnFiber (http://localhost:4200/_next/static/chunks/0aus_next_dist_compiled_react-dom_0v6ubys._.js:8906:17)
    at recursivelyTraversePassiveUnmountEffects (http://localhost:4200/_next/static/chunks/0aus_next_dist_compiled_react-dom_0v6ubys._.js:8880:106)
    at commitPassiveUnmountOnFiber (http://localhost:4200/_next/static/chunks/0aus_next_dist_compiled_react-dom_0v6ubys._.js:8906:17)
    at recursivelyTraversePassiveUnmountEffects (http://localhost:4200/_next/static/chunks/0aus_next_dist_compiled_react-dom_0v6ubys._.js:8880:106)
    at commitPassiveUnmountOnFiber (http://localhost:4200/_next/static/chunks/0aus_next_dist_compiled_react-dom_0v6ubys._.js:8906:17)
    at recursivelyTraversePassiveUnmountEffects (http://localhost:4200/_next/static/chunks/0aus_next_dist_compiled_react-dom_0v6ubys._.js:8880:106)
    at commitPassiveUnmountOnFiber (http://localhost:4200/_next/static/chunks/0aus_next_dist_compiled_react-dom_0v6ubys._.js:8888:17)
    at recursivelyTraversePassiveUnmountEffects (http://localhost:4200/_next/static/chunks/0aus_next_dist_compiled_react-dom_0v6ubys._.js:8880:106)
    at commitPassiveUnmountOnFiber (http://localhost:4200/_next/static/chunks/0aus_next_dist_compiled_react-dom_0v6ubys._.js:8906:17)
    at recursivelyTraversePassiveUnmountEffects (http://localhost:4200/_next/static/chunks/0aus_next_dist_compiled_react-dom_0v6ubys._.js:8880:106)
    at commitPassiveUnmountOnFiber (http://localhost:4200/_next/static/chunks/0aus_next_dist_compiled_react-dom_0v6ubys._.js:8906:17)
    at recursivelyTraversePassiveUnmountEffects (http://localhost:4200/_next/static/chunks/0aus_next_dist_compiled_react-dom_0v6ubys._.js:8880:106)
    at commitPassiveUnmountOnFiber (http://localhost:4200/_next/static/chunks/0aus_next_dist_compiled_react-dom_0v6ubys._.js:8888:17)
    at recursivelyTraversePassiveUnmountEffects (http://localhost:4200/_next/static/chunks/0aus_next_dist_compiled_react-dom_0v6ubys._.js:8880:106)
    at commitPassiveUnmountOnFiber (http://localhost:4200/_next/static/chunks/0aus_next_dist_compiled_react-dom_0v6ubys._.js:8906:17)
    at recursivelyTraversePassiveUnmountEffects (http://localhost:4200/_next/static/chunks/0aus_next_dist_compiled_react-dom_0v6ubys._.js:8880:106)
    at commitPassiveUnmountOnFiber (http://localhost:4200/_next/static/chunks/0aus_next_dist_compiled_react-dom_0v6ubys._.js:8888:17)
    at recursivelyTraversePassiveUnmountEffects (http://localhost:4200/_next/static/chunks/0aus_next_dist_compiled_react-dom_0v6ubys._.js:8880:106)
    at commitPassiveUnmountOnFiber (http://localhost:4200/_next/static/chunks/0aus_next_dist_compiled_react-dom_0v6ubys._.js:8888:17)
    at recursivelyTraversePassiveUnmountEffects (http://localhost:4200/_next/static/chunks/0aus_next_dist_compiled_react-dom_0v6ubys._.js:8880:106)
    at commitPassiveUnmountOnFiber (http://localhost:4200/_next/static/chunks/0aus_next_dist_compiled_react-dom_0v6ubys._.js:8888:17)
[  322246ms] TypeError: globe?.destroy is not a function
    at Globe.useEffect (http://localhost:4200/_next/static/chunks/app_bento-5_0vwjhwx._.js:616:28)
    at Object.react_stack_bottom_frame (http://localhost:4200/_next/static/chunks/0aus_next_dist_compiled_react-dom_0v6ubys._.js:15093:17)
    at runWithFiberInDEV (http://localhost:4200/_next/static/chunks/0aus_next_dist_compiled_react-dom_0v6ubys._.js:965:74)
    at commitHookEffectListUnmount (http://localhost:4200/_next/static/chunks/0aus_next_dist_compiled_react-dom_0v6ubys._.js:7280:166)
    at commitHookPassiveUnmountEffects (http://localhost:4200/_next/static/chunks/0aus_next_dist_compiled_react-dom_0v6ubys._.js:7293:60)
    at commitPassiveUnmountEffectsInsideOfDeletedTree_begin (http://localhost:4200/_next/static/chunks/0aus_next_dist_compiled_react-dom_0v6ubys._.js:8957:21)
    at recursivelyTraversePassiveUnmountEffects (http://localhost:4200/_next/static/chunks/0aus_next_dist_compiled_react-dom_0v6ubys._.js:8874:17)
    at commitPassiveUnmountOnFiber (http://localhost:4200/_next/static/chunks/0aus_next_dist_compiled_react-dom_0v6ubys._.js:8906:17)
    at recursivelyTraversePassiveUnmountEffects (http://localhost:4200/_next/static/chunks/0aus_next_dist_compiled_react-dom_0v6ubys._.js:8880:106)
    at commitPassiveUnmountOnFiber (http://localhost:4200/_next/static/chunks/0aus_next_dist_compiled_react-dom_0v6ubys._.js:8888:17)
    at recursivelyTraversePassiveUnmountEffects (http://localhost:4200/_next/static/chunks/0aus_next_dist_compiled_react-dom_0v6ubys._.js:8880:106)
    at commitPassiveUnmountOnFiber (http://localhost:4200/_next/static/chunks/0aus_next_dist_compiled_react-dom_0v6ubys._.js:8906:17)
    at recursivelyTraversePassiveUnmountEffects (http://localhost:4200/_next/static/chunks/0aus_next_dist_compiled_react-dom_0v6ubys._.js:8880:106)
    at commitPassiveUnmountOnFiber (http://localhost:4200/_next/static/chunks/0aus_next_dist_compiled_react-dom_0v6ubys._.js:8906:17)
    at recursivelyTraversePassiveUnmountEffects (http://localhost:4200/_next/static/chunks/0aus_next_dist_compiled_react-dom_0v6ubys._.js:8880:106)
    at commitPassiveUnmountOnFiber (http://localhost:4200/_next/static/chunks/0aus_next_dist_compiled_react-dom_0v6ubys._.js:8906:17)
    at recursivelyTraversePassiveUnmountEffects (http://localhost:4200/_next/static/chunks/0aus_next_dist_compiled_react-dom_0v6ubys._.js:8880:106)
    at commitPassiveUnmountOnFiber (http://localhost:4200/_next/static/chunks/0aus_next_dist_compiled_react-dom_0v6ubys._.js:8906:17)
    at recursivelyTraversePassiveUnmountEffects (http://localhost:4200/_next/static/chunks/0aus_next_dist_compiled_react-dom_0v6ubys._.js:8880:106)
    at commitPassiveUnmountOnFiber (http://localhost:4200/_next/static/chunks/0aus_next_dist_compiled_react-dom_0v6ubys._.js:8906:17)
    at recursivelyTraversePassiveUnmountEffects (http://localhost:4200/_next/static/chunks/0aus_next_dist_compiled_react-dom_0v6ubys._.js:8880:106)
    at commitPassiveUnmountOnFiber (http://localhost:4200/_next/static/chunks/0aus_next_dist_compiled_react-dom_0v6ubys._.js:8906:17)
    at recursivelyTraversePassiveUnmountEffects (http://localhost:4200/_next/static/chunks/0aus_next_dist_compiled_react-dom_0v6ubys._.js:8880:106)
    at commitPassiveUnmountOnFiber (http://localhost:4200/_next/static/chunks/0aus_next_dist_compiled_react-dom_0v6ubys._.js:8906:17)
    at recursivelyTraversePassiveUnmountEffects (http://localhost:4200/_next/static/chunks/0aus_next_dist_compiled_react-dom_0v6ubys._.js:8880:106)
    at commitPassiveUnmountOnFiber (http://localhost:4200/_next/static/chunks/0aus_next_dist_compiled_react-dom_0v6ubys._.js:8888:17)
    at recursivelyTraversePassiveUnmountEffects (http://localhost:4200/_next/static/chunks/0aus_next_dist_compiled_react-dom_0v6ubys._.js:8880:106)
    at commitPassiveUnmountOnFiber (http://localhost:4200/_next/static/chunks/0aus_next_dist_compiled_react-dom_0v6ubys._.js:8906:17)
    at recursivelyTraversePassiveUnmountEffects (http://localhost:4200/_next/static/chunks/0aus_next_dist_compiled_react-dom_0v6ubys._.js:8880:106)
    at commitPassiveUnmountOnFiber (http://localhost:4200/_next/static/chunks/0aus_next_dist_compiled_react-dom_0v6ubys._.js:8888:17)
    at recursivelyTraversePassiveUnmountEffects (http://localhost:4200/_next/static/chunks/0aus_next_dist_compiled_react-dom_0v6ubys._.js:8880:106)
    at commitPassiveUnmountOnFiber (http://localhost:4200/_next/static/chunks/0aus_next_dist_compiled_react-dom_0v6ubys._.js:8888:17)
    at recursivelyTraversePassiveUnmountEffects (http://localhost:4200/_next/static/chunks/0aus_next_dist_compiled_react-dom_0v6ubys._.js:8880:106)
    at commitPassiveUnmountOnFiber (http://localhost:4200/_next/static/chunks/0aus_next_dist_compiled_react-dom_0v6ubys._.js:8888:17)
    at recursivelyTraversePassiveUnmountEffects (http://localhost:4200/_next/static/chunks/0aus_next_dist_compiled_react-dom_0v6ubys._.js:8880:106)
    at commitPassiveUnmountOnFiber (http://localhost:4200/_next/static/chunks/0aus_next_dist_compiled_react-dom_0v6ubys._.js:8906:17)
    at recursivelyTraversePassiveUnmountEffects (http://localhost:4200/_next/static/chunks/0aus_next_dist_compiled_react-dom_0v6ubys._.js:8880:106)
    at commitPassiveUnmountOnFiber (http://localhost:4200/_next/static/chunks/0aus_next_dist_compiled_react-dom_0v6ubys._.js:8888:17)
    at recursivelyTraversePassiveUnmountEffects (http://localhost:4200/_next/static/chunks/0aus_next_dist_compiled_react-dom_0v6ubys._.js:8880:106)
    at commitPassiveUnmountOnFiber (http://localhost:4200/_next/static/chunks/0aus_next_dist_compiled_react-dom_0v6ubys._.js:8888:17)
    at recursivelyTraversePassiveUnmountEffects (http://localhost:4200/_next/static/chunks/0aus_next_dist_compiled_react-dom_0v6ubys._.js:8880:106)
    at commitPassiveUnmountOnFiber (http://localhost:4200/_next/static/chunks/0aus_next_dist_compiled_react-dom_0v6ubys._.js:8906:17)
    at recursivelyTraversePassiveUnmountEffects (http://localhost:4200/_next/static/chunks/0aus_next_dist_compiled_react-dom_0v6ubys._.js:8880:106)
    at commitPassiveUnmountOnFiber (http://localhost:4200/_next/static/chunks/0aus_next_dist_compiled_react-dom_0v6ubys._.js:8906:17)
    at recursivelyTraversePassiveUnmountEffects (http://localhost:4200/_next/static/chunks/0aus_next_dist_compiled_react-dom_0v6ubys._.js:8880:106)
    at commitPassiveUnmountOnFiber (http://localhost:4200/_next/static/chunks/0aus_next_dist_compiled_react-dom_0v6ubys._.js:8893:17)
    at flushPassiveEffects (http://localhost:4200/_next/static/chunks/0aus_next_dist_compiled_react-dom_0v6ubys._.js:9996:13)
    at flushPendingEffects (http://localhost:4200/_next/static/chunks/0aus_next_dist_compiled_react-dom_0v6ubys._.js:9961:16)
    at flushSpawnedWork (http://localhost:4200/_next/static/chunks/0aus_next_dist_compiled_react-dom_0v6ubys._.js:9934:48)
    at commitRoot (http://localhost:4200/_next/static/chunks/0aus_next_dist_compiled_react-dom_0v6ubys._.js:9746:441)
[  322388ms] [LOG] [Fast Refresh] rebuilding @ http://localhost:4200/_next/static/chunks/0aus_next_dist_0dxyg_i._.js:2431
[  322525ms] [LOG] [Fast Refresh] done in 238ms @ http://localhost:4200/_next/static/chunks/0aus_next_dist_0dxyg_i._.js:2431
[  332445ms] [LOG] [Fast Refresh] rebuilding @ http://localhost:4200/_next/static/chunks/0aus_next_dist_0dxyg_i._.js:2431
[  332634ms] [WARNING] [Fast Refresh] performing full reload because your application had an unrecoverable error @ http://localhost:4200/_next/static/chunks/0aus_next_dist_0dxyg_i._.js:2431
[  332668ms] [LOG] [Fast Refresh] done in 282ms @ http://localhost:4200/_next/static/chunks/0aus_next_dist_0dxyg_i._.js:2431
[  333776ms] [INFO] %cDownload the React DevTools for a better development experience: https://react.dev/link/react-devtools font-weight:bold @ http://localhost:4200/_next/static/chunks/0aus_next_dist_0dxyg_i._.js:2431
[  333811ms] [LOG] [HMR] connected @ http://localhost:4200/_next/static/chunks/0aus_next_dist_0dxyg_i._.js:2431
[  334737ms] [WARNING] Please ensure that the container has a non-static position, like 'relative', 'fixed', or 'absolute' to ensure scroll offset is calculated correctly. @ http://localhost:4200/_next/static/chunks/0aus_next_dist_0dxyg_i._.js:2431
[  337435ms] [LOG] [Fast Refresh] rebuilding @ http://localhost:4200/_next/static/chunks/0aus_next_dist_0dxyg_i._.js:2431
[  337689ms] [LOG] [Fast Refresh] done in 335ms @ http://localhost:4200/_next/static/chunks/0aus_next_dist_0dxyg_i._.js:2431
[  343741ms] [LOG] [Fast Refresh] rebuilding @ http://localhost:4200/_next/static/chunks/0aus_next_dist_0dxyg_i._.js:2431
[  344043ms] [LOG] [Fast Refresh] done in 403ms @ http://localhost:4200/_next/static/chunks/0aus_next_dist_0dxyg_i._.js:2431
[  363849ms] [LOG] [Fast Refresh] rebuilding @ http://localhost:4200/_next/static/chunks/0aus_next_dist_0dxyg_i._.js:2431
[  364075ms] [LOG] [Fast Refresh] done in 295ms @ http://localhost:4200/_next/static/chunks/0aus_next_dist_0dxyg_i._.js:2431
[  367482ms] [LOG] [Fast Refresh] rebuilding @ http://localhost:4200/_next/static/chunks/0aus_next_dist_0dxyg_i._.js:2431
[  367669ms] [LOG] [Fast Refresh] done in 262ms @ http://localhost:4200/_next/static/chunks/0aus_next_dist_0dxyg_i._.js:2431
[  371161ms] [LOG] [Fast Refresh] rebuilding @ http://localhost:4200/_next/static/chunks/0aus_next_dist_0dxyg_i._.js:2431
[  371365ms] [LOG] [Fast Refresh] done in 280ms @ http://localhost:4200/_next/static/chunks/0aus_next_dist_0dxyg_i._.js:2431
[  384108ms] [LOG] [Fast Refresh] rebuilding @ http://localhost:4200/_next/static/chunks/0aus_next_dist_0dxyg_i._.js:2431
[  384188ms] [LOG] [Fast Refresh] done in 180ms @ http://localhost:4200/_next/static/chunks/0aus_next_dist_0dxyg_i._.js:2431
[  384692ms] [INFO] %cDownload the React DevTools for a better development experience: https://react.dev/link/react-devtools font-weight:bold @ http://localhost:4200/_next/static/chunks/0aus_next_dist_0dxyg_i._.js:2431
[  384716ms] [LOG] [HMR] connected @ http://localhost:4200/_next/static/chunks/0aus_next_dist_0dxyg_i._.js:2431
[  385113ms] [WARNING] Please ensure that the container has a non-static position, like 'relative', 'fixed', or 'absolute' to ensure scroll offset is calculated correctly. @ http://localhost:4200/_next/static/chunks/0aus_next_dist_0dxyg_i._.js:2431
[  445459ms] [LOG] [Fast Refresh] rebuilding @ http://localhost:4200/_next/static/chunks/0aus_next_dist_0dxyg_i._.js:2431
[  445768ms] [LOG] [Fast Refresh] done in 376ms @ http://localhost:4200/_next/static/chunks/0aus_next_dist_0dxyg_i._.js:2431
[  451965ms] [LOG] [Fast Refresh] rebuilding @ http://localhost:4200/_next/static/chunks/0aus_next_dist_0dxyg_i._.js:2431
[  452180ms] [LOG] [Fast Refresh] done in 293ms @ http://localhost:4200/_next/static/chunks/0aus_next_dist_0dxyg_i._.js:2431
[  460251ms] [INFO] %cDownload the React DevTools for a better development experience: https://react.dev/link/react-devtools font-weight:bold @ http://localhost:4200/_next/static/chunks/0aus_next_dist_0dxyg_i._.js:2431
[  460277ms] [LOG] [HMR] connected @ http://localhost:4200/_next/static/chunks/0aus_next_dist_0dxyg_i._.js:2431
[  460647ms] [WARNING] Please ensure that the container has a non-static position, like 'relative', 'fixed', or 'absolute' to ensure scroll offset is calculated correctly. @ http://localhost:4200/_next/static/chunks/0aus_next_dist_0dxyg_i._.js:2431
[  549512ms] [LOG] [Fast Refresh] rebuilding @ http://localhost:4200/_next/static/chunks/0aus_next_dist_0dxyg_i._.js:2431
[  553508ms] [LOG] [Fast Refresh] done in 1168ms @ http://localhost:4200/_next/static/chunks/0aus_next_dist_0dxyg_i._.js:2431
[  555132ms] [LOG] [Fast Refresh] rebuilding @ http://localhost:4200/_next/static/chunks/0aus_next_dist_0dxyg_i._.js:2431
[  555195ms] [LOG] [Fast Refresh] done in 163ms @ http://localhost:4200/_next/static/chunks/0aus_next_dist_0dxyg_i._.js:2431
[  566000ms] [LOG] [Fast Refresh] rebuilding @ http://localhost:4200/_next/static/chunks/0aus_next_dist_0dxyg_i._.js:2431
[  566348ms] [LOG] [Fast Refresh] done in 302ms @ http://localhost:4200/_next/static/chunks/0aus_next_dist_0dxyg_i._.js:2431
[  575781ms] [INFO] %cDownload the React DevTools for a better development experience: https://react.dev/link/react-devtools font-weight:bold @ http://localhost:4200/_next/static/chunks/0aus_next_dist_0dxyg_i._.js:2431
[  575814ms] [LOG] [HMR] connected @ http://localhost:4200/_next/static/chunks/0aus_next_dist_0dxyg_i._.js:2431
[  575958ms] [WARNING] Please ensure that the container has a non-static position, like 'relative', 'fixed', or 'absolute' to ensure scroll offset is calculated correctly. @ http://localhost:4200/_next/static/chunks/0aus_next_dist_0dxyg_i._.js:2431
[  606530ms] [INFO] %cDownload the React DevTools for a better development experience: https://react.dev/link/react-devtools font-weight:bold @ http://localhost:4200/_next/static/chunks/0aus_next_dist_0dxyg_i._.js:2431
[  606547ms] [LOG] [HMR] connected @ http://localhost:4200/_next/static/chunks/0aus_next_dist_0dxyg_i._.js:2431
[  606713ms] [WARNING] Please ensure that the container has a non-static position, like 'relative', 'fixed', or 'absolute' to ensure scroll offset is calculated correctly. @ http://localhost:4200/_next/static/chunks/0aus_next_dist_0dxyg_i._.js:2431
[  628989ms] [LOG] [Fast Refresh] rebuilding @ http://localhost:4200/_next/static/chunks/0aus_next_dist_0dxyg_i._.js:2431
[  629374ms] [WARNING] [Fast Refresh] performing full reload

Fast Refresh will perform a full reload when you edit a file that's imported by modules outside of the React rendering tree.
You might have a file which exports a React component but also exports a value that is imported by a non-React component file.
Consider migrating the non-React component export to a separate file and importing it into both files.

It is also possible the parent component of the component you edited is a class component, which disables Fast Refresh.
Fast Refresh requires at least one parent function component in your React tree. @ http://localhost:4200/_next/static/chunks/0aus_next_dist_0dxyg_i._.js:2431
[  629398ms] [LOG] [Fast Refresh] done in 485ms @ http://localhost:4200/_next/static/chunks/0aus_next_dist_0dxyg_i._.js:2431
[  630023ms] [INFO] %cDownload the React DevTools for a better development experience: https://react.dev/link/react-devtools font-weight:bold @ http://localhost:4200/_next/static/chunks/0aus_next_dist_0dxyg_i._.js:2431
[  630087ms] [LOG] [HMR] connected @ http://localhost:4200/_next/static/chunks/0aus_next_dist_0dxyg_i._.js:2431
[  630516ms] [WARNING] Please ensure that the container has a non-static position, like 'relative', 'fixed', or 'absolute' to ensure scroll offset is calculated correctly. @ http://localhost:4200/_next/static/chunks/0aus_next_dist_0dxyg_i._.js:2431
[  635617ms] [INFO] %cDownload the React DevTools for a better development experience: https://react.dev/link/react-devtools font-weight:bold @ http://localhost:4200/_next/static/chunks/0aus_next_dist_0dxyg_i._.js:2431
[  635639ms] [LOG] [HMR] connected @ http://localhost:4200/_next/static/chunks/0aus_next_dist_0dxyg_i._.js:2431
[  635956ms] [WARNING] Please ensure that the container has a non-static position, like 'relative', 'fixed', or 'absolute' to ensure scroll offset is calculated correctly. @ http://localhost:4200/_next/static/chunks/0aus_next_dist_0dxyg_i._.js:2431
[  688586ms] [INFO] %cDownload the React DevTools for a better development experience: https://react.dev/link/react-devtools font-weight:bold @ http://localhost:4200/_next/static/chunks/0aus_next_dist_0dxyg_i._.js:2431
[  688614ms] [LOG] [HMR] connected @ http://localhost:4200/_next/static/chunks/0aus_next_dist_0dxyg_i._.js:2431
[  688773ms] [WARNING] Please ensure that the container has a non-static position, like 'relative', 'fixed', or 'absolute' to ensure scroll offset is calculated correctly. @ http://localhost:4200/_next/static/chunks/0aus_next_dist_0dxyg_i._.js:2431
[  764375ms] [LOG] [Fast Refresh] rebuilding @ http://localhost:4200/_next/static/chunks/0aus_next_dist_0dxyg_i._.js:2431
[  764393ms] [LOG] [Fast Refresh] done in 119ms @ http://localhost:4200/_next/static/chunks/0aus_next_dist_0dxyg_i._.js:2431
[  764587ms] [INFO] %cDownload the React DevTools for a better development experience: https://react.dev/link/react-devtools font-weight:bold @ http://localhost:4200/_next/static/chunks/0aus_next_dist_0dxyg_i._.js:2431
[  764606ms] [LOG] [HMR] connected @ http://localhost:4200/_next/static/chunks/0aus_next_dist_0dxyg_i._.js:2431
[  764758ms] [WARNING] Please ensure that the container has a non-static position, like 'relative', 'fixed', or 'absolute' to ensure scroll offset is calculated correctly. @ http://localhost:4200/_next/static/chunks/0aus_next_dist_0dxyg_i._.js:2431
[  774545ms] [INFO] %cDownload the React DevTools for a better development experience: https://react.dev/link/react-devtools font-weight:bold @ http://localhost:4200/_next/static/chunks/0aus_next_dist_0dxyg_i._.js:2431
[  774562ms] [LOG] [HMR] connected @ http://localhost:4200/_next/static/chunks/0aus_next_dist_0dxyg_i._.js:2431
[  774653ms] [WARNING] You have Reduced Motion enabled on your device. Animations may not appear as expected.. For more information and steps for solving, visit https://motion.dev/troubleshooting/reduced-motion-disabled @ http://localhost:4200/_next/static/chunks/0aus_next_dist_0dxyg_i._.js:2431
[  774723ms] [WARNING] Please ensure that the container has a non-static position, like 'relative', 'fixed', or 'absolute' to ensure scroll offset is calculated correctly. @ http://localhost:4200/_next/static/chunks/0aus_next_dist_0dxyg_i._.js:2431
[  774789ms] [LOG] [Fast Refresh] rebuilding @ http://localhost:4200/_next/static/chunks/0aus_next_dist_0dxyg_i._.js:2431
[  775068ms] [LOG] [Fast Refresh] done in 397ms @ http://localhost:4200/_next/static/chunks/0aus_next_dist_0dxyg_i._.js:2431
[  793815ms] [INFO] %cDownload the React DevTools for a better development experience: https://react.dev/link/react-devtools font-weight:bold @ http://localhost:4200/_next/static/chunks/0aus_next_dist_0dxyg_i._.js:2431
[  793831ms] [LOG] [HMR] connected @ http://localhost:4200/_next/static/chunks/0aus_next_dist_0dxyg_i._.js:2431
[  793964ms] [WARNING] Please ensure that the container has a non-static position, like 'relative', 'fixed', or 'absolute' to ensure scroll offset is calculated correctly. @ http://localhost:4200/_next/static/chunks/0aus_next_dist_0dxyg_i._.js:2431
[  832402ms] [INFO] %cDownload the React DevTools for a better development experience: https://react.dev/link/react-devtools font-weight:bold @ http://localhost:4200/_next/static/chunks/0aus_next_dist_0dxyg_i._.js:2431
[  832424ms] [LOG] [HMR] connected @ http://localhost:4200/_next/static/chunks/0aus_next_dist_0dxyg_i._.js:2431
[  832571ms] [WARNING] Please ensure that the container has a non-static position, like 'relative', 'fixed', or 'absolute' to ensure scroll offset is calculated correctly. @ http://localhost:4200/_next/static/chunks/0aus_next_dist_0dxyg_i._.js:2431
[  848700ms] [LOG] [Fast Refresh] rebuilding @ http://localhost:4200/_next/static/chunks/0aus_next_dist_0dxyg_i._.js:2431
[  848993ms] [LOG] [Fast Refresh] done in 393ms @ http://localhost:4200/_next/static/chunks/0aus_next_dist_0dxyg_i._.js:2431
[  849360ms] [INFO] %cDownload the React DevTools for a better development experience: https://react.dev/link/react-devtools font-weight:bold @ http://localhost:4200/_next/static/chunks/0aus_next_dist_0dxyg_i._.js:2431
[  849381ms] [LOG] [HMR] connected @ http://localhost:4200/_next/static/chunks/0aus_next_dist_0dxyg_i._.js:2431
[  849704ms] [LOG] [Fast Refresh] rebuilding @ http://localhost:4200/_next/static/chunks/0aus_next_dist_0dxyg_i._.js:2431
[  849784ms] [LOG] [Fast Refresh] done in 181ms @ http://localhost:4200/_next/static/chunks/0aus_next_dist_0dxyg_i._.js:2431
[  850180ms] [WARNING] Please ensure that the container has a non-static position, like 'relative', 'fixed', or 'absolute' to ensure scroll offset is calculated correctly. @ http://localhost:4200/_next/static/chunks/0aus_next_dist_0dxyg_i._.js:2431
[  859549ms] [LOG] [Fast Refresh] rebuilding @ http://localhost:4200/_next/static/chunks/0aus_next_dist_0dxyg_i._.js:2431
[  859590ms] [LOG] [Fast Refresh] done in 141ms @ http://localhost:4200/_next/static/chunks/0aus_next_dist_0dxyg_i._.js:2431
[  859812ms] [INFO] %cDownload the React DevTools for a better development experience: https://react.dev/link/react-devtools font-weight:bold @ http://localhost:4200/_next/static/chunks/0aus_next_dist_0dxyg_i._.js:2431
[  859834ms] [LOG] [HMR] connected @ http://localhost:4200/_next/static/chunks/0aus_next_dist_0dxyg_i._.js:2431
[  859983ms] [WARNING] Please ensure that the container has a non-static position, like 'relative', 'fixed', or 'absolute' to ensure scroll offset is calculated correctly. @ http://localhost:4200/_next/static/chunks/0aus_next_dist_0dxyg_i._.js:2431
[  869464ms] [INFO] %cDownload the React DevTools for a better development experience: https://react.dev/link/react-devtools font-weight:bold @ http://localhost:4200/_next/static/chunks/0aus_next_dist_0dxyg_i._.js:2431
[  869491ms] [LOG] [HMR] connected @ http://localhost:4200/_next/static/chunks/0aus_next_dist_0dxyg_i._.js:2431
[  869621ms] [WARNING] Please ensure that the container has a non-static position, like 'relative', 'fixed', or 'absolute' to ensure scroll offset is calculated correctly. @ http://localhost:4200/_next/static/chunks/0aus_next_dist_0dxyg_i._.js:2431
[  915916ms] [INFO] %cDownload the React DevTools for a better development experience: https://react.dev/link/react-devtools font-weight:bold @ http://localhost:4200/_next/static/chunks/0aus_next_dist_0dxyg_i._.js:2431
[  915941ms] [LOG] [HMR] connected @ http://localhost:4200/_next/static/chunks/0aus_next_dist_0dxyg_i._.js:2431
[  916249ms] [WARNING] Please ensure that the container has a non-static position, like 'relative', 'fixed', or 'absolute' to ensure scroll offset is calculated correctly. @ http://localhost:4200/_next/static/chunks/0aus_next_dist_0dxyg_i._.js:2431
[  932432ms] [INFO] %cDownload the React DevTools for a better development experience: https://react.dev/link/react-devtools font-weight:bold @ http://localhost:4200/_next/static/chunks/0aus_next_dist_0dxyg_i._.js:2431
[  932451ms] [LOG] [HMR] connected @ http://localhost:4200/_next/static/chunks/0aus_next_dist_0dxyg_i._.js:2431
[  932813ms] [WARNING] Please ensure that the container has a non-static position, like 'relative', 'fixed', or 'absolute' to ensure scroll offset is calculated correctly. @ http://localhost:4200/_next/static/chunks/0aus_next_dist_0dxyg_i._.js:2431
[  942303ms] [INFO] %cDownload the React DevTools for a better development experience: https://react.dev/link/react-devtools font-weight:bold @ http://localhost:4200/_next/static/chunks/0aus_next_dist_0dxyg_i._.js:2431
[  942320ms] [LOG] [HMR] connected @ http://localhost:4200/_next/static/chunks/0aus_next_dist_0dxyg_i._.js:2431
[  942442ms] [WARNING] Please ensure that the container has a non-static position, like 'relative', 'fixed', or 'absolute' to ensure scroll offset is calculated correctly. @ http://localhost:4200/_next/static/chunks/0aus_next_dist_0dxyg_i._.js:2431
[  968953ms] [LOG] [Fast Refresh] rebuilding @ http://localhost:4200/_next/static/chunks/0aus_next_dist_0dxyg_i._.js:2431
[  973660ms] [LOG] [Fast Refresh] done in 4091ms @ http://localhost:4200/_next/static/chunks/0aus_next_dist_0dxyg_i._.js:2431
[  978528ms] [INFO] %cDownload the React DevTools for a better development experience: https://react.dev/link/react-devtools font-weight:bold @ http://localhost:4200/_next/static/chunks/0aus_next_dist_0dxyg_i._.js:2431
[  978550ms] [LOG] [HMR] connected @ http://localhost:4200/_next/static/chunks/0aus_next_dist_0dxyg_i._.js:2431
[  978673ms] [WARNING] Please ensure that the container has a non-static position, like 'relative', 'fixed', or 'absolute' to ensure scroll offset is calculated correctly. @ http://localhost:4200/_next/static/chunks/0aus_next_dist_0dxyg_i._.js:2431
[ 1099865ms] [INFO] %cDownload the React DevTools for a better development experience: https://react.dev/link/react-devtools font-weight:bold @ http://localhost:4200/_next/static/chunks/0aus_next_dist_0dxyg_i._.js:2431
[ 1099884ms] [LOG] [HMR] connected @ http://localhost:4200/_next/static/chunks/0aus_next_dist_0dxyg_i._.js:2431
[ 1100005ms] [WARNING] Please ensure that the container has a non-static position, like 'relative', 'fixed', or 'absolute' to ensure scroll offset is calculated correctly. @ http://localhost:4200/_next/static/chunks/0aus_next_dist_0dxyg_i._.js:2431
[ 1388090ms] [LOG] [Fast Refresh] rebuilding @ http://localhost:4200/_next/static/chunks/0aus_next_dist_0dxyg_i._.js:2431
[ 1389027ms] [LOG] [Fast Refresh] done in 1037ms @ http://localhost:4200/_next/static/chunks/0aus_next_dist_0dxyg_i._.js:2431
[ 1389458ms] [LOG] [Fast Refresh] rebuilding @ http://localhost:4200/_next/static/chunks/0aus_next_dist_0dxyg_i._.js:2431
[ 1389612ms] [LOG] [Fast Refresh] done in 256ms @ http://localhost:4200/_next/static/chunks/0aus_next_dist_0dxyg_i._.js:2431
[ 1389718ms] [LOG] [Fast Refresh] rebuilding @ http://localhost:4200/_next/static/chunks/0aus_next_dist_0dxyg_i._.js:2431
[ 1389727ms] [LOG] [Fast Refresh] done in 109ms @ http://localhost:4200/_next/static/chunks/0aus_next_dist_0dxyg_i._.js:2431
[ 1389939ms] [LOG] [Fast Refresh] rebuilding @ http://localhost:4200/_next/static/chunks/0aus_next_dist_0dxyg_i._.js:2431
[ 1390003ms] [LOG] [Fast Refresh] done in 164ms @ http://localhost:4200/_next/static/chunks/0aus_next_dist_0dxyg_i._.js:2431
[ 1402789ms] [LOG] [Fast Refresh] rebuilding @ http://localhost:4200/_next/static/chunks/0aus_next_dist_0dxyg_i._.js:2431
[ 1402996ms] [LOG] [Fast Refresh] done in 308ms @ http://localhost:4200/_next/static/chunks/0aus_next_dist_0dxyg_i._.js:2431
[ 1520863ms] [LOG] [Fast Refresh] rebuilding @ http://localhost:4200/_next/static/chunks/0aus_next_dist_0dxyg_i._.js:2431
[ 1520892ms] [LOG] [Fast Refresh] done in 129ms @ http://localhost:4200/_next/static/chunks/0aus_next_dist_0dxyg_i._.js:2431
[ 1637030ms] [LOG] [Fast Refresh] rebuilding @ http://localhost:4200/_next/static/chunks/0aus_next_dist_0dxyg_i._.js:2431
[ 1637251ms] [LOG] [Fast Refresh] done in 323ms @ http://localhost:4200/_next/static/chunks/0aus_next_dist_0dxyg_i._.js:2431
[ 1637541ms] [INFO] %cDownload the React DevTools for a better development experience: https://react.dev/link/react-devtools font-weight:bold @ http://localhost:4200/_next/static/chunks/0aus_next_dist_0dxyg_i._.js:2431
[ 1637565ms] [LOG] [HMR] connected @ http://localhost:4200/_next/static/chunks/0aus_next_dist_0dxyg_i._.js:2431
[ 1637829ms] [WARNING] Please ensure that the container has a non-static position, like 'relative', 'fixed', or 'absolute' to ensure scroll offset is calculated correctly. @ http://localhost:4200/_next/static/chunks/0aus_next_dist_0dxyg_i._.js:2431
[ 1678225ms] [LOG] [Fast Refresh] rebuilding @ http://localhost:4200/_next/static/chunks/0aus_next_dist_0dxyg_i._.js:2431
[ 1679008ms] [LOG] [Fast Refresh] done in 654ms @ http://localhost:4200/_next/static/chunks/0aus_next_dist_0dxyg_i._.js:2431
[ 1682670ms] [LOG] [Fast Refresh] rebuilding @ http://localhost:4200/_next/static/chunks/0aus_next_dist_0dxyg_i._.js:2431
[ 1683005ms] [LOG] [Fast Refresh] done in 388ms @ http://localhost:4200/_next/static/chunks/0aus_next_dist_0dxyg_i._.js:2431
[ 1687993ms] [LOG] [Fast Refresh] rebuilding @ http://localhost:4200/_next/static/chunks/0aus_next_dist_0dxyg_i._.js:2431
[ 1688433ms] [LOG] [Fast Refresh] done in 302ms @ http://localhost:4200/_next/static/chunks/0aus_next_dist_0dxyg_i._.js:2431
[ 1695912ms] [INFO] %cDownload the React DevTools for a better development experience: https://react.dev/link/react-devtools font-weight:bold @ http://localhost:4200/_next/static/chunks/0aus_next_dist_0dxyg_i._.js:2431
[ 1695948ms] [LOG] [HMR] connected @ http://localhost:4200/_next/static/chunks/0aus_next_dist_0dxyg_i._.js:2431
[ 1696454ms] [WARNING] Please ensure that the container has a non-static position, like 'relative', 'fixed', or 'absolute' to ensure scroll offset is calculated correctly. @ http://localhost:4200/_next/static/chunks/0aus_next_dist_0dxyg_i._.js:2431
[ 1759555ms] [LOG] [Fast Refresh] rebuilding @ http://localhost:4200/_next/static/chunks/0aus_next_dist_0dxyg_i._.js:2431
[ 1759606ms] [LOG] [Fast Refresh] done in 152ms @ http://localhost:4200/_next/static/chunks/0aus_next_dist_0dxyg_i._.js:2431
[ 1759845ms] [INFO] %cDownload the React DevTools for a better development experience: https://react.dev/link/react-devtools font-weight:bold @ http://localhost:4200/_next/static/chunks/0aus_next_dist_0dxyg_i._.js:2431
[ 1759863ms] [LOG] [HMR] connected @ http://localhost:4200/_next/static/chunks/0aus_next_dist_0dxyg_i._.js:2431
[ 1760125ms] [WARNING] Please ensure that the container has a non-static position, like 'relative', 'fixed', or 'absolute' to ensure scroll offset is calculated correctly. @ http://localhost:4200/_next/static/chunks/0aus_next_dist_0dxyg_i._.js:2431
[ 1844711ms] [LOG] [Fast Refresh] rebuilding @ http://localhost:4200/_next/static/chunks/0aus_next_dist_0dxyg_i._.js:2431
[ 1845010ms] [LOG] [Fast Refresh] done in 400ms @ http://localhost:4200/_next/static/chunks/0aus_next_dist_0dxyg_i._.js:2431
[ 1862173ms] [LOG] [Fast Refresh] rebuilding @ http://localhost:4200/_next/static/chunks/0aus_next_dist_0dxyg_i._.js:2431
[ 1862358ms] [LOG] [Fast Refresh] done in 287ms @ http://localhost:4200/_next/static/chunks/0aus_next_dist_0dxyg_i._.js:2431
[ 1915243ms] [LOG] [Fast Refresh] rebuilding @ http://localhost:4200/_next/static/chunks/0aus_next_dist_0dxyg_i._.js:2431
[ 1915291ms] [LOG] [Fast Refresh] done in 150ms @ http://localhost:4200/_next/static/chunks/0aus_next_dist_0dxyg_i._.js:2431
[ 1918470ms] [LOG] [Fast Refresh] rebuilding @ http://localhost:4200/_next/static/chunks/0aus_next_dist_0dxyg_i._.js:2431
[ 1918829ms] [LOG] [Fast Refresh] done in 348ms @ http://localhost:4200/_next/static/chunks/0aus_next_dist_0dxyg_i._.js:2431
[ 1923713ms] [LOG] [Fast Refresh] rebuilding @ http://localhost:4200/_next/static/chunks/0aus_next_dist_0dxyg_i._.js:2431
[ 1924080ms] [LOG] [Fast Refresh] done in 334ms @ http://localhost:4200/_next/static/chunks/0aus_next_dist_0dxyg_i._.js:2431
[ 1938241ms] [LOG] [Fast Refresh] rebuilding @ http://localhost:4200/_next/static/chunks/0aus_next_dist_0dxyg_i._.js:2431
[ 1938818ms] [LOG] [Fast Refresh] done in 377ms @ http://localhost:4200/_next/static/chunks/0aus_next_dist_0dxyg_i._.js:2431
[ 1946704ms] [INFO] %cDownload the React DevTools for a better development experience: https://react.dev/link/react-devtools font-weight:bold @ http://localhost:4200/_next/static/chunks/0aus_next_dist_0dxyg_i._.js:2431
[ 1946730ms] [LOG] [HMR] connected @ http://localhost:4200/_next/static/chunks/0aus_next_dist_0dxyg_i._.js:2431
[ 1946868ms] [WARNING] Please ensure that the container has a non-static position, like 'relative', 'fixed', or 'absolute' to ensure scroll offset is calculated correctly. @ http://localhost:4200/_next/static/chunks/0aus_next_dist_0dxyg_i._.js:2431
[ 2003121ms] [LOG] [Fast Refresh] rebuilding @ http://localhost:4200/_next/static/chunks/0aus_next_dist_0dxyg_i._.js:2431
[ 2003150ms] [LOG] [Fast Refresh] done in 130ms @ http://localhost:4200/_next/static/chunks/0aus_next_dist_0dxyg_i._.js:2431
[ 2003356ms] [INFO] %cDownload the React DevTools for a better development experience: https://react.dev/link/react-devtools font-weight:bold @ http://localhost:4200/_next/static/chunks/0aus_next_dist_0dxyg_i._.js:2431
[ 2003376ms] [LOG] [HMR] connected @ http://localhost:4200/_next/static/chunks/0aus_next_dist_0dxyg_i._.js:2431
[ 2003542ms] [WARNING] Please ensure that the container has a non-static position, like 'relative', 'fixed', or 'absolute' to ensure scroll offset is calculated correctly. @ http://localhost:4200/_next/static/chunks/0aus_next_dist_0dxyg_i._.js:2431
[ 2038877ms] [LOG] [Fast Refresh] rebuilding @ http://localhost:4200/_next/static/chunks/0aus_next_dist_0dxyg_i._.js:2431
[ 2040346ms] [LOG] [Fast Refresh] done in 1569ms @ http://localhost:4200/_next/static/chunks/0aus_next_dist_0dxyg_i._.js:2431
[ 2041095ms] [LOG] [Fast Refresh] rebuilding @ http://localhost:4200/_next/static/chunks/0aus_next_dist_0dxyg_i._.js:2431
[ 2041265ms] [LOG] [Fast Refresh] done in 269ms @ http://localhost:4200/_next/static/chunks/0aus_next_dist_0dxyg_i._.js:2431
[ 2049676ms] [LOG] [Fast Refresh] rebuilding @ http://localhost:4200/_next/static/chunks/0aus_next_dist_0dxyg_i._.js:2431
[ 2050376ms] [LOG] [Fast Refresh] done in 799ms @ http://localhost:4200/_next/static/chunks/0aus_next_dist_0dxyg_i._.js:2431
[ 2050782ms] [LOG] [Fast Refresh] rebuilding @ http://localhost:4200/_next/static/chunks/0aus_next_dist_0dxyg_i._.js:2431
[ 2050995ms] [LOG] [Fast Refresh] done in 313ms @ http://localhost:4200/_next/static/chunks/0aus_next_dist_0dxyg_i._.js:2431
