[     120ms] [ERROR] ./app/cosma/page.tsx:3:1
Module not found: Can't resolve '@/components/cosma/playground'
  1 | import type { Metadata } from "next";
  2 | import { Navigation } from "@/components/navigation";
> 3 | import { CosmaPlayground } from "@/components/cosma/playground";
    | ^^^^^^^^^^^^^^^^^^^^^^^^^^^^^^^^^^^^^^^^^^^^^^^^^^^^^^^^^^^^^^^^
  4 | import { SiteFooter } from "@/components/site-footer";
  5 | import { CoffeeSupportCard } from "@/components/coffee-support-card";
  6 |

Import map: aliased to relative './components/cosma/playground' inside of [project]/

https://nextjs.org/docs/messages/module-not-found @ http://localhost:4200/_next/static/chunks/0aus_next_dist_00tg.dm._.js:1945
[     292ms] [LOG] [Fast Refresh] rebuilding @ http://localhost:4200/_next/static/chunks/0aus_next_dist_00tg.dm._.js:1226
[     387ms] [ERROR] Failed to load resource: the server responded with a status of 500 (Internal Server Error) @ http://localhost:4200/cosma:0
[     419ms] [INFO] %cDownload the React DevTools for a better development experience: https://react.dev/link/react-devtools font-weight:bold @ http://localhost:4200/_next/static/chunks/0e-u_react-dom_0037m-m._.js:15305
[     426ms] Error: ./app/cosma/page.tsx:3:1
Module not found: Can't resolve '@/components/cosma/playground'
  1 | import type { Metadata } from "next";
  2 | import { Navigation } from "@/components/navigation";
> 3 | import { CosmaPlayground } from "@/components/cosma/playground";
    | ^^^^^^^^^^^^^^^^^^^^^^^^^^^^^^^^^^^^^^^^^^^^^^^^^^^^^^^^^^^^^^^^
  4 | import { SiteFooter } from "@/components/site-footer";
  5 | import { CoffeeSupportCard } from "@/components/coffee-support-card";
  6 |

Import map: aliased to relative './components/cosma/playground' inside of [project]/


https://nextjs.org/docs/messages/module-not-found


    at <unknown> (Error: ./app/cosma/page.tsx:3:1)
    at <unknown> (https://nextjs.org/docs/messages/module-not-found)
    at Object.getCompilationErrors (file:///Users/godwinjanarthan/Documents/Projects/d2studio-ui/node_modules/.pnpm/next@16.2.4_@babel+core@7.28.4_react-dom@19.2.5_react@19.2.5__react@19.2.5/node_modules/next/dist/server/dev/hot-reloader-turbopack.js:1186:59)
    at DevBundlerService.getCompilationError (file:///Users/godwinjanarthan/Documents/Projects/d2studio-ui/node_modules/.pnpm/next@16.2.4_@babel+core@7.28.4_react-dom@19.2.5_react@19.2.5__react@19.2.5/node_modules/next/dist/server/lib/dev-bundler-service.js:44:55)
    at DevServer.getCompilationError (file:///Users/godwinjanarthan/Documents/Projects/d2studio-ui/node_modules/.pnpm/next@16.2.4_@babel+core@7.28.4_react-dom@19.2.5_react@19.2.5__react@19.2.5/node_modules/next/dist/server/dev/next-dev-server.js:719:42)
    at DevServer.findPageComponents (file:///Users/godwinjanarthan/Documents/Projects/d2studio-ui/node_modules/.pnpm/next@16.2.4_@babel+core@7.28.4_react-dom@19.2.5_react@19.2.5__react@19.2.5/node_modules/next/dist/server/dev/next-dev-server.js:689:43)
    at async DevServer.renderErrorToResponseImpl (file:///Users/godwinjanarthan/Documents/Projects/d2studio-ui/node_modules/.pnpm/next@16.2.4_@babel+core@7.28.4_react-dom@19.2.5_react@19.2.5__react@19.2.5/node_modules/next/dist/server/base-server.js:1745:26)
[     431ms] [LOG] [HMR] connected @ http://localhost:4200/_next/static/chunks/0aus_next_dist_00tg.dm._.js:1226
[     451ms] [ERROR] ./app/cosma/page.tsx:3:1
Module not found: Can't resolve '@/components/cosma/playground'
  1 | import type { Metadata } from "next";
  2 | import { Navigation } from "@/components/navigation";
> 3 | import { CosmaPlayground } from "@/components/cosma/playground";
    | ^^^^^^^^^^^^^^^^^^^^^^^^^^^^^^^^^^^^^^^^^^^^^^^^^^^^^^^^^^^^^^^^
  4 | import { SiteFooter } from "@/components/site-footer";
  5 | import { CoffeeSupportCard } from "@/components/coffee-support-card";
  6 |

Import map: aliased to relative './components/cosma/playground' inside of [project]/

https://nextjs.org/docs/messages/module-not-found @ http://localhost:4200/_next/static/chunks/0aus_next_dist_00tg.dm._.js:1945
[     509ms] [ERROR] ./app/cosma/page.tsx:3:1
Module not found: Can't resolve '@/components/cosma/playground'
  1 | import type { Metadata } from "next";
  2 | import { Navigation } from "@/components/navigation";
> 3 | import { CosmaPlayground } from "@/components/cosma/playground";
    | ^^^^^^^^^^^^^^^^^^^^^^^^^^^^^^^^^^^^^^^^^^^^^^^^^^^^^^^^^^^^^^^^
  4 | import { SiteFooter } from "@/components/site-footer";
  5 | import { CoffeeSupportCard } from "@/components/coffee-support-card";
  6 |

Import map: aliased to relative './components/cosma/playground' inside of [project]/

https://nextjs.org/docs/messages/module-not-found @ http://localhost:4200/_next/static/chunks/0aus_next_dist_00tg.dm._.js:1945
[     553ms] [ERROR] ./app/cosma/page.tsx:3:1
Module not found: Can't resolve '@/components/cosma/playground'
  1 | import type { Metadata } from "next";
  2 | import { Navigation } from "@/components/navigation";
> 3 | import { CosmaPlayground } from "@/components/cosma/playground";
    | ^^^^^^^^^^^^^^^^^^^^^^^^^^^^^^^^^^^^^^^^^^^^^^^^^^^^^^^^^^^^^^^^
  4 | import { SiteFooter } from "@/components/site-footer";
  5 | import { CoffeeSupportCard } from "@/components/coffee-support-card";
  6 |

Import map: aliased to relative './components/cosma/playground' inside of [project]/

https://nextjs.org/docs/messages/module-not-found @ http://localhost:4200/_next/static/chunks/0aus_next_dist_00tg.dm._.js:1945
[     656ms] [LOG] [Fast Refresh] rebuilding @ http://localhost:4200/_next/static/chunks/0aus_next_dist_00tg.dm._.js:1226
[     858ms] [ERROR] ./app/cosma/page.tsx:3:1
Module not found: Can't resolve '@/components/cosma/playground'
  1 | import type { Metadata } from "next";
  2 | import { Navigation } from "@/components/navigation";
> 3 | import { CosmaPlayground } from "@/components/cosma/playground";
    | ^^^^^^^^^^^^^^^^^^^^^^^^^^^^^^^^^^^^^^^^^^^^^^^^^^^^^^^^^^^^^^^^
  4 | import { SiteFooter } from "@/components/site-footer";
  5 | import { CoffeeSupportCard } from "@/components/coffee-support-card";
  6 |

Import map: aliased to relative './components/cosma/playground' inside of [project]/

https://nextjs.org/docs/messages/module-not-found @ http://localhost:4200/_next/static/chunks/0aus_next_dist_00tg.dm._.js:1945
[     927ms] [ERROR] ./app/cosma/page.tsx:3:1
Module not found: Can't resolve '@/components/cosma/playground'
  1 | import type { Metadata } from "next";
  2 | import { Navigation } from "@/components/navigation";
> 3 | import { CosmaPlayground } from "@/components/cosma/playground";
    | ^^^^^^^^^^^^^^^^^^^^^^^^^^^^^^^^^^^^^^^^^^^^^^^^^^^^^^^^^^^^^^^^
  4 | import { SiteFooter } from "@/components/site-footer";
  5 | import { CoffeeSupportCard } from "@/components/coffee-support-card";
  6 |

Import map: aliased to relative './components/cosma/playground' inside of [project]/

https://nextjs.org/docs/messages/module-not-found @ http://localhost:4200/_next/static/chunks/0aus_next_dist_00tg.dm._.js:1945
[    1002ms] [ERROR] ./app/cosma/page.tsx:3:1
Module not found: Can't resolve '@/components/cosma/playground'
  1 | import type { Metadata } from "next";
  2 | import { Navigation } from "@/components/navigation";
> 3 | import { CosmaPlayground } from "@/components/cosma/playground";
    | ^^^^^^^^^^^^^^^^^^^^^^^^^^^^^^^^^^^^^^^^^^^^^^^^^^^^^^^^^^^^^^^^
  4 | import { SiteFooter } from "@/components/site-footer";
  5 | import { CoffeeSupportCard } from "@/components/coffee-support-card";
  6 |

Import map: aliased to relative './components/cosma/playground' inside of [project]/

https://nextjs.org/docs/messages/module-not-found @ http://localhost:4200/_next/static/chunks/0aus_next_dist_00tg.dm._.js:1945
[    1062ms] [ERROR] ./app/cosma/page.tsx:3:1
Module not found: Can't resolve '@/components/cosma/playground'
  1 | import type { Metadata } from "next";
  2 | import { Navigation } from "@/components/navigation";
> 3 | import { CosmaPlayground } from "@/components/cosma/playground";
    | ^^^^^^^^^^^^^^^^^^^^^^^^^^^^^^^^^^^^^^^^^^^^^^^^^^^^^^^^^^^^^^^^
  4 | import { SiteFooter } from "@/components/site-footer";
  5 | import { CoffeeSupportCard } from "@/components/coffee-support-card";
  6 |

Import map: aliased to relative './components/cosma/playground' inside of [project]/

https://nextjs.org/docs/messages/module-not-found @ http://localhost:4200/_next/static/chunks/0aus_next_dist_00tg.dm._.js:1945
[    1124ms] [ERROR] ./app/cosma/page.tsx:3:1
Module not found: Can't resolve '@/components/cosma/playground'
  1 | import type { Metadata } from "next";
  2 | import { Navigation } from "@/components/navigation";
> 3 | import { CosmaPlayground } from "@/components/cosma/playground";
    | ^^^^^^^^^^^^^^^^^^^^^^^^^^^^^^^^^^^^^^^^^^^^^^^^^^^^^^^^^^^^^^^^
  4 | import { SiteFooter } from "@/components/site-footer";
  5 | import { CoffeeSupportCard } from "@/components/coffee-support-card";
  6 |

Import map: aliased to relative './components/cosma/playground' inside of [project]/

https://nextjs.org/docs/messages/module-not-found @ http://localhost:4200/_next/static/chunks/0aus_next_dist_00tg.dm._.js:1945
[    1188ms] [ERROR] ./app/cosma/page.tsx:3:1
Module not found: Can't resolve '@/components/cosma/playground'
  1 | import type { Metadata } from "next";
  2 | import { Navigation } from "@/components/navigation";
> 3 | import { CosmaPlayground } from "@/components/cosma/playground";
    | ^^^^^^^^^^^^^^^^^^^^^^^^^^^^^^^^^^^^^^^^^^^^^^^^^^^^^^^^^^^^^^^^
  4 | import { SiteFooter } from "@/components/site-footer";
  5 | import { CoffeeSupportCard } from "@/components/coffee-support-card";
  6 |

Import map: aliased to relative './components/cosma/playground' inside of [project]/

https://nextjs.org/docs/messages/module-not-found @ http://localhost:4200/_next/static/chunks/0aus_next_dist_00tg.dm._.js:1945
[    1252ms] [ERROR] ./app/cosma/page.tsx:3:1
Module not found: Can't resolve '@/components/cosma/playground'
  1 | import type { Metadata } from "next";
  2 | import { Navigation } from "@/components/navigation";
> 3 | import { CosmaPlayground } from "@/components/cosma/playground";
    | ^^^^^^^^^^^^^^^^^^^^^^^^^^^^^^^^^^^^^^^^^^^^^^^^^^^^^^^^^^^^^^^^
  4 | import { SiteFooter } from "@/components/site-footer";
  5 | import { CoffeeSupportCard } from "@/components/coffee-support-card";
  6 |

Import map: aliased to relative './components/cosma/playground' inside of [project]/

https://nextjs.org/docs/messages/module-not-found @ http://localhost:4200/_next/static/chunks/0aus_next_dist_00tg.dm._.js:1945
[    1317ms] [ERROR] ./app/cosma/page.tsx:3:1
Module not found: Can't resolve '@/components/cosma/playground'
  1 | import type { Metadata } from "next";
  2 | import { Navigation } from "@/components/navigation";
> 3 | import { CosmaPlayground } from "@/components/cosma/playground";
    | ^^^^^^^^^^^^^^^^^^^^^^^^^^^^^^^^^^^^^^^^^^^^^^^^^^^^^^^^^^^^^^^^
  4 | import { SiteFooter } from "@/components/site-footer";
  5 | import { CoffeeSupportCard } from "@/components/coffee-support-card";
  6 |

Import map: aliased to relative './components/cosma/playground' inside of [project]/

https://nextjs.org/docs/messages/module-not-found @ http://localhost:4200/_next/static/chunks/0aus_next_dist_00tg.dm._.js:1945
[    1380ms] [ERROR] ./app/cosma/page.tsx:3:1
Module not found: Can't resolve '@/components/cosma/playground'
  1 | import type { Metadata } from "next";
  2 | import { Navigation } from "@/components/navigation";
> 3 | import { CosmaPlayground } from "@/components/cosma/playground";
    | ^^^^^^^^^^^^^^^^^^^^^^^^^^^^^^^^^^^^^^^^^^^^^^^^^^^^^^^^^^^^^^^^
  4 | import { SiteFooter } from "@/components/site-footer";
  5 | import { CoffeeSupportCard } from "@/components/coffee-support-card";
  6 |

Import map: aliased to relative './components/cosma/playground' inside of [project]/

https://nextjs.org/docs/messages/module-not-found @ http://localhost:4200/_next/static/chunks/0aus_next_dist_00tg.dm._.js:1945
[    1442ms] [ERROR] ./app/cosma/page.tsx:3:1
Module not found: Can't resolve '@/components/cosma/playground'
  1 | import type { Metadata } from "next";
  2 | import { Navigation } from "@/components/navigation";
> 3 | import { CosmaPlayground } from "@/components/cosma/playground";
    | ^^^^^^^^^^^^^^^^^^^^^^^^^^^^^^^^^^^^^^^^^^^^^^^^^^^^^^^^^^^^^^^^
  4 | import { SiteFooter } from "@/components/site-footer";
  5 | import { CoffeeSupportCard } from "@/components/coffee-support-card";
  6 |

Import map: aliased to relative './components/cosma/playground' inside of [project]/

https://nextjs.org/docs/messages/module-not-found @ http://localhost:4200/_next/static/chunks/0aus_next_dist_00tg.dm._.js:1945
[    1505ms] [LOG] [Fast Refresh] rebuilding @ http://localhost:4200/_next/static/chunks/0aus_next_dist_00tg.dm._.js:1226
[    1632ms] [ERROR] ./app/cosma/page.tsx:3:1
Module not found: Can't resolve '@/components/cosma/playground'
  1 | import type { Metadata } from "next";
  2 | import { Navigation } from "@/components/navigation";
> 3 | import { CosmaPlayground } from "@/components/cosma/playground";
    | ^^^^^^^^^^^^^^^^^^^^^^^^^^^^^^^^^^^^^^^^^^^^^^^^^^^^^^^^^^^^^^^^
  4 | import { SiteFooter } from "@/components/site-footer";
  5 | import { CoffeeSupportCard } from "@/components/coffee-support-card";
  6 |

Import map: aliased to relative './components/cosma/playground' inside of [project]/

https://nextjs.org/docs/messages/module-not-found @ http://localhost:4200/_next/static/chunks/0aus_next_dist_00tg.dm._.js:1945
[    1696ms] [ERROR] ./app/cosma/page.tsx:3:1
Module not found: Can't resolve '@/components/cosma/playground'
  1 | import type { Metadata } from "next";
  2 | import { Navigation } from "@/components/navigation";
> 3 | import { CosmaPlayground } from "@/components/cosma/playground";
    | ^^^^^^^^^^^^^^^^^^^^^^^^^^^^^^^^^^^^^^^^^^^^^^^^^^^^^^^^^^^^^^^^
  4 | import { SiteFooter } from "@/components/site-footer";
  5 | import { CoffeeSupportCard } from "@/components/coffee-support-card";
  6 |

Import map: aliased to relative './components/cosma/playground' inside of [project]/

https://nextjs.org/docs/messages/module-not-found @ http://localhost:4200/_next/static/chunks/0aus_next_dist_00tg.dm._.js:1945
[    1758ms] [ERROR] ./app/cosma/page.tsx:3:1
Module not found: Can't resolve '@/components/cosma/playground'
  1 | import type { Metadata } from "next";
  2 | import { Navigation } from "@/components/navigation";
> 3 | import { CosmaPlayground } from "@/components/cosma/playground";
    | ^^^^^^^^^^^^^^^^^^^^^^^^^^^^^^^^^^^^^^^^^^^^^^^^^^^^^^^^^^^^^^^^
  4 | import { SiteFooter } from "@/components/site-footer";
  5 | import { CoffeeSupportCard } from "@/components/coffee-support-card";
  6 |

Import map: aliased to relative './components/cosma/playground' inside of [project]/

https://nextjs.org/docs/messages/module-not-found @ http://localhost:4200/_next/static/chunks/0aus_next_dist_00tg.dm._.js:1945
[    1820ms] [ERROR] ./app/cosma/page.tsx:3:1
Module not found: Can't resolve '@/components/cosma/playground'
  1 | import type { Metadata } from "next";
  2 | import { Navigation } from "@/components/navigation";
> 3 | import { CosmaPlayground } from "@/components/cosma/playground";
    | ^^^^^^^^^^^^^^^^^^^^^^^^^^^^^^^^^^^^^^^^^^^^^^^^^^^^^^^^^^^^^^^^
  4 | import { SiteFooter } from "@/components/site-footer";
  5 | import { CoffeeSupportCard } from "@/components/coffee-support-card";
  6 |

Import map: aliased to relative './components/cosma/playground' inside of [project]/

https://nextjs.org/docs/messages/module-not-found @ http://localhost:4200/_next/static/chunks/0aus_next_dist_00tg.dm._.js:1945
[    1883ms] [ERROR] ./app/cosma/page.tsx:3:1
Module not found: Can't resolve '@/components/cosma/playground'
  1 | import type { Metadata } from "next";
  2 | import { Navigation } from "@/components/navigation";
> 3 | import { CosmaPlayground } from "@/components/cosma/playground";
    | ^^^^^^^^^^^^^^^^^^^^^^^^^^^^^^^^^^^^^^^^^^^^^^^^^^^^^^^^^^^^^^^^
  4 | import { SiteFooter } from "@/components/site-footer";
  5 | import { CoffeeSupportCard } from "@/components/coffee-support-card";
  6 |

Import map: aliased to relative './components/cosma/playground' inside of [project]/

https://nextjs.org/docs/messages/module-not-found @ http://localhost:4200/_next/static/chunks/0aus_next_dist_00tg.dm._.js:1945
[    1946ms] [ERROR] ./app/cosma/page.tsx:3:1
Module not found: Can't resolve '@/components/cosma/playground'
  1 | import type { Metadata } from "next";
  2 | import { Navigation } from "@/components/navigation";
> 3 | import { CosmaPlayground } from "@/components/cosma/playground";
    | ^^^^^^^^^^^^^^^^^^^^^^^^^^^^^^^^^^^^^^^^^^^^^^^^^^^^^^^^^^^^^^^^
  4 | import { SiteFooter } from "@/components/site-footer";
  5 | import { CoffeeSupportCard } from "@/components/coffee-support-card";
  6 |

Import map: aliased to relative './components/cosma/playground' inside of [project]/

https://nextjs.org/docs/messages/module-not-found @ http://localhost:4200/_next/static/chunks/0aus_next_dist_00tg.dm._.js:1945
[    2009ms] [ERROR] ./app/cosma/page.tsx:3:1
Module not found: Can't resolve '@/components/cosma/playground'
  1 | import type { Metadata } from "next";
  2 | import { Navigation } from "@/components/navigation";
> 3 | import { CosmaPlayground } from "@/components/cosma/playground";
    | ^^^^^^^^^^^^^^^^^^^^^^^^^^^^^^^^^^^^^^^^^^^^^^^^^^^^^^^^^^^^^^^^
  4 | import { SiteFooter } from "@/components/site-footer";
  5 | import { CoffeeSupportCard } from "@/components/coffee-support-card";
  6 |

Import map: aliased to relative './components/cosma/playground' inside of [project]/

https://nextjs.org/docs/messages/module-not-found @ http://localhost:4200/_next/static/chunks/0aus_next_dist_00tg.dm._.js:1945
[    2072ms] [ERROR] ./app/cosma/page.tsx:3:1
Module not found: Can't resolve '@/components/cosma/playground'
  1 | import type { Metadata } from "next";
  2 | import { Navigation } from "@/components/navigation";
> 3 | import { CosmaPlayground } from "@/components/cosma/playground";
    | ^^^^^^^^^^^^^^^^^^^^^^^^^^^^^^^^^^^^^^^^^^^^^^^^^^^^^^^^^^^^^^^^
  4 | import { SiteFooter } from "@/components/site-footer";
  5 | import { CoffeeSupportCard } from "@/components/coffee-support-card";
  6 |

Import map: aliased to relative './components/cosma/playground' inside of [project]/

https://nextjs.org/docs/messages/module-not-found @ http://localhost:4200/_next/static/chunks/0aus_next_dist_00tg.dm._.js:1945
[    2135ms] [ERROR] ./app/cosma/page.tsx:3:1
Module not found: Can't resolve '@/components/cosma/playground'
  1 | import type { Metadata } from "next";
  2 | import { Navigation } from "@/components/navigation";
> 3 | import { CosmaPlayground } from "@/components/cosma/playground";
    | ^^^^^^^^^^^^^^^^^^^^^^^^^^^^^^^^^^^^^^^^^^^^^^^^^^^^^^^^^^^^^^^^
  4 | import { SiteFooter } from "@/components/site-footer";
  5 | import { CoffeeSupportCard } from "@/components/coffee-support-card";
  6 |

Import map: aliased to relative './components/cosma/playground' inside of [project]/

https://nextjs.org/docs/messages/module-not-found @ http://localhost:4200/_next/static/chunks/0aus_next_dist_00tg.dm._.js:1945
[    2199ms] [ERROR] ./app/cosma/page.tsx:3:1
Module not found: Can't resolve '@/components/cosma/playground'
  1 | import type { Metadata } from "next";
  2 | import { Navigation } from "@/components/navigation";
> 3 | import { CosmaPlayground } from "@/components/cosma/playground";
    | ^^^^^^^^^^^^^^^^^^^^^^^^^^^^^^^^^^^^^^^^^^^^^^^^^^^^^^^^^^^^^^^^
  4 | import { SiteFooter } from "@/components/site-footer";
  5 | import { CoffeeSupportCard } from "@/components/coffee-support-card";
  6 |

Import map: aliased to relative './components/cosma/playground' inside of [project]/

https://nextjs.org/docs/messages/module-not-found @ http://localhost:4200/_next/static/chunks/0aus_next_dist_00tg.dm._.js:1945
[    2262ms] [ERROR] ./app/cosma/page.tsx:3:1
Module not found: Can't resolve '@/components/cosma/playground'
  1 | import type { Metadata } from "next";
  2 | import { Navigation } from "@/components/navigation";
> 3 | import { CosmaPlayground } from "@/components/cosma/playground";
    | ^^^^^^^^^^^^^^^^^^^^^^^^^^^^^^^^^^^^^^^^^^^^^^^^^^^^^^^^^^^^^^^^
  4 | import { SiteFooter } from "@/components/site-footer";
  5 | import { CoffeeSupportCard } from "@/components/coffee-support-card";
  6 |

Import map: aliased to relative './components/cosma/playground' inside of [project]/

https://nextjs.org/docs/messages/module-not-found @ http://localhost:4200/_next/static/chunks/0aus_next_dist_00tg.dm._.js:1945
[    2326ms] [ERROR] ./app/cosma/page.tsx:3:1
Module not found: Can't resolve '@/components/cosma/playground'
  1 | import type { Metadata } from "next";
  2 | import { Navigation } from "@/components/navigation";
> 3 | import { CosmaPlayground } from "@/components/cosma/playground";
    | ^^^^^^^^^^^^^^^^^^^^^^^^^^^^^^^^^^^^^^^^^^^^^^^^^^^^^^^^^^^^^^^^
  4 | import { SiteFooter } from "@/components/site-footer";
  5 | import { CoffeeSupportCard } from "@/components/coffee-support-card";
  6 |

Import map: aliased to relative './components/cosma/playground' inside of [project]/

https://nextjs.org/docs/messages/module-not-found @ http://localhost:4200/_next/static/chunks/0aus_next_dist_00tg.dm._.js:1945
[    2390ms] [ERROR] ./app/cosma/page.tsx:3:1
Module not found: Can't resolve '@/components/cosma/playground'
  1 | import type { Metadata } from "next";
  2 | import { Navigation } from "@/components/navigation";
> 3 | import { CosmaPlayground } from "@/components/cosma/playground";
    | ^^^^^^^^^^^^^^^^^^^^^^^^^^^^^^^^^^^^^^^^^^^^^^^^^^^^^^^^^^^^^^^^
  4 | import { SiteFooter } from "@/components/site-footer";
  5 | import { CoffeeSupportCard } from "@/components/coffee-support-card";
  6 |

Import map: aliased to relative './components/cosma/playground' inside of [project]/

https://nextjs.org/docs/messages/module-not-found @ http://localhost:4200/_next/static/chunks/0aus_next_dist_00tg.dm._.js:1945
[    2456ms] [ERROR] ./app/cosma/page.tsx:3:1
Module not found: Can't resolve '@/components/cosma/playground'
  1 | import type { Metadata } from "next";
  2 | import { Navigation } from "@/components/navigation";
> 3 | import { CosmaPlayground } from "@/components/cosma/playground";
    | ^^^^^^^^^^^^^^^^^^^^^^^^^^^^^^^^^^^^^^^^^^^^^^^^^^^^^^^^^^^^^^^^
  4 | import { SiteFooter } from "@/components/site-footer";
  5 | import { CoffeeSupportCard } from "@/components/coffee-support-card";
  6 |

Import map: aliased to relative './components/cosma/playground' inside of [project]/

https://nextjs.org/docs/messages/module-not-found @ http://localhost:4200/_next/static/chunks/0aus_next_dist_00tg.dm._.js:1945
[    2519ms] [ERROR] ./app/cosma/page.tsx:3:1
Module not found: Can't resolve '@/components/cosma/playground'
  1 | import type { Metadata } from "next";
  2 | import { Navigation } from "@/components/navigation";
> 3 | import { CosmaPlayground } from "@/components/cosma/playground";
    | ^^^^^^^^^^^^^^^^^^^^^^^^^^^^^^^^^^^^^^^^^^^^^^^^^^^^^^^^^^^^^^^^
  4 | import { SiteFooter } from "@/components/site-footer";
  5 | import { CoffeeSupportCard } from "@/components/coffee-support-card";
  6 |

Import map: aliased to relative './components/cosma/playground' inside of [project]/

https://nextjs.org/docs/messages/module-not-found @ http://localhost:4200/_next/static/chunks/0aus_next_dist_00tg.dm._.js:1945
[    2592ms] [ERROR] ./app/cosma/page.tsx:3:1
Module not found: Can't resolve '@/components/cosma/playground'
  1 | import type { Metadata } from "next";
  2 | import { Navigation } from "@/components/navigation";
> 3 | import { CosmaPlayground } from "@/components/cosma/playground";
    | ^^^^^^^^^^^^^^^^^^^^^^^^^^^^^^^^^^^^^^^^^^^^^^^^^^^^^^^^^^^^^^^^
  4 | import { SiteFooter } from "@/components/site-footer";
  5 | import { CoffeeSupportCard } from "@/components/coffee-support-card";
  6 |

Import map: aliased to relative './components/cosma/playground' inside of [project]/

https://nextjs.org/docs/messages/module-not-found @ http://localhost:4200/_next/static/chunks/0aus_next_dist_00tg.dm._.js:1945
[    2656ms] [ERROR] ./app/cosma/page.tsx:3:1
Module not found: Can't resolve '@/components/cosma/playground'
  1 | import type { Metadata } from "next";
  2 | import { Navigation } from "@/components/navigation";
> 3 | import { CosmaPlayground } from "@/components/cosma/playground";
    | ^^^^^^^^^^^^^^^^^^^^^^^^^^^^^^^^^^^^^^^^^^^^^^^^^^^^^^^^^^^^^^^^
  4 | import { SiteFooter } from "@/components/site-footer";
  5 | import { CoffeeSupportCard } from "@/components/coffee-support-card";
  6 |

Import map: aliased to relative './components/cosma/playground' inside of [project]/

https://nextjs.org/docs/messages/module-not-found @ http://localhost:4200/_next/static/chunks/0aus_next_dist_00tg.dm._.js:1945
[    2718ms] [ERROR] ./app/cosma/page.tsx:3:1
Module not found: Can't resolve '@/components/cosma/playground'
  1 | import type { Metadata } from "next";
  2 | import { Navigation } from "@/components/navigation";
> 3 | import { CosmaPlayground } from "@/components/cosma/playground";
    | ^^^^^^^^^^^^^^^^^^^^^^^^^^^^^^^^^^^^^^^^^^^^^^^^^^^^^^^^^^^^^^^^
  4 | import { SiteFooter } from "@/components/site-footer";
  5 | import { CoffeeSupportCard } from "@/components/coffee-support-card";
  6 |

Import map: aliased to relative './components/cosma/playground' inside of [project]/

https://nextjs.org/docs/messages/module-not-found @ http://localhost:4200/_next/static/chunks/0aus_next_dist_00tg.dm._.js:1945
[    2780ms] [ERROR] ./app/cosma/page.tsx:3:1
Module not found: Can't resolve '@/components/cosma/playground'
  1 | import type { Metadata } from "next";
  2 | import { Navigation } from "@/components/navigation";
> 3 | import { CosmaPlayground } from "@/components/cosma/playground";
    | ^^^^^^^^^^^^^^^^^^^^^^^^^^^^^^^^^^^^^^^^^^^^^^^^^^^^^^^^^^^^^^^^
  4 | import { SiteFooter } from "@/components/site-footer";
  5 | import { CoffeeSupportCard } from "@/components/coffee-support-card";
  6 |

Import map: aliased to relative './components/cosma/playground' inside of [project]/

https://nextjs.org/docs/messages/module-not-found @ http://localhost:4200/_next/static/chunks/0aus_next_dist_00tg.dm._.js:1945
[    2843ms] [ERROR] ./app/cosma/page.tsx:3:1
Module not found: Can't resolve '@/components/cosma/playground'
  1 | import type { Metadata } from "next";
  2 | import { Navigation } from "@/components/navigation";
> 3 | import { CosmaPlayground } from "@/components/cosma/playground";
    | ^^^^^^^^^^^^^^^^^^^^^^^^^^^^^^^^^^^^^^^^^^^^^^^^^^^^^^^^^^^^^^^^
  4 | import { SiteFooter } from "@/components/site-footer";
  5 | import { CoffeeSupportCard } from "@/components/coffee-support-card";
  6 |

Import map: aliased to relative './components/cosma/playground' inside of [project]/

https://nextjs.org/docs/messages/module-not-found @ http://localhost:4200/_next/static/chunks/0aus_next_dist_00tg.dm._.js:1945
[    2905ms] [ERROR] ./app/cosma/page.tsx:3:1
Module not found: Can't resolve '@/components/cosma/playground'
  1 | import type { Metadata } from "next";
  2 | import { Navigation } from "@/components/navigation";
> 3 | import { CosmaPlayground } from "@/components/cosma/playground";
    | ^^^^^^^^^^^^^^^^^^^^^^^^^^^^^^^^^^^^^^^^^^^^^^^^^^^^^^^^^^^^^^^^
  4 | import { SiteFooter } from "@/components/site-footer";
  5 | import { CoffeeSupportCard } from "@/components/coffee-support-card";
  6 |

Import map: aliased to relative './components/cosma/playground' inside of [project]/

https://nextjs.org/docs/messages/module-not-found @ http://localhost:4200/_next/static/chunks/0aus_next_dist_00tg.dm._.js:1945
[    2972ms] [ERROR] ./app/cosma/page.tsx:3:1
Module not found: Can't resolve '@/components/cosma/playground'
  1 | import type { Metadata } from "next";
  2 | import { Navigation } from "@/components/navigation";
> 3 | import { CosmaPlayground } from "@/components/cosma/playground";
    | ^^^^^^^^^^^^^^^^^^^^^^^^^^^^^^^^^^^^^^^^^^^^^^^^^^^^^^^^^^^^^^^^
  4 | import { SiteFooter } from "@/components/site-footer";
  5 | import { CoffeeSupportCard } from "@/components/coffee-support-card";
  6 |

Import map: aliased to relative './components/cosma/playground' inside of [project]/

https://nextjs.org/docs/messages/module-not-found @ http://localhost:4200/_next/static/chunks/0aus_next_dist_00tg.dm._.js:1945
[    3032ms] [LOG] [Fast Refresh] rebuilding @ http://localhost:4200/_next/static/chunks/0aus_next_dist_00tg.dm._.js:1226
[    3111ms] [ERROR] ./app/cosma/page.tsx:3:1
Module not found: Can't resolve '@/components/cosma/playground'
  1 | import type { Metadata } from "next";
  2 | import { Navigation } from "@/components/navigation";
> 3 | import { CosmaPlayground } from "@/components/cosma/playground";
    | ^^^^^^^^^^^^^^^^^^^^^^^^^^^^^^^^^^^^^^^^^^^^^^^^^^^^^^^^^^^^^^^^
  4 | import { SiteFooter } from "@/components/site-footer";
  5 | import { CoffeeSupportCard } from "@/components/coffee-support-card";
  6 |

Import map: aliased to relative './components/cosma/playground' inside of [project]/

https://nextjs.org/docs/messages/module-not-found @ http://localhost:4200/_next/static/chunks/0aus_next_dist_00tg.dm._.js:1945
[    3172ms] [ERROR] ./app/cosma/page.tsx:3:1
Module not found: Can't resolve '@/components/cosma/playground'
  1 | import type { Metadata } from "next";
  2 | import { Navigation } from "@/components/navigation";
> 3 | import { CosmaPlayground } from "@/components/cosma/playground";
    | ^^^^^^^^^^^^^^^^^^^^^^^^^^^^^^^^^^^^^^^^^^^^^^^^^^^^^^^^^^^^^^^^
  4 | import { SiteFooter } from "@/components/site-footer";
  5 | import { CoffeeSupportCard } from "@/components/coffee-support-card";
  6 |

Import map: aliased to relative './components/cosma/playground' inside of [project]/

https://nextjs.org/docs/messages/module-not-found @ http://localhost:4200/_next/static/chunks/0aus_next_dist_00tg.dm._.js:1945
[    3234ms] [ERROR] ./app/cosma/page.tsx:3:1
Module not found: Can't resolve '@/components/cosma/playground'
  1 | import type { Metadata } from "next";
  2 | import { Navigation } from "@/components/navigation";
> 3 | import { CosmaPlayground } from "@/components/cosma/playground";
    | ^^^^^^^^^^^^^^^^^^^^^^^^^^^^^^^^^^^^^^^^^^^^^^^^^^^^^^^^^^^^^^^^
  4 | import { SiteFooter } from "@/components/site-footer";
  5 | import { CoffeeSupportCard } from "@/components/coffee-support-card";
  6 |

Import map: aliased to relative './components/cosma/playground' inside of [project]/

https://nextjs.org/docs/messages/module-not-found @ http://localhost:4200/_next/static/chunks/0aus_next_dist_00tg.dm._.js:1945
[    3296ms] [ERROR] ./app/cosma/page.tsx:3:1
Module not found: Can't resolve '@/components/cosma/playground'
  1 | import type { Metadata } from "next";
  2 | import { Navigation } from "@/components/navigation";
> 3 | import { CosmaPlayground } from "@/components/cosma/playground";
    | ^^^^^^^^^^^^^^^^^^^^^^^^^^^^^^^^^^^^^^^^^^^^^^^^^^^^^^^^^^^^^^^^
  4 | import { SiteFooter } from "@/components/site-footer";
  5 | import { CoffeeSupportCard } from "@/components/coffee-support-card";
  6 |

Import map: aliased to relative './components/cosma/playground' inside of [project]/

https://nextjs.org/docs/messages/module-not-found @ http://localhost:4200/_next/static/chunks/0aus_next_dist_00tg.dm._.js:1945
[    3359ms] [ERROR] ./app/cosma/page.tsx:3:1
Module not found: Can't resolve '@/components/cosma/playground'
  1 | import type { Metadata } from "next";
  2 | import { Navigation } from "@/components/navigation";
> 3 | import { CosmaPlayground } from "@/components/cosma/playground";
    | ^^^^^^^^^^^^^^^^^^^^^^^^^^^^^^^^^^^^^^^^^^^^^^^^^^^^^^^^^^^^^^^^
  4 | import { SiteFooter } from "@/components/site-footer";
  5 | import { CoffeeSupportCard } from "@/components/coffee-support-card";
  6 |

Import map: aliased to relative './components/cosma/playground' inside of [project]/

https://nextjs.org/docs/messages/module-not-found @ http://localhost:4200/_next/static/chunks/0aus_next_dist_00tg.dm._.js:1945
[    3422ms] [ERROR] ./app/cosma/page.tsx:3:1
Module not found: Can't resolve '@/components/cosma/playground'
  1 | import type { Metadata } from "next";
  2 | import { Navigation } from "@/components/navigation";
> 3 | import { CosmaPlayground } from "@/components/cosma/playground";
    | ^^^^^^^^^^^^^^^^^^^^^^^^^^^^^^^^^^^^^^^^^^^^^^^^^^^^^^^^^^^^^^^^
  4 | import { SiteFooter } from "@/components/site-footer";
  5 | import { CoffeeSupportCard } from "@/components/coffee-support-card";
  6 |

Import map: aliased to relative './components/cosma/playground' inside of [project]/

https://nextjs.org/docs/messages/module-not-found @ http://localhost:4200/_next/static/chunks/0aus_next_dist_00tg.dm._.js:1945
[    3485ms] [ERROR] ./app/cosma/page.tsx:3:1
Module not found: Can't resolve '@/components/cosma/playground'
  1 | import type { Metadata } from "next";
  2 | import { Navigation } from "@/components/navigation";
> 3 | import { CosmaPlayground } from "@/components/cosma/playground";
    | ^^^^^^^^^^^^^^^^^^^^^^^^^^^^^^^^^^^^^^^^^^^^^^^^^^^^^^^^^^^^^^^^
  4 | import { SiteFooter } from "@/components/site-footer";
  5 | import { CoffeeSupportCard } from "@/components/coffee-support-card";
  6 |

Import map: aliased to relative './components/cosma/playground' inside of [project]/

https://nextjs.org/docs/messages/module-not-found @ http://localhost:4200/_next/static/chunks/0aus_next_dist_00tg.dm._.js:1945
[    3551ms] [ERROR] ./app/cosma/page.tsx:3:1
Module not found: Can't resolve '@/components/cosma/playground'
  1 | import type { Metadata } from "next";
  2 | import { Navigation } from "@/components/navigation";
> 3 | import { CosmaPlayground } from "@/components/cosma/playground";
    | ^^^^^^^^^^^^^^^^^^^^^^^^^^^^^^^^^^^^^^^^^^^^^^^^^^^^^^^^^^^^^^^^
  4 | import { SiteFooter } from "@/components/site-footer";
  5 | import { CoffeeSupportCard } from "@/components/coffee-support-card";
  6 |

Import map: aliased to relative './components/cosma/playground' inside of [project]/

https://nextjs.org/docs/messages/module-not-found @ http://localhost:4200/_next/static/chunks/0aus_next_dist_00tg.dm._.js:1945
[    3613ms] [ERROR] ./app/cosma/page.tsx:3:1
Module not found: Can't resolve '@/components/cosma/playground'
  1 | import type { Metadata } from "next";
  2 | import { Navigation } from "@/components/navigation";
> 3 | import { CosmaPlayground } from "@/components/cosma/playground";
    | ^^^^^^^^^^^^^^^^^^^^^^^^^^^^^^^^^^^^^^^^^^^^^^^^^^^^^^^^^^^^^^^^
  4 | import { SiteFooter } from "@/components/site-footer";
  5 | import { CoffeeSupportCard } from "@/components/coffee-support-card";
  6 |

Import map: aliased to relative './components/cosma/playground' inside of [project]/

https://nextjs.org/docs/messages/module-not-found @ http://localhost:4200/_next/static/chunks/0aus_next_dist_00tg.dm._.js:1945
[    3675ms] [ERROR] ./app/cosma/page.tsx:3:1
Module not found: Can't resolve '@/components/cosma/playground'
  1 | import type { Metadata } from "next";
  2 | import { Navigation } from "@/components/navigation";
> 3 | import { CosmaPlayground } from "@/components/cosma/playground";
    | ^^^^^^^^^^^^^^^^^^^^^^^^^^^^^^^^^^^^^^^^^^^^^^^^^^^^^^^^^^^^^^^^
  4 | import { SiteFooter } from "@/components/site-footer";
  5 | import { CoffeeSupportCard } from "@/components/coffee-support-card";
  6 |

Import map: aliased to relative './components/cosma/playground' inside of [project]/

https://nextjs.org/docs/messages/module-not-found @ http://localhost:4200/_next/static/chunks/0aus_next_dist_00tg.dm._.js:1945
[    3738ms] [ERROR] ./app/cosma/page.tsx:3:1
Module not found: Can't resolve '@/components/cosma/playground'
  1 | import type { Metadata } from "next";
  2 | import { Navigation } from "@/components/navigation";
> 3 | import { CosmaPlayground } from "@/components/cosma/playground";
    | ^^^^^^^^^^^^^^^^^^^^^^^^^^^^^^^^^^^^^^^^^^^^^^^^^^^^^^^^^^^^^^^^
  4 | import { SiteFooter } from "@/components/site-footer";
  5 | import { CoffeeSupportCard } from "@/components/coffee-support-card";
  6 |

Import map: aliased to relative './components/cosma/playground' inside of [project]/

https://nextjs.org/docs/messages/module-not-found @ http://localhost:4200/_next/static/chunks/0aus_next_dist_00tg.dm._.js:1945
[    3801ms] [ERROR] ./app/cosma/page.tsx:3:1
Module not found: Can't resolve '@/components/cosma/playground'
  1 | import type { Metadata } from "next";
  2 | import { Navigation } from "@/components/navigation";
> 3 | import { CosmaPlayground } from "@/components/cosma/playground";
    | ^^^^^^^^^^^^^^^^^^^^^^^^^^^^^^^^^^^^^^^^^^^^^^^^^^^^^^^^^^^^^^^^
  4 | import { SiteFooter } from "@/components/site-footer";
  5 | import { CoffeeSupportCard } from "@/components/coffee-support-card";
  6 |

Import map: aliased to relative './components/cosma/playground' inside of [project]/

https://nextjs.org/docs/messages/module-not-found @ http://localhost:4200/_next/static/chunks/0aus_next_dist_00tg.dm._.js:1945
[    3865ms] [ERROR] ./app/cosma/page.tsx:3:1
Module not found: Can't resolve '@/components/cosma/playground'
  1 | import type { Metadata } from "next";
  2 | import { Navigation } from "@/components/navigation";
> 3 | import { CosmaPlayground } from "@/components/cosma/playground";
    | ^^^^^^^^^^^^^^^^^^^^^^^^^^^^^^^^^^^^^^^^^^^^^^^^^^^^^^^^^^^^^^^^
  4 | import { SiteFooter } from "@/components/site-footer";
  5 | import { CoffeeSupportCard } from "@/components/coffee-support-card";
  6 |

Import map: aliased to relative './components/cosma/playground' inside of [project]/

https://nextjs.org/docs/messages/module-not-found @ http://localhost:4200/_next/static/chunks/0aus_next_dist_00tg.dm._.js:1945
[    3928ms] [ERROR] ./app/cosma/page.tsx:3:1
Module not found: Can't resolve '@/components/cosma/playground'
  1 | import type { Metadata } from "next";
  2 | import { Navigation } from "@/components/navigation";
> 3 | import { CosmaPlayground } from "@/components/cosma/playground";
    | ^^^^^^^^^^^^^^^^^^^^^^^^^^^^^^^^^^^^^^^^^^^^^^^^^^^^^^^^^^^^^^^^
  4 | import { SiteFooter } from "@/components/site-footer";
  5 | import { CoffeeSupportCard } from "@/components/coffee-support-card";
  6 |

Import map: aliased to relative './components/cosma/playground' inside of [project]/

https://nextjs.org/docs/messages/module-not-found @ http://localhost:4200/_next/static/chunks/0aus_next_dist_00tg.dm._.js:1945
[    3991ms] [ERROR] ./app/cosma/page.tsx:3:1
Module not found: Can't resolve '@/components/cosma/playground'
  1 | import type { Metadata } from "next";
  2 | import { Navigation } from "@/components/navigation";
> 3 | import { CosmaPlayground } from "@/components/cosma/playground";
    | ^^^^^^^^^^^^^^^^^^^^^^^^^^^^^^^^^^^^^^^^^^^^^^^^^^^^^^^^^^^^^^^^
  4 | import { SiteFooter } from "@/components/site-footer";
  5 | import { CoffeeSupportCard } from "@/components/coffee-support-card";
  6 |

Import map: aliased to relative './components/cosma/playground' inside of [project]/

https://nextjs.org/docs/messages/module-not-found @ http://localhost:4200/_next/static/chunks/0aus_next_dist_00tg.dm._.js:1945
[    4055ms] [ERROR] ./app/cosma/page.tsx:3:1
Module not found: Can't resolve '@/components/cosma/playground'
  1 | import type { Metadata } from "next";
  2 | import { Navigation } from "@/components/navigation";
> 3 | import { CosmaPlayground } from "@/components/cosma/playground";
    | ^^^^^^^^^^^^^^^^^^^^^^^^^^^^^^^^^^^^^^^^^^^^^^^^^^^^^^^^^^^^^^^^
  4 | import { SiteFooter } from "@/components/site-footer";
  5 | import { CoffeeSupportCard } from "@/components/coffee-support-card";
  6 |

Import map: aliased to relative './components/cosma/playground' inside of [project]/

https://nextjs.org/docs/messages/module-not-found @ http://localhost:4200/_next/static/chunks/0aus_next_dist_00tg.dm._.js:1945
[    4120ms] [ERROR] ./app/cosma/page.tsx:3:1
Module not found: Can't resolve '@/components/cosma/playground'
  1 | import type { Metadata } from "next";
  2 | import { Navigation } from "@/components/navigation";
> 3 | import { CosmaPlayground } from "@/components/cosma/playground";
    | ^^^^^^^^^^^^^^^^^^^^^^^^^^^^^^^^^^^^^^^^^^^^^^^^^^^^^^^^^^^^^^^^
  4 | import { SiteFooter } from "@/components/site-footer";
  5 | import { CoffeeSupportCard } from "@/components/coffee-support-card";
  6 |

Import map: aliased to relative './components/cosma/playground' inside of [project]/

https://nextjs.org/docs/messages/module-not-found @ http://localhost:4200/_next/static/chunks/0aus_next_dist_00tg.dm._.js:1945
[    4222ms] [LOG] [Fast Refresh] rebuilding @ http://localhost:4200/_next/static/chunks/0aus_next_dist_00tg.dm._.js:1226
[    4383ms] [ERROR] ./app/cosma/page.tsx:3:1
Module not found: Can't resolve '@/components/cosma/playground'
  1 | import type { Metadata } from "next";
  2 | import { Navigation } from "@/components/navigation";
> 3 | import { CosmaPlayground } from "@/components/cosma/playground";
    | ^^^^^^^^^^^^^^^^^^^^^^^^^^^^^^^^^^^^^^^^^^^^^^^^^^^^^^^^^^^^^^^^
  4 | import { SiteFooter } from "@/components/site-footer";
  5 | import { CoffeeSupportCard } from "@/components/coffee-support-card";
  6 |

Import map: aliased to relative './components/cosma/playground' inside of [project]/

https://nextjs.org/docs/messages/module-not-found @ http://localhost:4200/_next/static/chunks/0aus_next_dist_00tg.dm._.js:1945
[    4617ms] [ERROR] Failed to load resource: the server responded with a status of 500 (Internal Server Error) @ http://localhost:4200/cosma:0
[    4649ms] [INFO] %cDownload the React DevTools for a better development experience: https://react.dev/link/react-devtools font-weight:bold @ http://localhost:4200/_next/static/chunks/0e-u_react-dom_0037m-m._.js:15305
[    4653ms] Error: ./app/cosma/page.tsx:3:1
Module not found: Can't resolve '@/components/cosma/playground'
  1 | import type { Metadata } from "next";
  2 | import { Navigation } from "@/components/navigation";
> 3 | import { CosmaPlayground } from "@/components/cosma/playground";
    | ^^^^^^^^^^^^^^^^^^^^^^^^^^^^^^^^^^^^^^^^^^^^^^^^^^^^^^^^^^^^^^^^
  4 | import { SiteFooter } from "@/components/site-footer";
  5 | import { CoffeeSupportCard } from "@/components/coffee-support-card";
  6 |

Import map: aliased to relative './components/cosma/playground' inside of [project]/


https://nextjs.org/docs/messages/module-not-found


    at <unknown> (Error: ./app/cosma/page.tsx:3:1)
    at <unknown> (https://nextjs.org/docs/messages/module-not-found)
    at Object.getCompilationErrors (file:///Users/godwinjanarthan/Documents/Projects/d2studio-ui/node_modules/.pnpm/next@16.2.4_@babel+core@7.28.4_react-dom@19.2.5_react@19.2.5__react@19.2.5/node_modules/next/dist/server/dev/hot-reloader-turbopack.js:1186:59)
    at DevBundlerService.getCompilationError (file:///Users/godwinjanarthan/Documents/Projects/d2studio-ui/node_modules/.pnpm/next@16.2.4_@babel+core@7.28.4_react-dom@19.2.5_react@19.2.5__react@19.2.5/node_modules/next/dist/server/lib/dev-bundler-service.js:44:55)
    at DevServer.getCompilationError (file:///Users/godwinjanarthan/Documents/Projects/d2studio-ui/node_modules/.pnpm/next@16.2.4_@babel+core@7.28.4_react-dom@19.2.5_react@19.2.5__react@19.2.5/node_modules/next/dist/server/dev/next-dev-server.js:719:42)
    at DevServer.findPageComponents (file:///Users/godwinjanarthan/Documents/Projects/d2studio-ui/node_modules/.pnpm/next@16.2.4_@babel+core@7.28.4_react-dom@19.2.5_react@19.2.5__react@19.2.5/node_modules/next/dist/server/dev/next-dev-server.js:689:43)
    at async DevServer.renderErrorToResponseImpl (file:///Users/godwinjanarthan/Documents/Projects/d2studio-ui/node_modules/.pnpm/next@16.2.4_@babel+core@7.28.4_react-dom@19.2.5_react@19.2.5__react@19.2.5/node_modules/next/dist/server/base-server.js:1745:26)
[    4678ms] [LOG] [HMR] connected @ http://localhost:4200/_next/static/chunks/0aus_next_dist_00tg.dm._.js:1226
[    4695ms] [ERROR] ./app/cosma/page.tsx:3:1
Module not found: Can't resolve '@/components/cosma/playground'
  1 | import type { Metadata } from "next";
  2 | import { Navigation } from "@/components/navigation";
> 3 | import { CosmaPlayground } from "@/components/cosma/playground";
    | ^^^^^^^^^^^^^^^^^^^^^^^^^^^^^^^^^^^^^^^^^^^^^^^^^^^^^^^^^^^^^^^^
  4 | import { SiteFooter } from "@/components/site-footer";
  5 | import { CoffeeSupportCard } from "@/components/coffee-support-card";
  6 |

Import map: aliased to relative './components/cosma/playground' inside of [project]/

https://nextjs.org/docs/messages/module-not-found @ http://localhost:4200/_next/static/chunks/0aus_next_dist_00tg.dm._.js:1945
[    4716ms] [ERROR] ./app/cosma/page.tsx:3:1
Module not found: Can't resolve '@/components/cosma/playground'
  1 | import type { Metadata } from "next";
  2 | import { Navigation } from "@/components/navigation";
> 3 | import { CosmaPlayground } from "@/components/cosma/playground";
    | ^^^^^^^^^^^^^^^^^^^^^^^^^^^^^^^^^^^^^^^^^^^^^^^^^^^^^^^^^^^^^^^^
  4 | import { SiteFooter } from "@/components/site-footer";
  5 | import { CoffeeSupportCard } from "@/components/coffee-support-card";
  6 |

Import map: aliased to relative './components/cosma/playground' inside of [project]/

https://nextjs.org/docs/messages/module-not-found @ http://localhost:4200/_next/static/chunks/0aus_next_dist_00tg.dm._.js:1945
[    4755ms] [ERROR] ./app/cosma/page.tsx:3:1
Module not found: Can't resolve '@/components/cosma/playground'
  1 | import type { Metadata } from "next";
  2 | import { Navigation } from "@/components/navigation";
> 3 | import { CosmaPlayground } from "@/components/cosma/playground";
    | ^^^^^^^^^^^^^^^^^^^^^^^^^^^^^^^^^^^^^^^^^^^^^^^^^^^^^^^^^^^^^^^^
  4 | import { SiteFooter } from "@/components/site-footer";
  5 | import { CoffeeSupportCard } from "@/components/coffee-support-card";
  6 |

Import map: aliased to relative './components/cosma/playground' inside of [project]/

https://nextjs.org/docs/messages/module-not-found @ http://localhost:4200/_next/static/chunks/0aus_next_dist_00tg.dm._.js:1945
[    4832ms] [ERROR] ./app/cosma/page.tsx:3:1
Module not found: Can't resolve '@/components/cosma/playground'
  1 | import type { Metadata } from "next";
  2 | import { Navigation } from "@/components/navigation";
> 3 | import { CosmaPlayground } from "@/components/cosma/playground";
    | ^^^^^^^^^^^^^^^^^^^^^^^^^^^^^^^^^^^^^^^^^^^^^^^^^^^^^^^^^^^^^^^^
  4 | import { SiteFooter } from "@/components/site-footer";
  5 | import { CoffeeSupportCard } from "@/components/coffee-support-card";
  6 |

Import map: aliased to relative './components/cosma/playground' inside of [project]/

https://nextjs.org/docs/messages/module-not-found @ http://localhost:4200/_next/static/chunks/0aus_next_dist_00tg.dm._.js:1945
[    4897ms] [ERROR] ./app/cosma/page.tsx:3:1
Module not found: Can't resolve '@/components/cosma/playground'
  1 | import type { Metadata } from "next";
  2 | import { Navigation } from "@/components/navigation";
> 3 | import { CosmaPlayground } from "@/components/cosma/playground";
    | ^^^^^^^^^^^^^^^^^^^^^^^^^^^^^^^^^^^^^^^^^^^^^^^^^^^^^^^^^^^^^^^^
  4 | import { SiteFooter } from "@/components/site-footer";
  5 | import { CoffeeSupportCard } from "@/components/coffee-support-card";
  6 |

Import map: aliased to relative './components/cosma/playground' inside of [project]/

https://nextjs.org/docs/messages/module-not-found @ http://localhost:4200/_next/static/chunks/0aus_next_dist_00tg.dm._.js:1945
[    4962ms] [ERROR] ./app/cosma/page.tsx:3:1
Module not found: Can't resolve '@/components/cosma/playground'
  1 | import type { Metadata } from "next";
  2 | import { Navigation } from "@/components/navigation";
> 3 | import { CosmaPlayground } from "@/components/cosma/playground";
    | ^^^^^^^^^^^^^^^^^^^^^^^^^^^^^^^^^^^^^^^^^^^^^^^^^^^^^^^^^^^^^^^^
  4 | import { SiteFooter } from "@/components/site-footer";
  5 | import { CoffeeSupportCard } from "@/components/coffee-support-card";
  6 |

Import map: aliased to relative './components/cosma/playground' inside of [project]/

https://nextjs.org/docs/messages/module-not-found @ http://localhost:4200/_next/static/chunks/0aus_next_dist_00tg.dm._.js:1945
[    5025ms] [ERROR] ./app/cosma/page.tsx:3:1
Module not found: Can't resolve '@/components/cosma/playground'
  1 | import type { Metadata } from "next";
  2 | import { Navigation } from "@/components/navigation";
> 3 | import { CosmaPlayground } from "@/components/cosma/playground";
    | ^^^^^^^^^^^^^^^^^^^^^^^^^^^^^^^^^^^^^^^^^^^^^^^^^^^^^^^^^^^^^^^^
  4 | import { SiteFooter } from "@/components/site-footer";
  5 | import { CoffeeSupportCard } from "@/components/coffee-support-card";
  6 |

Import map: aliased to relative './components/cosma/playground' inside of [project]/

https://nextjs.org/docs/messages/module-not-found @ http://localhost:4200/_next/static/chunks/0aus_next_dist_00tg.dm._.js:1945
[    5089ms] [ERROR] ./app/cosma/page.tsx:3:1
Module not found: Can't resolve '@/components/cosma/playground'
  1 | import type { Metadata } from "next";
  2 | import { Navigation } from "@/components/navigation";
> 3 | import { CosmaPlayground } from "@/components/cosma/playground";
    | ^^^^^^^^^^^^^^^^^^^^^^^^^^^^^^^^^^^^^^^^^^^^^^^^^^^^^^^^^^^^^^^^
  4 | import { SiteFooter } from "@/components/site-footer";
  5 | import { CoffeeSupportCard } from "@/components/coffee-support-card";
  6 |

Import map: aliased to relative './components/cosma/playground' inside of [project]/

https://nextjs.org/docs/messages/module-not-found @ http://localhost:4200/_next/static/chunks/0aus_next_dist_00tg.dm._.js:1945
[    5145ms] [ERROR] ./app/cosma/page.tsx:3:1
Module not found: Can't resolve '@/components/cosma/playground'
  1 | import type { Metadata } from "next";
  2 | import { Navigation } from "@/components/navigation";
> 3 | import { CosmaPlayground } from "@/components/cosma/playground";
    | ^^^^^^^^^^^^^^^^^^^^^^^^^^^^^^^^^^^^^^^^^^^^^^^^^^^^^^^^^^^^^^^^
  4 | import { SiteFooter } from "@/components/site-footer";
  5 | import { CoffeeSupportCard } from "@/components/coffee-support-card";
  6 |

Import map: aliased to relative './components/cosma/playground' inside of [project]/

https://nextjs.org/docs/messages/module-not-found @ http://localhost:4200/_next/static/chunks/0aus_next_dist_00tg.dm._.js:1945
[    5209ms] [ERROR] ./app/cosma/page.tsx:3:1
Module not found: Can't resolve '@/components/cosma/playground'
  1 | import type { Metadata } from "next";
  2 | import { Navigation } from "@/components/navigation";
> 3 | import { CosmaPlayground } from "@/components/cosma/playground";
    | ^^^^^^^^^^^^^^^^^^^^^^^^^^^^^^^^^^^^^^^^^^^^^^^^^^^^^^^^^^^^^^^^
  4 | import { SiteFooter } from "@/components/site-footer";
  5 | import { CoffeeSupportCard } from "@/components/coffee-support-card";
  6 |

Import map: aliased to relative './components/cosma/playground' inside of [project]/

https://nextjs.org/docs/messages/module-not-found @ http://localhost:4200/_next/static/chunks/0aus_next_dist_00tg.dm._.js:1945
[    5272ms] [ERROR] ./app/cosma/page.tsx:3:1
Module not found: Can't resolve '@/components/cosma/playground'
  1 | import type { Metadata } from "next";
  2 | import { Navigation } from "@/components/navigation";
> 3 | import { CosmaPlayground } from "@/components/cosma/playground";
    | ^^^^^^^^^^^^^^^^^^^^^^^^^^^^^^^^^^^^^^^^^^^^^^^^^^^^^^^^^^^^^^^^
  4 | import { SiteFooter } from "@/components/site-footer";
  5 | import { CoffeeSupportCard } from "@/components/coffee-support-card";
  6 |

Import map: aliased to relative './components/cosma/playground' inside of [project]/

https://nextjs.org/docs/messages/module-not-found @ http://localhost:4200/_next/static/chunks/0aus_next_dist_00tg.dm._.js:1945
[    5334ms] [ERROR] ./app/cosma/page.tsx:3:1
Module not found: Can't resolve '@/components/cosma/playground'
  1 | import type { Metadata } from "next";
  2 | import { Navigation } from "@/components/navigation";
> 3 | import { CosmaPlayground } from "@/components/cosma/playground";
    | ^^^^^^^^^^^^^^^^^^^^^^^^^^^^^^^^^^^^^^^^^^^^^^^^^^^^^^^^^^^^^^^^
  4 | import { SiteFooter } from "@/components/site-footer";
  5 | import { CoffeeSupportCard } from "@/components/coffee-support-card";
  6 |

Import map: aliased to relative './components/cosma/playground' inside of [project]/

https://nextjs.org/docs/messages/module-not-found @ http://localhost:4200/_next/static/chunks/0aus_next_dist_00tg.dm._.js:1945
[    5398ms] [ERROR] ./app/cosma/page.tsx:3:1
Module not found: Can't resolve '@/components/cosma/playground'
  1 | import type { Metadata } from "next";
  2 | import { Navigation } from "@/components/navigation";
> 3 | import { CosmaPlayground } from "@/components/cosma/playground";
    | ^^^^^^^^^^^^^^^^^^^^^^^^^^^^^^^^^^^^^^^^^^^^^^^^^^^^^^^^^^^^^^^^
  4 | import { SiteFooter } from "@/components/site-footer";
  5 | import { CoffeeSupportCard } from "@/components/coffee-support-card";
  6 |

Import map: aliased to relative './components/cosma/playground' inside of [project]/

https://nextjs.org/docs/messages/module-not-found @ http://localhost:4200/_next/static/chunks/0aus_next_dist_00tg.dm._.js:1945
[    5462ms] [ERROR] ./app/cosma/page.tsx:3:1
Module not found: Can't resolve '@/components/cosma/playground'
  1 | import type { Metadata } from "next";
  2 | import { Navigation } from "@/components/navigation";
> 3 | import { CosmaPlayground } from "@/components/cosma/playground";
    | ^^^^^^^^^^^^^^^^^^^^^^^^^^^^^^^^^^^^^^^^^^^^^^^^^^^^^^^^^^^^^^^^
  4 | import { SiteFooter } from "@/components/site-footer";
  5 | import { CoffeeSupportCard } from "@/components/coffee-support-card";
  6 |

Import map: aliased to relative './components/cosma/playground' inside of [project]/

https://nextjs.org/docs/messages/module-not-found @ http://localhost:4200/_next/static/chunks/0aus_next_dist_00tg.dm._.js:1945
[    5521ms] [ERROR] ./app/cosma/page.tsx:3:1
Module not found: Can't resolve '@/components/cosma/playground'
  1 | import type { Metadata } from "next";
  2 | import { Navigation } from "@/components/navigation";
> 3 | import { CosmaPlayground } from "@/components/cosma/playground";
    | ^^^^^^^^^^^^^^^^^^^^^^^^^^^^^^^^^^^^^^^^^^^^^^^^^^^^^^^^^^^^^^^^
  4 | import { SiteFooter } from "@/components/site-footer";
  5 | import { CoffeeSupportCard } from "@/components/coffee-support-card";
  6 |

Import map: aliased to relative './components/cosma/playground' inside of [project]/

https://nextjs.org/docs/messages/module-not-found @ http://localhost:4200/_next/static/chunks/0aus_next_dist_00tg.dm._.js:1945
[    5585ms] [ERROR] ./app/cosma/page.tsx:3:1
Module not found: Can't resolve '@/components/cosma/playground'
  1 | import type { Metadata } from "next";
  2 | import { Navigation } from "@/components/navigation";
> 3 | import { CosmaPlayground } from "@/components/cosma/playground";
    | ^^^^^^^^^^^^^^^^^^^^^^^^^^^^^^^^^^^^^^^^^^^^^^^^^^^^^^^^^^^^^^^^
  4 | import { SiteFooter } from "@/components/site-footer";
  5 | import { CoffeeSupportCard } from "@/components/coffee-support-card";
  6 |

Import map: aliased to relative './components/cosma/playground' inside of [project]/

https://nextjs.org/docs/messages/module-not-found @ http://localhost:4200/_next/static/chunks/0aus_next_dist_00tg.dm._.js:1945
[    5655ms] [ERROR] ./app/cosma/page.tsx:3:1
Module not found: Can't resolve '@/components/cosma/playground'
  1 | import type { Metadata } from "next";
  2 | import { Navigation } from "@/components/navigation";
> 3 | import { CosmaPlayground } from "@/components/cosma/playground";
    | ^^^^^^^^^^^^^^^^^^^^^^^^^^^^^^^^^^^^^^^^^^^^^^^^^^^^^^^^^^^^^^^^
  4 | import { SiteFooter } from "@/components/site-footer";
  5 | import { CoffeeSupportCard } from "@/components/coffee-support-card";
  6 |

Import map: aliased to relative './components/cosma/playground' inside of [project]/

https://nextjs.org/docs/messages/module-not-found @ http://localhost:4200/_next/static/chunks/0aus_next_dist_00tg.dm._.js:1945
[    5718ms] [ERROR] ./app/cosma/page.tsx:3:1
Module not found: Can't resolve '@/components/cosma/playground'
  1 | import type { Metadata } from "next";
  2 | import { Navigation } from "@/components/navigation";
> 3 | import { CosmaPlayground } from "@/components/cosma/playground";
    | ^^^^^^^^^^^^^^^^^^^^^^^^^^^^^^^^^^^^^^^^^^^^^^^^^^^^^^^^^^^^^^^^
  4 | import { SiteFooter } from "@/components/site-footer";
  5 | import { CoffeeSupportCard } from "@/components/coffee-support-card";
  6 |

Import map: aliased to relative './components/cosma/playground' inside of [project]/

https://nextjs.org/docs/messages/module-not-found @ http://localhost:4200/_next/static/chunks/0aus_next_dist_00tg.dm._.js:1945
[    5783ms] [ERROR] ./app/cosma/page.tsx:3:1
Module not found: Can't resolve '@/components/cosma/playground'
  1 | import type { Metadata } from "next";
  2 | import { Navigation } from "@/components/navigation";
> 3 | import { CosmaPlayground } from "@/components/cosma/playground";
    | ^^^^^^^^^^^^^^^^^^^^^^^^^^^^^^^^^^^^^^^^^^^^^^^^^^^^^^^^^^^^^^^^
  4 | import { SiteFooter } from "@/components/site-footer";
  5 | import { CoffeeSupportCard } from "@/components/coffee-support-card";
  6 |

Import map: aliased to relative './components/cosma/playground' inside of [project]/

https://nextjs.org/docs/messages/module-not-found @ http://localhost:4200/_next/static/chunks/0aus_next_dist_00tg.dm._.js:1945
[    5847ms] [ERROR] ./app/cosma/page.tsx:3:1
Module not found: Can't resolve '@/components/cosma/playground'
  1 | import type { Metadata } from "next";
  2 | import { Navigation } from "@/components/navigation";
> 3 | import { CosmaPlayground } from "@/components/cosma/playground";
    | ^^^^^^^^^^^^^^^^^^^^^^^^^^^^^^^^^^^^^^^^^^^^^^^^^^^^^^^^^^^^^^^^
  4 | import { SiteFooter } from "@/components/site-footer";
  5 | import { CoffeeSupportCard } from "@/components/coffee-support-card";
  6 |

Import map: aliased to relative './components/cosma/playground' inside of [project]/

https://nextjs.org/docs/messages/module-not-found @ http://localhost:4200/_next/static/chunks/0aus_next_dist_00tg.dm._.js:1945
[    5910ms] [ERROR] ./app/cosma/page.tsx:3:1
Module not found: Can't resolve '@/components/cosma/playground'
  1 | import type { Metadata } from "next";
  2 | import { Navigation } from "@/components/navigation";
> 3 | import { CosmaPlayground } from "@/components/cosma/playground";
    | ^^^^^^^^^^^^^^^^^^^^^^^^^^^^^^^^^^^^^^^^^^^^^^^^^^^^^^^^^^^^^^^^
  4 | import { SiteFooter } from "@/components/site-footer";
  5 | import { CoffeeSupportCard } from "@/components/coffee-support-card";
  6 |

Import map: aliased to relative './components/cosma/playground' inside of [project]/

https://nextjs.org/docs/messages/module-not-found @ http://localhost:4200/_next/static/chunks/0aus_next_dist_00tg.dm._.js:1945
[    5973ms] [ERROR] ./app/cosma/page.tsx:3:1
Module not found: Can't resolve '@/components/cosma/playground'
  1 | import type { Metadata } from "next";
  2 | import { Navigation } from "@/components/navigation";
> 3 | import { CosmaPlayground } from "@/components/cosma/playground";
    | ^^^^^^^^^^^^^^^^^^^^^^^^^^^^^^^^^^^^^^^^^^^^^^^^^^^^^^^^^^^^^^^^
  4 | import { SiteFooter } from "@/components/site-footer";
  5 | import { CoffeeSupportCard } from "@/components/coffee-support-card";
  6 |

Import map: aliased to relative './components/cosma/playground' inside of [project]/

https://nextjs.org/docs/messages/module-not-found @ http://localhost:4200/_next/static/chunks/0aus_next_dist_00tg.dm._.js:1945
[    6044ms] [ERROR] ./app/cosma/page.tsx:3:1
Module not found: Can't resolve '@/components/cosma/playground'
  1 | import type { Metadata } from "next";
  2 | import { Navigation } from "@/components/navigation";
> 3 | import { CosmaPlayground } from "@/components/cosma/playground";
    | ^^^^^^^^^^^^^^^^^^^^^^^^^^^^^^^^^^^^^^^^^^^^^^^^^^^^^^^^^^^^^^^^
  4 | import { SiteFooter } from "@/components/site-footer";
  5 | import { CoffeeSupportCard } from "@/components/coffee-support-card";
  6 |

Import map: aliased to relative './components/cosma/playground' inside of [project]/

https://nextjs.org/docs/messages/module-not-found @ http://localhost:4200/_next/static/chunks/0aus_next_dist_00tg.dm._.js:1945
[    6106ms] [ERROR] ./app/cosma/page.tsx:3:1
Module not found: Can't resolve '@/components/cosma/playground'
  1 | import type { Metadata } from "next";
  2 | import { Navigation } from "@/components/navigation";
> 3 | import { CosmaPlayground } from "@/components/cosma/playground";
    | ^^^^^^^^^^^^^^^^^^^^^^^^^^^^^^^^^^^^^^^^^^^^^^^^^^^^^^^^^^^^^^^^
  4 | import { SiteFooter } from "@/components/site-footer";
  5 | import { CoffeeSupportCard } from "@/components/coffee-support-card";
  6 |

Import map: aliased to relative './components/cosma/playground' inside of [project]/

https://nextjs.org/docs/messages/module-not-found @ http://localhost:4200/_next/static/chunks/0aus_next_dist_00tg.dm._.js:1945
[    6167ms] [ERROR] ./app/cosma/page.tsx:3:1
Module not found: Can't resolve '@/components/cosma/playground'
  1 | import type { Metadata } from "next";
  2 | import { Navigation } from "@/components/navigation";
> 3 | import { CosmaPlayground } from "@/components/cosma/playground";
    | ^^^^^^^^^^^^^^^^^^^^^^^^^^^^^^^^^^^^^^^^^^^^^^^^^^^^^^^^^^^^^^^^
  4 | import { SiteFooter } from "@/components/site-footer";
  5 | import { CoffeeSupportCard } from "@/components/coffee-support-card";
  6 |

Import map: aliased to relative './components/cosma/playground' inside of [project]/

https://nextjs.org/docs/messages/module-not-found @ http://localhost:4200/_next/static/chunks/0aus_next_dist_00tg.dm._.js:1945
[    6230ms] [ERROR] ./app/cosma/page.tsx:3:1
Module not found: Can't resolve '@/components/cosma/playground'
  1 | import type { Metadata } from "next";
  2 | import { Navigation } from "@/components/navigation";
> 3 | import { CosmaPlayground } from "@/components/cosma/playground";
    | ^^^^^^^^^^^^^^^^^^^^^^^^^^^^^^^^^^^^^^^^^^^^^^^^^^^^^^^^^^^^^^^^
  4 | import { SiteFooter } from "@/components/site-footer";
  5 | import { CoffeeSupportCard } from "@/components/coffee-support-card";
  6 |

Import map: aliased to relative './components/cosma/playground' inside of [project]/

https://nextjs.org/docs/messages/module-not-found @ http://localhost:4200/_next/static/chunks/0aus_next_dist_00tg.dm._.js:1945
[    6294ms] [ERROR] ./app/cosma/page.tsx:3:1
Module not found: Can't resolve '@/components/cosma/playground'
  1 | import type { Metadata } from "next";
  2 | import { Navigation } from "@/components/navigation";
> 3 | import { CosmaPlayground } from "@/components/cosma/playground";
    | ^^^^^^^^^^^^^^^^^^^^^^^^^^^^^^^^^^^^^^^^^^^^^^^^^^^^^^^^^^^^^^^^
  4 | import { SiteFooter } from "@/components/site-footer";
  5 | import { CoffeeSupportCard } from "@/components/coffee-support-card";
  6 |

Import map: aliased to relative './components/cosma/playground' inside of [project]/

https://nextjs.org/docs/messages/module-not-found @ http://localhost:4200/_next/static/chunks/0aus_next_dist_00tg.dm._.js:1945
[    6358ms] [ERROR] ./app/cosma/page.tsx:3:1
Module not found: Can't resolve '@/components/cosma/playground'
  1 | import type { Metadata } from "next";
  2 | import { Navigation } from "@/components/navigation";
> 3 | import { CosmaPlayground } from "@/components/cosma/playground";
    | ^^^^^^^^^^^^^^^^^^^^^^^^^^^^^^^^^^^^^^^^^^^^^^^^^^^^^^^^^^^^^^^^
  4 | import { SiteFooter } from "@/components/site-footer";
  5 | import { CoffeeSupportCard } from "@/components/coffee-support-card";
  6 |

Import map: aliased to relative './components/cosma/playground' inside of [project]/

https://nextjs.org/docs/messages/module-not-found @ http://localhost:4200/_next/static/chunks/0aus_next_dist_00tg.dm._.js:1945
[    6422ms] [ERROR] ./app/cosma/page.tsx:3:1
Module not found: Can't resolve '@/components/cosma/playground'
  1 | import type { Metadata } from "next";
  2 | import { Navigation } from "@/components/navigation";
> 3 | import { CosmaPlayground } from "@/components/cosma/playground";
    | ^^^^^^^^^^^^^^^^^^^^^^^^^^^^^^^^^^^^^^^^^^^^^^^^^^^^^^^^^^^^^^^^
  4 | import { SiteFooter } from "@/components/site-footer";
  5 | import { CoffeeSupportCard } from "@/components/coffee-support-card";
  6 |

Import map: aliased to relative './components/cosma/playground' inside of [project]/

https://nextjs.org/docs/messages/module-not-found @ http://localhost:4200/_next/static/chunks/0aus_next_dist_00tg.dm._.js:1945
[    6485ms] [ERROR] ./app/cosma/page.tsx:3:1
Module not found: Can't resolve '@/components/cosma/playground'
  1 | import type { Metadata } from "next";
  2 | import { Navigation } from "@/components/navigation";
> 3 | import { CosmaPlayground } from "@/components/cosma/playground";
    | ^^^^^^^^^^^^^^^^^^^^^^^^^^^^^^^^^^^^^^^^^^^^^^^^^^^^^^^^^^^^^^^^
  4 | import { SiteFooter } from "@/components/site-footer";
  5 | import { CoffeeSupportCard } from "@/components/coffee-support-card";
  6 |

Import map: aliased to relative './components/cosma/playground' inside of [project]/

https://nextjs.org/docs/messages/module-not-found @ http://localhost:4200/_next/static/chunks/0aus_next_dist_00tg.dm._.js:1945
[    6549ms] [ERROR] ./app/cosma/page.tsx:3:1
Module not found: Can't resolve '@/components/cosma/playground'
  1 | import type { Metadata } from "next";
  2 | import { Navigation } from "@/components/navigation";
> 3 | import { CosmaPlayground } from "@/components/cosma/playground";
    | ^^^^^^^^^^^^^^^^^^^^^^^^^^^^^^^^^^^^^^^^^^^^^^^^^^^^^^^^^^^^^^^^
  4 | import { SiteFooter } from "@/components/site-footer";
  5 | import { CoffeeSupportCard } from "@/components/coffee-support-card";
  6 |

Import map: aliased to relative './components/cosma/playground' inside of [project]/

https://nextjs.org/docs/messages/module-not-found @ http://localhost:4200/_next/static/chunks/0aus_next_dist_00tg.dm._.js:1945
[    6612ms] [ERROR] ./app/cosma/page.tsx:3:1
Module not found: Can't resolve '@/components/cosma/playground'
  1 | import type { Metadata } from "next";
  2 | import { Navigation } from "@/components/navigation";
> 3 | import { CosmaPlayground } from "@/components/cosma/playground";
    | ^^^^^^^^^^^^^^^^^^^^^^^^^^^^^^^^^^^^^^^^^^^^^^^^^^^^^^^^^^^^^^^^
  4 | import { SiteFooter } from "@/components/site-footer";
  5 | import { CoffeeSupportCard } from "@/components/coffee-support-card";
  6 |

Import map: aliased to relative './components/cosma/playground' inside of [project]/

https://nextjs.org/docs/messages/module-not-found @ http://localhost:4200/_next/static/chunks/0aus_next_dist_00tg.dm._.js:1945
[    6676ms] [ERROR] ./app/cosma/page.tsx:3:1
Module not found: Can't resolve '@/components/cosma/playground'
  1 | import type { Metadata } from "next";
  2 | import { Navigation } from "@/components/navigation";
> 3 | import { CosmaPlayground } from "@/components/cosma/playground";
    | ^^^^^^^^^^^^^^^^^^^^^^^^^^^^^^^^^^^^^^^^^^^^^^^^^^^^^^^^^^^^^^^^
  4 | import { SiteFooter } from "@/components/site-footer";
  5 | import { CoffeeSupportCard } from "@/components/coffee-support-card";
  6 |

Import map: aliased to relative './components/cosma/playground' inside of [project]/

https://nextjs.org/docs/messages/module-not-found @ http://localhost:4200/_next/static/chunks/0aus_next_dist_00tg.dm._.js:1945
[    6741ms] [ERROR] ./app/cosma/page.tsx:3:1
Module not found: Can't resolve '@/components/cosma/playground'
  1 | import type { Metadata } from "next";
  2 | import { Navigation } from "@/components/navigation";
> 3 | import { CosmaPlayground } from "@/components/cosma/playground";
    | ^^^^^^^^^^^^^^^^^^^^^^^^^^^^^^^^^^^^^^^^^^^^^^^^^^^^^^^^^^^^^^^^
  4 | import { SiteFooter } from "@/components/site-footer";
  5 | import { CoffeeSupportCard } from "@/components/coffee-support-card";
  6 |

Import map: aliased to relative './components/cosma/playground' inside of [project]/

https://nextjs.org/docs/messages/module-not-found @ http://localhost:4200/_next/static/chunks/0aus_next_dist_00tg.dm._.js:1945
[    6812ms] [ERROR] ./app/cosma/page.tsx:3:1
Module not found: Can't resolve '@/components/cosma/playground'
  1 | import type { Metadata } from "next";
  2 | import { Navigation } from "@/components/navigation";
> 3 | import { CosmaPlayground } from "@/components/cosma/playground";
    | ^^^^^^^^^^^^^^^^^^^^^^^^^^^^^^^^^^^^^^^^^^^^^^^^^^^^^^^^^^^^^^^^
  4 | import { SiteFooter } from "@/components/site-footer";
  5 | import { CoffeeSupportCard } from "@/components/coffee-support-card";
  6 |

Import map: aliased to relative './components/cosma/playground' inside of [project]/

https://nextjs.org/docs/messages/module-not-found @ http://localhost:4200/_next/static/chunks/0aus_next_dist_00tg.dm._.js:1945
[    6873ms] [ERROR] ./app/cosma/page.tsx:3:1
Module not found: Can't resolve '@/components/cosma/playground'
  1 | import type { Metadata } from "next";
  2 | import { Navigation } from "@/components/navigation";
> 3 | import { CosmaPlayground } from "@/components/cosma/playground";
    | ^^^^^^^^^^^^^^^^^^^^^^^^^^^^^^^^^^^^^^^^^^^^^^^^^^^^^^^^^^^^^^^^
  4 | import { SiteFooter } from "@/components/site-footer";
  5 | import { CoffeeSupportCard } from "@/components/coffee-support-card";
  6 |

Import map: aliased to relative './components/cosma/playground' inside of [project]/

https://nextjs.org/docs/messages/module-not-found @ http://localhost:4200/_next/static/chunks/0aus_next_dist_00tg.dm._.js:1945
[    6935ms] [ERROR] ./app/cosma/page.tsx:3:1
Module not found: Can't resolve '@/components/cosma/playground'
  1 | import type { Metadata } from "next";
  2 | import { Navigation } from "@/components/navigation";
> 3 | import { CosmaPlayground } from "@/components/cosma/playground";
    | ^^^^^^^^^^^^^^^^^^^^^^^^^^^^^^^^^^^^^^^^^^^^^^^^^^^^^^^^^^^^^^^^
  4 | import { SiteFooter } from "@/components/site-footer";
  5 | import { CoffeeSupportCard } from "@/components/coffee-support-card";
  6 |

Import map: aliased to relative './components/cosma/playground' inside of [project]/

https://nextjs.org/docs/messages/module-not-found @ http://localhost:4200/_next/static/chunks/0aus_next_dist_00tg.dm._.js:1945
[    6998ms] [ERROR] ./app/cosma/page.tsx:3:1
Module not found: Can't resolve '@/components/cosma/playground'
  1 | import type { Metadata } from "next";
  2 | import { Navigation } from "@/components/navigation";
> 3 | import { CosmaPlayground } from "@/components/cosma/playground";
    | ^^^^^^^^^^^^^^^^^^^^^^^^^^^^^^^^^^^^^^^^^^^^^^^^^^^^^^^^^^^^^^^^
  4 | import { SiteFooter } from "@/components/site-footer";
  5 | import { CoffeeSupportCard } from "@/components/coffee-support-card";
  6 |

Import map: aliased to relative './components/cosma/playground' inside of [project]/

https://nextjs.org/docs/messages/module-not-found @ http://localhost:4200/_next/static/chunks/0aus_next_dist_00tg.dm._.js:1945
[    7061ms] [ERROR] ./app/cosma/page.tsx:3:1
Module not found: Can't resolve '@/components/cosma/playground'
  1 | import type { Metadata } from "next";
  2 | import { Navigation } from "@/components/navigation";
> 3 | import { CosmaPlayground } from "@/components/cosma/playground";
    | ^^^^^^^^^^^^^^^^^^^^^^^^^^^^^^^^^^^^^^^^^^^^^^^^^^^^^^^^^^^^^^^^
  4 | import { SiteFooter } from "@/components/site-footer";
  5 | import { CoffeeSupportCard } from "@/components/coffee-support-card";
  6 |

Import map: aliased to relative './components/cosma/playground' inside of [project]/

https://nextjs.org/docs/messages/module-not-found @ http://localhost:4200/_next/static/chunks/0aus_next_dist_00tg.dm._.js:1945
[    7124ms] [ERROR] ./app/cosma/page.tsx:3:1
Module not found: Can't resolve '@/components/cosma/playground'
  1 | import type { Metadata } from "next";
  2 | import { Navigation } from "@/components/navigation";
> 3 | import { CosmaPlayground } from "@/components/cosma/playground";
    | ^^^^^^^^^^^^^^^^^^^^^^^^^^^^^^^^^^^^^^^^^^^^^^^^^^^^^^^^^^^^^^^^
  4 | import { SiteFooter } from "@/components/site-footer";
  5 | import { CoffeeSupportCard } from "@/components/coffee-support-card";
  6 |

Import map: aliased to relative './components/cosma/playground' inside of [project]/

https://nextjs.org/docs/messages/module-not-found @ http://localhost:4200/_next/static/chunks/0aus_next_dist_00tg.dm._.js:1945
[    7194ms] [ERROR] ./app/cosma/page.tsx:3:1
Module not found: Can't resolve '@/components/cosma/playground'
  1 | import type { Metadata } from "next";
  2 | import { Navigation } from "@/components/navigation";
> 3 | import { CosmaPlayground } from "@/components/cosma/playground";
    | ^^^^^^^^^^^^^^^^^^^^^^^^^^^^^^^^^^^^^^^^^^^^^^^^^^^^^^^^^^^^^^^^
  4 | import { SiteFooter } from "@/components/site-footer";
  5 | import { CoffeeSupportCard } from "@/components/coffee-support-card";
  6 |

Import map: aliased to relative './components/cosma/playground' inside of [project]/

https://nextjs.org/docs/messages/module-not-found @ http://localhost:4200/_next/static/chunks/0aus_next_dist_00tg.dm._.js:1945
[    7259ms] [ERROR] ./app/cosma/page.tsx:3:1
Module not found: Can't resolve '@/components/cosma/playground'
  1 | import type { Metadata } from "next";
  2 | import { Navigation } from "@/components/navigation";
> 3 | import { CosmaPlayground } from "@/components/cosma/playground";
    | ^^^^^^^^^^^^^^^^^^^^^^^^^^^^^^^^^^^^^^^^^^^^^^^^^^^^^^^^^^^^^^^^
  4 | import { SiteFooter } from "@/components/site-footer";
  5 | import { CoffeeSupportCard } from "@/components/coffee-support-card";
  6 |

Import map: aliased to relative './components/cosma/playground' inside of [project]/

https://nextjs.org/docs/messages/module-not-found @ http://localhost:4200/_next/static/chunks/0aus_next_dist_00tg.dm._.js:1945
[    7321ms] [ERROR] ./app/cosma/page.tsx:3:1
Module not found: Can't resolve '@/components/cosma/playground'
  1 | import type { Metadata } from "next";
  2 | import { Navigation } from "@/components/navigation";
> 3 | import { CosmaPlayground } from "@/components/cosma/playground";
    | ^^^^^^^^^^^^^^^^^^^^^^^^^^^^^^^^^^^^^^^^^^^^^^^^^^^^^^^^^^^^^^^^
  4 | import { SiteFooter } from "@/components/site-footer";
  5 | import { CoffeeSupportCard } from "@/components/coffee-support-card";
  6 |

Import map: aliased to relative './components/cosma/playground' inside of [project]/

https://nextjs.org/docs/messages/module-not-found @ http://localhost:4200/_next/static/chunks/0aus_next_dist_00tg.dm._.js:1945
[    7383ms] [ERROR] ./app/cosma/page.tsx:3:1
Module not found: Can't resolve '@/components/cosma/playground'
  1 | import type { Metadata } from "next";
  2 | import { Navigation } from "@/components/navigation";
> 3 | import { CosmaPlayground } from "@/components/cosma/playground";
    | ^^^^^^^^^^^^^^^^^^^^^^^^^^^^^^^^^^^^^^^^^^^^^^^^^^^^^^^^^^^^^^^^
  4 | import { SiteFooter } from "@/components/site-footer";
  5 | import { CoffeeSupportCard } from "@/components/coffee-support-card";
  6 |

Import map: aliased to relative './components/cosma/playground' inside of [project]/

https://nextjs.org/docs/messages/module-not-found @ http://localhost:4200/_next/static/chunks/0aus_next_dist_00tg.dm._.js:1945
[    7445ms] [ERROR] ./app/cosma/page.tsx:3:1
Module not found: Can't resolve '@/components/cosma/playground'
  1 | import type { Metadata } from "next";
  2 | import { Navigation } from "@/components/navigation";
> 3 | import { CosmaPlayground } from "@/components/cosma/playground";
    | ^^^^^^^^^^^^^^^^^^^^^^^^^^^^^^^^^^^^^^^^^^^^^^^^^^^^^^^^^^^^^^^^
  4 | import { SiteFooter } from "@/components/site-footer";
  5 | import { CoffeeSupportCard } from "@/components/coffee-support-card";
  6 |

Import map: aliased to relative './components/cosma/playground' inside of [project]/

https://nextjs.org/docs/messages/module-not-found @ http://localhost:4200/_next/static/chunks/0aus_next_dist_00tg.dm._.js:1945
[    7510ms] [ERROR] ./app/cosma/page.tsx:3:1
Module not found: Can't resolve '@/components/cosma/playground'
  1 | import type { Metadata } from "next";
  2 | import { Navigation } from "@/components/navigation";
> 3 | import { CosmaPlayground } from "@/components/cosma/playground";
    | ^^^^^^^^^^^^^^^^^^^^^^^^^^^^^^^^^^^^^^^^^^^^^^^^^^^^^^^^^^^^^^^^
  4 | import { SiteFooter } from "@/components/site-footer";
  5 | import { CoffeeSupportCard } from "@/components/coffee-support-card";
  6 |

Import map: aliased to relative './components/cosma/playground' inside of [project]/

https://nextjs.org/docs/messages/module-not-found @ http://localhost:4200/_next/static/chunks/0aus_next_dist_00tg.dm._.js:1945
[    7575ms] [ERROR] ./app/cosma/page.tsx:3:1
Module not found: Can't resolve '@/components/cosma/playground'
  1 | import type { Metadata } from "next";
  2 | import { Navigation } from "@/components/navigation";
> 3 | import { CosmaPlayground } from "@/components/cosma/playground";
    | ^^^^^^^^^^^^^^^^^^^^^^^^^^^^^^^^^^^^^^^^^^^^^^^^^^^^^^^^^^^^^^^^
  4 | import { SiteFooter } from "@/components/site-footer";
  5 | import { CoffeeSupportCard } from "@/components/coffee-support-card";
  6 |

Import map: aliased to relative './components/cosma/playground' inside of [project]/

https://nextjs.org/docs/messages/module-not-found @ http://localhost:4200/_next/static/chunks/0aus_next_dist_00tg.dm._.js:1945
[    7638ms] [ERROR] ./app/cosma/page.tsx:3:1
Module not found: Can't resolve '@/components/cosma/playground'
  1 | import type { Metadata } from "next";
  2 | import { Navigation } from "@/components/navigation";
> 3 | import { CosmaPlayground } from "@/components/cosma/playground";
    | ^^^^^^^^^^^^^^^^^^^^^^^^^^^^^^^^^^^^^^^^^^^^^^^^^^^^^^^^^^^^^^^^
  4 | import { SiteFooter } from "@/components/site-footer";
  5 | import { CoffeeSupportCard } from "@/components/coffee-support-card";
  6 |

Import map: aliased to relative './components/cosma/playground' inside of [project]/

https://nextjs.org/docs/messages/module-not-found @ http://localhost:4200/_next/static/chunks/0aus_next_dist_00tg.dm._.js:1945
[    7699ms] [ERROR] ./app/cosma/page.tsx:3:1
Module not found: Can't resolve '@/components/cosma/playground'
  1 | import type { Metadata } from "next";
  2 | import { Navigation } from "@/components/navigation";
> 3 | import { CosmaPlayground } from "@/components/cosma/playground";
    | ^^^^^^^^^^^^^^^^^^^^^^^^^^^^^^^^^^^^^^^^^^^^^^^^^^^^^^^^^^^^^^^^
  4 | import { SiteFooter } from "@/components/site-footer";
  5 | import { CoffeeSupportCard } from "@/components/coffee-support-card";
  6 |

Import map: aliased to relative './components/cosma/playground' inside of [project]/

https://nextjs.org/docs/messages/module-not-found @ http://localhost:4200/_next/static/chunks/0aus_next_dist_00tg.dm._.js:1945
[    7764ms] [ERROR] ./app/cosma/page.tsx:3:1
Module not found: Can't resolve '@/components/cosma/playground'
  1 | import type { Metadata } from "next";
  2 | import { Navigation } from "@/components/navigation";
> 3 | import { CosmaPlayground } from "@/components/cosma/playground";
    | ^^^^^^^^^^^^^^^^^^^^^^^^^^^^^^^^^^^^^^^^^^^^^^^^^^^^^^^^^^^^^^^^
  4 | import { SiteFooter } from "@/components/site-footer";
  5 | import { CoffeeSupportCard } from "@/components/coffee-support-card";
  6 |

Import map: aliased to relative './components/cosma/playground' inside of [project]/

https://nextjs.org/docs/messages/module-not-found @ http://localhost:4200/_next/static/chunks/0aus_next_dist_00tg.dm._.js:1945
[    7826ms] [ERROR] ./app/cosma/page.tsx:3:1
Module not found: Can't resolve '@/components/cosma/playground'
  1 | import type { Metadata } from "next";
  2 | import { Navigation } from "@/components/navigation";
> 3 | import { CosmaPlayground } from "@/components/cosma/playground";
    | ^^^^^^^^^^^^^^^^^^^^^^^^^^^^^^^^^^^^^^^^^^^^^^^^^^^^^^^^^^^^^^^^
  4 | import { SiteFooter } from "@/components/site-footer";
  5 | import { CoffeeSupportCard } from "@/components/coffee-support-card";
  6 |

Import map: aliased to relative './components/cosma/playground' inside of [project]/

https://nextjs.org/docs/messages/module-not-found @ http://localhost:4200/_next/static/chunks/0aus_next_dist_00tg.dm._.js:1945
[    7889ms] [ERROR] ./app/cosma/page.tsx:3:1
Module not found: Can't resolve '@/components/cosma/playground'
  1 | import type { Metadata } from "next";
  2 | import { Navigation } from "@/components/navigation";
> 3 | import { CosmaPlayground } from "@/components/cosma/playground";
    | ^^^^^^^^^^^^^^^^^^^^^^^^^^^^^^^^^^^^^^^^^^^^^^^^^^^^^^^^^^^^^^^^
  4 | import { SiteFooter } from "@/components/site-footer";
  5 | import { CoffeeSupportCard } from "@/components/coffee-support-card";
  6 |

Import map: aliased to relative './components/cosma/playground' inside of [project]/

https://nextjs.org/docs/messages/module-not-found @ http://localhost:4200/_next/static/chunks/0aus_next_dist_00tg.dm._.js:1945
[    7952ms] [ERROR] ./app/cosma/page.tsx:3:1
Module not found: Can't resolve '@/components/cosma/playground'
  1 | import type { Metadata } from "next";
  2 | import { Navigation } from "@/components/navigation";
> 3 | import { CosmaPlayground } from "@/components/cosma/playground";
    | ^^^^^^^^^^^^^^^^^^^^^^^^^^^^^^^^^^^^^^^^^^^^^^^^^^^^^^^^^^^^^^^^
  4 | import { SiteFooter } from "@/components/site-footer";
  5 | import { CoffeeSupportCard } from "@/components/coffee-support-card";
  6 |

Import map: aliased to relative './components/cosma/playground' inside of [project]/

https://nextjs.org/docs/messages/module-not-found @ http://localhost:4200/_next/static/chunks/0aus_next_dist_00tg.dm._.js:1945
[    8015ms] [ERROR] ./app/cosma/page.tsx:3:1
Module not found: Can't resolve '@/components/cosma/playground'
  1 | import type { Metadata } from "next";
  2 | import { Navigation } from "@/components/navigation";
> 3 | import { CosmaPlayground } from "@/components/cosma/playground";
    | ^^^^^^^^^^^^^^^^^^^^^^^^^^^^^^^^^^^^^^^^^^^^^^^^^^^^^^^^^^^^^^^^
  4 | import { SiteFooter } from "@/components/site-footer";
  5 | import { CoffeeSupportCard } from "@/components/coffee-support-card";
  6 |

Import map: aliased to relative './components/cosma/playground' inside of [project]/

https://nextjs.org/docs/messages/module-not-found @ http://localhost:4200/_next/static/chunks/0aus_next_dist_00tg.dm._.js:1945
[    8080ms] [ERROR] ./app/cosma/page.tsx:3:1
Module not found: Can't resolve '@/components/cosma/playground'
  1 | import type { Metadata } from "next";
  2 | import { Navigation } from "@/components/navigation";
> 3 | import { CosmaPlayground } from "@/components/cosma/playground";
    | ^^^^^^^^^^^^^^^^^^^^^^^^^^^^^^^^^^^^^^^^^^^^^^^^^^^^^^^^^^^^^^^^
  4 | import { SiteFooter } from "@/components/site-footer";
  5 | import { CoffeeSupportCard } from "@/components/coffee-support-card";
  6 |

Import map: aliased to relative './components/cosma/playground' inside of [project]/

https://nextjs.org/docs/messages/module-not-found @ http://localhost:4200/_next/static/chunks/0aus_next_dist_00tg.dm._.js:1945
[    8143ms] [ERROR] ./app/cosma/page.tsx:3:1
Module not found: Can't resolve '@/components/cosma/playground'
  1 | import type { Metadata } from "next";
  2 | import { Navigation } from "@/components/navigation";
> 3 | import { CosmaPlayground } from "@/components/cosma/playground";
    | ^^^^^^^^^^^^^^^^^^^^^^^^^^^^^^^^^^^^^^^^^^^^^^^^^^^^^^^^^^^^^^^^
  4 | import { SiteFooter } from "@/components/site-footer";
  5 | import { CoffeeSupportCard } from "@/components/coffee-support-card";
  6 |

Import map: aliased to relative './components/cosma/playground' inside of [project]/

https://nextjs.org/docs/messages/module-not-found @ http://localhost:4200/_next/static/chunks/0aus_next_dist_00tg.dm._.js:1945
[    8206ms] [ERROR] ./app/cosma/page.tsx:3:1
Module not found: Can't resolve '@/components/cosma/playground'
  1 | import type { Metadata } from "next";
  2 | import { Navigation } from "@/components/navigation";
> 3 | import { CosmaPlayground } from "@/components/cosma/playground";
    | ^^^^^^^^^^^^^^^^^^^^^^^^^^^^^^^^^^^^^^^^^^^^^^^^^^^^^^^^^^^^^^^^
  4 | import { SiteFooter } from "@/components/site-footer";
  5 | import { CoffeeSupportCard } from "@/components/coffee-support-card";
  6 |

Import map: aliased to relative './components/cosma/playground' inside of [project]/

https://nextjs.org/docs/messages/module-not-found @ http://localhost:4200/_next/static/chunks/0aus_next_dist_00tg.dm._.js:1945
[    8272ms] [ERROR] ./app/cosma/page.tsx:3:1
Module not found: Can't resolve '@/components/cosma/playground'
  1 | import type { Metadata } from "next";
  2 | import { Navigation } from "@/components/navigation";
> 3 | import { CosmaPlayground } from "@/components/cosma/playground";
    | ^^^^^^^^^^^^^^^^^^^^^^^^^^^^^^^^^^^^^^^^^^^^^^^^^^^^^^^^^^^^^^^^
  4 | import { SiteFooter } from "@/components/site-footer";
  5 | import { CoffeeSupportCard } from "@/components/coffee-support-card";
  6 |

Import map: aliased to relative './components/cosma/playground' inside of [project]/

https://nextjs.org/docs/messages/module-not-found @ http://localhost:4200/_next/static/chunks/0aus_next_dist_00tg.dm._.js:1945
[    8337ms] [ERROR] ./app/cosma/page.tsx:3:1
Module not found: Can't resolve '@/components/cosma/playground'
  1 | import type { Metadata } from "next";
  2 | import { Navigation } from "@/components/navigation";
> 3 | import { CosmaPlayground } from "@/components/cosma/playground";
    | ^^^^^^^^^^^^^^^^^^^^^^^^^^^^^^^^^^^^^^^^^^^^^^^^^^^^^^^^^^^^^^^^
  4 | import { SiteFooter } from "@/components/site-footer";
  5 | import { CoffeeSupportCard } from "@/components/coffee-support-card";
  6 |

Import map: aliased to relative './components/cosma/playground' inside of [project]/

https://nextjs.org/docs/messages/module-not-found @ http://localhost:4200/_next/static/chunks/0aus_next_dist_00tg.dm._.js:1945
[    8402ms] [ERROR] ./app/cosma/page.tsx:3:1
Module not found: Can't resolve '@/components/cosma/playground'
  1 | import type { Metadata } from "next";
  2 | import { Navigation } from "@/components/navigation";
> 3 | import { CosmaPlayground } from "@/components/cosma/playground";
    | ^^^^^^^^^^^^^^^^^^^^^^^^^^^^^^^^^^^^^^^^^^^^^^^^^^^^^^^^^^^^^^^^
  4 | import { SiteFooter } from "@/components/site-footer";
  5 | import { CoffeeSupportCard } from "@/components/coffee-support-card";
  6 |

Import map: aliased to relative './components/cosma/playground' inside of [project]/

https://nextjs.org/docs/messages/module-not-found @ http://localhost:4200/_next/static/chunks/0aus_next_dist_00tg.dm._.js:1945
[    8466ms] [ERROR] ./app/cosma/page.tsx:3:1
Module not found: Can't resolve '@/components/cosma/playground'
  1 | import type { Metadata } from "next";
  2 | import { Navigation } from "@/components/navigation";
> 3 | import { CosmaPlayground } from "@/components/cosma/playground";
    | ^^^^^^^^^^^^^^^^^^^^^^^^^^^^^^^^^^^^^^^^^^^^^^^^^^^^^^^^^^^^^^^^
  4 | import { SiteFooter } from "@/components/site-footer";
  5 | import { CoffeeSupportCard } from "@/components/coffee-support-card";
  6 |

Import map: aliased to relative './components/cosma/playground' inside of [project]/

https://nextjs.org/docs/messages/module-not-found @ http://localhost:4200/_next/static/chunks/0aus_next_dist_00tg.dm._.js:1945
[    8530ms] [ERROR] ./app/cosma/page.tsx:3:1
Module not found: Can't resolve '@/components/cosma/playground'
  1 | import type { Metadata } from "next";
  2 | import { Navigation } from "@/components/navigation";
> 3 | import { CosmaPlayground } from "@/components/cosma/playground";
    | ^^^^^^^^^^^^^^^^^^^^^^^^^^^^^^^^^^^^^^^^^^^^^^^^^^^^^^^^^^^^^^^^
  4 | import { SiteFooter } from "@/components/site-footer";
  5 | import { CoffeeSupportCard } from "@/components/coffee-support-card";
  6 |

Import map: aliased to relative './components/cosma/playground' inside of [project]/

https://nextjs.org/docs/messages/module-not-found @ http://localhost:4200/_next/static/chunks/0aus_next_dist_00tg.dm._.js:1945
[    8595ms] [ERROR] ./app/cosma/page.tsx:3:1
Module not found: Can't resolve '@/components/cosma/playground'
  1 | import type { Metadata } from "next";
  2 | import { Navigation } from "@/components/navigation";
> 3 | import { CosmaPlayground } from "@/components/cosma/playground";
    | ^^^^^^^^^^^^^^^^^^^^^^^^^^^^^^^^^^^^^^^^^^^^^^^^^^^^^^^^^^^^^^^^
  4 | import { SiteFooter } from "@/components/site-footer";
  5 | import { CoffeeSupportCard } from "@/components/coffee-support-card";
  6 |

Import map: aliased to relative './components/cosma/playground' inside of [project]/

https://nextjs.org/docs/messages/module-not-found @ http://localhost:4200/_next/static/chunks/0aus_next_dist_00tg.dm._.js:1945
[    8660ms] [ERROR] ./app/cosma/page.tsx:3:1
Module not found: Can't resolve '@/components/cosma/playground'
  1 | import type { Metadata } from "next";
  2 | import { Navigation } from "@/components/navigation";
> 3 | import { CosmaPlayground } from "@/components/cosma/playground";
    | ^^^^^^^^^^^^^^^^^^^^^^^^^^^^^^^^^^^^^^^^^^^^^^^^^^^^^^^^^^^^^^^^
  4 | import { SiteFooter } from "@/components/site-footer";
  5 | import { CoffeeSupportCard } from "@/components/coffee-support-card";
  6 |

Import map: aliased to relative './components/cosma/playground' inside of [project]/

https://nextjs.org/docs/messages/module-not-found @ http://localhost:4200/_next/static/chunks/0aus_next_dist_00tg.dm._.js:1945
[    8727ms] [ERROR] ./app/cosma/page.tsx:3:1
Module not found: Can't resolve '@/components/cosma/playground'
  1 | import type { Metadata } from "next";
  2 | import { Navigation } from "@/components/navigation";
> 3 | import { CosmaPlayground } from "@/components/cosma/playground";
    | ^^^^^^^^^^^^^^^^^^^^^^^^^^^^^^^^^^^^^^^^^^^^^^^^^^^^^^^^^^^^^^^^
  4 | import { SiteFooter } from "@/components/site-footer";
  5 | import { CoffeeSupportCard } from "@/components/coffee-support-card";
  6 |

Import map: aliased to relative './components/cosma/playground' inside of [project]/

https://nextjs.org/docs/messages/module-not-found @ http://localhost:4200/_next/static/chunks/0aus_next_dist_00tg.dm._.js:1945
[    8789ms] [ERROR] ./app/cosma/page.tsx:3:1
Module not found: Can't resolve '@/components/cosma/playground'
  1 | import type { Metadata } from "next";
  2 | import { Navigation } from "@/components/navigation";
> 3 | import { CosmaPlayground } from "@/components/cosma/playground";
    | ^^^^^^^^^^^^^^^^^^^^^^^^^^^^^^^^^^^^^^^^^^^^^^^^^^^^^^^^^^^^^^^^
  4 | import { SiteFooter } from "@/components/site-footer";
  5 | import { CoffeeSupportCard } from "@/components/coffee-support-card";
  6 |

Import map: aliased to relative './components/cosma/playground' inside of [project]/

https://nextjs.org/docs/messages/module-not-found @ http://localhost:4200/_next/static/chunks/0aus_next_dist_00tg.dm._.js:1945
[    8861ms] [ERROR] ./app/cosma/page.tsx:3:1
Module not found: Can't resolve '@/components/cosma/playground'
  1 | import type { Metadata } from "next";
  2 | import { Navigation } from "@/components/navigation";
> 3 | import { CosmaPlayground } from "@/components/cosma/playground";
    | ^^^^^^^^^^^^^^^^^^^^^^^^^^^^^^^^^^^^^^^^^^^^^^^^^^^^^^^^^^^^^^^^
  4 | import { SiteFooter } from "@/components/site-footer";
  5 | import { CoffeeSupportCard } from "@/components/coffee-support-card";
  6 |

Import map: aliased to relative './components/cosma/playground' inside of [project]/

https://nextjs.org/docs/messages/module-not-found @ http://localhost:4200/_next/static/chunks/0aus_next_dist_00tg.dm._.js:1945
[    8925ms] [ERROR] ./app/cosma/page.tsx:3:1
Module not found: Can't resolve '@/components/cosma/playground'
  1 | import type { Metadata } from "next";
  2 | import { Navigation } from "@/components/navigation";
> 3 | import { CosmaPlayground } from "@/components/cosma/playground";
    | ^^^^^^^^^^^^^^^^^^^^^^^^^^^^^^^^^^^^^^^^^^^^^^^^^^^^^^^^^^^^^^^^
  4 | import { SiteFooter } from "@/components/site-footer";
  5 | import { CoffeeSupportCard } from "@/components/coffee-support-card";
  6 |

Import map: aliased to relative './components/cosma/playground' inside of [project]/

https://nextjs.org/docs/messages/module-not-found @ http://localhost:4200/_next/static/chunks/0aus_next_dist_00tg.dm._.js:1945
[    8987ms] [ERROR] ./app/cosma/page.tsx:3:1
Module not found: Can't resolve '@/components/cosma/playground'
  1 | import type { Metadata } from "next";
  2 | import { Navigation } from "@/components/navigation";
> 3 | import { CosmaPlayground } from "@/components/cosma/playground";
    | ^^^^^^^^^^^^^^^^^^^^^^^^^^^^^^^^^^^^^^^^^^^^^^^^^^^^^^^^^^^^^^^^
  4 | import { SiteFooter } from "@/components/site-footer";
  5 | import { CoffeeSupportCard } from "@/components/coffee-support-card";
  6 |

Import map: aliased to relative './components/cosma/playground' inside of [project]/

https://nextjs.org/docs/messages/module-not-found @ http://localhost:4200/_next/static/chunks/0aus_next_dist_00tg.dm._.js:1945
[    9051ms] [ERROR] ./app/cosma/page.tsx:3:1
Module not found: Can't resolve '@/components/cosma/playground'
  1 | import type { Metadata } from "next";
  2 | import { Navigation } from "@/components/navigation";
> 3 | import { CosmaPlayground } from "@/components/cosma/playground";
    | ^^^^^^^^^^^^^^^^^^^^^^^^^^^^^^^^^^^^^^^^^^^^^^^^^^^^^^^^^^^^^^^^
  4 | import { SiteFooter } from "@/components/site-footer";
  5 | import { CoffeeSupportCard } from "@/components/coffee-support-card";
  6 |

Import map: aliased to relative './components/cosma/playground' inside of [project]/

https://nextjs.org/docs/messages/module-not-found @ http://localhost:4200/_next/static/chunks/0aus_next_dist_00tg.dm._.js:1945
[    9117ms] [ERROR] ./app/cosma/page.tsx:3:1
Module not found: Can't resolve '@/components/cosma/playground'
  1 | import type { Metadata } from "next";
  2 | import { Navigation } from "@/components/navigation";
> 3 | import { CosmaPlayground } from "@/components/cosma/playground";
    | ^^^^^^^^^^^^^^^^^^^^^^^^^^^^^^^^^^^^^^^^^^^^^^^^^^^^^^^^^^^^^^^^
  4 | import { SiteFooter } from "@/components/site-footer";
  5 | import { CoffeeSupportCard } from "@/components/coffee-support-card";
  6 |

Import map: aliased to relative './components/cosma/playground' inside of [project]/

https://nextjs.org/docs/messages/module-not-found @ http://localhost:4200/_next/static/chunks/0aus_next_dist_00tg.dm._.js:1945
[    9180ms] [ERROR] ./app/cosma/page.tsx:3:1
Module not found: Can't resolve '@/components/cosma/playground'
  1 | import type { Metadata } from "next";
  2 | import { Navigation } from "@/components/navigation";
> 3 | import { CosmaPlayground } from "@/components/cosma/playground";
    | ^^^^^^^^^^^^^^^^^^^^^^^^^^^^^^^^^^^^^^^^^^^^^^^^^^^^^^^^^^^^^^^^
  4 | import { SiteFooter } from "@/components/site-footer";
  5 | import { CoffeeSupportCard } from "@/components/coffee-support-card";
  6 |

Import map: aliased to relative './components/cosma/playground' inside of [project]/

https://nextjs.org/docs/messages/module-not-found @ http://localhost:4200/_next/static/chunks/0aus_next_dist_00tg.dm._.js:1945
[    9244ms] [ERROR] ./app/cosma/page.tsx:3:1
Module not found: Can't resolve '@/components/cosma/playground'
  1 | import type { Metadata } from "next";
  2 | import { Navigation } from "@/components/navigation";
> 3 | import { CosmaPlayground } from "@/components/cosma/playground";
    | ^^^^^^^^^^^^^^^^^^^^^^^^^^^^^^^^^^^^^^^^^^^^^^^^^^^^^^^^^^^^^^^^
  4 | import { SiteFooter } from "@/components/site-footer";
  5 | import { CoffeeSupportCard } from "@/components/coffee-support-card";
  6 |

Import map: aliased to relative './components/cosma/playground' inside of [project]/

https://nextjs.org/docs/messages/module-not-found @ http://localhost:4200/_next/static/chunks/0aus_next_dist_00tg.dm._.js:1945
[    9304ms] [ERROR] ./app/cosma/page.tsx:3:1
Module not found: Can't resolve '@/components/cosma/playground'
  1 | import type { Metadata } from "next";
  2 | import { Navigation } from "@/components/navigation";
> 3 | import { CosmaPlayground } from "@/components/cosma/playground";
    | ^^^^^^^^^^^^^^^^^^^^^^^^^^^^^^^^^^^^^^^^^^^^^^^^^^^^^^^^^^^^^^^^
  4 | import { SiteFooter } from "@/components/site-footer";
  5 | import { CoffeeSupportCard } from "@/components/coffee-support-card";
  6 |

Import map: aliased to relative './components/cosma/playground' inside of [project]/

https://nextjs.org/docs/messages/module-not-found @ http://localhost:4200/_next/static/chunks/0aus_next_dist_00tg.dm._.js:1945
[    9411ms] [ERROR] ./app/cosma/page.tsx:3:1
Module not found: Can't resolve '@/components/cosma/playground'
  1 | import type { Metadata } from "next";
  2 | import { Navigation } from "@/components/navigation";
> 3 | import { CosmaPlayground } from "@/components/cosma/playground";
    | ^^^^^^^^^^^^^^^^^^^^^^^^^^^^^^^^^^^^^^^^^^^^^^^^^^^^^^^^^^^^^^^^
  4 | import { SiteFooter } from "@/components/site-footer";
  5 | import { CoffeeSupportCard } from "@/components/coffee-support-card";
  6 |

Import map: aliased to relative './components/cosma/playground' inside of [project]/

https://nextjs.org/docs/messages/module-not-found @ http://localhost:4200/_next/static/chunks/0aus_next_dist_00tg.dm._.js:1945
[    9430ms] [LOG] [Fast Refresh] rebuilding @ http://localhost:4200/_next/static/chunks/0aus_next_dist_00tg.dm._.js:1226
[    9492ms] [ERROR] ./app/cosma/page.tsx:3:1
Module not found: Can't resolve '@/components/cosma/playground'
  1 | import type { Metadata } from "next";
  2 | import { Navigation } from "@/components/navigation";
> 3 | import { CosmaPlayground } from "@/components/cosma/playground";
    | ^^^^^^^^^^^^^^^^^^^^^^^^^^^^^^^^^^^^^^^^^^^^^^^^^^^^^^^^^^^^^^^^
  4 | import { SiteFooter } from "@/components/site-footer";
  5 | import { CoffeeSupportCard } from "@/components/coffee-support-card";
  6 |

Import map: aliased to relative './components/cosma/playground' inside of [project]/

https://nextjs.org/docs/messages/module-not-found @ http://localhost:4200/_next/static/chunks/0aus_next_dist_00tg.dm._.js:1945
[    9553ms] [ERROR] ./app/cosma/page.tsx:3:1
Module not found: Can't resolve '@/components/cosma/playground'
  1 | import type { Metadata } from "next";
  2 | import { Navigation } from "@/components/navigation";
> 3 | import { CosmaPlayground } from "@/components/cosma/playground";
    | ^^^^^^^^^^^^^^^^^^^^^^^^^^^^^^^^^^^^^^^^^^^^^^^^^^^^^^^^^^^^^^^^
  4 | import { SiteFooter } from "@/components/site-footer";
  5 | import { CoffeeSupportCard } from "@/components/coffee-support-card";
  6 |

Import map: aliased to relative './components/cosma/playground' inside of [project]/

https://nextjs.org/docs/messages/module-not-found @ http://localhost:4200/_next/static/chunks/0aus_next_dist_00tg.dm._.js:1945
[    9614ms] [ERROR] ./app/cosma/page.tsx:3:1
Module not found: Can't resolve '@/components/cosma/playground'
  1 | import type { Metadata } from "next";
  2 | import { Navigation } from "@/components/navigation";
> 3 | import { CosmaPlayground } from "@/components/cosma/playground";
    | ^^^^^^^^^^^^^^^^^^^^^^^^^^^^^^^^^^^^^^^^^^^^^^^^^^^^^^^^^^^^^^^^
  4 | import { SiteFooter } from "@/components/site-footer";
  5 | import { CoffeeSupportCard } from "@/components/coffee-support-card";
  6 |

Import map: aliased to relative './components/cosma/playground' inside of [project]/

https://nextjs.org/docs/messages/module-not-found @ http://localhost:4200/_next/static/chunks/0aus_next_dist_00tg.dm._.js:1945
[    9676ms] [ERROR] ./app/cosma/page.tsx:3:1
Module not found: Can't resolve '@/components/cosma/playground'
  1 | import type { Metadata } from "next";
  2 | import { Navigation } from "@/components/navigation";
> 3 | import { CosmaPlayground } from "@/components/cosma/playground";
    | ^^^^^^^^^^^^^^^^^^^^^^^^^^^^^^^^^^^^^^^^^^^^^^^^^^^^^^^^^^^^^^^^
  4 | import { SiteFooter } from "@/components/site-footer";
  5 | import { CoffeeSupportCard } from "@/components/coffee-support-card";
  6 |

Import map: aliased to relative './components/cosma/playground' inside of [project]/

https://nextjs.org/docs/messages/module-not-found @ http://localhost:4200/_next/static/chunks/0aus_next_dist_00tg.dm._.js:1945
[    9740ms] [ERROR] ./app/cosma/page.tsx:3:1
Module not found: Can't resolve '@/components/cosma/playground'
  1 | import type { Metadata } from "next";
  2 | import { Navigation } from "@/components/navigation";
> 3 | import { CosmaPlayground } from "@/components/cosma/playground";
    | ^^^^^^^^^^^^^^^^^^^^^^^^^^^^^^^^^^^^^^^^^^^^^^^^^^^^^^^^^^^^^^^^
  4 | import { SiteFooter } from "@/components/site-footer";
  5 | import { CoffeeSupportCard } from "@/components/coffee-support-card";
  6 |

Import map: aliased to relative './components/cosma/playground' inside of [project]/

https://nextjs.org/docs/messages/module-not-found @ http://localhost:4200/_next/static/chunks/0aus_next_dist_00tg.dm._.js:1945
[    9804ms] [ERROR] ./app/cosma/page.tsx:3:1
Module not found: Can't resolve '@/components/cosma/playground'
  1 | import type { Metadata } from "next";
  2 | import { Navigation } from "@/components/navigation";
> 3 | import { CosmaPlayground } from "@/components/cosma/playground";
    | ^^^^^^^^^^^^^^^^^^^^^^^^^^^^^^^^^^^^^^^^^^^^^^^^^^^^^^^^^^^^^^^^
  4 | import { SiteFooter } from "@/components/site-footer";
  5 | import { CoffeeSupportCard } from "@/components/coffee-support-card";
  6 |

Import map: aliased to relative './components/cosma/playground' inside of [project]/

https://nextjs.org/docs/messages/module-not-found @ http://localhost:4200/_next/static/chunks/0aus_next_dist_00tg.dm._.js:1945
[    9869ms] [ERROR] ./app/cosma/page.tsx:3:1
Module not found: Can't resolve '@/components/cosma/playground'
  1 | import type { Metadata } from "next";
  2 | import { Navigation } from "@/components/navigation";
> 3 | import { CosmaPlayground } from "@/components/cosma/playground";
    | ^^^^^^^^^^^^^^^^^^^^^^^^^^^^^^^^^^^^^^^^^^^^^^^^^^^^^^^^^^^^^^^^
  4 | import { SiteFooter } from "@/components/site-footer";
  5 | import { CoffeeSupportCard } from "@/components/coffee-support-card";
  6 |

Import map: aliased to relative './components/cosma/playground' inside of [project]/

https://nextjs.org/docs/messages/module-not-found @ http://localhost:4200/_next/static/chunks/0aus_next_dist_00tg.dm._.js:1945
[    9936ms] [ERROR] ./app/cosma/page.tsx:3:1
Module not found: Can't resolve '@/components/cosma/playground'
  1 | import type { Metadata } from "next";
  2 | import { Navigation } from "@/components/navigation";
> 3 | import { CosmaPlayground } from "@/components/cosma/playground";
    | ^^^^^^^^^^^^^^^^^^^^^^^^^^^^^^^^^^^^^^^^^^^^^^^^^^^^^^^^^^^^^^^^
  4 | import { SiteFooter } from "@/components/site-footer";
  5 | import { CoffeeSupportCard } from "@/components/coffee-support-card";
  6 |

Import map: aliased to relative './components/cosma/playground' inside of [project]/

https://nextjs.org/docs/messages/module-not-found @ http://localhost:4200/_next/static/chunks/0aus_next_dist_00tg.dm._.js:1945
[   10000ms] [ERROR] ./app/cosma/page.tsx:3:1
Module not found: Can't resolve '@/components/cosma/playground'
  1 | import type { Metadata } from "next";
  2 | import { Navigation } from "@/components/navigation";
> 3 | import { CosmaPlayground } from "@/components/cosma/playground";
    | ^^^^^^^^^^^^^^^^^^^^^^^^^^^^^^^^^^^^^^^^^^^^^^^^^^^^^^^^^^^^^^^^
  4 | import { SiteFooter } from "@/components/site-footer";
  5 | import { CoffeeSupportCard } from "@/components/coffee-support-card";
  6 |

Import map: aliased to relative './components/cosma/playground' inside of [project]/

https://nextjs.org/docs/messages/module-not-found @ http://localhost:4200/_next/static/chunks/0aus_next_dist_00tg.dm._.js:1945
[   10067ms] [ERROR] ./app/cosma/page.tsx:3:1
Module not found: Can't resolve '@/components/cosma/playground'
  1 | import type { Metadata } from "next";
  2 | import { Navigation } from "@/components/navigation";
> 3 | import { CosmaPlayground } from "@/components/cosma/playground";
    | ^^^^^^^^^^^^^^^^^^^^^^^^^^^^^^^^^^^^^^^^^^^^^^^^^^^^^^^^^^^^^^^^
  4 | import { SiteFooter } from "@/components/site-footer";
  5 | import { CoffeeSupportCard } from "@/components/coffee-support-card";
  6 |

Import map: aliased to relative './components/cosma/playground' inside of [project]/

https://nextjs.org/docs/messages/module-not-found @ http://localhost:4200/_next/static/chunks/0aus_next_dist_00tg.dm._.js:1945
[   10132ms] [ERROR] ./app/cosma/page.tsx:3:1
Module not found: Can't resolve '@/components/cosma/playground'
  1 | import type { Metadata } from "next";
  2 | import { Navigation } from "@/components/navigation";
> 3 | import { CosmaPlayground } from "@/components/cosma/playground";
    | ^^^^^^^^^^^^^^^^^^^^^^^^^^^^^^^^^^^^^^^^^^^^^^^^^^^^^^^^^^^^^^^^
  4 | import { SiteFooter } from "@/components/site-footer";
  5 | import { CoffeeSupportCard } from "@/components/coffee-support-card";
  6 |

Import map: aliased to relative './components/cosma/playground' inside of [project]/

https://nextjs.org/docs/messages/module-not-found @ http://localhost:4200/_next/static/chunks/0aus_next_dist_00tg.dm._.js:1945
[   10195ms] [ERROR] ./app/cosma/page.tsx:3:1
Module not found: Can't resolve '@/components/cosma/playground'
  1 | import type { Metadata } from "next";
  2 | import { Navigation } from "@/components/navigation";
> 3 | import { CosmaPlayground } from "@/components/cosma/playground";
    | ^^^^^^^^^^^^^^^^^^^^^^^^^^^^^^^^^^^^^^^^^^^^^^^^^^^^^^^^^^^^^^^^
  4 | import { SiteFooter } from "@/components/site-footer";
  5 | import { CoffeeSupportCard } from "@/components/coffee-support-card";
  6 |

Import map: aliased to relative './components/cosma/playground' inside of [project]/

https://nextjs.org/docs/messages/module-not-found @ http://localhost:4200/_next/static/chunks/0aus_next_dist_00tg.dm._.js:1945
[   10258ms] [ERROR] ./app/cosma/page.tsx:3:1
Module not found: Can't resolve '@/components/cosma/playground'
  1 | import type { Metadata } from "next";
  2 | import { Navigation } from "@/components/navigation";
> 3 | import { CosmaPlayground } from "@/components/cosma/playground";
    | ^^^^^^^^^^^^^^^^^^^^^^^^^^^^^^^^^^^^^^^^^^^^^^^^^^^^^^^^^^^^^^^^
  4 | import { SiteFooter } from "@/components/site-footer";
  5 | import { CoffeeSupportCard } from "@/components/coffee-support-card";
  6 |

Import map: aliased to relative './components/cosma/playground' inside of [project]/

https://nextjs.org/docs/messages/module-not-found @ http://localhost:4200/_next/static/chunks/0aus_next_dist_00tg.dm._.js:1945
[   10321ms] [ERROR] ./app/cosma/page.tsx:3:1
Module not found: Can't resolve '@/components/cosma/playground'
  1 | import type { Metadata } from "next";
  2 | import { Navigation } from "@/components/navigation";
> 3 | import { CosmaPlayground } from "@/components/cosma/playground";
    | ^^^^^^^^^^^^^^^^^^^^^^^^^^^^^^^^^^^^^^^^^^^^^^^^^^^^^^^^^^^^^^^^
  4 | import { SiteFooter } from "@/components/site-footer";
  5 | import { CoffeeSupportCard } from "@/components/coffee-support-card";
  6 |

Import map: aliased to relative './components/cosma/playground' inside of [project]/

https://nextjs.org/docs/messages/module-not-found @ http://localhost:4200/_next/static/chunks/0aus_next_dist_00tg.dm._.js:1945
[   10384ms] [ERROR] ./app/cosma/page.tsx:3:1
Module not found: Can't resolve '@/components/cosma/playground'
  1 | import type { Metadata } from "next";
  2 | import { Navigation } from "@/components/navigation";
> 3 | import { CosmaPlayground } from "@/components/cosma/playground";
    | ^^^^^^^^^^^^^^^^^^^^^^^^^^^^^^^^^^^^^^^^^^^^^^^^^^^^^^^^^^^^^^^^
  4 | import { SiteFooter } from "@/components/site-footer";
  5 | import { CoffeeSupportCard } from "@/components/coffee-support-card";
  6 |

Import map: aliased to relative './components/cosma/playground' inside of [project]/

https://nextjs.org/docs/messages/module-not-found @ http://localhost:4200/_next/static/chunks/0aus_next_dist_00tg.dm._.js:1945
[   10449ms] [ERROR] ./app/cosma/page.tsx:3:1
Module not found: Can't resolve '@/components/cosma/playground'
  1 | import type { Metadata } from "next";
  2 | import { Navigation } from "@/components/navigation";
> 3 | import { CosmaPlayground } from "@/components/cosma/playground";
    | ^^^^^^^^^^^^^^^^^^^^^^^^^^^^^^^^^^^^^^^^^^^^^^^^^^^^^^^^^^^^^^^^
  4 | import { SiteFooter } from "@/components/site-footer";
  5 | import { CoffeeSupportCard } from "@/components/coffee-support-card";
  6 |

Import map: aliased to relative './components/cosma/playground' inside of [project]/

https://nextjs.org/docs/messages/module-not-found @ http://localhost:4200/_next/static/chunks/0aus_next_dist_00tg.dm._.js:1945
[   10511ms] [ERROR] ./app/cosma/page.tsx:3:1
Module not found: Can't resolve '@/components/cosma/playground'
  1 | import type { Metadata } from "next";
  2 | import { Navigation } from "@/components/navigation";
> 3 | import { CosmaPlayground } from "@/components/cosma/playground";
    | ^^^^^^^^^^^^^^^^^^^^^^^^^^^^^^^^^^^^^^^^^^^^^^^^^^^^^^^^^^^^^^^^
  4 | import { SiteFooter } from "@/components/site-footer";
  5 | import { CoffeeSupportCard } from "@/components/coffee-support-card";
  6 |

Import map: aliased to relative './components/cosma/playground' inside of [project]/

https://nextjs.org/docs/messages/module-not-found @ http://localhost:4200/_next/static/chunks/0aus_next_dist_00tg.dm._.js:1945
[   10575ms] [ERROR] ./app/cosma/page.tsx:3:1
Module not found: Can't resolve '@/components/cosma/playground'
  1 | import type { Metadata } from "next";
  2 | import { Navigation } from "@/components/navigation";
> 3 | import { CosmaPlayground } from "@/components/cosma/playground";
    | ^^^^^^^^^^^^^^^^^^^^^^^^^^^^^^^^^^^^^^^^^^^^^^^^^^^^^^^^^^^^^^^^
  4 | import { SiteFooter } from "@/components/site-footer";
  5 | import { CoffeeSupportCard } from "@/components/coffee-support-card";
  6 |

Import map: aliased to relative './components/cosma/playground' inside of [project]/

https://nextjs.org/docs/messages/module-not-found @ http://localhost:4200/_next/static/chunks/0aus_next_dist_00tg.dm._.js:1945
[   10638ms] [ERROR] ./app/cosma/page.tsx:3:1
Module not found: Can't resolve '@/components/cosma/playground'
  1 | import type { Metadata } from "next";
  2 | import { Navigation } from "@/components/navigation";
> 3 | import { CosmaPlayground } from "@/components/cosma/playground";
    | ^^^^^^^^^^^^^^^^^^^^^^^^^^^^^^^^^^^^^^^^^^^^^^^^^^^^^^^^^^^^^^^^
  4 | import { SiteFooter } from "@/components/site-footer";
  5 | import { CoffeeSupportCard } from "@/components/coffee-support-card";
  6 |

Import map: aliased to relative './components/cosma/playground' inside of [project]/

https://nextjs.org/docs/messages/module-not-found @ http://localhost:4200/_next/static/chunks/0aus_next_dist_00tg.dm._.js:1945
[   10702ms] [ERROR] ./app/cosma/page.tsx:3:1
Module not found: Can't resolve '@/components/cosma/playground'
  1 | import type { Metadata } from "next";
  2 | import { Navigation } from "@/components/navigation";
> 3 | import { CosmaPlayground } from "@/components/cosma/playground";
    | ^^^^^^^^^^^^^^^^^^^^^^^^^^^^^^^^^^^^^^^^^^^^^^^^^^^^^^^^^^^^^^^^
  4 | import { SiteFooter } from "@/components/site-footer";
  5 | import { CoffeeSupportCard } from "@/components/coffee-support-card";
  6 |

Import map: aliased to relative './components/cosma/playground' inside of [project]/

https://nextjs.org/docs/messages/module-not-found @ http://localhost:4200/_next/static/chunks/0aus_next_dist_00tg.dm._.js:1945
[   10767ms] [ERROR] ./app/cosma/page.tsx:3:1
Module not found: Can't resolve '@/components/cosma/playground'
  1 | import type { Metadata } from "next";
  2 | import { Navigation } from "@/components/navigation";
> 3 | import { CosmaPlayground } from "@/components/cosma/playground";
    | ^^^^^^^^^^^^^^^^^^^^^^^^^^^^^^^^^^^^^^^^^^^^^^^^^^^^^^^^^^^^^^^^
  4 | import { SiteFooter } from "@/components/site-footer";
  5 | import { CoffeeSupportCard } from "@/components/coffee-support-card";
  6 |

Import map: aliased to relative './components/cosma/playground' inside of [project]/

https://nextjs.org/docs/messages/module-not-found @ http://localhost:4200/_next/static/chunks/0aus_next_dist_00tg.dm._.js:1945
[   10831ms] [ERROR] ./app/cosma/page.tsx:3:1
Module not found: Can't resolve '@/components/cosma/playground'
  1 | import type { Metadata } from "next";
  2 | import { Navigation } from "@/components/navigation";
> 3 | import { CosmaPlayground } from "@/components/cosma/playground";
    | ^^^^^^^^^^^^^^^^^^^^^^^^^^^^^^^^^^^^^^^^^^^^^^^^^^^^^^^^^^^^^^^^
  4 | import { SiteFooter } from "@/components/site-footer";
  5 | import { CoffeeSupportCard } from "@/components/coffee-support-card";
  6 |

Import map: aliased to relative './components/cosma/playground' inside of [project]/

https://nextjs.org/docs/messages/module-not-found @ http://localhost:4200/_next/static/chunks/0aus_next_dist_00tg.dm._.js:1945
[   10894ms] [ERROR] ./app/cosma/page.tsx:3:1
Module not found: Can't resolve '@/components/cosma/playground'
  1 | import type { Metadata } from "next";
  2 | import { Navigation } from "@/components/navigation";
> 3 | import { CosmaPlayground } from "@/components/cosma/playground";
    | ^^^^^^^^^^^^^^^^^^^^^^^^^^^^^^^^^^^^^^^^^^^^^^^^^^^^^^^^^^^^^^^^
  4 | import { SiteFooter } from "@/components/site-footer";
  5 | import { CoffeeSupportCard } from "@/components/coffee-support-card";
  6 |

Import map: aliased to relative './components/cosma/playground' inside of [project]/

https://nextjs.org/docs/messages/module-not-found @ http://localhost:4200/_next/static/chunks/0aus_next_dist_00tg.dm._.js:1945
[   10957ms] [ERROR] ./app/cosma/page.tsx:3:1
Module not found: Can't resolve '@/components/cosma/playground'
  1 | import type { Metadata } from "next";
  2 | import { Navigation } from "@/components/navigation";
> 3 | import { CosmaPlayground } from "@/components/cosma/playground";
    | ^^^^^^^^^^^^^^^^^^^^^^^^^^^^^^^^^^^^^^^^^^^^^^^^^^^^^^^^^^^^^^^^
  4 | import { SiteFooter } from "@/components/site-footer";
  5 | import { CoffeeSupportCard } from "@/components/coffee-support-card";
  6 |

Import map: aliased to relative './components/cosma/playground' inside of [project]/

https://nextjs.org/docs/messages/module-not-found @ http://localhost:4200/_next/static/chunks/0aus_next_dist_00tg.dm._.js:1945
[   11019ms] [ERROR] ./app/cosma/page.tsx:3:1
Module not found: Can't resolve '@/components/cosma/playground'
  1 | import type { Metadata } from "next";
  2 | import { Navigation } from "@/components/navigation";
> 3 | import { CosmaPlayground } from "@/components/cosma/playground";
    | ^^^^^^^^^^^^^^^^^^^^^^^^^^^^^^^^^^^^^^^^^^^^^^^^^^^^^^^^^^^^^^^^
  4 | import { SiteFooter } from "@/components/site-footer";
  5 | import { CoffeeSupportCard } from "@/components/coffee-support-card";
  6 |

Import map: aliased to relative './components/cosma/playground' inside of [project]/

https://nextjs.org/docs/messages/module-not-found @ http://localhost:4200/_next/static/chunks/0aus_next_dist_00tg.dm._.js:1945
[   11082ms] [ERROR] ./app/cosma/page.tsx:3:1
Module not found: Can't resolve '@/components/cosma/playground'
  1 | import type { Metadata } from "next";
  2 | import { Navigation } from "@/components/navigation";
> 3 | import { CosmaPlayground } from "@/components/cosma/playground";
    | ^^^^^^^^^^^^^^^^^^^^^^^^^^^^^^^^^^^^^^^^^^^^^^^^^^^^^^^^^^^^^^^^
  4 | import { SiteFooter } from "@/components/site-footer";
  5 | import { CoffeeSupportCard } from "@/components/coffee-support-card";
  6 |

Import map: aliased to relative './components/cosma/playground' inside of [project]/

https://nextjs.org/docs/messages/module-not-found @ http://localhost:4200/_next/static/chunks/0aus_next_dist_00tg.dm._.js:1945
[   11146ms] [ERROR] ./app/cosma/page.tsx:3:1
Module not found: Can't resolve '@/components/cosma/playground'
  1 | import type { Metadata } from "next";
  2 | import { Navigation } from "@/components/navigation";
> 3 | import { CosmaPlayground } from "@/components/cosma/playground";
    | ^^^^^^^^^^^^^^^^^^^^^^^^^^^^^^^^^^^^^^^^^^^^^^^^^^^^^^^^^^^^^^^^
  4 | import { SiteFooter } from "@/components/site-footer";
  5 | import { CoffeeSupportCard } from "@/components/coffee-support-card";
  6 |

Import map: aliased to relative './components/cosma/playground' inside of [project]/

https://nextjs.org/docs/messages/module-not-found @ http://localhost:4200/_next/static/chunks/0aus_next_dist_00tg.dm._.js:1945
[   11210ms] [ERROR] ./app/cosma/page.tsx:3:1
Module not found: Can't resolve '@/components/cosma/playground'
  1 | import type { Metadata } from "next";
  2 | import { Navigation } from "@/components/navigation";
> 3 | import { CosmaPlayground } from "@/components/cosma/playground";
    | ^^^^^^^^^^^^^^^^^^^^^^^^^^^^^^^^^^^^^^^^^^^^^^^^^^^^^^^^^^^^^^^^
  4 | import { SiteFooter } from "@/components/site-footer";
  5 | import { CoffeeSupportCard } from "@/components/coffee-support-card";
  6 |

Import map: aliased to relative './components/cosma/playground' inside of [project]/

https://nextjs.org/docs/messages/module-not-found @ http://localhost:4200/_next/static/chunks/0aus_next_dist_00tg.dm._.js:1945
[   11275ms] [ERROR] ./app/cosma/page.tsx:3:1
Module not found: Can't resolve '@/components/cosma/playground'
  1 | import type { Metadata } from "next";
  2 | import { Navigation } from "@/components/navigation";
> 3 | import { CosmaPlayground } from "@/components/cosma/playground";
    | ^^^^^^^^^^^^^^^^^^^^^^^^^^^^^^^^^^^^^^^^^^^^^^^^^^^^^^^^^^^^^^^^
  4 | import { SiteFooter } from "@/components/site-footer";
  5 | import { CoffeeSupportCard } from "@/components/coffee-support-card";
  6 |

Import map: aliased to relative './components/cosma/playground' inside of [project]/

https://nextjs.org/docs/messages/module-not-found @ http://localhost:4200/_next/static/chunks/0aus_next_dist_00tg.dm._.js:1945
[   11339ms] [ERROR] ./app/cosma/page.tsx:3:1
Module not found: Can't resolve '@/components/cosma/playground'
  1 | import type { Metadata } from "next";
  2 | import { Navigation } from "@/components/navigation";
> 3 | import { CosmaPlayground } from "@/components/cosma/playground";
    | ^^^^^^^^^^^^^^^^^^^^^^^^^^^^^^^^^^^^^^^^^^^^^^^^^^^^^^^^^^^^^^^^
  4 | import { SiteFooter } from "@/components/site-footer";
  5 | import { CoffeeSupportCard } from "@/components/coffee-support-card";
  6 |

Import map: aliased to relative './components/cosma/playground' inside of [project]/

https://nextjs.org/docs/messages/module-not-found @ http://localhost:4200/_next/static/chunks/0aus_next_dist_00tg.dm._.js:1945
[   11405ms] [ERROR] ./app/cosma/page.tsx:3:1
Module not found: Can't resolve '@/components/cosma/playground'
  1 | import type { Metadata } from "next";
  2 | import { Navigation } from "@/components/navigation";
> 3 | import { CosmaPlayground } from "@/components/cosma/playground";
    | ^^^^^^^^^^^^^^^^^^^^^^^^^^^^^^^^^^^^^^^^^^^^^^^^^^^^^^^^^^^^^^^^
  4 | import { SiteFooter } from "@/components/site-footer";
  5 | import { CoffeeSupportCard } from "@/components/coffee-support-card";
  6 |

Import map: aliased to relative './components/cosma/playground' inside of [project]/

https://nextjs.org/docs/messages/module-not-found @ http://localhost:4200/_next/static/chunks/0aus_next_dist_00tg.dm._.js:1945
[   11467ms] [ERROR] ./app/cosma/page.tsx:3:1
Module not found: Can't resolve '@/components/cosma/playground'
  1 | import type { Metadata } from "next";
  2 | import { Navigation } from "@/components/navigation";
> 3 | import { CosmaPlayground } from "@/components/cosma/playground";
    | ^^^^^^^^^^^^^^^^^^^^^^^^^^^^^^^^^^^^^^^^^^^^^^^^^^^^^^^^^^^^^^^^
  4 | import { SiteFooter } from "@/components/site-footer";
  5 | import { CoffeeSupportCard } from "@/components/coffee-support-card";
  6 |

Import map: aliased to relative './components/cosma/playground' inside of [project]/

https://nextjs.org/docs/messages/module-not-found @ http://localhost:4200/_next/static/chunks/0aus_next_dist_00tg.dm._.js:1945
[   11531ms] [ERROR] ./app/cosma/page.tsx:3:1
Module not found: Can't resolve '@/components/cosma/playground'
  1 | import type { Metadata } from "next";
  2 | import { Navigation } from "@/components/navigation";
> 3 | import { CosmaPlayground } from "@/components/cosma/playground";
    | ^^^^^^^^^^^^^^^^^^^^^^^^^^^^^^^^^^^^^^^^^^^^^^^^^^^^^^^^^^^^^^^^
  4 | import { SiteFooter } from "@/components/site-footer";
  5 | import { CoffeeSupportCard } from "@/components/coffee-support-card";
  6 |

Import map: aliased to relative './components/cosma/playground' inside of [project]/

https://nextjs.org/docs/messages/module-not-found @ http://localhost:4200/_next/static/chunks/0aus_next_dist_00tg.dm._.js:1945
[   11595ms] [ERROR] ./app/cosma/page.tsx:3:1
Module not found: Can't resolve '@/components/cosma/playground'
  1 | import type { Metadata } from "next";
  2 | import { Navigation } from "@/components/navigation";
> 3 | import { CosmaPlayground } from "@/components/cosma/playground";
    | ^^^^^^^^^^^^^^^^^^^^^^^^^^^^^^^^^^^^^^^^^^^^^^^^^^^^^^^^^^^^^^^^
  4 | import { SiteFooter } from "@/components/site-footer";
  5 | import { CoffeeSupportCard } from "@/components/coffee-support-card";
  6 |

Import map: aliased to relative './components/cosma/playground' inside of [project]/

https://nextjs.org/docs/messages/module-not-found @ http://localhost:4200/_next/static/chunks/0aus_next_dist_00tg.dm._.js:1945
[   11659ms] [ERROR] ./app/cosma/page.tsx:3:1
Module not found: Can't resolve '@/components/cosma/playground'
  1 | import type { Metadata } from "next";
  2 | import { Navigation } from "@/components/navigation";
> 3 | import { CosmaPlayground } from "@/components/cosma/playground";
    | ^^^^^^^^^^^^^^^^^^^^^^^^^^^^^^^^^^^^^^^^^^^^^^^^^^^^^^^^^^^^^^^^
  4 | import { SiteFooter } from "@/components/site-footer";
  5 | import { CoffeeSupportCard } from "@/components/coffee-support-card";
  6 |

Import map: aliased to relative './components/cosma/playground' inside of [project]/

https://nextjs.org/docs/messages/module-not-found @ http://localhost:4200/_next/static/chunks/0aus_next_dist_00tg.dm._.js:1945
[   11723ms] [ERROR] ./app/cosma/page.tsx:3:1
Module not found: Can't resolve '@/components/cosma/playground'
  1 | import type { Metadata } from "next";
  2 | import { Navigation } from "@/components/navigation";
> 3 | import { CosmaPlayground } from "@/components/cosma/playground";
    | ^^^^^^^^^^^^^^^^^^^^^^^^^^^^^^^^^^^^^^^^^^^^^^^^^^^^^^^^^^^^^^^^
  4 | import { SiteFooter } from "@/components/site-footer";
  5 | import { CoffeeSupportCard } from "@/components/coffee-support-card";
  6 |

Import map: aliased to relative './components/cosma/playground' inside of [project]/

https://nextjs.org/docs/messages/module-not-found @ http://localhost:4200/_next/static/chunks/0aus_next_dist_00tg.dm._.js:1945
[   11786ms] [ERROR] ./app/cosma/page.tsx:3:1
Module not found: Can't resolve '@/components/cosma/playground'
  1 | import type { Metadata } from "next";
  2 | import { Navigation } from "@/components/navigation";
> 3 | import { CosmaPlayground } from "@/components/cosma/playground";
    | ^^^^^^^^^^^^^^^^^^^^^^^^^^^^^^^^^^^^^^^^^^^^^^^^^^^^^^^^^^^^^^^^
  4 | import { SiteFooter } from "@/components/site-footer";
  5 | import { CoffeeSupportCard } from "@/components/coffee-support-card";
  6 |

Import map: aliased to relative './components/cosma/playground' inside of [project]/

https://nextjs.org/docs/messages/module-not-found @ http://localhost:4200/_next/static/chunks/0aus_next_dist_00tg.dm._.js:1945
[   11850ms] [ERROR] ./app/cosma/page.tsx:3:1
Module not found: Can't resolve '@/components/cosma/playground'
  1 | import type { Metadata } from "next";
  2 | import { Navigation } from "@/components/navigation";
> 3 | import { CosmaPlayground } from "@/components/cosma/playground";
    | ^^^^^^^^^^^^^^^^^^^^^^^^^^^^^^^^^^^^^^^^^^^^^^^^^^^^^^^^^^^^^^^^
  4 | import { SiteFooter } from "@/components/site-footer";
  5 | import { CoffeeSupportCard } from "@/components/coffee-support-card";
  6 |

Import map: aliased to relative './components/cosma/playground' inside of [project]/

https://nextjs.org/docs/messages/module-not-found @ http://localhost:4200/_next/static/chunks/0aus_next_dist_00tg.dm._.js:1945
[   11913ms] [ERROR] ./app/cosma/page.tsx:3:1
Module not found: Can't resolve '@/components/cosma/playground'
  1 | import type { Metadata } from "next";
  2 | import { Navigation } from "@/components/navigation";
> 3 | import { CosmaPlayground } from "@/components/cosma/playground";
    | ^^^^^^^^^^^^^^^^^^^^^^^^^^^^^^^^^^^^^^^^^^^^^^^^^^^^^^^^^^^^^^^^
  4 | import { SiteFooter } from "@/components/site-footer";
  5 | import { CoffeeSupportCard } from "@/components/coffee-support-card";
  6 |

Import map: aliased to relative './components/cosma/playground' inside of [project]/

https://nextjs.org/docs/messages/module-not-found @ http://localhost:4200/_next/static/chunks/0aus_next_dist_00tg.dm._.js:1945
[   11975ms] [ERROR] ./app/cosma/page.tsx:3:1
Module not found: Can't resolve '@/components/cosma/playground'
  1 | import type { Metadata } from "next";
  2 | import { Navigation } from "@/components/navigation";
> 3 | import { CosmaPlayground } from "@/components/cosma/playground";
    | ^^^^^^^^^^^^^^^^^^^^^^^^^^^^^^^^^^^^^^^^^^^^^^^^^^^^^^^^^^^^^^^^
  4 | import { SiteFooter } from "@/components/site-footer";
  5 | import { CoffeeSupportCard } from "@/components/coffee-support-card";
  6 |

Import map: aliased to relative './components/cosma/playground' inside of [project]/

https://nextjs.org/docs/messages/module-not-found @ http://localhost:4200/_next/static/chunks/0aus_next_dist_00tg.dm._.js:1945
[   12040ms] [ERROR] ./app/cosma/page.tsx:3:1
Module not found: Can't resolve '@/components/cosma/playground'
  1 | import type { Metadata } from "next";
  2 | import { Navigation } from "@/components/navigation";
> 3 | import { CosmaPlayground } from "@/components/cosma/playground";
    | ^^^^^^^^^^^^^^^^^^^^^^^^^^^^^^^^^^^^^^^^^^^^^^^^^^^^^^^^^^^^^^^^
  4 | import { SiteFooter } from "@/components/site-footer";
  5 | import { CoffeeSupportCard } from "@/components/coffee-support-card";
  6 |

Import map: aliased to relative './components/cosma/playground' inside of [project]/

https://nextjs.org/docs/messages/module-not-found @ http://localhost:4200/_next/static/chunks/0aus_next_dist_00tg.dm._.js:1945
[   12105ms] [ERROR] ./app/cosma/page.tsx:3:1
Module not found: Can't resolve '@/components/cosma/playground'
  1 | import type { Metadata } from "next";
  2 | import { Navigation } from "@/components/navigation";
> 3 | import { CosmaPlayground } from "@/components/cosma/playground";
    | ^^^^^^^^^^^^^^^^^^^^^^^^^^^^^^^^^^^^^^^^^^^^^^^^^^^^^^^^^^^^^^^^
  4 | import { SiteFooter } from "@/components/site-footer";
  5 | import { CoffeeSupportCard } from "@/components/coffee-support-card";
  6 |

Import map: aliased to relative './components/cosma/playground' inside of [project]/

https://nextjs.org/docs/messages/module-not-found @ http://localhost:4200/_next/static/chunks/0aus_next_dist_00tg.dm._.js:1945
[   12199ms] [ERROR] ./app/cosma/page.tsx:3:1
Module not found: Can't resolve '@/components/cosma/playground'
  1 | import type { Metadata } from "next";
  2 | import { Navigation } from "@/components/navigation";
> 3 | import { CosmaPlayground } from "@/components/cosma/playground";
    | ^^^^^^^^^^^^^^^^^^^^^^^^^^^^^^^^^^^^^^^^^^^^^^^^^^^^^^^^^^^^^^^^
  4 | import { SiteFooter } from "@/components/site-footer";
  5 | import { CoffeeSupportCard } from "@/components/coffee-support-card";
  6 |

Import map: aliased to relative './components/cosma/playground' inside of [project]/

https://nextjs.org/docs/messages/module-not-found @ http://localhost:4200/_next/static/chunks/0aus_next_dist_00tg.dm._.js:1945
[   12303ms] [ERROR] ./app/cosma/page.tsx:3:1
Module not found: Can't resolve '@/components/cosma/playground'
  1 | import type { Metadata } from "next";
  2 | import { Navigation } from "@/components/navigation";
> 3 | import { CosmaPlayground } from "@/components/cosma/playground";
    | ^^^^^^^^^^^^^^^^^^^^^^^^^^^^^^^^^^^^^^^^^^^^^^^^^^^^^^^^^^^^^^^^
  4 | import { SiteFooter } from "@/components/site-footer";
  5 | import { CoffeeSupportCard } from "@/components/coffee-support-card";
  6 |

Import map: aliased to relative './components/cosma/playground' inside of [project]/

https://nextjs.org/docs/messages/module-not-found @ http://localhost:4200/_next/static/chunks/0aus_next_dist_00tg.dm._.js:1945
[   12326ms] [LOG] [Fast Refresh] rebuilding @ http://localhost:4200/_next/static/chunks/0aus_next_dist_00tg.dm._.js:1226
[   12381ms] [ERROR] ./app/cosma/page.tsx:3:1
Module not found: Can't resolve '@/components/cosma/playground'
  1 | import type { Metadata } from "next";
  2 | import { Navigation } from "@/components/navigation";
> 3 | import { CosmaPlayground } from "@/components/cosma/playground";
    | ^^^^^^^^^^^^^^^^^^^^^^^^^^^^^^^^^^^^^^^^^^^^^^^^^^^^^^^^^^^^^^^^
  4 | import { SiteFooter } from "@/components/site-footer";
  5 | import { CoffeeSupportCard } from "@/components/coffee-support-card";
  6 |

Import map: aliased to relative './components/cosma/playground' inside of [project]/

https://nextjs.org/docs/messages/module-not-found @ http://localhost:4200/_next/static/chunks/0aus_next_dist_00tg.dm._.js:1945
[   12444ms] [ERROR] ./app/cosma/page.tsx:3:1
Module not found: Can't resolve '@/components/cosma/playground'
  1 | import type { Metadata } from "next";
  2 | import { Navigation } from "@/components/navigation";
> 3 | import { CosmaPlayground } from "@/components/cosma/playground";
    | ^^^^^^^^^^^^^^^^^^^^^^^^^^^^^^^^^^^^^^^^^^^^^^^^^^^^^^^^^^^^^^^^
  4 | import { SiteFooter } from "@/components/site-footer";
  5 | import { CoffeeSupportCard } from "@/components/coffee-support-card";
  6 |

Import map: aliased to relative './components/cosma/playground' inside of [project]/

https://nextjs.org/docs/messages/module-not-found @ http://localhost:4200/_next/static/chunks/0aus_next_dist_00tg.dm._.js:1945
[   12505ms] [ERROR] ./app/cosma/page.tsx:3:1
Module not found: Can't resolve '@/components/cosma/playground'
  1 | import type { Metadata } from "next";
  2 | import { Navigation } from "@/components/navigation";
> 3 | import { CosmaPlayground } from "@/components/cosma/playground";
    | ^^^^^^^^^^^^^^^^^^^^^^^^^^^^^^^^^^^^^^^^^^^^^^^^^^^^^^^^^^^^^^^^
  4 | import { SiteFooter } from "@/components/site-footer";
  5 | import { CoffeeSupportCard } from "@/components/coffee-support-card";
  6 |

Import map: aliased to relative './components/cosma/playground' inside of [project]/

https://nextjs.org/docs/messages/module-not-found @ http://localhost:4200/_next/static/chunks/0aus_next_dist_00tg.dm._.js:1945
[   12568ms] [ERROR] ./app/cosma/page.tsx:3:1
Module not found: Can't resolve '@/components/cosma/playground'
  1 | import type { Metadata } from "next";
  2 | import { Navigation } from "@/components/navigation";
> 3 | import { CosmaPlayground } from "@/components/cosma/playground";
    | ^^^^^^^^^^^^^^^^^^^^^^^^^^^^^^^^^^^^^^^^^^^^^^^^^^^^^^^^^^^^^^^^
  4 | import { SiteFooter } from "@/components/site-footer";
  5 | import { CoffeeSupportCard } from "@/components/coffee-support-card";
  6 |

Import map: aliased to relative './components/cosma/playground' inside of [project]/

https://nextjs.org/docs/messages/module-not-found @ http://localhost:4200/_next/static/chunks/0aus_next_dist_00tg.dm._.js:1945
[   12630ms] [ERROR] ./app/cosma/page.tsx:3:1
Module not found: Can't resolve '@/components/cosma/playground'
  1 | import type { Metadata } from "next";
  2 | import { Navigation } from "@/components/navigation";
> 3 | import { CosmaPlayground } from "@/components/cosma/playground";
    | ^^^^^^^^^^^^^^^^^^^^^^^^^^^^^^^^^^^^^^^^^^^^^^^^^^^^^^^^^^^^^^^^
  4 | import { SiteFooter } from "@/components/site-footer";
  5 | import { CoffeeSupportCard } from "@/components/coffee-support-card";
  6 |

Import map: aliased to relative './components/cosma/playground' inside of [project]/

https://nextjs.org/docs/messages/module-not-found @ http://localhost:4200/_next/static/chunks/0aus_next_dist_00tg.dm._.js:1945
[   12692ms] [ERROR] ./app/cosma/page.tsx:3:1
Module not found: Can't resolve '@/components/cosma/playground'
  1 | import type { Metadata } from "next";
  2 | import { Navigation } from "@/components/navigation";
> 3 | import { CosmaPlayground } from "@/components/cosma/playground";
    | ^^^^^^^^^^^^^^^^^^^^^^^^^^^^^^^^^^^^^^^^^^^^^^^^^^^^^^^^^^^^^^^^
  4 | import { SiteFooter } from "@/components/site-footer";
  5 | import { CoffeeSupportCard } from "@/components/coffee-support-card";
  6 |

Import map: aliased to relative './components/cosma/playground' inside of [project]/

https://nextjs.org/docs/messages/module-not-found @ http://localhost:4200/_next/static/chunks/0aus_next_dist_00tg.dm._.js:1945
[   12756ms] [ERROR] ./app/cosma/page.tsx:3:1
Module not found: Can't resolve '@/components/cosma/playground'
  1 | import type { Metadata } from "next";
  2 | import { Navigation } from "@/components/navigation";
> 3 | import { CosmaPlayground } from "@/components/cosma/playground";
    | ^^^^^^^^^^^^^^^^^^^^^^^^^^^^^^^^^^^^^^^^^^^^^^^^^^^^^^^^^^^^^^^^
  4 | import { SiteFooter } from "@/components/site-footer";
  5 | import { CoffeeSupportCard } from "@/components/coffee-support-card";
  6 |

Import map: aliased to relative './components/cosma/playground' inside of [project]/

https://nextjs.org/docs/messages/module-not-found @ http://localhost:4200/_next/static/chunks/0aus_next_dist_00tg.dm._.js:1945
[   12818ms] [ERROR] ./app/cosma/page.tsx:3:1
Module not found: Can't resolve '@/components/cosma/playground'
  1 | import type { Metadata } from "next";
  2 | import { Navigation } from "@/components/navigation";
> 3 | import { CosmaPlayground } from "@/components/cosma/playground";
    | ^^^^^^^^^^^^^^^^^^^^^^^^^^^^^^^^^^^^^^^^^^^^^^^^^^^^^^^^^^^^^^^^
  4 | import { SiteFooter } from "@/components/site-footer";
  5 | import { CoffeeSupportCard } from "@/components/coffee-support-card";
  6 |

Import map: aliased to relative './components/cosma/playground' inside of [project]/

https://nextjs.org/docs/messages/module-not-found @ http://localhost:4200/_next/static/chunks/0aus_next_dist_00tg.dm._.js:1945
[   12881ms] [ERROR] ./app/cosma/page.tsx:3:1
Module not found: Can't resolve '@/components/cosma/playground'
  1 | import type { Metadata } from "next";
  2 | import { Navigation } from "@/components/navigation";
> 3 | import { CosmaPlayground } from "@/components/cosma/playground";
    | ^^^^^^^^^^^^^^^^^^^^^^^^^^^^^^^^^^^^^^^^^^^^^^^^^^^^^^^^^^^^^^^^
  4 | import { SiteFooter } from "@/components/site-footer";
  5 | import { CoffeeSupportCard } from "@/components/coffee-support-card";
  6 |

Import map: aliased to relative './components/cosma/playground' inside of [project]/

https://nextjs.org/docs/messages/module-not-found @ http://localhost:4200/_next/static/chunks/0aus_next_dist_00tg.dm._.js:1945
[   12944ms] [ERROR] ./app/cosma/page.tsx:3:1
Module not found: Can't resolve '@/components/cosma/playground'
  1 | import type { Metadata } from "next";
  2 | import { Navigation } from "@/components/navigation";
> 3 | import { CosmaPlayground } from "@/components/cosma/playground";
    | ^^^^^^^^^^^^^^^^^^^^^^^^^^^^^^^^^^^^^^^^^^^^^^^^^^^^^^^^^^^^^^^^
  4 | import { SiteFooter } from "@/components/site-footer";
  5 | import { CoffeeSupportCard } from "@/components/coffee-support-card";
  6 |

Import map: aliased to relative './components/cosma/playground' inside of [project]/

https://nextjs.org/docs/messages/module-not-found @ http://localhost:4200/_next/static/chunks/0aus_next_dist_00tg.dm._.js:1945
[   13008ms] [ERROR] ./app/cosma/page.tsx:3:1
Module not found: Can't resolve '@/components/cosma/playground'
  1 | import type { Metadata } from "next";
  2 | import { Navigation } from "@/components/navigation";
> 3 | import { CosmaPlayground } from "@/components/cosma/playground";
    | ^^^^^^^^^^^^^^^^^^^^^^^^^^^^^^^^^^^^^^^^^^^^^^^^^^^^^^^^^^^^^^^^
  4 | import { SiteFooter } from "@/components/site-footer";
  5 | import { CoffeeSupportCard } from "@/components/coffee-support-card";
  6 |

Import map: aliased to relative './components/cosma/playground' inside of [project]/

https://nextjs.org/docs/messages/module-not-found @ http://localhost:4200/_next/static/chunks/0aus_next_dist_00tg.dm._.js:1945
[   13071ms] [ERROR] ./app/cosma/page.tsx:3:1
Module not found: Can't resolve '@/components/cosma/playground'
  1 | import type { Metadata } from "next";
  2 | import { Navigation } from "@/components/navigation";
> 3 | import { CosmaPlayground } from "@/components/cosma/playground";
    | ^^^^^^^^^^^^^^^^^^^^^^^^^^^^^^^^^^^^^^^^^^^^^^^^^^^^^^^^^^^^^^^^
  4 | import { SiteFooter } from "@/components/site-footer";
  5 | import { CoffeeSupportCard } from "@/components/coffee-support-card";
  6 |

Import map: aliased to relative './components/cosma/playground' inside of [project]/

https://nextjs.org/docs/messages/module-not-found @ http://localhost:4200/_next/static/chunks/0aus_next_dist_00tg.dm._.js:1945
[   13134ms] [ERROR] ./app/cosma/page.tsx:3:1
Module not found: Can't resolve '@/components/cosma/playground'
  1 | import type { Metadata } from "next";
  2 | import { Navigation } from "@/components/navigation";
> 3 | import { CosmaPlayground } from "@/components/cosma/playground";
    | ^^^^^^^^^^^^^^^^^^^^^^^^^^^^^^^^^^^^^^^^^^^^^^^^^^^^^^^^^^^^^^^^
  4 | import { SiteFooter } from "@/components/site-footer";
  5 | import { CoffeeSupportCard } from "@/components/coffee-support-card";
  6 |

Import map: aliased to relative './components/cosma/playground' inside of [project]/

https://nextjs.org/docs/messages/module-not-found @ http://localhost:4200/_next/static/chunks/0aus_next_dist_00tg.dm._.js:1945
[   13195ms] [ERROR] ./app/cosma/page.tsx:3:1
Module not found: Can't resolve '@/components/cosma/playground'
  1 | import type { Metadata } from "next";
  2 | import { Navigation } from "@/components/navigation";
> 3 | import { CosmaPlayground } from "@/components/cosma/playground";
    | ^^^^^^^^^^^^^^^^^^^^^^^^^^^^^^^^^^^^^^^^^^^^^^^^^^^^^^^^^^^^^^^^
  4 | import { SiteFooter } from "@/components/site-footer";
  5 | import { CoffeeSupportCard } from "@/components/coffee-support-card";
  6 |

Import map: aliased to relative './components/cosma/playground' inside of [project]/

https://nextjs.org/docs/messages/module-not-found @ http://localhost:4200/_next/static/chunks/0aus_next_dist_00tg.dm._.js:1945
[   13258ms] [ERROR] ./app/cosma/page.tsx:3:1
Module not found: Can't resolve '@/components/cosma/playground'
  1 | import type { Metadata } from "next";
  2 | import { Navigation } from "@/components/navigation";
> 3 | import { CosmaPlayground } from "@/components/cosma/playground";
    | ^^^^^^^^^^^^^^^^^^^^^^^^^^^^^^^^^^^^^^^^^^^^^^^^^^^^^^^^^^^^^^^^
  4 | import { SiteFooter } from "@/components/site-footer";
  5 | import { CoffeeSupportCard } from "@/components/coffee-support-card";
  6 |

Import map: aliased to relative './components/cosma/playground' inside of [project]/

https://nextjs.org/docs/messages/module-not-found @ http://localhost:4200/_next/static/chunks/0aus_next_dist_00tg.dm._.js:1945
[   13320ms] [ERROR] ./app/cosma/page.tsx:3:1
Module not found: Can't resolve '@/components/cosma/playground'
  1 | import type { Metadata } from "next";
  2 | import { Navigation } from "@/components/navigation";
> 3 | import { CosmaPlayground } from "@/components/cosma/playground";
    | ^^^^^^^^^^^^^^^^^^^^^^^^^^^^^^^^^^^^^^^^^^^^^^^^^^^^^^^^^^^^^^^^
  4 | import { SiteFooter } from "@/components/site-footer";
  5 | import { CoffeeSupportCard } from "@/components/coffee-support-card";
  6 |

Import map: aliased to relative './components/cosma/playground' inside of [project]/

https://nextjs.org/docs/messages/module-not-found @ http://localhost:4200/_next/static/chunks/0aus_next_dist_00tg.dm._.js:1945
[   13385ms] [ERROR] ./app/cosma/page.tsx:3:1
Module not found: Can't resolve '@/components/cosma/playground'
  1 | import type { Metadata } from "next";
  2 | import { Navigation } from "@/components/navigation";
> 3 | import { CosmaPlayground } from "@/components/cosma/playground";
    | ^^^^^^^^^^^^^^^^^^^^^^^^^^^^^^^^^^^^^^^^^^^^^^^^^^^^^^^^^^^^^^^^
  4 | import { SiteFooter } from "@/components/site-footer";
  5 | import { CoffeeSupportCard } from "@/components/coffee-support-card";
  6 |

Import map: aliased to relative './components/cosma/playground' inside of [project]/

https://nextjs.org/docs/messages/module-not-found @ http://localhost:4200/_next/static/chunks/0aus_next_dist_00tg.dm._.js:1945
[   13451ms] [ERROR] ./app/cosma/page.tsx:3:1
Module not found: Can't resolve '@/components/cosma/playground'
  1 | import type { Metadata } from "next";
  2 | import { Navigation } from "@/components/navigation";
> 3 | import { CosmaPlayground } from "@/components/cosma/playground";
    | ^^^^^^^^^^^^^^^^^^^^^^^^^^^^^^^^^^^^^^^^^^^^^^^^^^^^^^^^^^^^^^^^
  4 | import { SiteFooter } from "@/components/site-footer";
  5 | import { CoffeeSupportCard } from "@/components/coffee-support-card";
  6 |

Import map: aliased to relative './components/cosma/playground' inside of [project]/

https://nextjs.org/docs/messages/module-not-found @ http://localhost:4200/_next/static/chunks/0aus_next_dist_00tg.dm._.js:1945
[   13514ms] [ERROR] ./app/cosma/page.tsx:3:1
Module not found: Can't resolve '@/components/cosma/playground'
  1 | import type { Metadata } from "next";
  2 | import { Navigation } from "@/components/navigation";
> 3 | import { CosmaPlayground } from "@/components/cosma/playground";
    | ^^^^^^^^^^^^^^^^^^^^^^^^^^^^^^^^^^^^^^^^^^^^^^^^^^^^^^^^^^^^^^^^
  4 | import { SiteFooter } from "@/components/site-footer";
  5 | import { CoffeeSupportCard } from "@/components/coffee-support-card";
  6 |

Import map: aliased to relative './components/cosma/playground' inside of [project]/

https://nextjs.org/docs/messages/module-not-found @ http://localhost:4200/_next/static/chunks/0aus_next_dist_00tg.dm._.js:1945
[   13576ms] [ERROR] ./app/cosma/page.tsx:3:1
Module not found: Can't resolve '@/components/cosma/playground'
  1 | import type { Metadata } from "next";
  2 | import { Navigation } from "@/components/navigation";
> 3 | import { CosmaPlayground } from "@/components/cosma/playground";
    | ^^^^^^^^^^^^^^^^^^^^^^^^^^^^^^^^^^^^^^^^^^^^^^^^^^^^^^^^^^^^^^^^
  4 | import { SiteFooter } from "@/components/site-footer";
  5 | import { CoffeeSupportCard } from "@/components/coffee-support-card";
  6 |

Import map: aliased to relative './components/cosma/playground' inside of [project]/

https://nextjs.org/docs/messages/module-not-found @ http://localhost:4200/_next/static/chunks/0aus_next_dist_00tg.dm._.js:1945
[   13639ms] [ERROR] ./app/cosma/page.tsx:3:1
Module not found: Can't resolve '@/components/cosma/playground'
  1 | import type { Metadata } from "next";
  2 | import { Navigation } from "@/components/navigation";
> 3 | import { CosmaPlayground } from "@/components/cosma/playground";
    | ^^^^^^^^^^^^^^^^^^^^^^^^^^^^^^^^^^^^^^^^^^^^^^^^^^^^^^^^^^^^^^^^
  4 | import { SiteFooter } from "@/components/site-footer";
  5 | import { CoffeeSupportCard } from "@/components/coffee-support-card";
  6 |

Import map: aliased to relative './components/cosma/playground' inside of [project]/

https://nextjs.org/docs/messages/module-not-found @ http://localhost:4200/_next/static/chunks/0aus_next_dist_00tg.dm._.js:1945
[   13701ms] [ERROR] ./app/cosma/page.tsx:3:1
Module not found: Can't resolve '@/components/cosma/playground'
  1 | import type { Metadata } from "next";
  2 | import { Navigation } from "@/components/navigation";
> 3 | import { CosmaPlayground } from "@/components/cosma/playground";
    | ^^^^^^^^^^^^^^^^^^^^^^^^^^^^^^^^^^^^^^^^^^^^^^^^^^^^^^^^^^^^^^^^
  4 | import { SiteFooter } from "@/components/site-footer";
  5 | import { CoffeeSupportCard } from "@/components/coffee-support-card";
  6 |

Import map: aliased to relative './components/cosma/playground' inside of [project]/

https://nextjs.org/docs/messages/module-not-found @ http://localhost:4200/_next/static/chunks/0aus_next_dist_00tg.dm._.js:1945
[   13765ms] [ERROR] ./app/cosma/page.tsx:3:1
Module not found: Can't resolve '@/components/cosma/playground'
  1 | import type { Metadata } from "next";
  2 | import { Navigation } from "@/components/navigation";
> 3 | import { CosmaPlayground } from "@/components/cosma/playground";
    | ^^^^^^^^^^^^^^^^^^^^^^^^^^^^^^^^^^^^^^^^^^^^^^^^^^^^^^^^^^^^^^^^
  4 | import { SiteFooter } from "@/components/site-footer";
  5 | import { CoffeeSupportCard } from "@/components/coffee-support-card";
  6 |

Import map: aliased to relative './components/cosma/playground' inside of [project]/

https://nextjs.org/docs/messages/module-not-found @ http://localhost:4200/_next/static/chunks/0aus_next_dist_00tg.dm._.js:1945
[   13829ms] [ERROR] ./app/cosma/page.tsx:3:1
Module not found: Can't resolve '@/components/cosma/playground'
  1 | import type { Metadata } from "next";
  2 | import { Navigation } from "@/components/navigation";
> 3 | import { CosmaPlayground } from "@/components/cosma/playground";
    | ^^^^^^^^^^^^^^^^^^^^^^^^^^^^^^^^^^^^^^^^^^^^^^^^^^^^^^^^^^^^^^^^
  4 | import { SiteFooter } from "@/components/site-footer";
  5 | import { CoffeeSupportCard } from "@/components/coffee-support-card";
  6 |

Import map: aliased to relative './components/cosma/playground' inside of [project]/

https://nextjs.org/docs/messages/module-not-found @ http://localhost:4200/_next/static/chunks/0aus_next_dist_00tg.dm._.js:1945
[   13892ms] [ERROR] ./app/cosma/page.tsx:3:1
Module not found: Can't resolve '@/components/cosma/playground'
  1 | import type { Metadata } from "next";
  2 | import { Navigation } from "@/components/navigation";
> 3 | import { CosmaPlayground } from "@/components/cosma/playground";
    | ^^^^^^^^^^^^^^^^^^^^^^^^^^^^^^^^^^^^^^^^^^^^^^^^^^^^^^^^^^^^^^^^
  4 | import { SiteFooter } from "@/components/site-footer";
  5 | import { CoffeeSupportCard } from "@/components/coffee-support-card";
  6 |

Import map: aliased to relative './components/cosma/playground' inside of [project]/

https://nextjs.org/docs/messages/module-not-found @ http://localhost:4200/_next/static/chunks/0aus_next_dist_00tg.dm._.js:1945
[   13956ms] [ERROR] ./app/cosma/page.tsx:3:1
Module not found: Can't resolve '@/components/cosma/playground'
  1 | import type { Metadata } from "next";
  2 | import { Navigation } from "@/components/navigation";
> 3 | import { CosmaPlayground } from "@/components/cosma/playground";
    | ^^^^^^^^^^^^^^^^^^^^^^^^^^^^^^^^^^^^^^^^^^^^^^^^^^^^^^^^^^^^^^^^
  4 | import { SiteFooter } from "@/components/site-footer";
  5 | import { CoffeeSupportCard } from "@/components/coffee-support-card";
  6 |

Import map: aliased to relative './components/cosma/playground' inside of [project]/

https://nextjs.org/docs/messages/module-not-found @ http://localhost:4200/_next/static/chunks/0aus_next_dist_00tg.dm._.js:1945
[   14019ms] [ERROR] ./app/cosma/page.tsx:3:1
Module not found: Can't resolve '@/components/cosma/playground'
  1 | import type { Metadata } from "next";
  2 | import { Navigation } from "@/components/navigation";
> 3 | import { CosmaPlayground } from "@/components/cosma/playground";
    | ^^^^^^^^^^^^^^^^^^^^^^^^^^^^^^^^^^^^^^^^^^^^^^^^^^^^^^^^^^^^^^^^
  4 | import { SiteFooter } from "@/components/site-footer";
  5 | import { CoffeeSupportCard } from "@/components/coffee-support-card";
  6 |

Import map: aliased to relative './components/cosma/playground' inside of [project]/

https://nextjs.org/docs/messages/module-not-found @ http://localhost:4200/_next/static/chunks/0aus_next_dist_00tg.dm._.js:1945
[   14081ms] [ERROR] ./app/cosma/page.tsx:3:1
Module not found: Can't resolve '@/components/cosma/playground'
  1 | import type { Metadata } from "next";
  2 | import { Navigation } from "@/components/navigation";
> 3 | import { CosmaPlayground } from "@/components/cosma/playground";
    | ^^^^^^^^^^^^^^^^^^^^^^^^^^^^^^^^^^^^^^^^^^^^^^^^^^^^^^^^^^^^^^^^
  4 | import { SiteFooter } from "@/components/site-footer";
  5 | import { CoffeeSupportCard } from "@/components/coffee-support-card";
  6 |

Import map: aliased to relative './components/cosma/playground' inside of [project]/

https://nextjs.org/docs/messages/module-not-found @ http://localhost:4200/_next/static/chunks/0aus_next_dist_00tg.dm._.js:1945
[   14145ms] [ERROR] ./app/cosma/page.tsx:3:1
Module not found: Can't resolve '@/components/cosma/playground'
  1 | import type { Metadata } from "next";
  2 | import { Navigation } from "@/components/navigation";
> 3 | import { CosmaPlayground } from "@/components/cosma/playground";
    | ^^^^^^^^^^^^^^^^^^^^^^^^^^^^^^^^^^^^^^^^^^^^^^^^^^^^^^^^^^^^^^^^
  4 | import { SiteFooter } from "@/components/site-footer";
  5 | import { CoffeeSupportCard } from "@/components/coffee-support-card";
  6 |

Import map: aliased to relative './components/cosma/playground' inside of [project]/

https://nextjs.org/docs/messages/module-not-found @ http://localhost:4200/_next/static/chunks/0aus_next_dist_00tg.dm._.js:1945
[   14207ms] [ERROR] ./app/cosma/page.tsx:3:1
Module not found: Can't resolve '@/components/cosma/playground'
  1 | import type { Metadata } from "next";
  2 | import { Navigation } from "@/components/navigation";
> 3 | import { CosmaPlayground } from "@/components/cosma/playground";
    | ^^^^^^^^^^^^^^^^^^^^^^^^^^^^^^^^^^^^^^^^^^^^^^^^^^^^^^^^^^^^^^^^
  4 | import { SiteFooter } from "@/components/site-footer";
  5 | import { CoffeeSupportCard } from "@/components/coffee-support-card";
  6 |

Import map: aliased to relative './components/cosma/playground' inside of [project]/

https://nextjs.org/docs/messages/module-not-found @ http://localhost:4200/_next/static/chunks/0aus_next_dist_00tg.dm._.js:1945
[   14270ms] [ERROR] ./app/cosma/page.tsx:3:1
Module not found: Can't resolve '@/components/cosma/playground'
  1 | import type { Metadata } from "next";
  2 | import { Navigation } from "@/components/navigation";
> 3 | import { CosmaPlayground } from "@/components/cosma/playground";
    | ^^^^^^^^^^^^^^^^^^^^^^^^^^^^^^^^^^^^^^^^^^^^^^^^^^^^^^^^^^^^^^^^
  4 | import { SiteFooter } from "@/components/site-footer";
  5 | import { CoffeeSupportCard } from "@/components/coffee-support-card";
  6 |

Import map: aliased to relative './components/cosma/playground' inside of [project]/

https://nextjs.org/docs/messages/module-not-found @ http://localhost:4200/_next/static/chunks/0aus_next_dist_00tg.dm._.js:1945
[   14335ms] [ERROR] ./app/cosma/page.tsx:3:1
Module not found: Can't resolve '@/components/cosma/playground'
  1 | import type { Metadata } from "next";
  2 | import { Navigation } from "@/components/navigation";
> 3 | import { CosmaPlayground } from "@/components/cosma/playground";
    | ^^^^^^^^^^^^^^^^^^^^^^^^^^^^^^^^^^^^^^^^^^^^^^^^^^^^^^^^^^^^^^^^
  4 | import { SiteFooter } from "@/components/site-footer";
  5 | import { CoffeeSupportCard } from "@/components/coffee-support-card";
  6 |

Import map: aliased to relative './components/cosma/playground' inside of [project]/

https://nextjs.org/docs/messages/module-not-found @ http://localhost:4200/_next/static/chunks/0aus_next_dist_00tg.dm._.js:1945
[   14399ms] [ERROR] ./app/cosma/page.tsx:3:1
Module not found: Can't resolve '@/components/cosma/playground'
  1 | import type { Metadata } from "next";
  2 | import { Navigation } from "@/components/navigation";
> 3 | import { CosmaPlayground } from "@/components/cosma/playground";
    | ^^^^^^^^^^^^^^^^^^^^^^^^^^^^^^^^^^^^^^^^^^^^^^^^^^^^^^^^^^^^^^^^
  4 | import { SiteFooter } from "@/components/site-footer";
  5 | import { CoffeeSupportCard } from "@/components/coffee-support-card";
  6 |

Import map: aliased to relative './components/cosma/playground' inside of [project]/

https://nextjs.org/docs/messages/module-not-found @ http://localhost:4200/_next/static/chunks/0aus_next_dist_00tg.dm._.js:1945
[   14462ms] [ERROR] ./app/cosma/page.tsx:3:1
Module not found: Can't resolve '@/components/cosma/playground'
  1 | import type { Metadata } from "next";
  2 | import { Navigation } from "@/components/navigation";
> 3 | import { CosmaPlayground } from "@/components/cosma/playground";
    | ^^^^^^^^^^^^^^^^^^^^^^^^^^^^^^^^^^^^^^^^^^^^^^^^^^^^^^^^^^^^^^^^
  4 | import { SiteFooter } from "@/components/site-footer";
  5 | import { CoffeeSupportCard } from "@/components/coffee-support-card";
  6 |

Import map: aliased to relative './components/cosma/playground' inside of [project]/

https://nextjs.org/docs/messages/module-not-found @ http://localhost:4200/_next/static/chunks/0aus_next_dist_00tg.dm._.js:1945
[   14525ms] [ERROR] ./app/cosma/page.tsx:3:1
Module not found: Can't resolve '@/components/cosma/playground'
  1 | import type { Metadata } from "next";
  2 | import { Navigation } from "@/components/navigation";
> 3 | import { CosmaPlayground } from "@/components/cosma/playground";
    | ^^^^^^^^^^^^^^^^^^^^^^^^^^^^^^^^^^^^^^^^^^^^^^^^^^^^^^^^^^^^^^^^
  4 | import { SiteFooter } from "@/components/site-footer";
  5 | import { CoffeeSupportCard } from "@/components/coffee-support-card";
  6 |

Import map: aliased to relative './components/cosma/playground' inside of [project]/

https://nextjs.org/docs/messages/module-not-found @ http://localhost:4200/_next/static/chunks/0aus_next_dist_00tg.dm._.js:1945
[   14588ms] [ERROR] ./app/cosma/page.tsx:3:1
Module not found: Can't resolve '@/components/cosma/playground'
  1 | import type { Metadata } from "next";
  2 | import { Navigation } from "@/components/navigation";
> 3 | import { CosmaPlayground } from "@/components/cosma/playground";
    | ^^^^^^^^^^^^^^^^^^^^^^^^^^^^^^^^^^^^^^^^^^^^^^^^^^^^^^^^^^^^^^^^
  4 | import { SiteFooter } from "@/components/site-footer";
  5 | import { CoffeeSupportCard } from "@/components/coffee-support-card";
  6 |

Import map: aliased to relative './components/cosma/playground' inside of [project]/

https://nextjs.org/docs/messages/module-not-found @ http://localhost:4200/_next/static/chunks/0aus_next_dist_00tg.dm._.js:1945
[   14650ms] [ERROR] ./app/cosma/page.tsx:3:1
Module not found: Can't resolve '@/components/cosma/playground'
  1 | import type { Metadata } from "next";
  2 | import { Navigation } from "@/components/navigation";
> 3 | import { CosmaPlayground } from "@/components/cosma/playground";
    | ^^^^^^^^^^^^^^^^^^^^^^^^^^^^^^^^^^^^^^^^^^^^^^^^^^^^^^^^^^^^^^^^
  4 | import { SiteFooter } from "@/components/site-footer";
  5 | import { CoffeeSupportCard } from "@/components/coffee-support-card";
  6 |

Import map: aliased to relative './components/cosma/playground' inside of [project]/

https://nextjs.org/docs/messages/module-not-found @ http://localhost:4200/_next/static/chunks/0aus_next_dist_00tg.dm._.js:1945
[   14713ms] [ERROR] ./app/cosma/page.tsx:3:1
Module not found: Can't resolve '@/components/cosma/playground'
  1 | import type { Metadata } from "next";
  2 | import { Navigation } from "@/components/navigation";
> 3 | import { CosmaPlayground } from "@/components/cosma/playground";
    | ^^^^^^^^^^^^^^^^^^^^^^^^^^^^^^^^^^^^^^^^^^^^^^^^^^^^^^^^^^^^^^^^
  4 | import { SiteFooter } from "@/components/site-footer";
  5 | import { CoffeeSupportCard } from "@/components/coffee-support-card";
  6 |

Import map: aliased to relative './components/cosma/playground' inside of [project]/

https://nextjs.org/docs/messages/module-not-found @ http://localhost:4200/_next/static/chunks/0aus_next_dist_00tg.dm._.js:1945
[   14777ms] [ERROR] ./app/cosma/page.tsx:3:1
Module not found: Can't resolve '@/components/cosma/playground'
  1 | import type { Metadata } from "next";
  2 | import { Navigation } from "@/components/navigation";
> 3 | import { CosmaPlayground } from "@/components/cosma/playground";
    | ^^^^^^^^^^^^^^^^^^^^^^^^^^^^^^^^^^^^^^^^^^^^^^^^^^^^^^^^^^^^^^^^
  4 | import { SiteFooter } from "@/components/site-footer";
  5 | import { CoffeeSupportCard } from "@/components/coffee-support-card";
  6 |

Import map: aliased to relative './components/cosma/playground' inside of [project]/

https://nextjs.org/docs/messages/module-not-found @ http://localhost:4200/_next/static/chunks/0aus_next_dist_00tg.dm._.js:1945
[   14840ms] [ERROR] ./app/cosma/page.tsx:3:1
Module not found: Can't resolve '@/components/cosma/playground'
  1 | import type { Metadata } from "next";
  2 | import { Navigation } from "@/components/navigation";
> 3 | import { CosmaPlayground } from "@/components/cosma/playground";
    | ^^^^^^^^^^^^^^^^^^^^^^^^^^^^^^^^^^^^^^^^^^^^^^^^^^^^^^^^^^^^^^^^
  4 | import { SiteFooter } from "@/components/site-footer";
  5 | import { CoffeeSupportCard } from "@/components/coffee-support-card";
  6 |

Import map: aliased to relative './components/cosma/playground' inside of [project]/

https://nextjs.org/docs/messages/module-not-found @ http://localhost:4200/_next/static/chunks/0aus_next_dist_00tg.dm._.js:1945
[   14904ms] [ERROR] ./app/cosma/page.tsx:3:1
Module not found: Can't resolve '@/components/cosma/playground'
  1 | import type { Metadata } from "next";
  2 | import { Navigation } from "@/components/navigation";
> 3 | import { CosmaPlayground } from "@/components/cosma/playground";
    | ^^^^^^^^^^^^^^^^^^^^^^^^^^^^^^^^^^^^^^^^^^^^^^^^^^^^^^^^^^^^^^^^
  4 | import { SiteFooter } from "@/components/site-footer";
  5 | import { CoffeeSupportCard } from "@/components/coffee-support-card";
  6 |

Import map: aliased to relative './components/cosma/playground' inside of [project]/

https://nextjs.org/docs/messages/module-not-found @ http://localhost:4200/_next/static/chunks/0aus_next_dist_00tg.dm._.js:1945
[   14967ms] [ERROR] ./app/cosma/page.tsx:3:1
Module not found: Can't resolve '@/components/cosma/playground'
  1 | import type { Metadata } from "next";
  2 | import { Navigation } from "@/components/navigation";
> 3 | import { CosmaPlayground } from "@/components/cosma/playground";
    | ^^^^^^^^^^^^^^^^^^^^^^^^^^^^^^^^^^^^^^^^^^^^^^^^^^^^^^^^^^^^^^^^
  4 | import { SiteFooter } from "@/components/site-footer";
  5 | import { CoffeeSupportCard } from "@/components/coffee-support-card";
  6 |

Import map: aliased to relative './components/cosma/playground' inside of [project]/

https://nextjs.org/docs/messages/module-not-found @ http://localhost:4200/_next/static/chunks/0aus_next_dist_00tg.dm._.js:1945
[   15031ms] [LOG] [Fast Refresh] rebuilding @ http://localhost:4200/_next/static/chunks/0aus_next_dist_00tg.dm._.js:1226
[   15104ms] [ERROR] ./app/cosma/page.tsx:3:1
Module not found: Can't resolve '@/components/cosma/playground'
  1 | import type { Metadata } from "next";
  2 | import { Navigation } from "@/components/navigation";
> 3 | import { CosmaPlayground } from "@/components/cosma/playground";
    | ^^^^^^^^^^^^^^^^^^^^^^^^^^^^^^^^^^^^^^^^^^^^^^^^^^^^^^^^^^^^^^^^
  4 | import { SiteFooter } from "@/components/site-footer";
  5 | import { CoffeeSupportCard } from "@/components/coffee-support-card";
  6 |

Import map: aliased to relative './components/cosma/playground' inside of [project]/

https://nextjs.org/docs/messages/module-not-found @ http://localhost:4200/_next/static/chunks/0aus_next_dist_00tg.dm._.js:1945
[   15167ms] [ERROR] ./app/cosma/page.tsx:3:1
Module not found: Can't resolve '@/components/cosma/playground'
  1 | import type { Metadata } from "next";
  2 | import { Navigation } from "@/components/navigation";
> 3 | import { CosmaPlayground } from "@/components/cosma/playground";
    | ^^^^^^^^^^^^^^^^^^^^^^^^^^^^^^^^^^^^^^^^^^^^^^^^^^^^^^^^^^^^^^^^
  4 | import { SiteFooter } from "@/components/site-footer";
  5 | import { CoffeeSupportCard } from "@/components/coffee-support-card";
  6 |

Import map: aliased to relative './components/cosma/playground' inside of [project]/

https://nextjs.org/docs/messages/module-not-found @ http://localhost:4200/_next/static/chunks/0aus_next_dist_00tg.dm._.js:1945
[   15231ms] [ERROR] ./app/cosma/page.tsx:3:1
Module not found: Can't resolve '@/components/cosma/playground'
  1 | import type { Metadata } from "next";
  2 | import { Navigation } from "@/components/navigation";
> 3 | import { CosmaPlayground } from "@/components/cosma/playground";
    | ^^^^^^^^^^^^^^^^^^^^^^^^^^^^^^^^^^^^^^^^^^^^^^^^^^^^^^^^^^^^^^^^
  4 | import { SiteFooter } from "@/components/site-footer";
  5 | import { CoffeeSupportCard } from "@/components/coffee-support-card";
  6 |

Import map: aliased to relative './components/cosma/playground' inside of [project]/

https://nextjs.org/docs/messages/module-not-found @ http://localhost:4200/_next/static/chunks/0aus_next_dist_00tg.dm._.js:1945
[   15293ms] [ERROR] ./app/cosma/page.tsx:3:1
Module not found: Can't resolve '@/components/cosma/playground'
  1 | import type { Metadata } from "next";
  2 | import { Navigation } from "@/components/navigation";
> 3 | import { CosmaPlayground } from "@/components/cosma/playground";
    | ^^^^^^^^^^^^^^^^^^^^^^^^^^^^^^^^^^^^^^^^^^^^^^^^^^^^^^^^^^^^^^^^
  4 | import { SiteFooter } from "@/components/site-footer";
  5 | import { CoffeeSupportCard } from "@/components/coffee-support-card";
  6 |

Import map: aliased to relative './components/cosma/playground' inside of [project]/

https://nextjs.org/docs/messages/module-not-found @ http://localhost:4200/_next/static/chunks/0aus_next_dist_00tg.dm._.js:1945
[   15355ms] [ERROR] ./app/cosma/page.tsx:3:1
Module not found: Can't resolve '@/components/cosma/playground'
  1 | import type { Metadata } from "next";
  2 | import { Navigation } from "@/components/navigation";
> 3 | import { CosmaPlayground } from "@/components/cosma/playground";
    | ^^^^^^^^^^^^^^^^^^^^^^^^^^^^^^^^^^^^^^^^^^^^^^^^^^^^^^^^^^^^^^^^
  4 | import { SiteFooter } from "@/components/site-footer";
  5 | import { CoffeeSupportCard } from "@/components/coffee-support-card";
  6 |

Import map: aliased to relative './components/cosma/playground' inside of [project]/

https://nextjs.org/docs/messages/module-not-found @ http://localhost:4200/_next/static/chunks/0aus_next_dist_00tg.dm._.js:1945
[   15419ms] [ERROR] ./app/cosma/page.tsx:3:1
Module not found: Can't resolve '@/components/cosma/playground'
  1 | import type { Metadata } from "next";
  2 | import { Navigation } from "@/components/navigation";
> 3 | import { CosmaPlayground } from "@/components/cosma/playground";
    | ^^^^^^^^^^^^^^^^^^^^^^^^^^^^^^^^^^^^^^^^^^^^^^^^^^^^^^^^^^^^^^^^
  4 | import { SiteFooter } from "@/components/site-footer";
  5 | import { CoffeeSupportCard } from "@/components/coffee-support-card";
  6 |

Import map: aliased to relative './components/cosma/playground' inside of [project]/

https://nextjs.org/docs/messages/module-not-found @ http://localhost:4200/_next/static/chunks/0aus_next_dist_00tg.dm._.js:1945
[   15483ms] [ERROR] ./app/cosma/page.tsx:3:1
Module not found: Can't resolve '@/components/cosma/playground'
  1 | import type { Metadata } from "next";
  2 | import { Navigation } from "@/components/navigation";
> 3 | import { CosmaPlayground } from "@/components/cosma/playground";
    | ^^^^^^^^^^^^^^^^^^^^^^^^^^^^^^^^^^^^^^^^^^^^^^^^^^^^^^^^^^^^^^^^
  4 | import { SiteFooter } from "@/components/site-footer";
  5 | import { CoffeeSupportCard } from "@/components/coffee-support-card";
  6 |

Import map: aliased to relative './components/cosma/playground' inside of [project]/

https://nextjs.org/docs/messages/module-not-found @ http://localhost:4200/_next/static/chunks/0aus_next_dist_00tg.dm._.js:1945
[   15549ms] [ERROR] ./app/cosma/page.tsx:3:1
Module not found: Can't resolve '@/components/cosma/playground'
  1 | import type { Metadata } from "next";
  2 | import { Navigation } from "@/components/navigation";
> 3 | import { CosmaPlayground } from "@/components/cosma/playground";
    | ^^^^^^^^^^^^^^^^^^^^^^^^^^^^^^^^^^^^^^^^^^^^^^^^^^^^^^^^^^^^^^^^
  4 | import { SiteFooter } from "@/components/site-footer";
  5 | import { CoffeeSupportCard } from "@/components/coffee-support-card";
  6 |

Import map: aliased to relative './components/cosma/playground' inside of [project]/

https://nextjs.org/docs/messages/module-not-found @ http://localhost:4200/_next/static/chunks/0aus_next_dist_00tg.dm._.js:1945
[   15612ms] [ERROR] ./app/cosma/page.tsx:3:1
Module not found: Can't resolve '@/components/cosma/playground'
  1 | import type { Metadata } from "next";
  2 | import { Navigation } from "@/components/navigation";
> 3 | import { CosmaPlayground } from "@/components/cosma/playground";
    | ^^^^^^^^^^^^^^^^^^^^^^^^^^^^^^^^^^^^^^^^^^^^^^^^^^^^^^^^^^^^^^^^
  4 | import { SiteFooter } from "@/components/site-footer";
  5 | import { CoffeeSupportCard } from "@/components/coffee-support-card";
  6 |

Import map: aliased to relative './components/cosma/playground' inside of [project]/

https://nextjs.org/docs/messages/module-not-found @ http://localhost:4200/_next/static/chunks/0aus_next_dist_00tg.dm._.js:1945
[   15673ms] [ERROR] ./app/cosma/page.tsx:3:1
Module not found: Can't resolve '@/components/cosma/playground'
  1 | import type { Metadata } from "next";
  2 | import { Navigation } from "@/components/navigation";
> 3 | import { CosmaPlayground } from "@/components/cosma/playground";
    | ^^^^^^^^^^^^^^^^^^^^^^^^^^^^^^^^^^^^^^^^^^^^^^^^^^^^^^^^^^^^^^^^
  4 | import { SiteFooter } from "@/components/site-footer";
  5 | import { CoffeeSupportCard } from "@/components/coffee-support-card";
  6 |

Import map: aliased to relative './components/cosma/playground' inside of [project]/

https://nextjs.org/docs/messages/module-not-found @ http://localhost:4200/_next/static/chunks/0aus_next_dist_00tg.dm._.js:1945
[   15734ms] [ERROR] ./app/cosma/page.tsx:3:1
Module not found: Can't resolve '@/components/cosma/playground'
  1 | import type { Metadata } from "next";
  2 | import { Navigation } from "@/components/navigation";
> 3 | import { CosmaPlayground } from "@/components/cosma/playground";
    | ^^^^^^^^^^^^^^^^^^^^^^^^^^^^^^^^^^^^^^^^^^^^^^^^^^^^^^^^^^^^^^^^
  4 | import { SiteFooter } from "@/components/site-footer";
  5 | import { CoffeeSupportCard } from "@/components/coffee-support-card";
  6 |

Import map: aliased to relative './components/cosma/playground' inside of [project]/

https://nextjs.org/docs/messages/module-not-found @ http://localhost:4200/_next/static/chunks/0aus_next_dist_00tg.dm._.js:1945
[   15796ms] [ERROR] ./app/cosma/page.tsx:3:1
Module not found: Can't resolve '@/components/cosma/playground'
  1 | import type { Metadata } from "next";
  2 | import { Navigation } from "@/components/navigation";
> 3 | import { CosmaPlayground } from "@/components/cosma/playground";
    | ^^^^^^^^^^^^^^^^^^^^^^^^^^^^^^^^^^^^^^^^^^^^^^^^^^^^^^^^^^^^^^^^
  4 | import { SiteFooter } from "@/components/site-footer";
  5 | import { CoffeeSupportCard } from "@/components/coffee-support-card";
  6 |

Import map: aliased to relative './components/cosma/playground' inside of [project]/

https://nextjs.org/docs/messages/module-not-found @ http://localhost:4200/_next/static/chunks/0aus_next_dist_00tg.dm._.js:1945
[   15858ms] [ERROR] ./app/cosma/page.tsx:3:1
Module not found: Can't resolve '@/components/cosma/playground'
  1 | import type { Metadata } from "next";
  2 | import { Navigation } from "@/components/navigation";
> 3 | import { CosmaPlayground } from "@/components/cosma/playground";
    | ^^^^^^^^^^^^^^^^^^^^^^^^^^^^^^^^^^^^^^^^^^^^^^^^^^^^^^^^^^^^^^^^
  4 | import { SiteFooter } from "@/components/site-footer";
  5 | import { CoffeeSupportCard } from "@/components/coffee-support-card";
  6 |

Import map: aliased to relative './components/cosma/playground' inside of [project]/

https://nextjs.org/docs/messages/module-not-found @ http://localhost:4200/_next/static/chunks/0aus_next_dist_00tg.dm._.js:1945
[   15919ms] [ERROR] ./app/cosma/page.tsx:3:1
Module not found: Can't resolve '@/components/cosma/playground'
  1 | import type { Metadata } from "next";
  2 | import { Navigation } from "@/components/navigation";
> 3 | import { CosmaPlayground } from "@/components/cosma/playground";
    | ^^^^^^^^^^^^^^^^^^^^^^^^^^^^^^^^^^^^^^^^^^^^^^^^^^^^^^^^^^^^^^^^
  4 | import { SiteFooter } from "@/components/site-footer";
  5 | import { CoffeeSupportCard } from "@/components/coffee-support-card";
  6 |

Import map: aliased to relative './components/cosma/playground' inside of [project]/

https://nextjs.org/docs/messages/module-not-found @ http://localhost:4200/_next/static/chunks/0aus_next_dist_00tg.dm._.js:1945
[   15980ms] [ERROR] ./app/cosma/page.tsx:3:1
Module not found: Can't resolve '@/components/cosma/playground'
  1 | import type { Metadata } from "next";
  2 | import { Navigation } from "@/components/navigation";
> 3 | import { CosmaPlayground } from "@/components/cosma/playground";
    | ^^^^^^^^^^^^^^^^^^^^^^^^^^^^^^^^^^^^^^^^^^^^^^^^^^^^^^^^^^^^^^^^
  4 | import { SiteFooter } from "@/components/site-footer";
  5 | import { CoffeeSupportCard } from "@/components/coffee-support-card";
  6 |

Import map: aliased to relative './components/cosma/playground' inside of [project]/

https://nextjs.org/docs/messages/module-not-found @ http://localhost:4200/_next/static/chunks/0aus_next_dist_00tg.dm._.js:1945
[   16042ms] [ERROR] ./app/cosma/page.tsx:3:1
Module not found: Can't resolve '@/components/cosma/playground'
  1 | import type { Metadata } from "next";
  2 | import { Navigation } from "@/components/navigation";
> 3 | import { CosmaPlayground } from "@/components/cosma/playground";
    | ^^^^^^^^^^^^^^^^^^^^^^^^^^^^^^^^^^^^^^^^^^^^^^^^^^^^^^^^^^^^^^^^
  4 | import { SiteFooter } from "@/components/site-footer";
  5 | import { CoffeeSupportCard } from "@/components/coffee-support-card";
  6 |

Import map: aliased to relative './components/cosma/playground' inside of [project]/

https://nextjs.org/docs/messages/module-not-found @ http://localhost:4200/_next/static/chunks/0aus_next_dist_00tg.dm._.js:1945
[   16106ms] [ERROR] ./app/cosma/page.tsx:3:1
Module not found: Can't resolve '@/components/cosma/playground'
  1 | import type { Metadata } from "next";
  2 | import { Navigation } from "@/components/navigation";
> 3 | import { CosmaPlayground } from "@/components/cosma/playground";
    | ^^^^^^^^^^^^^^^^^^^^^^^^^^^^^^^^^^^^^^^^^^^^^^^^^^^^^^^^^^^^^^^^
  4 | import { SiteFooter } from "@/components/site-footer";
  5 | import { CoffeeSupportCard } from "@/components/coffee-support-card";
  6 |

Import map: aliased to relative './components/cosma/playground' inside of [project]/

https://nextjs.org/docs/messages/module-not-found @ http://localhost:4200/_next/static/chunks/0aus_next_dist_00tg.dm._.js:1945
[   16169ms] [ERROR] ./app/cosma/page.tsx:3:1
Module not found: Can't resolve '@/components/cosma/playground'
  1 | import type { Metadata } from "next";
  2 | import { Navigation } from "@/components/navigation";
> 3 | import { CosmaPlayground } from "@/components/cosma/playground";
    | ^^^^^^^^^^^^^^^^^^^^^^^^^^^^^^^^^^^^^^^^^^^^^^^^^^^^^^^^^^^^^^^^
  4 | import { SiteFooter } from "@/components/site-footer";
  5 | import { CoffeeSupportCard } from "@/components/coffee-support-card";
  6 |

Import map: aliased to relative './components/cosma/playground' inside of [project]/

https://nextjs.org/docs/messages/module-not-found @ http://localhost:4200/_next/static/chunks/0aus_next_dist_00tg.dm._.js:1945
[   16231ms] [ERROR] ./app/cosma/page.tsx:3:1
Module not found: Can't resolve '@/components/cosma/playground'
  1 | import type { Metadata } from "next";
  2 | import { Navigation } from "@/components/navigation";
> 3 | import { CosmaPlayground } from "@/components/cosma/playground";
    | ^^^^^^^^^^^^^^^^^^^^^^^^^^^^^^^^^^^^^^^^^^^^^^^^^^^^^^^^^^^^^^^^
  4 | import { SiteFooter } from "@/components/site-footer";
  5 | import { CoffeeSupportCard } from "@/components/coffee-support-card";
  6 |

Import map: aliased to relative './components/cosma/playground' inside of [project]/

https://nextjs.org/docs/messages/module-not-found @ http://localhost:4200/_next/static/chunks/0aus_next_dist_00tg.dm._.js:1945
[   16293ms] [ERROR] ./app/cosma/page.tsx:3:1
Module not found: Can't resolve '@/components/cosma/playground'
  1 | import type { Metadata } from "next";
  2 | import { Navigation } from "@/components/navigation";
> 3 | import { CosmaPlayground } from "@/components/cosma/playground";
    | ^^^^^^^^^^^^^^^^^^^^^^^^^^^^^^^^^^^^^^^^^^^^^^^^^^^^^^^^^^^^^^^^
  4 | import { SiteFooter } from "@/components/site-footer";
  5 | import { CoffeeSupportCard } from "@/components/coffee-support-card";
  6 |

Import map: aliased to relative './components/cosma/playground' inside of [project]/

https://nextjs.org/docs/messages/module-not-found @ http://localhost:4200/_next/static/chunks/0aus_next_dist_00tg.dm._.js:1945
[   16357ms] [ERROR] ./app/cosma/page.tsx:3:1
Module not found: Can't resolve '@/components/cosma/playground'
  1 | import type { Metadata } from "next";
  2 | import { Navigation } from "@/components/navigation";
> 3 | import { CosmaPlayground } from "@/components/cosma/playground";
    | ^^^^^^^^^^^^^^^^^^^^^^^^^^^^^^^^^^^^^^^^^^^^^^^^^^^^^^^^^^^^^^^^
  4 | import { SiteFooter } from "@/components/site-footer";
  5 | import { CoffeeSupportCard } from "@/components/coffee-support-card";
  6 |

Import map: aliased to relative './components/cosma/playground' inside of [project]/

https://nextjs.org/docs/messages/module-not-found @ http://localhost:4200/_next/static/chunks/0aus_next_dist_00tg.dm._.js:1945
[   16418ms] [ERROR] ./app/cosma/page.tsx:3:1
Module not found: Can't resolve '@/components/cosma/playground'
  1 | import type { Metadata } from "next";
  2 | import { Navigation } from "@/components/navigation";
> 3 | import { CosmaPlayground } from "@/components/cosma/playground";
    | ^^^^^^^^^^^^^^^^^^^^^^^^^^^^^^^^^^^^^^^^^^^^^^^^^^^^^^^^^^^^^^^^
  4 | import { SiteFooter } from "@/components/site-footer";
  5 | import { CoffeeSupportCard } from "@/components/coffee-support-card";
  6 |

Import map: aliased to relative './components/cosma/playground' inside of [project]/

https://nextjs.org/docs/messages/module-not-found @ http://localhost:4200/_next/static/chunks/0aus_next_dist_00tg.dm._.js:1945
[   16480ms] [ERROR] ./app/cosma/page.tsx:3:1
Module not found: Can't resolve '@/components/cosma/playground'
  1 | import type { Metadata } from "next";
  2 | import { Navigation } from "@/components/navigation";
> 3 | import { CosmaPlayground } from "@/components/cosma/playground";
    | ^^^^^^^^^^^^^^^^^^^^^^^^^^^^^^^^^^^^^^^^^^^^^^^^^^^^^^^^^^^^^^^^
  4 | import { SiteFooter } from "@/components/site-footer";
  5 | import { CoffeeSupportCard } from "@/components/coffee-support-card";
  6 |

Import map: aliased to relative './components/cosma/playground' inside of [project]/

https://nextjs.org/docs/messages/module-not-found @ http://localhost:4200/_next/static/chunks/0aus_next_dist_00tg.dm._.js:1945
[   16542ms] [ERROR] ./app/cosma/page.tsx:3:1
Module not found: Can't resolve '@/components/cosma/playground'
  1 | import type { Metadata } from "next";
  2 | import { Navigation } from "@/components/navigation";
> 3 | import { CosmaPlayground } from "@/components/cosma/playground";
    | ^^^^^^^^^^^^^^^^^^^^^^^^^^^^^^^^^^^^^^^^^^^^^^^^^^^^^^^^^^^^^^^^
  4 | import { SiteFooter } from "@/components/site-footer";
  5 | import { CoffeeSupportCard } from "@/components/coffee-support-card";
  6 |

Import map: aliased to relative './components/cosma/playground' inside of [project]/

https://nextjs.org/docs/messages/module-not-found @ http://localhost:4200/_next/static/chunks/0aus_next_dist_00tg.dm._.js:1945
[   16605ms] [ERROR] ./app/cosma/page.tsx:3:1
Module not found: Can't resolve '@/components/cosma/playground'
  1 | import type { Metadata } from "next";
  2 | import { Navigation } from "@/components/navigation";
> 3 | import { CosmaPlayground } from "@/components/cosma/playground";
    | ^^^^^^^^^^^^^^^^^^^^^^^^^^^^^^^^^^^^^^^^^^^^^^^^^^^^^^^^^^^^^^^^
  4 | import { SiteFooter } from "@/components/site-footer";
  5 | import { CoffeeSupportCard } from "@/components/coffee-support-card";
  6 |

Import map: aliased to relative './components/cosma/playground' inside of [project]/

https://nextjs.org/docs/messages/module-not-found @ http://localhost:4200/_next/static/chunks/0aus_next_dist_00tg.dm._.js:1945
[   16669ms] [ERROR] ./app/cosma/page.tsx:3:1
Module not found: Can't resolve '@/components/cosma/playground'
  1 | import type { Metadata } from "next";
  2 | import { Navigation } from "@/components/navigation";
> 3 | import { CosmaPlayground } from "@/components/cosma/playground";
    | ^^^^^^^^^^^^^^^^^^^^^^^^^^^^^^^^^^^^^^^^^^^^^^^^^^^^^^^^^^^^^^^^
  4 | import { SiteFooter } from "@/components/site-footer";
  5 | import { CoffeeSupportCard } from "@/components/coffee-support-card";
  6 |

Import map: aliased to relative './components/cosma/playground' inside of [project]/

https://nextjs.org/docs/messages/module-not-found @ http://localhost:4200/_next/static/chunks/0aus_next_dist_00tg.dm._.js:1945
[   16733ms] [ERROR] ./app/cosma/page.tsx:3:1
Module not found: Can't resolve '@/components/cosma/playground'
  1 | import type { Metadata } from "next";
  2 | import { Navigation } from "@/components/navigation";
> 3 | import { CosmaPlayground } from "@/components/cosma/playground";
    | ^^^^^^^^^^^^^^^^^^^^^^^^^^^^^^^^^^^^^^^^^^^^^^^^^^^^^^^^^^^^^^^^
  4 | import { SiteFooter } from "@/components/site-footer";
  5 | import { CoffeeSupportCard } from "@/components/coffee-support-card";
  6 |

Import map: aliased to relative './components/cosma/playground' inside of [project]/

https://nextjs.org/docs/messages/module-not-found @ http://localhost:4200/_next/static/chunks/0aus_next_dist_00tg.dm._.js:1945
[   16797ms] [ERROR] ./app/cosma/page.tsx:3:1
Module not found: Can't resolve '@/components/cosma/playground'
  1 | import type { Metadata } from "next";
  2 | import { Navigation } from "@/components/navigation";
> 3 | import { CosmaPlayground } from "@/components/cosma/playground";
    | ^^^^^^^^^^^^^^^^^^^^^^^^^^^^^^^^^^^^^^^^^^^^^^^^^^^^^^^^^^^^^^^^
  4 | import { SiteFooter } from "@/components/site-footer";
  5 | import { CoffeeSupportCard } from "@/components/coffee-support-card";
  6 |

Import map: aliased to relative './components/cosma/playground' inside of [project]/

https://nextjs.org/docs/messages/module-not-found @ http://localhost:4200/_next/static/chunks/0aus_next_dist_00tg.dm._.js:1945
[   16861ms] [ERROR] ./app/cosma/page.tsx:3:1
Module not found: Can't resolve '@/components/cosma/playground'
  1 | import type { Metadata } from "next";
  2 | import { Navigation } from "@/components/navigation";
> 3 | import { CosmaPlayground } from "@/components/cosma/playground";
    | ^^^^^^^^^^^^^^^^^^^^^^^^^^^^^^^^^^^^^^^^^^^^^^^^^^^^^^^^^^^^^^^^
  4 | import { SiteFooter } from "@/components/site-footer";
  5 | import { CoffeeSupportCard } from "@/components/coffee-support-card";
  6 |

Import map: aliased to relative './components/cosma/playground' inside of [project]/

https://nextjs.org/docs/messages/module-not-found @ http://localhost:4200/_next/static/chunks/0aus_next_dist_00tg.dm._.js:1945
[   16926ms] [ERROR] ./app/cosma/page.tsx:3:1
Module not found: Can't resolve '@/components/cosma/playground'
  1 | import type { Metadata } from "next";
  2 | import { Navigation } from "@/components/navigation";
> 3 | import { CosmaPlayground } from "@/components/cosma/playground";
    | ^^^^^^^^^^^^^^^^^^^^^^^^^^^^^^^^^^^^^^^^^^^^^^^^^^^^^^^^^^^^^^^^
  4 | import { SiteFooter } from "@/components/site-footer";
  5 | import { CoffeeSupportCard } from "@/components/coffee-support-card";
  6 |

Import map: aliased to relative './components/cosma/playground' inside of [project]/

https://nextjs.org/docs/messages/module-not-found @ http://localhost:4200/_next/static/chunks/0aus_next_dist_00tg.dm._.js:1945
[   16988ms] [ERROR] ./app/cosma/page.tsx:3:1
Module not found: Can't resolve '@/components/cosma/playground'
  1 | import type { Metadata } from "next";
  2 | import { Navigation } from "@/components/navigation";
> 3 | import { CosmaPlayground } from "@/components/cosma/playground";
    | ^^^^^^^^^^^^^^^^^^^^^^^^^^^^^^^^^^^^^^^^^^^^^^^^^^^^^^^^^^^^^^^^
  4 | import { SiteFooter } from "@/components/site-footer";
  5 | import { CoffeeSupportCard } from "@/components/coffee-support-card";
  6 |

Import map: aliased to relative './components/cosma/playground' inside of [project]/

https://nextjs.org/docs/messages/module-not-found @ http://localhost:4200/_next/static/chunks/0aus_next_dist_00tg.dm._.js:1945
[   17049ms] [ERROR] ./app/cosma/page.tsx:3:1
Module not found: Can't resolve '@/components/cosma/playground'
  1 | import type { Metadata } from "next";
  2 | import { Navigation } from "@/components/navigation";
> 3 | import { CosmaPlayground } from "@/components/cosma/playground";
    | ^^^^^^^^^^^^^^^^^^^^^^^^^^^^^^^^^^^^^^^^^^^^^^^^^^^^^^^^^^^^^^^^
  4 | import { SiteFooter } from "@/components/site-footer";
  5 | import { CoffeeSupportCard } from "@/components/coffee-support-card";
  6 |

Import map: aliased to relative './components/cosma/playground' inside of [project]/

https://nextjs.org/docs/messages/module-not-found @ http://localhost:4200/_next/static/chunks/0aus_next_dist_00tg.dm._.js:1945
[   17111ms] [ERROR] ./app/cosma/page.tsx:3:1
Module not found: Can't resolve '@/components/cosma/playground'
  1 | import type { Metadata } from "next";
  2 | import { Navigation } from "@/components/navigation";
> 3 | import { CosmaPlayground } from "@/components/cosma/playground";
    | ^^^^^^^^^^^^^^^^^^^^^^^^^^^^^^^^^^^^^^^^^^^^^^^^^^^^^^^^^^^^^^^^
  4 | import { SiteFooter } from "@/components/site-footer";
  5 | import { CoffeeSupportCard } from "@/components/coffee-support-card";
  6 |

Import map: aliased to relative './components/cosma/playground' inside of [project]/

https://nextjs.org/docs/messages/module-not-found @ http://localhost:4200/_next/static/chunks/0aus_next_dist_00tg.dm._.js:1945
[   17174ms] [ERROR] ./app/cosma/page.tsx:3:1
Module not found: Can't resolve '@/components/cosma/playground'
  1 | import type { Metadata } from "next";
  2 | import { Navigation } from "@/components/navigation";
> 3 | import { CosmaPlayground } from "@/components/cosma/playground";
    | ^^^^^^^^^^^^^^^^^^^^^^^^^^^^^^^^^^^^^^^^^^^^^^^^^^^^^^^^^^^^^^^^
  4 | import { SiteFooter } from "@/components/site-footer";
  5 | import { CoffeeSupportCard } from "@/components/coffee-support-card";
  6 |

Import map: aliased to relative './components/cosma/playground' inside of [project]/

https://nextjs.org/docs/messages/module-not-found @ http://localhost:4200/_next/static/chunks/0aus_next_dist_00tg.dm._.js:1945
[   17237ms] [ERROR] ./app/cosma/page.tsx:3:1
Module not found: Can't resolve '@/components/cosma/playground'
  1 | import type { Metadata } from "next";
  2 | import { Navigation } from "@/components/navigation";
> 3 | import { CosmaPlayground } from "@/components/cosma/playground";
    | ^^^^^^^^^^^^^^^^^^^^^^^^^^^^^^^^^^^^^^^^^^^^^^^^^^^^^^^^^^^^^^^^
  4 | import { SiteFooter } from "@/components/site-footer";
  5 | import { CoffeeSupportCard } from "@/components/coffee-support-card";
  6 |

Import map: aliased to relative './components/cosma/playground' inside of [project]/

https://nextjs.org/docs/messages/module-not-found @ http://localhost:4200/_next/static/chunks/0aus_next_dist_00tg.dm._.js:1945
[   17301ms] [ERROR] ./app/cosma/page.tsx:3:1
Module not found: Can't resolve '@/components/cosma/playground'
  1 | import type { Metadata } from "next";
  2 | import { Navigation } from "@/components/navigation";
> 3 | import { CosmaPlayground } from "@/components/cosma/playground";
    | ^^^^^^^^^^^^^^^^^^^^^^^^^^^^^^^^^^^^^^^^^^^^^^^^^^^^^^^^^^^^^^^^
  4 | import { SiteFooter } from "@/components/site-footer";
  5 | import { CoffeeSupportCard } from "@/components/coffee-support-card";
  6 |

Import map: aliased to relative './components/cosma/playground' inside of [project]/

https://nextjs.org/docs/messages/module-not-found @ http://localhost:4200/_next/static/chunks/0aus_next_dist_00tg.dm._.js:1945
[   17368ms] [ERROR] ./app/cosma/page.tsx:3:1
Module not found: Can't resolve '@/components/cosma/playground'
  1 | import type { Metadata } from "next";
  2 | import { Navigation } from "@/components/navigation";
> 3 | import { CosmaPlayground } from "@/components/cosma/playground";
    | ^^^^^^^^^^^^^^^^^^^^^^^^^^^^^^^^^^^^^^^^^^^^^^^^^^^^^^^^^^^^^^^^
  4 | import { SiteFooter } from "@/components/site-footer";
  5 | import { CoffeeSupportCard } from "@/components/coffee-support-card";
  6 |

Import map: aliased to relative './components/cosma/playground' inside of [project]/

https://nextjs.org/docs/messages/module-not-found @ http://localhost:4200/_next/static/chunks/0aus_next_dist_00tg.dm._.js:1945
[   17432ms] [ERROR] ./app/cosma/page.tsx:3:1
Module not found: Can't resolve '@/components/cosma/playground'
  1 | import type { Metadata } from "next";
  2 | import { Navigation } from "@/components/navigation";
> 3 | import { CosmaPlayground } from "@/components/cosma/playground";
    | ^^^^^^^^^^^^^^^^^^^^^^^^^^^^^^^^^^^^^^^^^^^^^^^^^^^^^^^^^^^^^^^^
  4 | import { SiteFooter } from "@/components/site-footer";
  5 | import { CoffeeSupportCard } from "@/components/coffee-support-card";
  6 |

Import map: aliased to relative './components/cosma/playground' inside of [project]/

https://nextjs.org/docs/messages/module-not-found @ http://localhost:4200/_next/static/chunks/0aus_next_dist_00tg.dm._.js:1945
[   17495ms] [ERROR] ./app/cosma/page.tsx:3:1
Module not found: Can't resolve '@/components/cosma/playground'
  1 | import type { Metadata } from "next";
  2 | import { Navigation } from "@/components/navigation";
> 3 | import { CosmaPlayground } from "@/components/cosma/playground";
    | ^^^^^^^^^^^^^^^^^^^^^^^^^^^^^^^^^^^^^^^^^^^^^^^^^^^^^^^^^^^^^^^^
  4 | import { SiteFooter } from "@/components/site-footer";
  5 | import { CoffeeSupportCard } from "@/components/coffee-support-card";
  6 |

Import map: aliased to relative './components/cosma/playground' inside of [project]/

https://nextjs.org/docs/messages/module-not-found @ http://localhost:4200/_next/static/chunks/0aus_next_dist_00tg.dm._.js:1945
[   17558ms] [ERROR] ./app/cosma/page.tsx:3:1
Module not found: Can't resolve '@/components/cosma/playground'
  1 | import type { Metadata } from "next";
  2 | import { Navigation } from "@/components/navigation";
> 3 | import { CosmaPlayground } from "@/components/cosma/playground";
    | ^^^^^^^^^^^^^^^^^^^^^^^^^^^^^^^^^^^^^^^^^^^^^^^^^^^^^^^^^^^^^^^^
  4 | import { SiteFooter } from "@/components/site-footer";
  5 | import { CoffeeSupportCard } from "@/components/coffee-support-card";
  6 |

Import map: aliased to relative './components/cosma/playground' inside of [project]/

https://nextjs.org/docs/messages/module-not-found @ http://localhost:4200/_next/static/chunks/0aus_next_dist_00tg.dm._.js:1945
[   17621ms] [ERROR] ./app/cosma/page.tsx:3:1
Module not found: Can't resolve '@/components/cosma/playground'
  1 | import type { Metadata } from "next";
  2 | import { Navigation } from "@/components/navigation";
> 3 | import { CosmaPlayground } from "@/components/cosma/playground";
    | ^^^^^^^^^^^^^^^^^^^^^^^^^^^^^^^^^^^^^^^^^^^^^^^^^^^^^^^^^^^^^^^^
  4 | import { SiteFooter } from "@/components/site-footer";
  5 | import { CoffeeSupportCard } from "@/components/coffee-support-card";
  6 |

Import map: aliased to relative './components/cosma/playground' inside of [project]/

https://nextjs.org/docs/messages/module-not-found @ http://localhost:4200/_next/static/chunks/0aus_next_dist_00tg.dm._.js:1945
[   17684ms] [ERROR] ./app/cosma/page.tsx:3:1
Module not found: Can't resolve '@/components/cosma/playground'
  1 | import type { Metadata } from "next";
  2 | import { Navigation } from "@/components/navigation";
> 3 | import { CosmaPlayground } from "@/components/cosma/playground";
    | ^^^^^^^^^^^^^^^^^^^^^^^^^^^^^^^^^^^^^^^^^^^^^^^^^^^^^^^^^^^^^^^^
  4 | import { SiteFooter } from "@/components/site-footer";
  5 | import { CoffeeSupportCard } from "@/components/coffee-support-card";
  6 |

Import map: aliased to relative './components/cosma/playground' inside of [project]/

https://nextjs.org/docs/messages/module-not-found @ http://localhost:4200/_next/static/chunks/0aus_next_dist_00tg.dm._.js:1945
[   17749ms] [ERROR] ./app/cosma/page.tsx:3:1
Module not found: Can't resolve '@/components/cosma/playground'
  1 | import type { Metadata } from "next";
  2 | import { Navigation } from "@/components/navigation";
> 3 | import { CosmaPlayground } from "@/components/cosma/playground";
    | ^^^^^^^^^^^^^^^^^^^^^^^^^^^^^^^^^^^^^^^^^^^^^^^^^^^^^^^^^^^^^^^^
  4 | import { SiteFooter } from "@/components/site-footer";
  5 | import { CoffeeSupportCard } from "@/components/coffee-support-card";
  6 |

Import map: aliased to relative './components/cosma/playground' inside of [project]/

https://nextjs.org/docs/messages/module-not-found @ http://localhost:4200/_next/static/chunks/0aus_next_dist_00tg.dm._.js:1945
[   17812ms] [ERROR] ./app/cosma/page.tsx:3:1
Module not found: Can't resolve '@/components/cosma/playground'
  1 | import type { Metadata } from "next";
  2 | import { Navigation } from "@/components/navigation";
> 3 | import { CosmaPlayground } from "@/components/cosma/playground";
    | ^^^^^^^^^^^^^^^^^^^^^^^^^^^^^^^^^^^^^^^^^^^^^^^^^^^^^^^^^^^^^^^^
  4 | import { SiteFooter } from "@/components/site-footer";
  5 | import { CoffeeSupportCard } from "@/components/coffee-support-card";
  6 |

Import map: aliased to relative './components/cosma/playground' inside of [project]/

https://nextjs.org/docs/messages/module-not-found @ http://localhost:4200/_next/static/chunks/0aus_next_dist_00tg.dm._.js:1945
[   17875ms] [LOG] [Fast Refresh] rebuilding @ http://localhost:4200/_next/static/chunks/0aus_next_dist_00tg.dm._.js:1226
[   17937ms] [ERROR] ./app/cosma/page.tsx:3:1
Module not found: Can't resolve '@/components/cosma/playground'
  1 | import type { Metadata } from "next";
  2 | import { Navigation } from "@/components/navigation";
> 3 | import { CosmaPlayground } from "@/components/cosma/playground";
    | ^^^^^^^^^^^^^^^^^^^^^^^^^^^^^^^^^^^^^^^^^^^^^^^^^^^^^^^^^^^^^^^^
  4 | import { SiteFooter } from "@/components/site-footer";
  5 | import { CoffeeSupportCard } from "@/components/coffee-support-card";
  6 |

Import map: aliased to relative './components/cosma/playground' inside of [project]/

https://nextjs.org/docs/messages/module-not-found @ http://localhost:4200/_next/static/chunks/0aus_next_dist_00tg.dm._.js:1945
[   17997ms] [ERROR] ./app/cosma/page.tsx:3:1
Module not found: Can't resolve '@/components/cosma/playground'
  1 | import type { Metadata } from "next";
  2 | import { Navigation } from "@/components/navigation";
> 3 | import { CosmaPlayground } from "@/components/cosma/playground";
    | ^^^^^^^^^^^^^^^^^^^^^^^^^^^^^^^^^^^^^^^^^^^^^^^^^^^^^^^^^^^^^^^^
  4 | import { SiteFooter } from "@/components/site-footer";
  5 | import { CoffeeSupportCard } from "@/components/coffee-support-card";
  6 |

Import map: aliased to relative './components/cosma/playground' inside of [project]/

https://nextjs.org/docs/messages/module-not-found @ http://localhost:4200/_next/static/chunks/0aus_next_dist_00tg.dm._.js:1945
[   18059ms] [ERROR] ./app/cosma/page.tsx:3:1
Module not found: Can't resolve '@/components/cosma/playground'
  1 | import type { Metadata } from "next";
  2 | import { Navigation } from "@/components/navigation";
> 3 | import { CosmaPlayground } from "@/components/cosma/playground";
    | ^^^^^^^^^^^^^^^^^^^^^^^^^^^^^^^^^^^^^^^^^^^^^^^^^^^^^^^^^^^^^^^^
  4 | import { SiteFooter } from "@/components/site-footer";
  5 | import { CoffeeSupportCard } from "@/components/coffee-support-card";
  6 |

Import map: aliased to relative './components/cosma/playground' inside of [project]/

https://nextjs.org/docs/messages/module-not-found @ http://localhost:4200/_next/static/chunks/0aus_next_dist_00tg.dm._.js:1945
[   18122ms] [ERROR] ./app/cosma/page.tsx:3:1
Module not found: Can't resolve '@/components/cosma/playground'
  1 | import type { Metadata } from "next";
  2 | import { Navigation } from "@/components/navigation";
> 3 | import { CosmaPlayground } from "@/components/cosma/playground";
    | ^^^^^^^^^^^^^^^^^^^^^^^^^^^^^^^^^^^^^^^^^^^^^^^^^^^^^^^^^^^^^^^^
  4 | import { SiteFooter } from "@/components/site-footer";
  5 | import { CoffeeSupportCard } from "@/components/coffee-support-card";
  6 |

Import map: aliased to relative './components/cosma/playground' inside of [project]/

https://nextjs.org/docs/messages/module-not-found @ http://localhost:4200/_next/static/chunks/0aus_next_dist_00tg.dm._.js:1945
[   18184ms] [ERROR] ./app/cosma/page.tsx:3:1
Module not found: Can't resolve '@/components/cosma/playground'
  1 | import type { Metadata } from "next";
  2 | import { Navigation } from "@/components/navigation";
> 3 | import { CosmaPlayground } from "@/components/cosma/playground";
    | ^^^^^^^^^^^^^^^^^^^^^^^^^^^^^^^^^^^^^^^^^^^^^^^^^^^^^^^^^^^^^^^^
  4 | import { SiteFooter } from "@/components/site-footer";
  5 | import { CoffeeSupportCard } from "@/components/coffee-support-card";
  6 |

Import map: aliased to relative './components/cosma/playground' inside of [project]/

https://nextjs.org/docs/messages/module-not-found @ http://localhost:4200/_next/static/chunks/0aus_next_dist_00tg.dm._.js:1945
[   18249ms] [ERROR] ./app/cosma/page.tsx:3:1
Module not found: Can't resolve '@/components/cosma/playground'
  1 | import type { Metadata } from "next";
  2 | import { Navigation } from "@/components/navigation";
> 3 | import { CosmaPlayground } from "@/components/cosma/playground";
    | ^^^^^^^^^^^^^^^^^^^^^^^^^^^^^^^^^^^^^^^^^^^^^^^^^^^^^^^^^^^^^^^^
  4 | import { SiteFooter } from "@/components/site-footer";
  5 | import { CoffeeSupportCard } from "@/components/coffee-support-card";
  6 |

Import map: aliased to relative './components/cosma/playground' inside of [project]/

https://nextjs.org/docs/messages/module-not-found @ http://localhost:4200/_next/static/chunks/0aus_next_dist_00tg.dm._.js:1945
[   18315ms] [ERROR] ./app/cosma/page.tsx:3:1
Module not found: Can't resolve '@/components/cosma/playground'
  1 | import type { Metadata } from "next";
  2 | import { Navigation } from "@/components/navigation";
> 3 | import { CosmaPlayground } from "@/components/cosma/playground";
    | ^^^^^^^^^^^^^^^^^^^^^^^^^^^^^^^^^^^^^^^^^^^^^^^^^^^^^^^^^^^^^^^^
  4 | import { SiteFooter } from "@/components/site-footer";
  5 | import { CoffeeSupportCard } from "@/components/coffee-support-card";
  6 |

Import map: aliased to relative './components/cosma/playground' inside of [project]/

https://nextjs.org/docs/messages/module-not-found @ http://localhost:4200/_next/static/chunks/0aus_next_dist_00tg.dm._.js:1945
[   18379ms] [ERROR] ./app/cosma/page.tsx:3:1
Module not found: Can't resolve '@/components/cosma/playground'
  1 | import type { Metadata } from "next";
  2 | import { Navigation } from "@/components/navigation";
> 3 | import { CosmaPlayground } from "@/components/cosma/playground";
    | ^^^^^^^^^^^^^^^^^^^^^^^^^^^^^^^^^^^^^^^^^^^^^^^^^^^^^^^^^^^^^^^^
  4 | import { SiteFooter } from "@/components/site-footer";
  5 | import { CoffeeSupportCard } from "@/components/coffee-support-card";
  6 |

Import map: aliased to relative './components/cosma/playground' inside of [project]/

https://nextjs.org/docs/messages/module-not-found @ http://localhost:4200/_next/static/chunks/0aus_next_dist_00tg.dm._.js:1945
[   18443ms] [ERROR] ./app/cosma/page.tsx:3:1
Module not found: Can't resolve '@/components/cosma/playground'
  1 | import type { Metadata } from "next";
  2 | import { Navigation } from "@/components/navigation";
> 3 | import { CosmaPlayground } from "@/components/cosma/playground";
    | ^^^^^^^^^^^^^^^^^^^^^^^^^^^^^^^^^^^^^^^^^^^^^^^^^^^^^^^^^^^^^^^^
  4 | import { SiteFooter } from "@/components/site-footer";
  5 | import { CoffeeSupportCard } from "@/components/coffee-support-card";
  6 |

Import map: aliased to relative './components/cosma/playground' inside of [project]/

https://nextjs.org/docs/messages/module-not-found @ http://localhost:4200/_next/static/chunks/0aus_next_dist_00tg.dm._.js:1945
[   18506ms] [ERROR] ./app/cosma/page.tsx:3:1
Module not found: Can't resolve '@/components/cosma/playground'
  1 | import type { Metadata } from "next";
  2 | import { Navigation } from "@/components/navigation";
> 3 | import { CosmaPlayground } from "@/components/cosma/playground";
    | ^^^^^^^^^^^^^^^^^^^^^^^^^^^^^^^^^^^^^^^^^^^^^^^^^^^^^^^^^^^^^^^^
  4 | import { SiteFooter } from "@/components/site-footer";
  5 | import { CoffeeSupportCard } from "@/components/coffee-support-card";
  6 |

Import map: aliased to relative './components/cosma/playground' inside of [project]/

https://nextjs.org/docs/messages/module-not-found @ http://localhost:4200/_next/static/chunks/0aus_next_dist_00tg.dm._.js:1945
[   18570ms] [ERROR] ./app/cosma/page.tsx:3:1
Module not found: Can't resolve '@/components/cosma/playground'
  1 | import type { Metadata } from "next";
  2 | import { Navigation } from "@/components/navigation";
> 3 | import { CosmaPlayground } from "@/components/cosma/playground";
    | ^^^^^^^^^^^^^^^^^^^^^^^^^^^^^^^^^^^^^^^^^^^^^^^^^^^^^^^^^^^^^^^^
  4 | import { SiteFooter } from "@/components/site-footer";
  5 | import { CoffeeSupportCard } from "@/components/coffee-support-card";
  6 |

Import map: aliased to relative './components/cosma/playground' inside of [project]/

https://nextjs.org/docs/messages/module-not-found @ http://localhost:4200/_next/static/chunks/0aus_next_dist_00tg.dm._.js:1945
[   18634ms] [ERROR] ./app/cosma/page.tsx:3:1
Module not found: Can't resolve '@/components/cosma/playground'
  1 | import type { Metadata } from "next";
  2 | import { Navigation } from "@/components/navigation";
> 3 | import { CosmaPlayground } from "@/components/cosma/playground";
    | ^^^^^^^^^^^^^^^^^^^^^^^^^^^^^^^^^^^^^^^^^^^^^^^^^^^^^^^^^^^^^^^^
  4 | import { SiteFooter } from "@/components/site-footer";
  5 | import { CoffeeSupportCard } from "@/components/coffee-support-card";
  6 |

Import map: aliased to relative './components/cosma/playground' inside of [project]/

https://nextjs.org/docs/messages/module-not-found @ http://localhost:4200/_next/static/chunks/0aus_next_dist_00tg.dm._.js:1945
[   18696ms] [ERROR] ./app/cosma/page.tsx:3:1
Module not found: Can't resolve '@/components/cosma/playground'
  1 | import type { Metadata } from "next";
  2 | import { Navigation } from "@/components/navigation";
> 3 | import { CosmaPlayground } from "@/components/cosma/playground";
    | ^^^^^^^^^^^^^^^^^^^^^^^^^^^^^^^^^^^^^^^^^^^^^^^^^^^^^^^^^^^^^^^^
  4 | import { SiteFooter } from "@/components/site-footer";
  5 | import { CoffeeSupportCard } from "@/components/coffee-support-card";
  6 |

Import map: aliased to relative './components/cosma/playground' inside of [project]/

https://nextjs.org/docs/messages/module-not-found @ http://localhost:4200/_next/static/chunks/0aus_next_dist_00tg.dm._.js:1945
[   18759ms] [ERROR] ./app/cosma/page.tsx:3:1
Module not found: Can't resolve '@/components/cosma/playground'
  1 | import type { Metadata } from "next";
  2 | import { Navigation } from "@/components/navigation";
> 3 | import { CosmaPlayground } from "@/components/cosma/playground";
    | ^^^^^^^^^^^^^^^^^^^^^^^^^^^^^^^^^^^^^^^^^^^^^^^^^^^^^^^^^^^^^^^^
  4 | import { SiteFooter } from "@/components/site-footer";
  5 | import { CoffeeSupportCard } from "@/components/coffee-support-card";
  6 |

Import map: aliased to relative './components/cosma/playground' inside of [project]/

https://nextjs.org/docs/messages/module-not-found @ http://localhost:4200/_next/static/chunks/0aus_next_dist_00tg.dm._.js:1945
[   18824ms] [ERROR] ./app/cosma/page.tsx:3:1
Module not found: Can't resolve '@/components/cosma/playground'
  1 | import type { Metadata } from "next";
  2 | import { Navigation } from "@/components/navigation";
> 3 | import { CosmaPlayground } from "@/components/cosma/playground";
    | ^^^^^^^^^^^^^^^^^^^^^^^^^^^^^^^^^^^^^^^^^^^^^^^^^^^^^^^^^^^^^^^^
  4 | import { SiteFooter } from "@/components/site-footer";
  5 | import { CoffeeSupportCard } from "@/components/coffee-support-card";
  6 |

Import map: aliased to relative './components/cosma/playground' inside of [project]/

https://nextjs.org/docs/messages/module-not-found @ http://localhost:4200/_next/static/chunks/0aus_next_dist_00tg.dm._.js:1945
[   18907ms] [ERROR] ./app/cosma/page.tsx:3:1
Module not found: Can't resolve '@/components/cosma/playground'
  1 | import type { Metadata } from "next";
  2 | import { Navigation } from "@/components/navigation";
> 3 | import { CosmaPlayground } from "@/components/cosma/playground";
    | ^^^^^^^^^^^^^^^^^^^^^^^^^^^^^^^^^^^^^^^^^^^^^^^^^^^^^^^^^^^^^^^^
  4 | import { SiteFooter } from "@/components/site-footer";
  5 | import { CoffeeSupportCard } from "@/components/coffee-support-card";
  6 |

Import map: aliased to relative './components/cosma/playground' inside of [project]/

https://nextjs.org/docs/messages/module-not-found @ http://localhost:4200/_next/static/chunks/0aus_next_dist_00tg.dm._.js:1945
[   18993ms] [ERROR] ./app/cosma/page.tsx:3:1
Module not found: Can't resolve '@/components/cosma/playground'
  1 | import type { Metadata } from "next";
  2 | import { Navigation } from "@/components/navigation";
> 3 | import { CosmaPlayground } from "@/components/cosma/playground";
    | ^^^^^^^^^^^^^^^^^^^^^^^^^^^^^^^^^^^^^^^^^^^^^^^^^^^^^^^^^^^^^^^^
  4 | import { SiteFooter } from "@/components/site-footer";
  5 | import { CoffeeSupportCard } from "@/components/coffee-support-card";
  6 |

Import map: aliased to relative './components/cosma/playground' inside of [project]/

https://nextjs.org/docs/messages/module-not-found @ http://localhost:4200/_next/static/chunks/0aus_next_dist_00tg.dm._.js:1945
[   19055ms] [ERROR] ./app/cosma/page.tsx:3:1
Module not found: Can't resolve '@/components/cosma/playground'
  1 | import type { Metadata } from "next";
  2 | import { Navigation } from "@/components/navigation";
> 3 | import { CosmaPlayground } from "@/components/cosma/playground";
    | ^^^^^^^^^^^^^^^^^^^^^^^^^^^^^^^^^^^^^^^^^^^^^^^^^^^^^^^^^^^^^^^^
  4 | import { SiteFooter } from "@/components/site-footer";
  5 | import { CoffeeSupportCard } from "@/components/coffee-support-card";
  6 |

Import map: aliased to relative './components/cosma/playground' inside of [project]/

https://nextjs.org/docs/messages/module-not-found @ http://localhost:4200/_next/static/chunks/0aus_next_dist_00tg.dm._.js:1945
[   19116ms] [ERROR] ./app/cosma/page.tsx:3:1
Module not found: Can't resolve '@/components/cosma/playground'
  1 | import type { Metadata } from "next";
  2 | import { Navigation } from "@/components/navigation";
> 3 | import { CosmaPlayground } from "@/components/cosma/playground";
    | ^^^^^^^^^^^^^^^^^^^^^^^^^^^^^^^^^^^^^^^^^^^^^^^^^^^^^^^^^^^^^^^^
  4 | import { SiteFooter } from "@/components/site-footer";
  5 | import { CoffeeSupportCard } from "@/components/coffee-support-card";
  6 |

Import map: aliased to relative './components/cosma/playground' inside of [project]/

https://nextjs.org/docs/messages/module-not-found @ http://localhost:4200/_next/static/chunks/0aus_next_dist_00tg.dm._.js:1945
[   19178ms] [ERROR] ./app/cosma/page.tsx:3:1
Module not found: Can't resolve '@/components/cosma/playground'
  1 | import type { Metadata } from "next";
  2 | import { Navigation } from "@/components/navigation";
> 3 | import { CosmaPlayground } from "@/components/cosma/playground";
    | ^^^^^^^^^^^^^^^^^^^^^^^^^^^^^^^^^^^^^^^^^^^^^^^^^^^^^^^^^^^^^^^^
  4 | import { SiteFooter } from "@/components/site-footer";
  5 | import { CoffeeSupportCard } from "@/components/coffee-support-card";
  6 |

Import map: aliased to relative './components/cosma/playground' inside of [project]/

https://nextjs.org/docs/messages/module-not-found @ http://localhost:4200/_next/static/chunks/0aus_next_dist_00tg.dm._.js:1945
[   19237ms] [ERROR] ./app/cosma/page.tsx:3:1
Module not found: Can't resolve '@/components/cosma/playground'
  1 | import type { Metadata } from "next";
  2 | import { Navigation } from "@/components/navigation";
> 3 | import { CosmaPlayground } from "@/components/cosma/playground";
    | ^^^^^^^^^^^^^^^^^^^^^^^^^^^^^^^^^^^^^^^^^^^^^^^^^^^^^^^^^^^^^^^^
  4 | import { SiteFooter } from "@/components/site-footer";
  5 | import { CoffeeSupportCard } from "@/components/coffee-support-card";
  6 |

Import map: aliased to relative './components/cosma/playground' inside of [project]/

https://nextjs.org/docs/messages/module-not-found @ http://localhost:4200/_next/static/chunks/0aus_next_dist_00tg.dm._.js:1945
[   19298ms] [ERROR] ./app/cosma/page.tsx:3:1
Module not found: Can't resolve '@/components/cosma/playground'
  1 | import type { Metadata } from "next";
  2 | import { Navigation } from "@/components/navigation";
> 3 | import { CosmaPlayground } from "@/components/cosma/playground";
    | ^^^^^^^^^^^^^^^^^^^^^^^^^^^^^^^^^^^^^^^^^^^^^^^^^^^^^^^^^^^^^^^^
  4 | import { SiteFooter } from "@/components/site-footer";
  5 | import { CoffeeSupportCard } from "@/components/coffee-support-card";
  6 |

Import map: aliased to relative './components/cosma/playground' inside of [project]/

https://nextjs.org/docs/messages/module-not-found @ http://localhost:4200/_next/static/chunks/0aus_next_dist_00tg.dm._.js:1945
[   19360ms] [ERROR] ./app/cosma/page.tsx:3:1
Module not found: Can't resolve '@/components/cosma/playground'
  1 | import type { Metadata } from "next";
  2 | import { Navigation } from "@/components/navigation";
> 3 | import { CosmaPlayground } from "@/components/cosma/playground";
    | ^^^^^^^^^^^^^^^^^^^^^^^^^^^^^^^^^^^^^^^^^^^^^^^^^^^^^^^^^^^^^^^^
  4 | import { SiteFooter } from "@/components/site-footer";
  5 | import { CoffeeSupportCard } from "@/components/coffee-support-card";
  6 |

Import map: aliased to relative './components/cosma/playground' inside of [project]/

https://nextjs.org/docs/messages/module-not-found @ http://localhost:4200/_next/static/chunks/0aus_next_dist_00tg.dm._.js:1945
[   19426ms] [ERROR] ./app/cosma/page.tsx:3:1
Module not found: Can't resolve '@/components/cosma/playground'
  1 | import type { Metadata } from "next";
  2 | import { Navigation } from "@/components/navigation";
> 3 | import { CosmaPlayground } from "@/components/cosma/playground";
    | ^^^^^^^^^^^^^^^^^^^^^^^^^^^^^^^^^^^^^^^^^^^^^^^^^^^^^^^^^^^^^^^^
  4 | import { SiteFooter } from "@/components/site-footer";
  5 | import { CoffeeSupportCard } from "@/components/coffee-support-card";
  6 |

Import map: aliased to relative './components/cosma/playground' inside of [project]/

https://nextjs.org/docs/messages/module-not-found @ http://localhost:4200/_next/static/chunks/0aus_next_dist_00tg.dm._.js:1945
[   19490ms] [ERROR] ./app/cosma/page.tsx:3:1
Module not found: Can't resolve '@/components/cosma/playground'
  1 | import type { Metadata } from "next";
  2 | import { Navigation } from "@/components/navigation";
> 3 | import { CosmaPlayground } from "@/components/cosma/playground";
    | ^^^^^^^^^^^^^^^^^^^^^^^^^^^^^^^^^^^^^^^^^^^^^^^^^^^^^^^^^^^^^^^^
  4 | import { SiteFooter } from "@/components/site-footer";
  5 | import { CoffeeSupportCard } from "@/components/coffee-support-card";
  6 |

Import map: aliased to relative './components/cosma/playground' inside of [project]/

https://nextjs.org/docs/messages/module-not-found @ http://localhost:4200/_next/static/chunks/0aus_next_dist_00tg.dm._.js:1945
[   19552ms] [ERROR] ./app/cosma/page.tsx:3:1
Module not found: Can't resolve '@/components/cosma/playground'
  1 | import type { Metadata } from "next";
  2 | import { Navigation } from "@/components/navigation";
> 3 | import { CosmaPlayground } from "@/components/cosma/playground";
    | ^^^^^^^^^^^^^^^^^^^^^^^^^^^^^^^^^^^^^^^^^^^^^^^^^^^^^^^^^^^^^^^^
  4 | import { SiteFooter } from "@/components/site-footer";
  5 | import { CoffeeSupportCard } from "@/components/coffee-support-card";
  6 |

Import map: aliased to relative './components/cosma/playground' inside of [project]/

https://nextjs.org/docs/messages/module-not-found @ http://localhost:4200/_next/static/chunks/0aus_next_dist_00tg.dm._.js:1945
[   19613ms] [ERROR] ./app/cosma/page.tsx:3:1
Module not found: Can't resolve '@/components/cosma/playground'
  1 | import type { Metadata } from "next";
  2 | import { Navigation } from "@/components/navigation";
> 3 | import { CosmaPlayground } from "@/components/cosma/playground";
    | ^^^^^^^^^^^^^^^^^^^^^^^^^^^^^^^^^^^^^^^^^^^^^^^^^^^^^^^^^^^^^^^^
  4 | import { SiteFooter } from "@/components/site-footer";
  5 | import { CoffeeSupportCard } from "@/components/coffee-support-card";
  6 |

Import map: aliased to relative './components/cosma/playground' inside of [project]/

https://nextjs.org/docs/messages/module-not-found @ http://localhost:4200/_next/static/chunks/0aus_next_dist_00tg.dm._.js:1945
[   19675ms] [ERROR] ./app/cosma/page.tsx:3:1
Module not found: Can't resolve '@/components/cosma/playground'
  1 | import type { Metadata } from "next";
  2 | import { Navigation } from "@/components/navigation";
> 3 | import { CosmaPlayground } from "@/components/cosma/playground";
    | ^^^^^^^^^^^^^^^^^^^^^^^^^^^^^^^^^^^^^^^^^^^^^^^^^^^^^^^^^^^^^^^^
  4 | import { SiteFooter } from "@/components/site-footer";
  5 | import { CoffeeSupportCard } from "@/components/coffee-support-card";
  6 |

Import map: aliased to relative './components/cosma/playground' inside of [project]/

https://nextjs.org/docs/messages/module-not-found @ http://localhost:4200/_next/static/chunks/0aus_next_dist_00tg.dm._.js:1945
[   19802ms] [ERROR] ./app/cosma/page.tsx:3:1
Module not found: Can't resolve '@/components/cosma/playground'
  1 | import type { Metadata } from "next";
  2 | import { Navigation } from "@/components/navigation";
> 3 | import { CosmaPlayground } from "@/components/cosma/playground";
    | ^^^^^^^^^^^^^^^^^^^^^^^^^^^^^^^^^^^^^^^^^^^^^^^^^^^^^^^^^^^^^^^^
  4 | import { SiteFooter } from "@/components/site-footer";
  5 | import { CoffeeSupportCard } from "@/components/coffee-support-card";
  6 |

Import map: aliased to relative './components/cosma/playground' inside of [project]/

https://nextjs.org/docs/messages/module-not-found @ http://localhost:4200/_next/static/chunks/0aus_next_dist_00tg.dm._.js:1945
[   19868ms] [ERROR] ./app/cosma/page.tsx:3:1
Module not found: Can't resolve '@/components/cosma/playground'
  1 | import type { Metadata } from "next";
  2 | import { Navigation } from "@/components/navigation";
> 3 | import { CosmaPlayground } from "@/components/cosma/playground";
    | ^^^^^^^^^^^^^^^^^^^^^^^^^^^^^^^^^^^^^^^^^^^^^^^^^^^^^^^^^^^^^^^^
  4 | import { SiteFooter } from "@/components/site-footer";
  5 | import { CoffeeSupportCard } from "@/components/coffee-support-card";
  6 |

Import map: aliased to relative './components/cosma/playground' inside of [project]/

https://nextjs.org/docs/messages/module-not-found @ http://localhost:4200/_next/static/chunks/0aus_next_dist_00tg.dm._.js:1945
[   19931ms] [ERROR] ./app/cosma/page.tsx:3:1
Module not found: Can't resolve '@/components/cosma/playground'
  1 | import type { Metadata } from "next";
  2 | import { Navigation } from "@/components/navigation";
> 3 | import { CosmaPlayground } from "@/components/cosma/playground";
    | ^^^^^^^^^^^^^^^^^^^^^^^^^^^^^^^^^^^^^^^^^^^^^^^^^^^^^^^^^^^^^^^^
  4 | import { SiteFooter } from "@/components/site-footer";
  5 | import { CoffeeSupportCard } from "@/components/coffee-support-card";
  6 |

Import map: aliased to relative './components/cosma/playground' inside of [project]/

https://nextjs.org/docs/messages/module-not-found @ http://localhost:4200/_next/static/chunks/0aus_next_dist_00tg.dm._.js:1945
[   19994ms] [ERROR] ./app/cosma/page.tsx:3:1
Module not found: Can't resolve '@/components/cosma/playground'
  1 | import type { Metadata } from "next";
  2 | import { Navigation } from "@/components/navigation";
> 3 | import { CosmaPlayground } from "@/components/cosma/playground";
    | ^^^^^^^^^^^^^^^^^^^^^^^^^^^^^^^^^^^^^^^^^^^^^^^^^^^^^^^^^^^^^^^^
  4 | import { SiteFooter } from "@/components/site-footer";
  5 | import { CoffeeSupportCard } from "@/components/coffee-support-card";
  6 |

Import map: aliased to relative './components/cosma/playground' inside of [project]/

https://nextjs.org/docs/messages/module-not-found @ http://localhost:4200/_next/static/chunks/0aus_next_dist_00tg.dm._.js:1945
[   20062ms] [ERROR] ./app/cosma/page.tsx:3:1
Module not found: Can't resolve '@/components/cosma/playground'
  1 | import type { Metadata } from "next";
  2 | import { Navigation } from "@/components/navigation";
> 3 | import { CosmaPlayground } from "@/components/cosma/playground";
    | ^^^^^^^^^^^^^^^^^^^^^^^^^^^^^^^^^^^^^^^^^^^^^^^^^^^^^^^^^^^^^^^^
  4 | import { SiteFooter } from "@/components/site-footer";
  5 | import { CoffeeSupportCard } from "@/components/coffee-support-card";
  6 |

Import map: aliased to relative './components/cosma/playground' inside of [project]/

https://nextjs.org/docs/messages/module-not-found @ http://localhost:4200/_next/static/chunks/0aus_next_dist_00tg.dm._.js:1945
[   20122ms] [ERROR] ./app/cosma/page.tsx:3:1
Module not found: Can't resolve '@/components/cosma/playground'
  1 | import type { Metadata } from "next";
  2 | import { Navigation } from "@/components/navigation";
> 3 | import { CosmaPlayground } from "@/components/cosma/playground";
    | ^^^^^^^^^^^^^^^^^^^^^^^^^^^^^^^^^^^^^^^^^^^^^^^^^^^^^^^^^^^^^^^^
  4 | import { SiteFooter } from "@/components/site-footer";
  5 | import { CoffeeSupportCard } from "@/components/coffee-support-card";
  6 |

Import map: aliased to relative './components/cosma/playground' inside of [project]/

https://nextjs.org/docs/messages/module-not-found @ http://localhost:4200/_next/static/chunks/0aus_next_dist_00tg.dm._.js:1945
[   20186ms] [ERROR] ./app/cosma/page.tsx:3:1
Module not found: Can't resolve '@/components/cosma/playground'
  1 | import type { Metadata } from "next";
  2 | import { Navigation } from "@/components/navigation";
> 3 | import { CosmaPlayground } from "@/components/cosma/playground";
    | ^^^^^^^^^^^^^^^^^^^^^^^^^^^^^^^^^^^^^^^^^^^^^^^^^^^^^^^^^^^^^^^^
  4 | import { SiteFooter } from "@/components/site-footer";
  5 | import { CoffeeSupportCard } from "@/components/coffee-support-card";
  6 |

Import map: aliased to relative './components/cosma/playground' inside of [project]/

https://nextjs.org/docs/messages/module-not-found @ http://localhost:4200/_next/static/chunks/0aus_next_dist_00tg.dm._.js:1945
[   20248ms] [ERROR] ./app/cosma/page.tsx:3:1
Module not found: Can't resolve '@/components/cosma/playground'
  1 | import type { Metadata } from "next";
  2 | import { Navigation } from "@/components/navigation";
> 3 | import { CosmaPlayground } from "@/components/cosma/playground";
    | ^^^^^^^^^^^^^^^^^^^^^^^^^^^^^^^^^^^^^^^^^^^^^^^^^^^^^^^^^^^^^^^^
  4 | import { SiteFooter } from "@/components/site-footer";
  5 | import { CoffeeSupportCard } from "@/components/coffee-support-card";
  6 |

Import map: aliased to relative './components/cosma/playground' inside of [project]/

https://nextjs.org/docs/messages/module-not-found @ http://localhost:4200/_next/static/chunks/0aus_next_dist_00tg.dm._.js:1945
[   20310ms] [ERROR] ./app/cosma/page.tsx:3:1
Module not found: Can't resolve '@/components/cosma/playground'
  1 | import type { Metadata } from "next";
  2 | import { Navigation } from "@/components/navigation";
> 3 | import { CosmaPlayground } from "@/components/cosma/playground";
    | ^^^^^^^^^^^^^^^^^^^^^^^^^^^^^^^^^^^^^^^^^^^^^^^^^^^^^^^^^^^^^^^^
  4 | import { SiteFooter } from "@/components/site-footer";
  5 | import { CoffeeSupportCard } from "@/components/coffee-support-card";
  6 |

Import map: aliased to relative './components/cosma/playground' inside of [project]/

https://nextjs.org/docs/messages/module-not-found @ http://localhost:4200/_next/static/chunks/0aus_next_dist_00tg.dm._.js:1945
[   20372ms] [ERROR] ./app/cosma/page.tsx:3:1
Module not found: Can't resolve '@/components/cosma/playground'
  1 | import type { Metadata } from "next";
  2 | import { Navigation } from "@/components/navigation";
> 3 | import { CosmaPlayground } from "@/components/cosma/playground";
    | ^^^^^^^^^^^^^^^^^^^^^^^^^^^^^^^^^^^^^^^^^^^^^^^^^^^^^^^^^^^^^^^^
  4 | import { SiteFooter } from "@/components/site-footer";
  5 | import { CoffeeSupportCard } from "@/components/coffee-support-card";
  6 |

Import map: aliased to relative './components/cosma/playground' inside of [project]/

https://nextjs.org/docs/messages/module-not-found @ http://localhost:4200/_next/static/chunks/0aus_next_dist_00tg.dm._.js:1945
[   20448ms] [ERROR] ./app/cosma/page.tsx:3:1
Module not found: Can't resolve '@/components/cosma/playground'
  1 | import type { Metadata } from "next";
  2 | import { Navigation } from "@/components/navigation";
> 3 | import { CosmaPlayground } from "@/components/cosma/playground";
    | ^^^^^^^^^^^^^^^^^^^^^^^^^^^^^^^^^^^^^^^^^^^^^^^^^^^^^^^^^^^^^^^^
  4 | import { SiteFooter } from "@/components/site-footer";
  5 | import { CoffeeSupportCard } from "@/components/coffee-support-card";
  6 |

Import map: aliased to relative './components/cosma/playground' inside of [project]/

https://nextjs.org/docs/messages/module-not-found @ http://localhost:4200/_next/static/chunks/0aus_next_dist_00tg.dm._.js:1945
[   20516ms] [ERROR] ./app/cosma/page.tsx:3:1
Module not found: Can't resolve '@/components/cosma/playground'
  1 | import type { Metadata } from "next";
  2 | import { Navigation } from "@/components/navigation";
> 3 | import { CosmaPlayground } from "@/components/cosma/playground";
    | ^^^^^^^^^^^^^^^^^^^^^^^^^^^^^^^^^^^^^^^^^^^^^^^^^^^^^^^^^^^^^^^^
  4 | import { SiteFooter } from "@/components/site-footer";
  5 | import { CoffeeSupportCard } from "@/components/coffee-support-card";
  6 |

Import map: aliased to relative './components/cosma/playground' inside of [project]/

https://nextjs.org/docs/messages/module-not-found @ http://localhost:4200/_next/static/chunks/0aus_next_dist_00tg.dm._.js:1945
[   20577ms] [ERROR] ./app/cosma/page.tsx:3:1
Module not found: Can't resolve '@/components/cosma/playground'
  1 | import type { Metadata } from "next";
  2 | import { Navigation } from "@/components/navigation";
> 3 | import { CosmaPlayground } from "@/components/cosma/playground";
    | ^^^^^^^^^^^^^^^^^^^^^^^^^^^^^^^^^^^^^^^^^^^^^^^^^^^^^^^^^^^^^^^^
  4 | import { SiteFooter } from "@/components/site-footer";
  5 | import { CoffeeSupportCard } from "@/components/coffee-support-card";
  6 |

Import map: aliased to relative './components/cosma/playground' inside of [project]/

https://nextjs.org/docs/messages/module-not-found @ http://localhost:4200/_next/static/chunks/0aus_next_dist_00tg.dm._.js:1945
[   20643ms] [ERROR] ./app/cosma/page.tsx:3:1
Module not found: Can't resolve '@/components/cosma/playground'
  1 | import type { Metadata } from "next";
  2 | import { Navigation } from "@/components/navigation";
> 3 | import { CosmaPlayground } from "@/components/cosma/playground";
    | ^^^^^^^^^^^^^^^^^^^^^^^^^^^^^^^^^^^^^^^^^^^^^^^^^^^^^^^^^^^^^^^^
  4 | import { SiteFooter } from "@/components/site-footer";
  5 | import { CoffeeSupportCard } from "@/components/coffee-support-card";
  6 |

Import map: aliased to relative './components/cosma/playground' inside of [project]/

https://nextjs.org/docs/messages/module-not-found @ http://localhost:4200/_next/static/chunks/0aus_next_dist_00tg.dm._.js:1945
[   20703ms] [LOG] [Fast Refresh] rebuilding @ http://localhost:4200/_next/static/chunks/0aus_next_dist_00tg.dm._.js:1226
[   20764ms] [ERROR] ./app/cosma/page.tsx:3:1
Module not found: Can't resolve '@/components/cosma/playground'
  1 | import type { Metadata } from "next";
  2 | import { Navigation } from "@/components/navigation";
> 3 | import { CosmaPlayground } from "@/components/cosma/playground";
    | ^^^^^^^^^^^^^^^^^^^^^^^^^^^^^^^^^^^^^^^^^^^^^^^^^^^^^^^^^^^^^^^^
  4 | import { SiteFooter } from "@/components/site-footer";
  5 | import { CoffeeSupportCard } from "@/components/coffee-support-card";
  6 |

Import map: aliased to relative './components/cosma/playground' inside of [project]/

https://nextjs.org/docs/messages/module-not-found @ http://localhost:4200/_next/static/chunks/0aus_next_dist_00tg.dm._.js:1945
[   20825ms] [ERROR] ./app/cosma/page.tsx:3:1
Module not found: Can't resolve '@/components/cosma/playground'
  1 | import type { Metadata } from "next";
  2 | import { Navigation } from "@/components/navigation";
> 3 | import { CosmaPlayground } from "@/components/cosma/playground";
    | ^^^^^^^^^^^^^^^^^^^^^^^^^^^^^^^^^^^^^^^^^^^^^^^^^^^^^^^^^^^^^^^^
  4 | import { SiteFooter } from "@/components/site-footer";
  5 | import { CoffeeSupportCard } from "@/components/coffee-support-card";
  6 |

Import map: aliased to relative './components/cosma/playground' inside of [project]/

https://nextjs.org/docs/messages/module-not-found @ http://localhost:4200/_next/static/chunks/0aus_next_dist_00tg.dm._.js:1945
[   20886ms] [ERROR] ./app/cosma/page.tsx:3:1
Module not found: Can't resolve '@/components/cosma/playground'
  1 | import type { Metadata } from "next";
  2 | import { Navigation } from "@/components/navigation";
> 3 | import { CosmaPlayground } from "@/components/cosma/playground";
    | ^^^^^^^^^^^^^^^^^^^^^^^^^^^^^^^^^^^^^^^^^^^^^^^^^^^^^^^^^^^^^^^^
  4 | import { SiteFooter } from "@/components/site-footer";
  5 | import { CoffeeSupportCard } from "@/components/coffee-support-card";
  6 |

Import map: aliased to relative './components/cosma/playground' inside of [project]/

https://nextjs.org/docs/messages/module-not-found @ http://localhost:4200/_next/static/chunks/0aus_next_dist_00tg.dm._.js:1945
[   20951ms] [ERROR] ./app/cosma/page.tsx:3:1
Module not found: Can't resolve '@/components/cosma/playground'
  1 | import type { Metadata } from "next";
  2 | import { Navigation } from "@/components/navigation";
> 3 | import { CosmaPlayground } from "@/components/cosma/playground";
    | ^^^^^^^^^^^^^^^^^^^^^^^^^^^^^^^^^^^^^^^^^^^^^^^^^^^^^^^^^^^^^^^^
  4 | import { SiteFooter } from "@/components/site-footer";
  5 | import { CoffeeSupportCard } from "@/components/coffee-support-card";
  6 |

Import map: aliased to relative './components/cosma/playground' inside of [project]/

https://nextjs.org/docs/messages/module-not-found @ http://localhost:4200/_next/static/chunks/0aus_next_dist_00tg.dm._.js:1945
[   21014ms] [ERROR] ./app/cosma/page.tsx:3:1
Module not found: Can't resolve '@/components/cosma/playground'
  1 | import type { Metadata } from "next";
  2 | import { Navigation } from "@/components/navigation";
> 3 | import { CosmaPlayground } from "@/components/cosma/playground";
    | ^^^^^^^^^^^^^^^^^^^^^^^^^^^^^^^^^^^^^^^^^^^^^^^^^^^^^^^^^^^^^^^^
  4 | import { SiteFooter } from "@/components/site-footer";
  5 | import { CoffeeSupportCard } from "@/components/coffee-support-card";
  6 |

Import map: aliased to relative './components/cosma/playground' inside of [project]/

https://nextjs.org/docs/messages/module-not-found @ http://localhost:4200/_next/static/chunks/0aus_next_dist_00tg.dm._.js:1945
[   21078ms] [ERROR] ./app/cosma/page.tsx:3:1
Module not found: Can't resolve '@/components/cosma/playground'
  1 | import type { Metadata } from "next";
  2 | import { Navigation } from "@/components/navigation";
> 3 | import { CosmaPlayground } from "@/components/cosma/playground";
    | ^^^^^^^^^^^^^^^^^^^^^^^^^^^^^^^^^^^^^^^^^^^^^^^^^^^^^^^^^^^^^^^^
  4 | import { SiteFooter } from "@/components/site-footer";
  5 | import { CoffeeSupportCard } from "@/components/coffee-support-card";
  6 |

Import map: aliased to relative './components/cosma/playground' inside of [project]/

https://nextjs.org/docs/messages/module-not-found @ http://localhost:4200/_next/static/chunks/0aus_next_dist_00tg.dm._.js:1945
[   21143ms] [ERROR] ./app/cosma/page.tsx:3:1
Module not found: Can't resolve '@/components/cosma/playground'
  1 | import type { Metadata } from "next";
  2 | import { Navigation } from "@/components/navigation";
> 3 | import { CosmaPlayground } from "@/components/cosma/playground";
    | ^^^^^^^^^^^^^^^^^^^^^^^^^^^^^^^^^^^^^^^^^^^^^^^^^^^^^^^^^^^^^^^^
  4 | import { SiteFooter } from "@/components/site-footer";
  5 | import { CoffeeSupportCard } from "@/components/coffee-support-card";
  6 |

Import map: aliased to relative './components/cosma/playground' inside of [project]/

https://nextjs.org/docs/messages/module-not-found @ http://localhost:4200/_next/static/chunks/0aus_next_dist_00tg.dm._.js:1945
[   21209ms] [ERROR] ./app/cosma/page.tsx:3:1
Module not found: Can't resolve '@/components/cosma/playground'
  1 | import type { Metadata } from "next";
  2 | import { Navigation } from "@/components/navigation";
> 3 | import { CosmaPlayground } from "@/components/cosma/playground";
    | ^^^^^^^^^^^^^^^^^^^^^^^^^^^^^^^^^^^^^^^^^^^^^^^^^^^^^^^^^^^^^^^^
  4 | import { SiteFooter } from "@/components/site-footer";
  5 | import { CoffeeSupportCard } from "@/components/coffee-support-card";
  6 |

Import map: aliased to relative './components/cosma/playground' inside of [project]/

https://nextjs.org/docs/messages/module-not-found @ http://localhost:4200/_next/static/chunks/0aus_next_dist_00tg.dm._.js:1945
[   21271ms] [ERROR] ./app/cosma/page.tsx:3:1
Module not found: Can't resolve '@/components/cosma/playground'
  1 | import type { Metadata } from "next";
  2 | import { Navigation } from "@/components/navigation";
> 3 | import { CosmaPlayground } from "@/components/cosma/playground";
    | ^^^^^^^^^^^^^^^^^^^^^^^^^^^^^^^^^^^^^^^^^^^^^^^^^^^^^^^^^^^^^^^^
  4 | import { SiteFooter } from "@/components/site-footer";
  5 | import { CoffeeSupportCard } from "@/components/coffee-support-card";
  6 |

Import map: aliased to relative './components/cosma/playground' inside of [project]/

https://nextjs.org/docs/messages/module-not-found @ http://localhost:4200/_next/static/chunks/0aus_next_dist_00tg.dm._.js:1945
[   21333ms] [ERROR] ./app/cosma/page.tsx:3:1
Module not found: Can't resolve '@/components/cosma/playground'
  1 | import type { Metadata } from "next";
  2 | import { Navigation } from "@/components/navigation";
> 3 | import { CosmaPlayground } from "@/components/cosma/playground";
    | ^^^^^^^^^^^^^^^^^^^^^^^^^^^^^^^^^^^^^^^^^^^^^^^^^^^^^^^^^^^^^^^^
  4 | import { SiteFooter } from "@/components/site-footer";
  5 | import { CoffeeSupportCard } from "@/components/coffee-support-card";
  6 |

Import map: aliased to relative './components/cosma/playground' inside of [project]/

https://nextjs.org/docs/messages/module-not-found @ http://localhost:4200/_next/static/chunks/0aus_next_dist_00tg.dm._.js:1945
[   21395ms] [ERROR] ./app/cosma/page.tsx:3:1
Module not found: Can't resolve '@/components/cosma/playground'
  1 | import type { Metadata } from "next";
  2 | import { Navigation } from "@/components/navigation";
> 3 | import { CosmaPlayground } from "@/components/cosma/playground";
    | ^^^^^^^^^^^^^^^^^^^^^^^^^^^^^^^^^^^^^^^^^^^^^^^^^^^^^^^^^^^^^^^^
  4 | import { SiteFooter } from "@/components/site-footer";
  5 | import { CoffeeSupportCard } from "@/components/coffee-support-card";
  6 |

Import map: aliased to relative './components/cosma/playground' inside of [project]/

https://nextjs.org/docs/messages/module-not-found @ http://localhost:4200/_next/static/chunks/0aus_next_dist_00tg.dm._.js:1945
[   21450ms] [ERROR] ./app/cosma/page.tsx:3:1
Module not found: Can't resolve '@/components/cosma/playground'
  1 | import type { Metadata } from "next";
  2 | import { Navigation } from "@/components/navigation";
> 3 | import { CosmaPlayground } from "@/components/cosma/playground";
    | ^^^^^^^^^^^^^^^^^^^^^^^^^^^^^^^^^^^^^^^^^^^^^^^^^^^^^^^^^^^^^^^^
  4 | import { SiteFooter } from "@/components/site-footer";
  5 | import { CoffeeSupportCard } from "@/components/coffee-support-card";
  6 |

Import map: aliased to relative './components/cosma/playground' inside of [project]/

https://nextjs.org/docs/messages/module-not-found @ http://localhost:4200/_next/static/chunks/0aus_next_dist_00tg.dm._.js:1945
[   21512ms] [ERROR] ./app/cosma/page.tsx:3:1
Module not found: Can't resolve '@/components/cosma/playground'
  1 | import type { Metadata } from "next";
  2 | import { Navigation } from "@/components/navigation";
> 3 | import { CosmaPlayground } from "@/components/cosma/playground";
    | ^^^^^^^^^^^^^^^^^^^^^^^^^^^^^^^^^^^^^^^^^^^^^^^^^^^^^^^^^^^^^^^^
  4 | import { SiteFooter } from "@/components/site-footer";
  5 | import { CoffeeSupportCard } from "@/components/coffee-support-card";
  6 |

Import map: aliased to relative './components/cosma/playground' inside of [project]/

https://nextjs.org/docs/messages/module-not-found @ http://localhost:4200/_next/static/chunks/0aus_next_dist_00tg.dm._.js:1945
[   21577ms] [ERROR] ./app/cosma/page.tsx:3:1
Module not found: Can't resolve '@/components/cosma/playground'
  1 | import type { Metadata } from "next";
  2 | import { Navigation } from "@/components/navigation";
> 3 | import { CosmaPlayground } from "@/components/cosma/playground";
    | ^^^^^^^^^^^^^^^^^^^^^^^^^^^^^^^^^^^^^^^^^^^^^^^^^^^^^^^^^^^^^^^^
  4 | import { SiteFooter } from "@/components/site-footer";
  5 | import { CoffeeSupportCard } from "@/components/coffee-support-card";
  6 |

Import map: aliased to relative './components/cosma/playground' inside of [project]/

https://nextjs.org/docs/messages/module-not-found @ http://localhost:4200/_next/static/chunks/0aus_next_dist_00tg.dm._.js:1945
[   21640ms] [ERROR] ./app/cosma/page.tsx:3:1
Module not found: Can't resolve '@/components/cosma/playground'
  1 | import type { Metadata } from "next";
  2 | import { Navigation } from "@/components/navigation";
> 3 | import { CosmaPlayground } from "@/components/cosma/playground";
    | ^^^^^^^^^^^^^^^^^^^^^^^^^^^^^^^^^^^^^^^^^^^^^^^^^^^^^^^^^^^^^^^^
  4 | import { SiteFooter } from "@/components/site-footer";
  5 | import { CoffeeSupportCard } from "@/components/coffee-support-card";
  6 |

Import map: aliased to relative './components/cosma/playground' inside of [project]/

https://nextjs.org/docs/messages/module-not-found @ http://localhost:4200/_next/static/chunks/0aus_next_dist_00tg.dm._.js:1945
[   21704ms] [ERROR] ./app/cosma/page.tsx:3:1
Module not found: Can't resolve '@/components/cosma/playground'
  1 | import type { Metadata } from "next";
  2 | import { Navigation } from "@/components/navigation";
> 3 | import { CosmaPlayground } from "@/components/cosma/playground";
    | ^^^^^^^^^^^^^^^^^^^^^^^^^^^^^^^^^^^^^^^^^^^^^^^^^^^^^^^^^^^^^^^^
  4 | import { SiteFooter } from "@/components/site-footer";
  5 | import { CoffeeSupportCard } from "@/components/coffee-support-card";
  6 |

Import map: aliased to relative './components/cosma/playground' inside of [project]/

https://nextjs.org/docs/messages/module-not-found @ http://localhost:4200/_next/static/chunks/0aus_next_dist_00tg.dm._.js:1945
[   21768ms] [ERROR] ./app/cosma/page.tsx:3:1
Module not found: Can't resolve '@/components/cosma/playground'
  1 | import type { Metadata } from "next";
  2 | import { Navigation } from "@/components/navigation";
> 3 | import { CosmaPlayground } from "@/components/cosma/playground";
    | ^^^^^^^^^^^^^^^^^^^^^^^^^^^^^^^^^^^^^^^^^^^^^^^^^^^^^^^^^^^^^^^^
  4 | import { SiteFooter } from "@/components/site-footer";
  5 | import { CoffeeSupportCard } from "@/components/coffee-support-card";
  6 |

Import map: aliased to relative './components/cosma/playground' inside of [project]/

https://nextjs.org/docs/messages/module-not-found @ http://localhost:4200/_next/static/chunks/0aus_next_dist_00tg.dm._.js:1945
[   21831ms] [ERROR] ./app/cosma/page.tsx:3:1
Module not found: Can't resolve '@/components/cosma/playground'
  1 | import type { Metadata } from "next";
  2 | import { Navigation } from "@/components/navigation";
> 3 | import { CosmaPlayground } from "@/components/cosma/playground";
    | ^^^^^^^^^^^^^^^^^^^^^^^^^^^^^^^^^^^^^^^^^^^^^^^^^^^^^^^^^^^^^^^^
  4 | import { SiteFooter } from "@/components/site-footer";
  5 | import { CoffeeSupportCard } from "@/components/coffee-support-card";
  6 |

Import map: aliased to relative './components/cosma/playground' inside of [project]/

https://nextjs.org/docs/messages/module-not-found @ http://localhost:4200/_next/static/chunks/0aus_next_dist_00tg.dm._.js:1945
[   21893ms] [ERROR] ./app/cosma/page.tsx:3:1
Module not found: Can't resolve '@/components/cosma/playground'
  1 | import type { Metadata } from "next";
  2 | import { Navigation } from "@/components/navigation";
> 3 | import { CosmaPlayground } from "@/components/cosma/playground";
    | ^^^^^^^^^^^^^^^^^^^^^^^^^^^^^^^^^^^^^^^^^^^^^^^^^^^^^^^^^^^^^^^^
  4 | import { SiteFooter } from "@/components/site-footer";
  5 | import { CoffeeSupportCard } from "@/components/coffee-support-card";
  6 |

Import map: aliased to relative './components/cosma/playground' inside of [project]/

https://nextjs.org/docs/messages/module-not-found @ http://localhost:4200/_next/static/chunks/0aus_next_dist_00tg.dm._.js:1945
[   21956ms] [ERROR] ./app/cosma/page.tsx:3:1
Module not found: Can't resolve '@/components/cosma/playground'
  1 | import type { Metadata } from "next";
  2 | import { Navigation } from "@/components/navigation";
> 3 | import { CosmaPlayground } from "@/components/cosma/playground";
    | ^^^^^^^^^^^^^^^^^^^^^^^^^^^^^^^^^^^^^^^^^^^^^^^^^^^^^^^^^^^^^^^^
  4 | import { SiteFooter } from "@/components/site-footer";
  5 | import { CoffeeSupportCard } from "@/components/coffee-support-card";
  6 |

Import map: aliased to relative './components/cosma/playground' inside of [project]/

https://nextjs.org/docs/messages/module-not-found @ http://localhost:4200/_next/static/chunks/0aus_next_dist_00tg.dm._.js:1945
[   22019ms] [ERROR] ./app/cosma/page.tsx:3:1
Module not found: Can't resolve '@/components/cosma/playground'
  1 | import type { Metadata } from "next";
  2 | import { Navigation } from "@/components/navigation";
> 3 | import { CosmaPlayground } from "@/components/cosma/playground";
    | ^^^^^^^^^^^^^^^^^^^^^^^^^^^^^^^^^^^^^^^^^^^^^^^^^^^^^^^^^^^^^^^^
  4 | import { SiteFooter } from "@/components/site-footer";
  5 | import { CoffeeSupportCard } from "@/components/coffee-support-card";
  6 |

Import map: aliased to relative './components/cosma/playground' inside of [project]/

https://nextjs.org/docs/messages/module-not-found @ http://localhost:4200/_next/static/chunks/0aus_next_dist_00tg.dm._.js:1945
[   22080ms] [ERROR] ./app/cosma/page.tsx:3:1
Module not found: Can't resolve '@/components/cosma/playground'
  1 | import type { Metadata } from "next";
  2 | import { Navigation } from "@/components/navigation";
> 3 | import { CosmaPlayground } from "@/components/cosma/playground";
    | ^^^^^^^^^^^^^^^^^^^^^^^^^^^^^^^^^^^^^^^^^^^^^^^^^^^^^^^^^^^^^^^^
  4 | import { SiteFooter } from "@/components/site-footer";
  5 | import { CoffeeSupportCard } from "@/components/coffee-support-card";
  6 |

Import map: aliased to relative './components/cosma/playground' inside of [project]/

https://nextjs.org/docs/messages/module-not-found @ http://localhost:4200/_next/static/chunks/0aus_next_dist_00tg.dm._.js:1945
[   22141ms] [ERROR] ./app/cosma/page.tsx:3:1
Module not found: Can't resolve '@/components/cosma/playground'
  1 | import type { Metadata } from "next";
  2 | import { Navigation } from "@/components/navigation";
> 3 | import { CosmaPlayground } from "@/components/cosma/playground";
    | ^^^^^^^^^^^^^^^^^^^^^^^^^^^^^^^^^^^^^^^^^^^^^^^^^^^^^^^^^^^^^^^^
  4 | import { SiteFooter } from "@/components/site-footer";
  5 | import { CoffeeSupportCard } from "@/components/coffee-support-card";
  6 |

Import map: aliased to relative './components/cosma/playground' inside of [project]/

https://nextjs.org/docs/messages/module-not-found @ http://localhost:4200/_next/static/chunks/0aus_next_dist_00tg.dm._.js:1945
[   22205ms] [ERROR] ./app/cosma/page.tsx:3:1
Module not found: Can't resolve '@/components/cosma/playground'
  1 | import type { Metadata } from "next";
  2 | import { Navigation } from "@/components/navigation";
> 3 | import { CosmaPlayground } from "@/components/cosma/playground";
    | ^^^^^^^^^^^^^^^^^^^^^^^^^^^^^^^^^^^^^^^^^^^^^^^^^^^^^^^^^^^^^^^^
  4 | import { SiteFooter } from "@/components/site-footer";
  5 | import { CoffeeSupportCard } from "@/components/coffee-support-card";
  6 |

Import map: aliased to relative './components/cosma/playground' inside of [project]/

https://nextjs.org/docs/messages/module-not-found @ http://localhost:4200/_next/static/chunks/0aus_next_dist_00tg.dm._.js:1945
[   22268ms] [ERROR] ./app/cosma/page.tsx:3:1
Module not found: Can't resolve '@/components/cosma/playground'
  1 | import type { Metadata } from "next";
  2 | import { Navigation } from "@/components/navigation";
> 3 | import { CosmaPlayground } from "@/components/cosma/playground";
    | ^^^^^^^^^^^^^^^^^^^^^^^^^^^^^^^^^^^^^^^^^^^^^^^^^^^^^^^^^^^^^^^^
  4 | import { SiteFooter } from "@/components/site-footer";
  5 | import { CoffeeSupportCard } from "@/components/coffee-support-card";
  6 |

Import map: aliased to relative './components/cosma/playground' inside of [project]/

https://nextjs.org/docs/messages/module-not-found @ http://localhost:4200/_next/static/chunks/0aus_next_dist_00tg.dm._.js:1945
[   22332ms] [ERROR] ./app/cosma/page.tsx:3:1
Module not found: Can't resolve '@/components/cosma/playground'
  1 | import type { Metadata } from "next";
  2 | import { Navigation } from "@/components/navigation";
> 3 | import { CosmaPlayground } from "@/components/cosma/playground";
    | ^^^^^^^^^^^^^^^^^^^^^^^^^^^^^^^^^^^^^^^^^^^^^^^^^^^^^^^^^^^^^^^^
  4 | import { SiteFooter } from "@/components/site-footer";
  5 | import { CoffeeSupportCard } from "@/components/coffee-support-card";
  6 |

Import map: aliased to relative './components/cosma/playground' inside of [project]/

https://nextjs.org/docs/messages/module-not-found @ http://localhost:4200/_next/static/chunks/0aus_next_dist_00tg.dm._.js:1945
[   22398ms] [ERROR] ./app/cosma/page.tsx:3:1
Module not found: Can't resolve '@/components/cosma/playground'
  1 | import type { Metadata } from "next";
  2 | import { Navigation } from "@/components/navigation";
> 3 | import { CosmaPlayground } from "@/components/cosma/playground";
    | ^^^^^^^^^^^^^^^^^^^^^^^^^^^^^^^^^^^^^^^^^^^^^^^^^^^^^^^^^^^^^^^^
  4 | import { SiteFooter } from "@/components/site-footer";
  5 | import { CoffeeSupportCard } from "@/components/coffee-support-card";
  6 |

Import map: aliased to relative './components/cosma/playground' inside of [project]/

https://nextjs.org/docs/messages/module-not-found @ http://localhost:4200/_next/static/chunks/0aus_next_dist_00tg.dm._.js:1945
[   22463ms] [ERROR] ./app/cosma/page.tsx:3:1
Module not found: Can't resolve '@/components/cosma/playground'
  1 | import type { Metadata } from "next";
  2 | import { Navigation } from "@/components/navigation";
> 3 | import { CosmaPlayground } from "@/components/cosma/playground";
    | ^^^^^^^^^^^^^^^^^^^^^^^^^^^^^^^^^^^^^^^^^^^^^^^^^^^^^^^^^^^^^^^^
  4 | import { SiteFooter } from "@/components/site-footer";
  5 | import { CoffeeSupportCard } from "@/components/coffee-support-card";
  6 |

Import map: aliased to relative './components/cosma/playground' inside of [project]/

https://nextjs.org/docs/messages/module-not-found @ http://localhost:4200/_next/static/chunks/0aus_next_dist_00tg.dm._.js:1945
[   22527ms] [ERROR] ./app/cosma/page.tsx:3:1
Module not found: Can't resolve '@/components/cosma/playground'
  1 | import type { Metadata } from "next";
  2 | import { Navigation } from "@/components/navigation";
> 3 | import { CosmaPlayground } from "@/components/cosma/playground";
    | ^^^^^^^^^^^^^^^^^^^^^^^^^^^^^^^^^^^^^^^^^^^^^^^^^^^^^^^^^^^^^^^^
  4 | import { SiteFooter } from "@/components/site-footer";
  5 | import { CoffeeSupportCard } from "@/components/coffee-support-card";
  6 |

Import map: aliased to relative './components/cosma/playground' inside of [project]/

https://nextjs.org/docs/messages/module-not-found @ http://localhost:4200/_next/static/chunks/0aus_next_dist_00tg.dm._.js:1945
[   22593ms] [ERROR] ./app/cosma/page.tsx:3:1
Module not found: Can't resolve '@/components/cosma/playground'
  1 | import type { Metadata } from "next";
  2 | import { Navigation } from "@/components/navigation";
> 3 | import { CosmaPlayground } from "@/components/cosma/playground";
    | ^^^^^^^^^^^^^^^^^^^^^^^^^^^^^^^^^^^^^^^^^^^^^^^^^^^^^^^^^^^^^^^^
  4 | import { SiteFooter } from "@/components/site-footer";
  5 | import { CoffeeSupportCard } from "@/components/coffee-support-card";
  6 |

Import map: aliased to relative './components/cosma/playground' inside of [project]/

https://nextjs.org/docs/messages/module-not-found @ http://localhost:4200/_next/static/chunks/0aus_next_dist_00tg.dm._.js:1945
[   22656ms] [ERROR] ./app/cosma/page.tsx:3:1
Module not found: Can't resolve '@/components/cosma/playground'
  1 | import type { Metadata } from "next";
  2 | import { Navigation } from "@/components/navigation";
> 3 | import { CosmaPlayground } from "@/components/cosma/playground";
    | ^^^^^^^^^^^^^^^^^^^^^^^^^^^^^^^^^^^^^^^^^^^^^^^^^^^^^^^^^^^^^^^^
  4 | import { SiteFooter } from "@/components/site-footer";
  5 | import { CoffeeSupportCard } from "@/components/coffee-support-card";
  6 |

Import map: aliased to relative './components/cosma/playground' inside of [project]/

https://nextjs.org/docs/messages/module-not-found @ http://localhost:4200/_next/static/chunks/0aus_next_dist_00tg.dm._.js:1945
[   22721ms] [ERROR] ./app/cosma/page.tsx:3:1
Module not found: Can't resolve '@/components/cosma/playground'
  1 | import type { Metadata } from "next";
  2 | import { Navigation } from "@/components/navigation";
> 3 | import { CosmaPlayground } from "@/components/cosma/playground";
    | ^^^^^^^^^^^^^^^^^^^^^^^^^^^^^^^^^^^^^^^^^^^^^^^^^^^^^^^^^^^^^^^^
  4 | import { SiteFooter } from "@/components/site-footer";
  5 | import { CoffeeSupportCard } from "@/components/coffee-support-card";
  6 |

Import map: aliased to relative './components/cosma/playground' inside of [project]/

https://nextjs.org/docs/messages/module-not-found @ http://localhost:4200/_next/static/chunks/0aus_next_dist_00tg.dm._.js:1945
[   22784ms] [ERROR] ./app/cosma/page.tsx:3:1
Module not found: Can't resolve '@/components/cosma/playground'
  1 | import type { Metadata } from "next";
  2 | import { Navigation } from "@/components/navigation";
> 3 | import { CosmaPlayground } from "@/components/cosma/playground";
    | ^^^^^^^^^^^^^^^^^^^^^^^^^^^^^^^^^^^^^^^^^^^^^^^^^^^^^^^^^^^^^^^^
  4 | import { SiteFooter } from "@/components/site-footer";
  5 | import { CoffeeSupportCard } from "@/components/coffee-support-card";
  6 |

Import map: aliased to relative './components/cosma/playground' inside of [project]/

https://nextjs.org/docs/messages/module-not-found @ http://localhost:4200/_next/static/chunks/0aus_next_dist_00tg.dm._.js:1945
[   22844ms] [ERROR] ./app/cosma/page.tsx:3:1
Module not found: Can't resolve '@/components/cosma/playground'
  1 | import type { Metadata } from "next";
  2 | import { Navigation } from "@/components/navigation";
> 3 | import { CosmaPlayground } from "@/components/cosma/playground";
    | ^^^^^^^^^^^^^^^^^^^^^^^^^^^^^^^^^^^^^^^^^^^^^^^^^^^^^^^^^^^^^^^^
  4 | import { SiteFooter } from "@/components/site-footer";
  5 | import { CoffeeSupportCard } from "@/components/coffee-support-card";
  6 |

Import map: aliased to relative './components/cosma/playground' inside of [project]/

https://nextjs.org/docs/messages/module-not-found @ http://localhost:4200/_next/static/chunks/0aus_next_dist_00tg.dm._.js:1945
[   22907ms] [ERROR] ./app/cosma/page.tsx:3:1
Module not found: Can't resolve '@/components/cosma/playground'
  1 | import type { Metadata } from "next";
  2 | import { Navigation } from "@/components/navigation";
> 3 | import { CosmaPlayground } from "@/components/cosma/playground";
    | ^^^^^^^^^^^^^^^^^^^^^^^^^^^^^^^^^^^^^^^^^^^^^^^^^^^^^^^^^^^^^^^^
  4 | import { SiteFooter } from "@/components/site-footer";
  5 | import { CoffeeSupportCard } from "@/components/coffee-support-card";
  6 |

Import map: aliased to relative './components/cosma/playground' inside of [project]/

https://nextjs.org/docs/messages/module-not-found @ http://localhost:4200/_next/static/chunks/0aus_next_dist_00tg.dm._.js:1945
[   22970ms] [ERROR] ./app/cosma/page.tsx:3:1
Module not found: Can't resolve '@/components/cosma/playground'
  1 | import type { Metadata } from "next";
  2 | import { Navigation } from "@/components/navigation";
> 3 | import { CosmaPlayground } from "@/components/cosma/playground";
    | ^^^^^^^^^^^^^^^^^^^^^^^^^^^^^^^^^^^^^^^^^^^^^^^^^^^^^^^^^^^^^^^^
  4 | import { SiteFooter } from "@/components/site-footer";
  5 | import { CoffeeSupportCard } from "@/components/coffee-support-card";
  6 |

Import map: aliased to relative './components/cosma/playground' inside of [project]/

https://nextjs.org/docs/messages/module-not-found @ http://localhost:4200/_next/static/chunks/0aus_next_dist_00tg.dm._.js:1945
[   23032ms] [ERROR] ./app/cosma/page.tsx:3:1
Module not found: Can't resolve '@/components/cosma/playground'
  1 | import type { Metadata } from "next";
  2 | import { Navigation } from "@/components/navigation";
> 3 | import { CosmaPlayground } from "@/components/cosma/playground";
    | ^^^^^^^^^^^^^^^^^^^^^^^^^^^^^^^^^^^^^^^^^^^^^^^^^^^^^^^^^^^^^^^^
  4 | import { SiteFooter } from "@/components/site-footer";
  5 | import { CoffeeSupportCard } from "@/components/coffee-support-card";
  6 |

Import map: aliased to relative './components/cosma/playground' inside of [project]/

https://nextjs.org/docs/messages/module-not-found @ http://localhost:4200/_next/static/chunks/0aus_next_dist_00tg.dm._.js:1945
[   23095ms] [ERROR] ./app/cosma/page.tsx:3:1
Module not found: Can't resolve '@/components/cosma/playground'
  1 | import type { Metadata } from "next";
  2 | import { Navigation } from "@/components/navigation";
> 3 | import { CosmaPlayground } from "@/components/cosma/playground";
    | ^^^^^^^^^^^^^^^^^^^^^^^^^^^^^^^^^^^^^^^^^^^^^^^^^^^^^^^^^^^^^^^^
  4 | import { SiteFooter } from "@/components/site-footer";
  5 | import { CoffeeSupportCard } from "@/components/coffee-support-card";
  6 |

Import map: aliased to relative './components/cosma/playground' inside of [project]/

https://nextjs.org/docs/messages/module-not-found @ http://localhost:4200/_next/static/chunks/0aus_next_dist_00tg.dm._.js:1945
[   23158ms] [ERROR] ./app/cosma/page.tsx:3:1
Module not found: Can't resolve '@/components/cosma/playground'
  1 | import type { Metadata } from "next";
  2 | import { Navigation } from "@/components/navigation";
> 3 | import { CosmaPlayground } from "@/components/cosma/playground";
    | ^^^^^^^^^^^^^^^^^^^^^^^^^^^^^^^^^^^^^^^^^^^^^^^^^^^^^^^^^^^^^^^^
  4 | import { SiteFooter } from "@/components/site-footer";
  5 | import { CoffeeSupportCard } from "@/components/coffee-support-card";
  6 |

Import map: aliased to relative './components/cosma/playground' inside of [project]/

https://nextjs.org/docs/messages/module-not-found @ http://localhost:4200/_next/static/chunks/0aus_next_dist_00tg.dm._.js:1945
[   23223ms] [ERROR] ./app/cosma/page.tsx:3:1
Module not found: Can't resolve '@/components/cosma/playground'
  1 | import type { Metadata } from "next";
  2 | import { Navigation } from "@/components/navigation";
> 3 | import { CosmaPlayground } from "@/components/cosma/playground";
    | ^^^^^^^^^^^^^^^^^^^^^^^^^^^^^^^^^^^^^^^^^^^^^^^^^^^^^^^^^^^^^^^^
  4 | import { SiteFooter } from "@/components/site-footer";
  5 | import { CoffeeSupportCard } from "@/components/coffee-support-card";
  6 |

Import map: aliased to relative './components/cosma/playground' inside of [project]/

https://nextjs.org/docs/messages/module-not-found @ http://localhost:4200/_next/static/chunks/0aus_next_dist_00tg.dm._.js:1945
[   23286ms] [ERROR] ./app/cosma/page.tsx:3:1
Module not found: Can't resolve '@/components/cosma/playground'
  1 | import type { Metadata } from "next";
  2 | import { Navigation } from "@/components/navigation";
> 3 | import { CosmaPlayground } from "@/components/cosma/playground";
    | ^^^^^^^^^^^^^^^^^^^^^^^^^^^^^^^^^^^^^^^^^^^^^^^^^^^^^^^^^^^^^^^^
  4 | import { SiteFooter } from "@/components/site-footer";
  5 | import { CoffeeSupportCard } from "@/components/coffee-support-card";
  6 |

Import map: aliased to relative './components/cosma/playground' inside of [project]/

https://nextjs.org/docs/messages/module-not-found @ http://localhost:4200/_next/static/chunks/0aus_next_dist_00tg.dm._.js:1945
[   23379ms] [ERROR] ./app/cosma/page.tsx:3:1
Module not found: Can't resolve '@/components/cosma/playground'
  1 | import type { Metadata } from "next";
  2 | import { Navigation } from "@/components/navigation";
> 3 | import { CosmaPlayground } from "@/components/cosma/playground";
    | ^^^^^^^^^^^^^^^^^^^^^^^^^^^^^^^^^^^^^^^^^^^^^^^^^^^^^^^^^^^^^^^^
  4 | import { SiteFooter } from "@/components/site-footer";
  5 | import { CoffeeSupportCard } from "@/components/coffee-support-card";
  6 |

Import map: aliased to relative './components/cosma/playground' inside of [project]/

https://nextjs.org/docs/messages/module-not-found @ http://localhost:4200/_next/static/chunks/0aus_next_dist_00tg.dm._.js:1945
[   23413ms] [LOG] [Fast Refresh] rebuilding @ http://localhost:4200/_next/static/chunks/0aus_next_dist_00tg.dm._.js:1226
[   23472ms] [ERROR] ./app/cosma/page.tsx:3:1
Module not found: Can't resolve '@/components/cosma/playground'
  1 | import type { Metadata } from "next";
  2 | import { Navigation } from "@/components/navigation";
> 3 | import { CosmaPlayground } from "@/components/cosma/playground";
    | ^^^^^^^^^^^^^^^^^^^^^^^^^^^^^^^^^^^^^^^^^^^^^^^^^^^^^^^^^^^^^^^^
  4 | import { SiteFooter } from "@/components/site-footer";
  5 | import { CoffeeSupportCard } from "@/components/coffee-support-card";
  6 |

Import map: aliased to relative './components/cosma/playground' inside of [project]/

https://nextjs.org/docs/messages/module-not-found @ http://localhost:4200/_next/static/chunks/0aus_next_dist_00tg.dm._.js:1945
[   23525ms] [ERROR] ./app/cosma/page.tsx:3:1
Module not found: Can't resolve '@/components/cosma/playground'
  1 | import type { Metadata } from "next";
  2 | import { Navigation } from "@/components/navigation";
> 3 | import { CosmaPlayground } from "@/components/cosma/playground";
    | ^^^^^^^^^^^^^^^^^^^^^^^^^^^^^^^^^^^^^^^^^^^^^^^^^^^^^^^^^^^^^^^^
  4 | import { SiteFooter } from "@/components/site-footer";
  5 | import { CoffeeSupportCard } from "@/components/coffee-support-card";
  6 |

Import map: aliased to relative './components/cosma/playground' inside of [project]/

https://nextjs.org/docs/messages/module-not-found @ http://localhost:4200/_next/static/chunks/0aus_next_dist_00tg.dm._.js:1945
[   23588ms] [ERROR] ./app/cosma/page.tsx:3:1
Module not found: Can't resolve '@/components/cosma/playground'
  1 | import type { Metadata } from "next";
  2 | import { Navigation } from "@/components/navigation";
> 3 | import { CosmaPlayground } from "@/components/cosma/playground";
    | ^^^^^^^^^^^^^^^^^^^^^^^^^^^^^^^^^^^^^^^^^^^^^^^^^^^^^^^^^^^^^^^^
  4 | import { SiteFooter } from "@/components/site-footer";
  5 | import { CoffeeSupportCard } from "@/components/coffee-support-card";
  6 |

Import map: aliased to relative './components/cosma/playground' inside of [project]/

https://nextjs.org/docs/messages/module-not-found @ http://localhost:4200/_next/static/chunks/0aus_next_dist_00tg.dm._.js:1945
[   23651ms] [ERROR] ./app/cosma/page.tsx:3:1
Module not found: Can't resolve '@/components/cosma/playground'
  1 | import type { Metadata } from "next";
  2 | import { Navigation } from "@/components/navigation";
> 3 | import { CosmaPlayground } from "@/components/cosma/playground";
    | ^^^^^^^^^^^^^^^^^^^^^^^^^^^^^^^^^^^^^^^^^^^^^^^^^^^^^^^^^^^^^^^^
  4 | import { SiteFooter } from "@/components/site-footer";
  5 | import { CoffeeSupportCard } from "@/components/coffee-support-card";
  6 |

Import map: aliased to relative './components/cosma/playground' inside of [project]/

https://nextjs.org/docs/messages/module-not-found @ http://localhost:4200/_next/static/chunks/0aus_next_dist_00tg.dm._.js:1945
[   23714ms] [ERROR] ./app/cosma/page.tsx:3:1
Module not found: Can't resolve '@/components/cosma/playground'
  1 | import type { Metadata } from "next";
  2 | import { Navigation } from "@/components/navigation";
> 3 | import { CosmaPlayground } from "@/components/cosma/playground";
    | ^^^^^^^^^^^^^^^^^^^^^^^^^^^^^^^^^^^^^^^^^^^^^^^^^^^^^^^^^^^^^^^^
  4 | import { SiteFooter } from "@/components/site-footer";
  5 | import { CoffeeSupportCard } from "@/components/coffee-support-card";
  6 |

Import map: aliased to relative './components/cosma/playground' inside of [project]/

https://nextjs.org/docs/messages/module-not-found @ http://localhost:4200/_next/static/chunks/0aus_next_dist_00tg.dm._.js:1945
[   23775ms] [ERROR] ./app/cosma/page.tsx:3:1
Module not found: Can't resolve '@/components/cosma/playground'
  1 | import type { Metadata } from "next";
  2 | import { Navigation } from "@/components/navigation";
> 3 | import { CosmaPlayground } from "@/components/cosma/playground";
    | ^^^^^^^^^^^^^^^^^^^^^^^^^^^^^^^^^^^^^^^^^^^^^^^^^^^^^^^^^^^^^^^^
  4 | import { SiteFooter } from "@/components/site-footer";
  5 | import { CoffeeSupportCard } from "@/components/coffee-support-card";
  6 |

Import map: aliased to relative './components/cosma/playground' inside of [project]/

https://nextjs.org/docs/messages/module-not-found @ http://localhost:4200/_next/static/chunks/0aus_next_dist_00tg.dm._.js:1945
[   23829ms] [ERROR] ./app/cosma/page.tsx:3:1
Module not found: Can't resolve '@/components/cosma/playground'
  1 | import type { Metadata } from "next";
  2 | import { Navigation } from "@/components/navigation";
> 3 | import { CosmaPlayground } from "@/components/cosma/playground";
    | ^^^^^^^^^^^^^^^^^^^^^^^^^^^^^^^^^^^^^^^^^^^^^^^^^^^^^^^^^^^^^^^^
  4 | import { SiteFooter } from "@/components/site-footer";
  5 | import { CoffeeSupportCard } from "@/components/coffee-support-card";
  6 |

Import map: aliased to relative './components/cosma/playground' inside of [project]/

https://nextjs.org/docs/messages/module-not-found @ http://localhost:4200/_next/static/chunks/0aus_next_dist_00tg.dm._.js:1945
[   23891ms] [ERROR] ./app/cosma/page.tsx:3:1
Module not found: Can't resolve '@/components/cosma/playground'
  1 | import type { Metadata } from "next";
  2 | import { Navigation } from "@/components/navigation";
> 3 | import { CosmaPlayground } from "@/components/cosma/playground";
    | ^^^^^^^^^^^^^^^^^^^^^^^^^^^^^^^^^^^^^^^^^^^^^^^^^^^^^^^^^^^^^^^^
  4 | import { SiteFooter } from "@/components/site-footer";
  5 | import { CoffeeSupportCard } from "@/components/coffee-support-card";
  6 |

Import map: aliased to relative './components/cosma/playground' inside of [project]/

https://nextjs.org/docs/messages/module-not-found @ http://localhost:4200/_next/static/chunks/0aus_next_dist_00tg.dm._.js:1945
[   23957ms] [ERROR] ./app/cosma/page.tsx:3:1
Module not found: Can't resolve '@/components/cosma/playground'
  1 | import type { Metadata } from "next";
  2 | import { Navigation } from "@/components/navigation";
> 3 | import { CosmaPlayground } from "@/components/cosma/playground";
    | ^^^^^^^^^^^^^^^^^^^^^^^^^^^^^^^^^^^^^^^^^^^^^^^^^^^^^^^^^^^^^^^^
  4 | import { SiteFooter } from "@/components/site-footer";
  5 | import { CoffeeSupportCard } from "@/components/coffee-support-card";
  6 |

Import map: aliased to relative './components/cosma/playground' inside of [project]/

https://nextjs.org/docs/messages/module-not-found @ http://localhost:4200/_next/static/chunks/0aus_next_dist_00tg.dm._.js:1945
[   24019ms] [ERROR] ./app/cosma/page.tsx:3:1
Module not found: Can't resolve '@/components/cosma/playground'
  1 | import type { Metadata } from "next";
  2 | import { Navigation } from "@/components/navigation";
> 3 | import { CosmaPlayground } from "@/components/cosma/playground";
    | ^^^^^^^^^^^^^^^^^^^^^^^^^^^^^^^^^^^^^^^^^^^^^^^^^^^^^^^^^^^^^^^^
  4 | import { SiteFooter } from "@/components/site-footer";
  5 | import { CoffeeSupportCard } from "@/components/coffee-support-card";
  6 |

Import map: aliased to relative './components/cosma/playground' inside of [project]/

https://nextjs.org/docs/messages/module-not-found @ http://localhost:4200/_next/static/chunks/0aus_next_dist_00tg.dm._.js:1945
[   24083ms] [ERROR] ./app/cosma/page.tsx:3:1
Module not found: Can't resolve '@/components/cosma/playground'
  1 | import type { Metadata } from "next";
  2 | import { Navigation } from "@/components/navigation";
> 3 | import { CosmaPlayground } from "@/components/cosma/playground";
    | ^^^^^^^^^^^^^^^^^^^^^^^^^^^^^^^^^^^^^^^^^^^^^^^^^^^^^^^^^^^^^^^^
  4 | import { SiteFooter } from "@/components/site-footer";
  5 | import { CoffeeSupportCard } from "@/components/coffee-support-card";
  6 |

Import map: aliased to relative './components/cosma/playground' inside of [project]/

https://nextjs.org/docs/messages/module-not-found @ http://localhost:4200/_next/static/chunks/0aus_next_dist_00tg.dm._.js:1945
[   24148ms] [ERROR] ./app/cosma/page.tsx:3:1
Module not found: Can't resolve '@/components/cosma/playground'
  1 | import type { Metadata } from "next";
  2 | import { Navigation } from "@/components/navigation";
> 3 | import { CosmaPlayground } from "@/components/cosma/playground";
    | ^^^^^^^^^^^^^^^^^^^^^^^^^^^^^^^^^^^^^^^^^^^^^^^^^^^^^^^^^^^^^^^^
  4 | import { SiteFooter } from "@/components/site-footer";
  5 | import { CoffeeSupportCard } from "@/components/coffee-support-card";
  6 |

Import map: aliased to relative './components/cosma/playground' inside of [project]/

https://nextjs.org/docs/messages/module-not-found @ http://localhost:4200/_next/static/chunks/0aus_next_dist_00tg.dm._.js:1945
[   24212ms] [ERROR] ./app/cosma/page.tsx:3:1
Module not found: Can't resolve '@/components/cosma/playground'
  1 | import type { Metadata } from "next";
  2 | import { Navigation } from "@/components/navigation";
> 3 | import { CosmaPlayground } from "@/components/cosma/playground";
    | ^^^^^^^^^^^^^^^^^^^^^^^^^^^^^^^^^^^^^^^^^^^^^^^^^^^^^^^^^^^^^^^^
  4 | import { SiteFooter } from "@/components/site-footer";
  5 | import { CoffeeSupportCard } from "@/components/coffee-support-card";
  6 |

Import map: aliased to relative './components/cosma/playground' inside of [project]/

https://nextjs.org/docs/messages/module-not-found @ http://localhost:4200/_next/static/chunks/0aus_next_dist_00tg.dm._.js:1945
[   24275ms] [ERROR] ./app/cosma/page.tsx:3:1
Module not found: Can't resolve '@/components/cosma/playground'
  1 | import type { Metadata } from "next";
  2 | import { Navigation } from "@/components/navigation";
> 3 | import { CosmaPlayground } from "@/components/cosma/playground";
    | ^^^^^^^^^^^^^^^^^^^^^^^^^^^^^^^^^^^^^^^^^^^^^^^^^^^^^^^^^^^^^^^^
  4 | import { SiteFooter } from "@/components/site-footer";
  5 | import { CoffeeSupportCard } from "@/components/coffee-support-card";
  6 |

Import map: aliased to relative './components/cosma/playground' inside of [project]/

https://nextjs.org/docs/messages/module-not-found @ http://localhost:4200/_next/static/chunks/0aus_next_dist_00tg.dm._.js:1945
[   24340ms] [ERROR] ./app/cosma/page.tsx:3:1
Module not found: Can't resolve '@/components/cosma/playground'
  1 | import type { Metadata } from "next";
  2 | import { Navigation } from "@/components/navigation";
> 3 | import { CosmaPlayground } from "@/components/cosma/playground";
    | ^^^^^^^^^^^^^^^^^^^^^^^^^^^^^^^^^^^^^^^^^^^^^^^^^^^^^^^^^^^^^^^^
  4 | import { SiteFooter } from "@/components/site-footer";
  5 | import { CoffeeSupportCard } from "@/components/coffee-support-card";
  6 |

Import map: aliased to relative './components/cosma/playground' inside of [project]/

https://nextjs.org/docs/messages/module-not-found @ http://localhost:4200/_next/static/chunks/0aus_next_dist_00tg.dm._.js:1945
[   24403ms] [ERROR] ./app/cosma/page.tsx:3:1
Module not found: Can't resolve '@/components/cosma/playground'
  1 | import type { Metadata } from "next";
  2 | import { Navigation } from "@/components/navigation";
> 3 | import { CosmaPlayground } from "@/components/cosma/playground";
    | ^^^^^^^^^^^^^^^^^^^^^^^^^^^^^^^^^^^^^^^^^^^^^^^^^^^^^^^^^^^^^^^^
  4 | import { SiteFooter } from "@/components/site-footer";
  5 | import { CoffeeSupportCard } from "@/components/coffee-support-card";
  6 |

Import map: aliased to relative './components/cosma/playground' inside of [project]/

https://nextjs.org/docs/messages/module-not-found @ http://localhost:4200/_next/static/chunks/0aus_next_dist_00tg.dm._.js:1945
[   24468ms] [ERROR] ./app/cosma/page.tsx:3:1
Module not found: Can't resolve '@/components/cosma/playground'
  1 | import type { Metadata } from "next";
  2 | import { Navigation } from "@/components/navigation";
> 3 | import { CosmaPlayground } from "@/components/cosma/playground";
    | ^^^^^^^^^^^^^^^^^^^^^^^^^^^^^^^^^^^^^^^^^^^^^^^^^^^^^^^^^^^^^^^^
  4 | import { SiteFooter } from "@/components/site-footer";
  5 | import { CoffeeSupportCard } from "@/components/coffee-support-card";
  6 |

Import map: aliased to relative './components/cosma/playground' inside of [project]/

https://nextjs.org/docs/messages/module-not-found @ http://localhost:4200/_next/static/chunks/0aus_next_dist_00tg.dm._.js:1945
[   24531ms] [ERROR] ./app/cosma/page.tsx:3:1
Module not found: Can't resolve '@/components/cosma/playground'
  1 | import type { Metadata } from "next";
  2 | import { Navigation } from "@/components/navigation";
> 3 | import { CosmaPlayground } from "@/components/cosma/playground";
    | ^^^^^^^^^^^^^^^^^^^^^^^^^^^^^^^^^^^^^^^^^^^^^^^^^^^^^^^^^^^^^^^^
  4 | import { SiteFooter } from "@/components/site-footer";
  5 | import { CoffeeSupportCard } from "@/components/coffee-support-card";
  6 |

Import map: aliased to relative './components/cosma/playground' inside of [project]/

https://nextjs.org/docs/messages/module-not-found @ http://localhost:4200/_next/static/chunks/0aus_next_dist_00tg.dm._.js:1945
[   24595ms] [ERROR] ./app/cosma/page.tsx:3:1
Module not found: Can't resolve '@/components/cosma/playground'
  1 | import type { Metadata } from "next";
  2 | import { Navigation } from "@/components/navigation";
> 3 | import { CosmaPlayground } from "@/components/cosma/playground";
    | ^^^^^^^^^^^^^^^^^^^^^^^^^^^^^^^^^^^^^^^^^^^^^^^^^^^^^^^^^^^^^^^^
  4 | import { SiteFooter } from "@/components/site-footer";
  5 | import { CoffeeSupportCard } from "@/components/coffee-support-card";
  6 |

Import map: aliased to relative './components/cosma/playground' inside of [project]/

https://nextjs.org/docs/messages/module-not-found @ http://localhost:4200/_next/static/chunks/0aus_next_dist_00tg.dm._.js:1945
[   24655ms] [ERROR] ./app/cosma/page.tsx:3:1
Module not found: Can't resolve '@/components/cosma/playground'
  1 | import type { Metadata } from "next";
  2 | import { Navigation } from "@/components/navigation";
> 3 | import { CosmaPlayground } from "@/components/cosma/playground";
    | ^^^^^^^^^^^^^^^^^^^^^^^^^^^^^^^^^^^^^^^^^^^^^^^^^^^^^^^^^^^^^^^^
  4 | import { SiteFooter } from "@/components/site-footer";
  5 | import { CoffeeSupportCard } from "@/components/coffee-support-card";
  6 |

Import map: aliased to relative './components/cosma/playground' inside of [project]/

https://nextjs.org/docs/messages/module-not-found @ http://localhost:4200/_next/static/chunks/0aus_next_dist_00tg.dm._.js:1945
[   24717ms] [ERROR] ./app/cosma/page.tsx:3:1
Module not found: Can't resolve '@/components/cosma/playground'
  1 | import type { Metadata } from "next";
  2 | import { Navigation } from "@/components/navigation";
> 3 | import { CosmaPlayground } from "@/components/cosma/playground";
    | ^^^^^^^^^^^^^^^^^^^^^^^^^^^^^^^^^^^^^^^^^^^^^^^^^^^^^^^^^^^^^^^^
  4 | import { SiteFooter } from "@/components/site-footer";
  5 | import { CoffeeSupportCard } from "@/components/coffee-support-card";
  6 |

Import map: aliased to relative './components/cosma/playground' inside of [project]/

https://nextjs.org/docs/messages/module-not-found @ http://localhost:4200/_next/static/chunks/0aus_next_dist_00tg.dm._.js:1945
[   24779ms] [ERROR] ./app/cosma/page.tsx:3:1
Module not found: Can't resolve '@/components/cosma/playground'
  1 | import type { Metadata } from "next";
  2 | import { Navigation } from "@/components/navigation";
> 3 | import { CosmaPlayground } from "@/components/cosma/playground";
    | ^^^^^^^^^^^^^^^^^^^^^^^^^^^^^^^^^^^^^^^^^^^^^^^^^^^^^^^^^^^^^^^^
  4 | import { SiteFooter } from "@/components/site-footer";
  5 | import { CoffeeSupportCard } from "@/components/coffee-support-card";
  6 |

Import map: aliased to relative './components/cosma/playground' inside of [project]/

https://nextjs.org/docs/messages/module-not-found @ http://localhost:4200/_next/static/chunks/0aus_next_dist_00tg.dm._.js:1945
[   24843ms] [ERROR] ./app/cosma/page.tsx:3:1
Module not found: Can't resolve '@/components/cosma/playground'
  1 | import type { Metadata } from "next";
  2 | import { Navigation } from "@/components/navigation";
> 3 | import { CosmaPlayground } from "@/components/cosma/playground";
    | ^^^^^^^^^^^^^^^^^^^^^^^^^^^^^^^^^^^^^^^^^^^^^^^^^^^^^^^^^^^^^^^^
  4 | import { SiteFooter } from "@/components/site-footer";
  5 | import { CoffeeSupportCard } from "@/components/coffee-support-card";
  6 |

Import map: aliased to relative './components/cosma/playground' inside of [project]/

https://nextjs.org/docs/messages/module-not-found @ http://localhost:4200/_next/static/chunks/0aus_next_dist_00tg.dm._.js:1945
[   24905ms] [ERROR] ./app/cosma/page.tsx:3:1
Module not found: Can't resolve '@/components/cosma/playground'
  1 | import type { Metadata } from "next";
  2 | import { Navigation } from "@/components/navigation";
> 3 | import { CosmaPlayground } from "@/components/cosma/playground";
    | ^^^^^^^^^^^^^^^^^^^^^^^^^^^^^^^^^^^^^^^^^^^^^^^^^^^^^^^^^^^^^^^^
  4 | import { SiteFooter } from "@/components/site-footer";
  5 | import { CoffeeSupportCard } from "@/components/coffee-support-card";
  6 |

Import map: aliased to relative './components/cosma/playground' inside of [project]/

https://nextjs.org/docs/messages/module-not-found @ http://localhost:4200/_next/static/chunks/0aus_next_dist_00tg.dm._.js:1945
[   24971ms] [ERROR] ./app/cosma/page.tsx:3:1
Module not found: Can't resolve '@/components/cosma/playground'
  1 | import type { Metadata } from "next";
  2 | import { Navigation } from "@/components/navigation";
> 3 | import { CosmaPlayground } from "@/components/cosma/playground";
    | ^^^^^^^^^^^^^^^^^^^^^^^^^^^^^^^^^^^^^^^^^^^^^^^^^^^^^^^^^^^^^^^^
  4 | import { SiteFooter } from "@/components/site-footer";
  5 | import { CoffeeSupportCard } from "@/components/coffee-support-card";
  6 |

Import map: aliased to relative './components/cosma/playground' inside of [project]/

https://nextjs.org/docs/messages/module-not-found @ http://localhost:4200/_next/static/chunks/0aus_next_dist_00tg.dm._.js:1945
[   25081ms] [LOG] [Fast Refresh] rebuilding @ http://localhost:4200/_next/static/chunks/0aus_next_dist_00tg.dm._.js:1226
[   25268ms] [ERROR] ./app/cosma/page.tsx:3:1
Module not found: Can't resolve '@/components/cosma/playground'
  1 | import type { Metadata } from "next";
  2 | import { Navigation } from "@/components/navigation";
> 3 | import { CosmaPlayground } from "@/components/cosma/playground";
    | ^^^^^^^^^^^^^^^^^^^^^^^^^^^^^^^^^^^^^^^^^^^^^^^^^^^^^^^^^^^^^^^^
  4 | import { SiteFooter } from "@/components/site-footer";
  5 | import { CoffeeSupportCard } from "@/components/coffee-support-card";
  6 |

Import map: aliased to relative './components/cosma/playground' inside of [project]/

https://nextjs.org/docs/messages/module-not-found @ http://localhost:4200/_next/static/chunks/0aus_next_dist_00tg.dm._.js:1945
[   25422ms] [ERROR] ./app/cosma/page.tsx:3:1
Module not found: Can't resolve '@/components/cosma/playground'
  1 | import type { Metadata } from "next";
  2 | import { Navigation } from "@/components/navigation";
> 3 | import { CosmaPlayground } from "@/components/cosma/playground";
    | ^^^^^^^^^^^^^^^^^^^^^^^^^^^^^^^^^^^^^^^^^^^^^^^^^^^^^^^^^^^^^^^^
  4 | import { SiteFooter } from "@/components/site-footer";
  5 | import { CoffeeSupportCard } from "@/components/coffee-support-card";
  6 |

Import map: aliased to relative './components/cosma/playground' inside of [project]/

https://nextjs.org/docs/messages/module-not-found @ http://localhost:4200/_next/static/chunks/0aus_next_dist_00tg.dm._.js:1945
[   25513ms] [ERROR] Failed to load resource: the server responded with a status of 500 (Internal Server Error) @ http://localhost:4200/cosma:0
[   25585ms] [INFO] %cDownload the React DevTools for a better development experience: https://react.dev/link/react-devtools font-weight:bold @ http://localhost:4200/_next/static/chunks/0e-u_react-dom_0037m-m._.js:15305
[   25596ms] Error: ./app/cosma/page.tsx:3:1
Module not found: Can't resolve '@/components/cosma/playground'
  1 | import type { Metadata } from "next";
  2 | import { Navigation } from "@/components/navigation";
> 3 | import { CosmaPlayground } from "@/components/cosma/playground";
    | ^^^^^^^^^^^^^^^^^^^^^^^^^^^^^^^^^^^^^^^^^^^^^^^^^^^^^^^^^^^^^^^^
  4 | import { SiteFooter } from "@/components/site-footer";
  5 | import { CoffeeSupportCard } from "@/components/coffee-support-card";
  6 |

Import map: aliased to relative './components/cosma/playground' inside of [project]/


https://nextjs.org/docs/messages/module-not-found


    at <unknown> (Error: ./app/cosma/page.tsx:3:1)
    at <unknown> (https://nextjs.org/docs/messages/module-not-found)
    at Object.getCompilationErrors (file:///Users/godwinjanarthan/Documents/Projects/d2studio-ui/node_modules/.pnpm/next@16.2.4_@babel+core@7.28.4_react-dom@19.2.5_react@19.2.5__react@19.2.5/node_modules/next/dist/server/dev/hot-reloader-turbopack.js:1186:59)
    at DevBundlerService.getCompilationError (file:///Users/godwinjanarthan/Documents/Projects/d2studio-ui/node_modules/.pnpm/next@16.2.4_@babel+core@7.28.4_react-dom@19.2.5_react@19.2.5__react@19.2.5/node_modules/next/dist/server/lib/dev-bundler-service.js:44:55)
    at DevServer.getCompilationError (file:///Users/godwinjanarthan/Documents/Projects/d2studio-ui/node_modules/.pnpm/next@16.2.4_@babel+core@7.28.4_react-dom@19.2.5_react@19.2.5__react@19.2.5/node_modules/next/dist/server/dev/next-dev-server.js:719:42)
    at DevServer.findPageComponents (file:///Users/godwinjanarthan/Documents/Projects/d2studio-ui/node_modules/.pnpm/next@16.2.4_@babel+core@7.28.4_react-dom@19.2.5_react@19.2.5__react@19.2.5/node_modules/next/dist/server/dev/next-dev-server.js:689:43)
    at async DevServer.renderErrorToResponseImpl (file:///Users/godwinjanarthan/Documents/Projects/d2studio-ui/node_modules/.pnpm/next@16.2.4_@babel+core@7.28.4_react-dom@19.2.5_react@19.2.5__react@19.2.5/node_modules/next/dist/server/base-server.js:1745:26)
[   25603ms] [LOG] [HMR] connected @ http://localhost:4200/_next/static/chunks/0aus_next_dist_00tg.dm._.js:1226
[   25618ms] [ERROR] ./app/cosma/page.tsx:3:1
Module not found: Can't resolve '@/components/cosma/playground'
  1 | import type { Metadata } from "next";
  2 | import { Navigation } from "@/components/navigation";
> 3 | import { CosmaPlayground } from "@/components/cosma/playground";
    | ^^^^^^^^^^^^^^^^^^^^^^^^^^^^^^^^^^^^^^^^^^^^^^^^^^^^^^^^^^^^^^^^
  4 | import { SiteFooter } from "@/components/site-footer";
  5 | import { CoffeeSupportCard } from "@/components/coffee-support-card";
  6 |

Import map: aliased to relative './components/cosma/playground' inside of [project]/

https://nextjs.org/docs/messages/module-not-found @ http://localhost:4200/_next/static/chunks/0aus_next_dist_00tg.dm._.js:1945
[   25700ms] [ERROR] ./app/cosma/page.tsx:3:1
Module not found: Can't resolve '@/components/cosma/playground'
  1 | import type { Metadata } from "next";
  2 | import { Navigation } from "@/components/navigation";
> 3 | import { CosmaPlayground } from "@/components/cosma/playground";
    | ^^^^^^^^^^^^^^^^^^^^^^^^^^^^^^^^^^^^^^^^^^^^^^^^^^^^^^^^^^^^^^^^
  4 | import { SiteFooter } from "@/components/site-footer";
  5 | import { CoffeeSupportCard } from "@/components/coffee-support-card";
  6 |

Import map: aliased to relative './components/cosma/playground' inside of [project]/

https://nextjs.org/docs/messages/module-not-found @ http://localhost:4200/_next/static/chunks/0aus_next_dist_00tg.dm._.js:1945
[   25761ms] [ERROR] ./app/cosma/page.tsx:3:1
Module not found: Can't resolve '@/components/cosma/playground'
  1 | import type { Metadata } from "next";
  2 | import { Navigation } from "@/components/navigation";
> 3 | import { CosmaPlayground } from "@/components/cosma/playground";
    | ^^^^^^^^^^^^^^^^^^^^^^^^^^^^^^^^^^^^^^^^^^^^^^^^^^^^^^^^^^^^^^^^
  4 | import { SiteFooter } from "@/components/site-footer";
  5 | import { CoffeeSupportCard } from "@/components/coffee-support-card";
  6 |

Import map: aliased to relative './components/cosma/playground' inside of [project]/

https://nextjs.org/docs/messages/module-not-found @ http://localhost:4200/_next/static/chunks/0aus_next_dist_00tg.dm._.js:1945
[   25827ms] [ERROR] ./app/cosma/page.tsx:3:1
Module not found: Can't resolve '@/components/cosma/playground'
  1 | import type { Metadata } from "next";
  2 | import { Navigation } from "@/components/navigation";
> 3 | import { CosmaPlayground } from "@/components/cosma/playground";
    | ^^^^^^^^^^^^^^^^^^^^^^^^^^^^^^^^^^^^^^^^^^^^^^^^^^^^^^^^^^^^^^^^
  4 | import { SiteFooter } from "@/components/site-footer";
  5 | import { CoffeeSupportCard } from "@/components/coffee-support-card";
  6 |

Import map: aliased to relative './components/cosma/playground' inside of [project]/

https://nextjs.org/docs/messages/module-not-found @ http://localhost:4200/_next/static/chunks/0aus_next_dist_00tg.dm._.js:1945
[   25893ms] [ERROR] ./app/cosma/page.tsx:3:1
Module not found: Can't resolve '@/components/cosma/playground'
  1 | import type { Metadata } from "next";
  2 | import { Navigation } from "@/components/navigation";
> 3 | import { CosmaPlayground } from "@/components/cosma/playground";
    | ^^^^^^^^^^^^^^^^^^^^^^^^^^^^^^^^^^^^^^^^^^^^^^^^^^^^^^^^^^^^^^^^
  4 | import { SiteFooter } from "@/components/site-footer";
  5 | import { CoffeeSupportCard } from "@/components/coffee-support-card";
  6 |

Import map: aliased to relative './components/cosma/playground' inside of [project]/

https://nextjs.org/docs/messages/module-not-found @ http://localhost:4200/_next/static/chunks/0aus_next_dist_00tg.dm._.js:1945
[   25958ms] [ERROR] ./app/cosma/page.tsx:3:1
Module not found: Can't resolve '@/components/cosma/playground'
  1 | import type { Metadata } from "next";
  2 | import { Navigation } from "@/components/navigation";
> 3 | import { CosmaPlayground } from "@/components/cosma/playground";
    | ^^^^^^^^^^^^^^^^^^^^^^^^^^^^^^^^^^^^^^^^^^^^^^^^^^^^^^^^^^^^^^^^
  4 | import { SiteFooter } from "@/components/site-footer";
  5 | import { CoffeeSupportCard } from "@/components/coffee-support-card";
  6 |

Import map: aliased to relative './components/cosma/playground' inside of [project]/

https://nextjs.org/docs/messages/module-not-found @ http://localhost:4200/_next/static/chunks/0aus_next_dist_00tg.dm._.js:1945
[   26020ms] [ERROR] ./app/cosma/page.tsx:3:1
Module not found: Can't resolve '@/components/cosma/playground'
  1 | import type { Metadata } from "next";
  2 | import { Navigation } from "@/components/navigation";
> 3 | import { CosmaPlayground } from "@/components/cosma/playground";
    | ^^^^^^^^^^^^^^^^^^^^^^^^^^^^^^^^^^^^^^^^^^^^^^^^^^^^^^^^^^^^^^^^
  4 | import { SiteFooter } from "@/components/site-footer";
  5 | import { CoffeeSupportCard } from "@/components/coffee-support-card";
  6 |

Import map: aliased to relative './components/cosma/playground' inside of [project]/

https://nextjs.org/docs/messages/module-not-found @ http://localhost:4200/_next/static/chunks/0aus_next_dist_00tg.dm._.js:1945
[   26126ms] [ERROR] ./app/cosma/page.tsx:3:1
Module not found: Can't resolve '@/components/cosma/playground'
  1 | import type { Metadata } from "next";
  2 | import { Navigation } from "@/components/navigation";
> 3 | import { CosmaPlayground } from "@/components/cosma/playground";
    | ^^^^^^^^^^^^^^^^^^^^^^^^^^^^^^^^^^^^^^^^^^^^^^^^^^^^^^^^^^^^^^^^
  4 | import { SiteFooter } from "@/components/site-footer";
  5 | import { CoffeeSupportCard } from "@/components/coffee-support-card";
  6 |

Import map: aliased to relative './components/cosma/playground' inside of [project]/

https://nextjs.org/docs/messages/module-not-found @ http://localhost:4200/_next/static/chunks/0aus_next_dist_00tg.dm._.js:1945
[   26146ms] [LOG] [Fast Refresh] rebuilding @ http://localhost:4200/_next/static/chunks/0aus_next_dist_00tg.dm._.js:1226
[   26205ms] [ERROR] ./app/cosma/page.tsx:3:1
Module not found: Can't resolve '@/components/cosma/playground'
  1 | import type { Metadata } from "next";
  2 | import { Navigation } from "@/components/navigation";
> 3 | import { CosmaPlayground } from "@/components/cosma/playground";
    | ^^^^^^^^^^^^^^^^^^^^^^^^^^^^^^^^^^^^^^^^^^^^^^^^^^^^^^^^^^^^^^^^
  4 | import { SiteFooter } from "@/components/site-footer";
  5 | import { CoffeeSupportCard } from "@/components/coffee-support-card";
  6 |

Import map: aliased to relative './components/cosma/playground' inside of [project]/

https://nextjs.org/docs/messages/module-not-found @ http://localhost:4200/_next/static/chunks/0aus_next_dist_00tg.dm._.js:1945
[   26269ms] [ERROR] ./app/cosma/page.tsx:3:1
Module not found: Can't resolve '@/components/cosma/playground'
  1 | import type { Metadata } from "next";
  2 | import { Navigation } from "@/components/navigation";
> 3 | import { CosmaPlayground } from "@/components/cosma/playground";
    | ^^^^^^^^^^^^^^^^^^^^^^^^^^^^^^^^^^^^^^^^^^^^^^^^^^^^^^^^^^^^^^^^
  4 | import { SiteFooter } from "@/components/site-footer";
  5 | import { CoffeeSupportCard } from "@/components/coffee-support-card";
  6 |

Import map: aliased to relative './components/cosma/playground' inside of [project]/

https://nextjs.org/docs/messages/module-not-found @ http://localhost:4200/_next/static/chunks/0aus_next_dist_00tg.dm._.js:1945
[   26337ms] [ERROR] ./app/cosma/page.tsx:3:1
Module not found: Can't resolve '@/components/cosma/playground'
  1 | import type { Metadata } from "next";
  2 | import { Navigation } from "@/components/navigation";
> 3 | import { CosmaPlayground } from "@/components/cosma/playground";
    | ^^^^^^^^^^^^^^^^^^^^^^^^^^^^^^^^^^^^^^^^^^^^^^^^^^^^^^^^^^^^^^^^
  4 | import { SiteFooter } from "@/components/site-footer";
  5 | import { CoffeeSupportCard } from "@/components/coffee-support-card";
  6 |

Import map: aliased to relative './components/cosma/playground' inside of [project]/

https://nextjs.org/docs/messages/module-not-found @ http://localhost:4200/_next/static/chunks/0aus_next_dist_00tg.dm._.js:1945
[   26399ms] [ERROR] ./app/cosma/page.tsx:3:1
Module not found: Can't resolve '@/components/cosma/playground'
  1 | import type { Metadata } from "next";
  2 | import { Navigation } from "@/components/navigation";
> 3 | import { CosmaPlayground } from "@/components/cosma/playground";
    | ^^^^^^^^^^^^^^^^^^^^^^^^^^^^^^^^^^^^^^^^^^^^^^^^^^^^^^^^^^^^^^^^
  4 | import { SiteFooter } from "@/components/site-footer";
  5 | import { CoffeeSupportCard } from "@/components/coffee-support-card";
  6 |

Import map: aliased to relative './components/cosma/playground' inside of [project]/

https://nextjs.org/docs/messages/module-not-found @ http://localhost:4200/_next/static/chunks/0aus_next_dist_00tg.dm._.js:1945
[   26479ms] [ERROR] ./app/cosma/page.tsx:3:1
Module not found: Can't resolve '@/components/cosma/playground'
  1 | import type { Metadata } from "next";
  2 | import { Navigation } from "@/components/navigation";
> 3 | import { CosmaPlayground } from "@/components/cosma/playground";
    | ^^^^^^^^^^^^^^^^^^^^^^^^^^^^^^^^^^^^^^^^^^^^^^^^^^^^^^^^^^^^^^^^
  4 | import { SiteFooter } from "@/components/site-footer";
  5 | import { CoffeeSupportCard } from "@/components/coffee-support-card";
  6 |

Import map: aliased to relative './components/cosma/playground' inside of [project]/

https://nextjs.org/docs/messages/module-not-found @ http://localhost:4200/_next/static/chunks/0aus_next_dist_00tg.dm._.js:1945
[   26539ms] [ERROR] ./app/cosma/page.tsx:3:1
Module not found: Can't resolve '@/components/cosma/playground'
  1 | import type { Metadata } from "next";
  2 | import { Navigation } from "@/components/navigation";
> 3 | import { CosmaPlayground } from "@/components/cosma/playground";
    | ^^^^^^^^^^^^^^^^^^^^^^^^^^^^^^^^^^^^^^^^^^^^^^^^^^^^^^^^^^^^^^^^
  4 | import { SiteFooter } from "@/components/site-footer";
  5 | import { CoffeeSupportCard } from "@/components/coffee-support-card";
  6 |

Import map: aliased to relative './components/cosma/playground' inside of [project]/

https://nextjs.org/docs/messages/module-not-found @ http://localhost:4200/_next/static/chunks/0aus_next_dist_00tg.dm._.js:1945
[   26602ms] [ERROR] ./app/cosma/page.tsx:3:1
Module not found: Can't resolve '@/components/cosma/playground'
  1 | import type { Metadata } from "next";
  2 | import { Navigation } from "@/components/navigation";
> 3 | import { CosmaPlayground } from "@/components/cosma/playground";
    | ^^^^^^^^^^^^^^^^^^^^^^^^^^^^^^^^^^^^^^^^^^^^^^^^^^^^^^^^^^^^^^^^
  4 | import { SiteFooter } from "@/components/site-footer";
  5 | import { CoffeeSupportCard } from "@/components/coffee-support-card";
  6 |

Import map: aliased to relative './components/cosma/playground' inside of [project]/

https://nextjs.org/docs/messages/module-not-found @ http://localhost:4200/_next/static/chunks/0aus_next_dist_00tg.dm._.js:1945
[   26665ms] [ERROR] ./app/cosma/page.tsx:3:1
Module not found: Can't resolve '@/components/cosma/playground'
  1 | import type { Metadata } from "next";
  2 | import { Navigation } from "@/components/navigation";
> 3 | import { CosmaPlayground } from "@/components/cosma/playground";
    | ^^^^^^^^^^^^^^^^^^^^^^^^^^^^^^^^^^^^^^^^^^^^^^^^^^^^^^^^^^^^^^^^
  4 | import { SiteFooter } from "@/components/site-footer";
  5 | import { CoffeeSupportCard } from "@/components/coffee-support-card";
  6 |

Import map: aliased to relative './components/cosma/playground' inside of [project]/

https://nextjs.org/docs/messages/module-not-found @ http://localhost:4200/_next/static/chunks/0aus_next_dist_00tg.dm._.js:1945
[   26729ms] [ERROR] ./app/cosma/page.tsx:3:1
Module not found: Can't resolve '@/components/cosma/playground'
  1 | import type { Metadata } from "next";
  2 | import { Navigation } from "@/components/navigation";
> 3 | import { CosmaPlayground } from "@/components/cosma/playground";
    | ^^^^^^^^^^^^^^^^^^^^^^^^^^^^^^^^^^^^^^^^^^^^^^^^^^^^^^^^^^^^^^^^
  4 | import { SiteFooter } from "@/components/site-footer";
  5 | import { CoffeeSupportCard } from "@/components/coffee-support-card";
  6 |

Import map: aliased to relative './components/cosma/playground' inside of [project]/

https://nextjs.org/docs/messages/module-not-found @ http://localhost:4200/_next/static/chunks/0aus_next_dist_00tg.dm._.js:1945
[   26792ms] [ERROR] ./app/cosma/page.tsx:3:1
Module not found: Can't resolve '@/components/cosma/playground'
  1 | import type { Metadata } from "next";
  2 | import { Navigation } from "@/components/navigation";
> 3 | import { CosmaPlayground } from "@/components/cosma/playground";
    | ^^^^^^^^^^^^^^^^^^^^^^^^^^^^^^^^^^^^^^^^^^^^^^^^^^^^^^^^^^^^^^^^
  4 | import { SiteFooter } from "@/components/site-footer";
  5 | import { CoffeeSupportCard } from "@/components/coffee-support-card";
  6 |

Import map: aliased to relative './components/cosma/playground' inside of [project]/

https://nextjs.org/docs/messages/module-not-found @ http://localhost:4200/_next/static/chunks/0aus_next_dist_00tg.dm._.js:1945
[   26854ms] [ERROR] ./app/cosma/page.tsx:3:1
Module not found: Can't resolve '@/components/cosma/playground'
  1 | import type { Metadata } from "next";
  2 | import { Navigation } from "@/components/navigation";
> 3 | import { CosmaPlayground } from "@/components/cosma/playground";
    | ^^^^^^^^^^^^^^^^^^^^^^^^^^^^^^^^^^^^^^^^^^^^^^^^^^^^^^^^^^^^^^^^
  4 | import { SiteFooter } from "@/components/site-footer";
  5 | import { CoffeeSupportCard } from "@/components/coffee-support-card";
  6 |

Import map: aliased to relative './components/cosma/playground' inside of [project]/

https://nextjs.org/docs/messages/module-not-found @ http://localhost:4200/_next/static/chunks/0aus_next_dist_00tg.dm._.js:1945
[   26914ms] [ERROR] ./app/cosma/page.tsx:3:1
Module not found: Can't resolve '@/components/cosma/playground'
  1 | import type { Metadata } from "next";
  2 | import { Navigation } from "@/components/navigation";
> 3 | import { CosmaPlayground } from "@/components/cosma/playground";
    | ^^^^^^^^^^^^^^^^^^^^^^^^^^^^^^^^^^^^^^^^^^^^^^^^^^^^^^^^^^^^^^^^
  4 | import { SiteFooter } from "@/components/site-footer";
  5 | import { CoffeeSupportCard } from "@/components/coffee-support-card";
  6 |

Import map: aliased to relative './components/cosma/playground' inside of [project]/

https://nextjs.org/docs/messages/module-not-found @ http://localhost:4200/_next/static/chunks/0aus_next_dist_00tg.dm._.js:1945
[   26979ms] [ERROR] ./app/cosma/page.tsx:3:1
Module not found: Can't resolve '@/components/cosma/playground'
  1 | import type { Metadata } from "next";
  2 | import { Navigation } from "@/components/navigation";
> 3 | import { CosmaPlayground } from "@/components/cosma/playground";
    | ^^^^^^^^^^^^^^^^^^^^^^^^^^^^^^^^^^^^^^^^^^^^^^^^^^^^^^^^^^^^^^^^
  4 | import { SiteFooter } from "@/components/site-footer";
  5 | import { CoffeeSupportCard } from "@/components/coffee-support-card";
  6 |

Import map: aliased to relative './components/cosma/playground' inside of [project]/

https://nextjs.org/docs/messages/module-not-found @ http://localhost:4200/_next/static/chunks/0aus_next_dist_00tg.dm._.js:1945
[   27039ms] [ERROR] ./app/cosma/page.tsx:3:1
Module not found: Can't resolve '@/components/cosma/playground'
  1 | import type { Metadata } from "next";
  2 | import { Navigation } from "@/components/navigation";
> 3 | import { CosmaPlayground } from "@/components/cosma/playground";
    | ^^^^^^^^^^^^^^^^^^^^^^^^^^^^^^^^^^^^^^^^^^^^^^^^^^^^^^^^^^^^^^^^
  4 | import { SiteFooter } from "@/components/site-footer";
  5 | import { CoffeeSupportCard } from "@/components/coffee-support-card";
  6 |

Import map: aliased to relative './components/cosma/playground' inside of [project]/

https://nextjs.org/docs/messages/module-not-found @ http://localhost:4200/_next/static/chunks/0aus_next_dist_00tg.dm._.js:1945
[   27101ms] [ERROR] ./app/cosma/page.tsx:3:1
Module not found: Can't resolve '@/components/cosma/playground'
  1 | import type { Metadata } from "next";
  2 | import { Navigation } from "@/components/navigation";
> 3 | import { CosmaPlayground } from "@/components/cosma/playground";
    | ^^^^^^^^^^^^^^^^^^^^^^^^^^^^^^^^^^^^^^^^^^^^^^^^^^^^^^^^^^^^^^^^
  4 | import { SiteFooter } from "@/components/site-footer";
  5 | import { CoffeeSupportCard } from "@/components/coffee-support-card";
  6 |

Import map: aliased to relative './components/cosma/playground' inside of [project]/

https://nextjs.org/docs/messages/module-not-found @ http://localhost:4200/_next/static/chunks/0aus_next_dist_00tg.dm._.js:1945
[   27166ms] [ERROR] ./app/cosma/page.tsx:3:1
Module not found: Can't resolve '@/components/cosma/playground'
  1 | import type { Metadata } from "next";
  2 | import { Navigation } from "@/components/navigation";
> 3 | import { CosmaPlayground } from "@/components/cosma/playground";
    | ^^^^^^^^^^^^^^^^^^^^^^^^^^^^^^^^^^^^^^^^^^^^^^^^^^^^^^^^^^^^^^^^
  4 | import { SiteFooter } from "@/components/site-footer";
  5 | import { CoffeeSupportCard } from "@/components/coffee-support-card";
  6 |

Import map: aliased to relative './components/cosma/playground' inside of [project]/

https://nextjs.org/docs/messages/module-not-found @ http://localhost:4200/_next/static/chunks/0aus_next_dist_00tg.dm._.js:1945
[   27228ms] [ERROR] ./app/cosma/page.tsx:3:1
Module not found: Can't resolve '@/components/cosma/playground'
  1 | import type { Metadata } from "next";
  2 | import { Navigation } from "@/components/navigation";
> 3 | import { CosmaPlayground } from "@/components/cosma/playground";
    | ^^^^^^^^^^^^^^^^^^^^^^^^^^^^^^^^^^^^^^^^^^^^^^^^^^^^^^^^^^^^^^^^
  4 | import { SiteFooter } from "@/components/site-footer";
  5 | import { CoffeeSupportCard } from "@/components/coffee-support-card";
  6 |

Import map: aliased to relative './components/cosma/playground' inside of [project]/

https://nextjs.org/docs/messages/module-not-found @ http://localhost:4200/_next/static/chunks/0aus_next_dist_00tg.dm._.js:1945
[   27292ms] [ERROR] ./app/cosma/page.tsx:3:1
Module not found: Can't resolve '@/components/cosma/playground'
  1 | import type { Metadata } from "next";
  2 | import { Navigation } from "@/components/navigation";
> 3 | import { CosmaPlayground } from "@/components/cosma/playground";
    | ^^^^^^^^^^^^^^^^^^^^^^^^^^^^^^^^^^^^^^^^^^^^^^^^^^^^^^^^^^^^^^^^
  4 | import { SiteFooter } from "@/components/site-footer";
  5 | import { CoffeeSupportCard } from "@/components/coffee-support-card";
  6 |

Import map: aliased to relative './components/cosma/playground' inside of [project]/

https://nextjs.org/docs/messages/module-not-found @ http://localhost:4200/_next/static/chunks/0aus_next_dist_00tg.dm._.js:1945
[   27353ms] [ERROR] ./app/cosma/page.tsx:3:1
Module not found: Can't resolve '@/components/cosma/playground'
  1 | import type { Metadata } from "next";
  2 | import { Navigation } from "@/components/navigation";
> 3 | import { CosmaPlayground } from "@/components/cosma/playground";
    | ^^^^^^^^^^^^^^^^^^^^^^^^^^^^^^^^^^^^^^^^^^^^^^^^^^^^^^^^^^^^^^^^
  4 | import { SiteFooter } from "@/components/site-footer";
  5 | import { CoffeeSupportCard } from "@/components/coffee-support-card";
  6 |

Import map: aliased to relative './components/cosma/playground' inside of [project]/

https://nextjs.org/docs/messages/module-not-found @ http://localhost:4200/_next/static/chunks/0aus_next_dist_00tg.dm._.js:1945
[   27418ms] [ERROR] ./app/cosma/page.tsx:3:1
Module not found: Can't resolve '@/components/cosma/playground'
  1 | import type { Metadata } from "next";
  2 | import { Navigation } from "@/components/navigation";
> 3 | import { CosmaPlayground } from "@/components/cosma/playground";
    | ^^^^^^^^^^^^^^^^^^^^^^^^^^^^^^^^^^^^^^^^^^^^^^^^^^^^^^^^^^^^^^^^
  4 | import { SiteFooter } from "@/components/site-footer";
  5 | import { CoffeeSupportCard } from "@/components/coffee-support-card";
  6 |

Import map: aliased to relative './components/cosma/playground' inside of [project]/

https://nextjs.org/docs/messages/module-not-found @ http://localhost:4200/_next/static/chunks/0aus_next_dist_00tg.dm._.js:1945
[   27478ms] [ERROR] ./app/cosma/page.tsx:3:1
Module not found: Can't resolve '@/components/cosma/playground'
  1 | import type { Metadata } from "next";
  2 | import { Navigation } from "@/components/navigation";
> 3 | import { CosmaPlayground } from "@/components/cosma/playground";
    | ^^^^^^^^^^^^^^^^^^^^^^^^^^^^^^^^^^^^^^^^^^^^^^^^^^^^^^^^^^^^^^^^
  4 | import { SiteFooter } from "@/components/site-footer";
  5 | import { CoffeeSupportCard } from "@/components/coffee-support-card";
  6 |

Import map: aliased to relative './components/cosma/playground' inside of [project]/

https://nextjs.org/docs/messages/module-not-found @ http://localhost:4200/_next/static/chunks/0aus_next_dist_00tg.dm._.js:1945
[   27541ms] [ERROR] ./app/cosma/page.tsx:3:1
Module not found: Can't resolve '@/components/cosma/playground'
  1 | import type { Metadata } from "next";
  2 | import { Navigation } from "@/components/navigation";
> 3 | import { CosmaPlayground } from "@/components/cosma/playground";
    | ^^^^^^^^^^^^^^^^^^^^^^^^^^^^^^^^^^^^^^^^^^^^^^^^^^^^^^^^^^^^^^^^
  4 | import { SiteFooter } from "@/components/site-footer";
  5 | import { CoffeeSupportCard } from "@/components/coffee-support-card";
  6 |

Import map: aliased to relative './components/cosma/playground' inside of [project]/

https://nextjs.org/docs/messages/module-not-found @ http://localhost:4200/_next/static/chunks/0aus_next_dist_00tg.dm._.js:1945
[   27605ms] [ERROR] ./app/cosma/page.tsx:3:1
Module not found: Can't resolve '@/components/cosma/playground'
  1 | import type { Metadata } from "next";
  2 | import { Navigation } from "@/components/navigation";
> 3 | import { CosmaPlayground } from "@/components/cosma/playground";
    | ^^^^^^^^^^^^^^^^^^^^^^^^^^^^^^^^^^^^^^^^^^^^^^^^^^^^^^^^^^^^^^^^
  4 | import { SiteFooter } from "@/components/site-footer";
  5 | import { CoffeeSupportCard } from "@/components/coffee-support-card";
  6 |

Import map: aliased to relative './components/cosma/playground' inside of [project]/

https://nextjs.org/docs/messages/module-not-found @ http://localhost:4200/_next/static/chunks/0aus_next_dist_00tg.dm._.js:1945
[   27669ms] [ERROR] ./app/cosma/page.tsx:3:1
Module not found: Can't resolve '@/components/cosma/playground'
  1 | import type { Metadata } from "next";
  2 | import { Navigation } from "@/components/navigation";
> 3 | import { CosmaPlayground } from "@/components/cosma/playground";
    | ^^^^^^^^^^^^^^^^^^^^^^^^^^^^^^^^^^^^^^^^^^^^^^^^^^^^^^^^^^^^^^^^
  4 | import { SiteFooter } from "@/components/site-footer";
  5 | import { CoffeeSupportCard } from "@/components/coffee-support-card";
  6 |

Import map: aliased to relative './components/cosma/playground' inside of [project]/

https://nextjs.org/docs/messages/module-not-found @ http://localhost:4200/_next/static/chunks/0aus_next_dist_00tg.dm._.js:1945
[   27736ms] [ERROR] ./app/cosma/page.tsx:3:1
Module not found: Can't resolve '@/components/cosma/playground'
  1 | import type { Metadata } from "next";
  2 | import { Navigation } from "@/components/navigation";
> 3 | import { CosmaPlayground } from "@/components/cosma/playground";
    | ^^^^^^^^^^^^^^^^^^^^^^^^^^^^^^^^^^^^^^^^^^^^^^^^^^^^^^^^^^^^^^^^
  4 | import { SiteFooter } from "@/components/site-footer";
  5 | import { CoffeeSupportCard } from "@/components/coffee-support-card";
  6 |

Import map: aliased to relative './components/cosma/playground' inside of [project]/

https://nextjs.org/docs/messages/module-not-found @ http://localhost:4200/_next/static/chunks/0aus_next_dist_00tg.dm._.js:1945
[   27802ms] [ERROR] ./app/cosma/page.tsx:3:1
Module not found: Can't resolve '@/components/cosma/playground'
  1 | import type { Metadata } from "next";
  2 | import { Navigation } from "@/components/navigation";
> 3 | import { CosmaPlayground } from "@/components/cosma/playground";
    | ^^^^^^^^^^^^^^^^^^^^^^^^^^^^^^^^^^^^^^^^^^^^^^^^^^^^^^^^^^^^^^^^
  4 | import { SiteFooter } from "@/components/site-footer";
  5 | import { CoffeeSupportCard } from "@/components/coffee-support-card";
  6 |

Import map: aliased to relative './components/cosma/playground' inside of [project]/

https://nextjs.org/docs/messages/module-not-found @ http://localhost:4200/_next/static/chunks/0aus_next_dist_00tg.dm._.js:1945
[   27865ms] [ERROR] ./app/cosma/page.tsx:3:1
Module not found: Can't resolve '@/components/cosma/playground'
  1 | import type { Metadata } from "next";
  2 | import { Navigation } from "@/components/navigation";
> 3 | import { CosmaPlayground } from "@/components/cosma/playground";
    | ^^^^^^^^^^^^^^^^^^^^^^^^^^^^^^^^^^^^^^^^^^^^^^^^^^^^^^^^^^^^^^^^
  4 | import { SiteFooter } from "@/components/site-footer";
  5 | import { CoffeeSupportCard } from "@/components/coffee-support-card";
  6 |

Import map: aliased to relative './components/cosma/playground' inside of [project]/

https://nextjs.org/docs/messages/module-not-found @ http://localhost:4200/_next/static/chunks/0aus_next_dist_00tg.dm._.js:1945
[   27926ms] [ERROR] ./app/cosma/page.tsx:3:1
Module not found: Can't resolve '@/components/cosma/playground'
  1 | import type { Metadata } from "next";
  2 | import { Navigation } from "@/components/navigation";
> 3 | import { CosmaPlayground } from "@/components/cosma/playground";
    | ^^^^^^^^^^^^^^^^^^^^^^^^^^^^^^^^^^^^^^^^^^^^^^^^^^^^^^^^^^^^^^^^
  4 | import { SiteFooter } from "@/components/site-footer";
  5 | import { CoffeeSupportCard } from "@/components/coffee-support-card";
  6 |

Import map: aliased to relative './components/cosma/playground' inside of [project]/

https://nextjs.org/docs/messages/module-not-found @ http://localhost:4200/_next/static/chunks/0aus_next_dist_00tg.dm._.js:1945
[   27990ms] [ERROR] ./app/cosma/page.tsx:3:1
Module not found: Can't resolve '@/components/cosma/playground'
  1 | import type { Metadata } from "next";
  2 | import { Navigation } from "@/components/navigation";
> 3 | import { CosmaPlayground } from "@/components/cosma/playground";
    | ^^^^^^^^^^^^^^^^^^^^^^^^^^^^^^^^^^^^^^^^^^^^^^^^^^^^^^^^^^^^^^^^
  4 | import { SiteFooter } from "@/components/site-footer";
  5 | import { CoffeeSupportCard } from "@/components/coffee-support-card";
  6 |

Import map: aliased to relative './components/cosma/playground' inside of [project]/

https://nextjs.org/docs/messages/module-not-found @ http://localhost:4200/_next/static/chunks/0aus_next_dist_00tg.dm._.js:1945
[   28062ms] [ERROR] ./app/cosma/page.tsx:3:1
Module not found: Can't resolve '@/components/cosma/playground'
  1 | import type { Metadata } from "next";
  2 | import { Navigation } from "@/components/navigation";
> 3 | import { CosmaPlayground } from "@/components/cosma/playground";
    | ^^^^^^^^^^^^^^^^^^^^^^^^^^^^^^^^^^^^^^^^^^^^^^^^^^^^^^^^^^^^^^^^
  4 | import { SiteFooter } from "@/components/site-footer";
  5 | import { CoffeeSupportCard } from "@/components/coffee-support-card";
  6 |

Import map: aliased to relative './components/cosma/playground' inside of [project]/

https://nextjs.org/docs/messages/module-not-found @ http://localhost:4200/_next/static/chunks/0aus_next_dist_00tg.dm._.js:1945
[   28124ms] [ERROR] ./app/cosma/page.tsx:3:1
Module not found: Can't resolve '@/components/cosma/playground'
  1 | import type { Metadata } from "next";
  2 | import { Navigation } from "@/components/navigation";
> 3 | import { CosmaPlayground } from "@/components/cosma/playground";
    | ^^^^^^^^^^^^^^^^^^^^^^^^^^^^^^^^^^^^^^^^^^^^^^^^^^^^^^^^^^^^^^^^
  4 | import { SiteFooter } from "@/components/site-footer";
  5 | import { CoffeeSupportCard } from "@/components/coffee-support-card";
  6 |

Import map: aliased to relative './components/cosma/playground' inside of [project]/

https://nextjs.org/docs/messages/module-not-found @ http://localhost:4200/_next/static/chunks/0aus_next_dist_00tg.dm._.js:1945
[   28186ms] [ERROR] ./app/cosma/page.tsx:3:1
Module not found: Can't resolve '@/components/cosma/playground'
  1 | import type { Metadata } from "next";
  2 | import { Navigation } from "@/components/navigation";
> 3 | import { CosmaPlayground } from "@/components/cosma/playground";
    | ^^^^^^^^^^^^^^^^^^^^^^^^^^^^^^^^^^^^^^^^^^^^^^^^^^^^^^^^^^^^^^^^
  4 | import { SiteFooter } from "@/components/site-footer";
  5 | import { CoffeeSupportCard } from "@/components/coffee-support-card";
  6 |

Import map: aliased to relative './components/cosma/playground' inside of [project]/

https://nextjs.org/docs/messages/module-not-found @ http://localhost:4200/_next/static/chunks/0aus_next_dist_00tg.dm._.js:1945
[   28251ms] [ERROR] ./app/cosma/page.tsx:3:1
Module not found: Can't resolve '@/components/cosma/playground'
  1 | import type { Metadata } from "next";
  2 | import { Navigation } from "@/components/navigation";
> 3 | import { CosmaPlayground } from "@/components/cosma/playground";
    | ^^^^^^^^^^^^^^^^^^^^^^^^^^^^^^^^^^^^^^^^^^^^^^^^^^^^^^^^^^^^^^^^
  4 | import { SiteFooter } from "@/components/site-footer";
  5 | import { CoffeeSupportCard } from "@/components/coffee-support-card";
  6 |

Import map: aliased to relative './components/cosma/playground' inside of [project]/

https://nextjs.org/docs/messages/module-not-found @ http://localhost:4200/_next/static/chunks/0aus_next_dist_00tg.dm._.js:1945
[   28314ms] [ERROR] ./app/cosma/page.tsx:3:1
Module not found: Can't resolve '@/components/cosma/playground'
  1 | import type { Metadata } from "next";
  2 | import { Navigation } from "@/components/navigation";
> 3 | import { CosmaPlayground } from "@/components/cosma/playground";
    | ^^^^^^^^^^^^^^^^^^^^^^^^^^^^^^^^^^^^^^^^^^^^^^^^^^^^^^^^^^^^^^^^
  4 | import { SiteFooter } from "@/components/site-footer";
  5 | import { CoffeeSupportCard } from "@/components/coffee-support-card";
  6 |

Import map: aliased to relative './components/cosma/playground' inside of [project]/

https://nextjs.org/docs/messages/module-not-found @ http://localhost:4200/_next/static/chunks/0aus_next_dist_00tg.dm._.js:1945
[   28379ms] [ERROR] ./app/cosma/page.tsx:3:1
Module not found: Can't resolve '@/components/cosma/playground'
  1 | import type { Metadata } from "next";
  2 | import { Navigation } from "@/components/navigation";
> 3 | import { CosmaPlayground } from "@/components/cosma/playground";
    | ^^^^^^^^^^^^^^^^^^^^^^^^^^^^^^^^^^^^^^^^^^^^^^^^^^^^^^^^^^^^^^^^
  4 | import { SiteFooter } from "@/components/site-footer";
  5 | import { CoffeeSupportCard } from "@/components/coffee-support-card";
  6 |

Import map: aliased to relative './components/cosma/playground' inside of [project]/

https://nextjs.org/docs/messages/module-not-found @ http://localhost:4200/_next/static/chunks/0aus_next_dist_00tg.dm._.js:1945
[   28443ms] [ERROR] ./app/cosma/page.tsx:3:1
Module not found: Can't resolve '@/components/cosma/playground'
  1 | import type { Metadata } from "next";
  2 | import { Navigation } from "@/components/navigation";
> 3 | import { CosmaPlayground } from "@/components/cosma/playground";
    | ^^^^^^^^^^^^^^^^^^^^^^^^^^^^^^^^^^^^^^^^^^^^^^^^^^^^^^^^^^^^^^^^
  4 | import { SiteFooter } from "@/components/site-footer";
  5 | import { CoffeeSupportCard } from "@/components/coffee-support-card";
  6 |

Import map: aliased to relative './components/cosma/playground' inside of [project]/

https://nextjs.org/docs/messages/module-not-found @ http://localhost:4200/_next/static/chunks/0aus_next_dist_00tg.dm._.js:1945
[   28507ms] [ERROR] ./app/cosma/page.tsx:3:1
Module not found: Can't resolve '@/components/cosma/playground'
  1 | import type { Metadata } from "next";
  2 | import { Navigation } from "@/components/navigation";
> 3 | import { CosmaPlayground } from "@/components/cosma/playground";
    | ^^^^^^^^^^^^^^^^^^^^^^^^^^^^^^^^^^^^^^^^^^^^^^^^^^^^^^^^^^^^^^^^
  4 | import { SiteFooter } from "@/components/site-footer";
  5 | import { CoffeeSupportCard } from "@/components/coffee-support-card";
  6 |

Import map: aliased to relative './components/cosma/playground' inside of [project]/

https://nextjs.org/docs/messages/module-not-found @ http://localhost:4200/_next/static/chunks/0aus_next_dist_00tg.dm._.js:1945
[   28569ms] [ERROR] ./app/cosma/page.tsx:3:1
Module not found: Can't resolve '@/components/cosma/playground'
  1 | import type { Metadata } from "next";
  2 | import { Navigation } from "@/components/navigation";
> 3 | import { CosmaPlayground } from "@/components/cosma/playground";
    | ^^^^^^^^^^^^^^^^^^^^^^^^^^^^^^^^^^^^^^^^^^^^^^^^^^^^^^^^^^^^^^^^
  4 | import { SiteFooter } from "@/components/site-footer";
  5 | import { CoffeeSupportCard } from "@/components/coffee-support-card";
  6 |

Import map: aliased to relative './components/cosma/playground' inside of [project]/

https://nextjs.org/docs/messages/module-not-found @ http://localhost:4200/_next/static/chunks/0aus_next_dist_00tg.dm._.js:1945
[   28633ms] [ERROR] ./app/cosma/page.tsx:3:1
Module not found: Can't resolve '@/components/cosma/playground'
  1 | import type { Metadata } from "next";
  2 | import { Navigation } from "@/components/navigation";
> 3 | import { CosmaPlayground } from "@/components/cosma/playground";
    | ^^^^^^^^^^^^^^^^^^^^^^^^^^^^^^^^^^^^^^^^^^^^^^^^^^^^^^^^^^^^^^^^
  4 | import { SiteFooter } from "@/components/site-footer";
  5 | import { CoffeeSupportCard } from "@/components/coffee-support-card";
  6 |

Import map: aliased to relative './components/cosma/playground' inside of [project]/

https://nextjs.org/docs/messages/module-not-found @ http://localhost:4200/_next/static/chunks/0aus_next_dist_00tg.dm._.js:1945
[   28694ms] [ERROR] ./app/cosma/page.tsx:3:1
Module not found: Can't resolve '@/components/cosma/playground'
  1 | import type { Metadata } from "next";
  2 | import { Navigation } from "@/components/navigation";
> 3 | import { CosmaPlayground } from "@/components/cosma/playground";
    | ^^^^^^^^^^^^^^^^^^^^^^^^^^^^^^^^^^^^^^^^^^^^^^^^^^^^^^^^^^^^^^^^
  4 | import { SiteFooter } from "@/components/site-footer";
  5 | import { CoffeeSupportCard } from "@/components/coffee-support-card";
  6 |

Import map: aliased to relative './components/cosma/playground' inside of [project]/

https://nextjs.org/docs/messages/module-not-found @ http://localhost:4200/_next/static/chunks/0aus_next_dist_00tg.dm._.js:1945
[   28756ms] [ERROR] ./app/cosma/page.tsx:3:1
Module not found: Can't resolve '@/components/cosma/playground'
  1 | import type { Metadata } from "next";
  2 | import { Navigation } from "@/components/navigation";
> 3 | import { CosmaPlayground } from "@/components/cosma/playground";
    | ^^^^^^^^^^^^^^^^^^^^^^^^^^^^^^^^^^^^^^^^^^^^^^^^^^^^^^^^^^^^^^^^
  4 | import { SiteFooter } from "@/components/site-footer";
  5 | import { CoffeeSupportCard } from "@/components/coffee-support-card";
  6 |

Import map: aliased to relative './components/cosma/playground' inside of [project]/

https://nextjs.org/docs/messages/module-not-found @ http://localhost:4200/_next/static/chunks/0aus_next_dist_00tg.dm._.js:1945
[   28879ms] [LOG] [Fast Refresh] rebuilding @ http://localhost:4200/_next/static/chunks/0aus_next_dist_00tg.dm._.js:1226
[   29829ms] [LOG] [Fast Refresh] done in 627ms @ http://localhost:4200/_next/static/chunks/0aus_next_dist_00tg.dm._.js:1226
[   31668ms] [ERROR] Failed to load resource: the server responded with a status of 500 (Internal Server Error) @ http://localhost:4200/cosma:0
[   31758ms] [INFO] %cDownload the React DevTools for a better development experience: https://react.dev/link/react-devtools font-weight:bold @ http://localhost:4200/_next/static/chunks/0aus_next_dist_0dxyg_i._.js:2431
[   31802ms] [LOG] [HMR] connected @ http://localhost:4200/_next/static/chunks/0aus_next_dist_0dxyg_i._.js:2431
[   31829ms] [ERROR] Encountered a script tag while rendering React component. Scripts inside React components are never executed when rendering on the client. Consider using template tag instead (https://developer.mozilla.org/en-US/docs/Web/HTML/Element/template). @ http://localhost:4200/_next/static/chunks/0aus_next_dist_0dxyg_i._.js:3272
[   32002ms] Error: Element type is invalid: expected a string (for built-in components) or a class/function (for composite components) but got: undefined. You likely forgot to export your component from the file it's defined in, or you might have mixed up default and named imports.

Check the render method of `CosmaPage`.
    at createFiberFromTypeAndProps (http://localhost:4200/_next/static/chunks/0aus_next_dist_compiled_react-dom_0v6ubys._.js:3167:32)
    at createFiberFromElement (http://localhost:4200/_next/static/chunks/0aus_next_dist_compiled_react-dom_0v6ubys._.js:3178:16)
    at reconcileChildFibersImpl (http://localhost:4200/_next/static/chunks/0aus_next_dist_compiled_react-dom_0v6ubys._.js:4206:421)
    at reconcileChildFibersImpl (http://localhost:4200/_next/static/chunks/0aus_next_dist_compiled_react-dom_0v6ubys._.js:4234:132)
    at http://localhost:4200/_next/static/chunks/0aus_next_dist_compiled_react-dom_0v6ubys._.js:4261:39
    at reconcileChildren (http://localhost:4200/_next/static/chunks/0aus_next_dist_compiled_react-dom_0v6ubys._.js:5898:51)
    at beginWork (http://localhost:4200/_next/static/chunks/0aus_next_dist_compiled_react-dom_0v6ubys._.js:6758:1573)
    at runWithFiberInDEV (http://localhost:4200/_next/static/chunks/0aus_next_dist_compiled_react-dom_0v6ubys._.js:965:74)
    at performUnitOfWork (http://localhost:4200/_next/static/chunks/0aus_next_dist_compiled_react-dom_0v6ubys._.js:9555:97)
    at workLoopConcurrentByScheduler (http://localhost:4200/_next/static/chunks/0aus_next_dist_compiled_react-dom_0v6ubys._.js:9551:58)
    at renderRootConcurrent (http://localhost:4200/_next/static/chunks/0aus_next_dist_compiled_react-dom_0v6ubys._.js:9534:71)
    at performWorkOnRoot (http://localhost:4200/_next/static/chunks/0aus_next_dist_compiled_react-dom_0v6ubys._.js:9061:150)
    at performWorkOnRootViaSchedulerTask (http://localhost:4200/_next/static/chunks/0aus_next_dist_compiled_react-dom_0v6ubys._.js:10255:9)
    at MessagePort.performWorkUntilDeadline (http://localhost:4200/_next/static/chunks/0aus_next_dist_compiled_0da0l5i._.js:2647:64)
[   31950ms] [LOG] [Fast Refresh] rebuilding @ http://localhost:4200/_next/static/chunks/0aus_next_dist_0dxyg_i._.js:2431
[   32156ms] [LOG] [Fast Refresh] done in 316ms @ http://localhost:4200/_next/static/chunks/0aus_next_dist_0dxyg_i._.js:2431
