[      81ms] [ERROR] ./app/progress-bar/page.tsx:20:1
Export designsPrompt doesn't exist in target module
  18 | } from "@/components/progress-inspector";
  19 | import { copyText } from "@/lib/utils";
> 20 | import { designsPrompt, INSTALL_CMD, usageSnippet } from "./snippet";
     | ^^^^^^^^^^^^^^^^^^^^^^^^^^^^^^^^^^^^^^^^^^^^^^^^^^^^^^^^^^^^^^^^^^^^^
  21 |
  22 | // Two looks, each with a light and a dark base. The page follows the app theme;
  23 | // the only choice it offers is which look you're editing. Name + value together

The export designsPrompt was not found in module [project]/app/progress-bar/snippet.ts [app-client] (ecmascript).
Did you mean to import designPrompt?
All exports of the module are statically known (It doesn't have dynamic exports). So it's known statically that the requested export doesn't exist.

Import traces:
  Client Component Browser:
    ./app/progress-bar/page.tsx [Client Component Browser]
    ./app/progress-bar/page.tsx [Server Component]

  Client Component SSR:
    ./app/progress-bar/page.tsx [Client Component SSR]
    ./app/progress-bar/page.tsx [Server Component] @ http://localhost:4200/_next/static/chunks/0aus_next_dist_00tg.dm._.js:1945
[      81ms] [ERROR] ./app/progress-bar/page.tsx:20:1
Export designsPrompt doesn't exist in target module
  18 | } from "@/components/progress-inspector";
  19 | import { copyText } from "@/lib/utils";
> 20 | import { designsPrompt, INSTALL_CMD, usageSnippet } from "./snippet";
     | ^^^^^^^^^^^^^^^^^^^^^^^^^^^^^^^^^^^^^^^^^^^^^^^^^^^^^^^^^^^^^^^^^^^^^
  21 |
  22 | // Two looks, each with a light and a dark base. The page follows the app theme;
  23 | // the only choice it offers is which look you're editing. Name + value together

The export designsPrompt was not found in module [project]/app/progress-bar/snippet.ts [app-ssr] (ecmascript).
Did you mean to import designPrompt?
All exports of the module are statically known (It doesn't have dynamic exports). So it's known statically that the requested export doesn't exist.

Import traces:
  Client Component Browser:
    ./app/progress-bar/page.tsx [Client Component Browser]
    ./app/progress-bar/page.tsx [Server Component]

  Client Component SSR:
    ./app/progress-bar/page.tsx [Client Component SSR]
    ./app/progress-bar/page.tsx [Server Component] @ http://localhost:4200/_next/static/chunks/0aus_next_dist_00tg.dm._.js:1945
[     131ms] [ERROR] Failed to load resource: the server responded with a status of 500 (Internal Server Error) @ http://localhost:4200/bento-5:0
[     167ms] [INFO] %cDownload the React DevTools for a better development experience: https://react.dev/link/react-devtools font-weight:bold @ http://localhost:4200/_next/static/chunks/0e-u_react-dom_0037m-m._.js:15305
[     179ms] Error: ./app/progress-bar/page.tsx:20:1
Export designsPrompt doesn't exist in target module
  18 | } from "@/components/progress-inspector";
  19 | import { copyText } from "@/lib/utils";
> 20 | import { designsPrompt, INSTALL_CMD, usageSnippet } from "./snippet";
     | ^^^^^^^^^^^^^^^^^^^^^^^^^^^^^^^^^^^^^^^^^^^^^^^^^^^^^^^^^^^^^^^^^^^^^
  21 |
  22 | // Two looks, each with a light and a dark base. The page follows the app theme;
  23 | // the only choice it offers is which look you're editing. Name + value together

The export designsPrompt was not found in module [project]/app/progress-bar/snippet.ts [app-client] (ecmascript).
Did you mean to import designPrompt?
All exports of the module are statically known (It doesn't have dynamic exports). So it's known statically that the requested export doesn't exist.

Import traces:
  Client Component Browser:
    ./app/progress-bar/page.tsx [Client Component Browser]
    ./app/progress-bar/page.tsx [Server Component]

  Client Component SSR:
    ./app/progress-bar/page.tsx [Client Component SSR]
    ./app/progress-bar/page.tsx [Server Component]


    at <unknown> (Error: ./app/progress-bar/page.tsx:20:1)
    at Object.getCompilationErrors (file:///Users/godwinjanarthan/Documents/Projects/d2studio-ui/node_modules/.pnpm/next@16.2.4_@babel+core@7.28.4_react-dom@19.2.5_react@19.2.5__react@19.2.5/node_modules/next/dist/server/dev/hot-reloader-turbopack.js:1186:59)
    at DevBundlerService.getCompilationError (file:///Users/godwinjanarthan/Documents/Projects/d2studio-ui/node_modules/.pnpm/next@16.2.4_@babel+core@7.28.4_react-dom@19.2.5_react@19.2.5__react@19.2.5/node_modules/next/dist/server/lib/dev-bundler-service.js:44:55)
    at DevServer.getCompilationError (file:///Users/godwinjanarthan/Documents/Projects/d2studio-ui/node_modules/.pnpm/next@16.2.4_@babel+core@7.28.4_react-dom@19.2.5_react@19.2.5__react@19.2.5/node_modules/next/dist/server/dev/next-dev-server.js:719:42)
    at DevServer.findPageComponents (file:///Users/godwinjanarthan/Documents/Projects/d2studio-ui/node_modules/.pnpm/next@16.2.4_@babel+core@7.28.4_react-dom@19.2.5_react@19.2.5__react@19.2.5/node_modules/next/dist/server/dev/next-dev-server.js:689:43)
    at async DevServer.renderErrorToResponseImpl (file:///Users/godwinjanarthan/Documents/Projects/d2studio-ui/node_modules/.pnpm/next@16.2.4_@babel+core@7.28.4_react-dom@19.2.5_react@19.2.5__react@19.2.5/node_modules/next/dist/server/base-server.js:1745:26)
[     183ms] [LOG] [HMR] connected @ http://localhost:4200/_next/static/chunks/0aus_next_dist_00tg.dm._.js:1226
[     199ms] [ERROR] ./app/progress-bar/page.tsx:20:1
Export designsPrompt doesn't exist in target module
  18 | } from "@/components/progress-inspector";
  19 | import { copyText } from "@/lib/utils";
> 20 | import { designsPrompt, INSTALL_CMD, usageSnippet } from "./snippet";
     | ^^^^^^^^^^^^^^^^^^^^^^^^^^^^^^^^^^^^^^^^^^^^^^^^^^^^^^^^^^^^^^^^^^^^^
  21 |
  22 | // Two looks, each with a light and a dark base. The page follows the app theme;
  23 | // the only choice it offers is which look you're editing. Name + value together

The export designsPrompt was not found in module [project]/app/progress-bar/snippet.ts [app-client] (ecmascript).
Did you mean to import designPrompt?
All exports of the module are statically known (It doesn't have dynamic exports). So it's known statically that the requested export doesn't exist.

Import traces:
  Client Component Browser:
    ./app/progress-bar/page.tsx [Client Component Browser]
    ./app/progress-bar/page.tsx [Server Component]

  Client Component SSR:
    ./app/progress-bar/page.tsx [Client Component SSR]
    ./app/progress-bar/page.tsx [Server Component] @ http://localhost:4200/_next/static/chunks/0aus_next_dist_00tg.dm._.js:1945
[     200ms] [ERROR] ./app/progress-bar/page.tsx:20:1
Export designsPrompt doesn't exist in target module
  18 | } from "@/components/progress-inspector";
  19 | import { copyText } from "@/lib/utils";
> 20 | import { designsPrompt, INSTALL_CMD, usageSnippet } from "./snippet";
     | ^^^^^^^^^^^^^^^^^^^^^^^^^^^^^^^^^^^^^^^^^^^^^^^^^^^^^^^^^^^^^^^^^^^^^
  21 |
  22 | // Two looks, each with a light and a dark base. The page follows the app theme;
  23 | // the only choice it offers is which look you're editing. Name + value together

The export designsPrompt was not found in module [project]/app/progress-bar/snippet.ts [app-ssr] (ecmascript).
Did you mean to import designPrompt?
All exports of the module are statically known (It doesn't have dynamic exports). So it's known statically that the requested export doesn't exist.

Import traces:
  Client Component Browser:
    ./app/progress-bar/page.tsx [Client Component Browser]
    ./app/progress-bar/page.tsx [Server Component]

  Client Component SSR:
    ./app/progress-bar/page.tsx [Client Component SSR]
    ./app/progress-bar/page.tsx [Server Component] @ http://localhost:4200/_next/static/chunks/0aus_next_dist_00tg.dm._.js:1945
[     562ms] [ERROR] ./app/progress-bar/page.tsx:20:1
Export designsPrompt doesn't exist in target module
  18 | } from "@/components/progress-inspector";
  19 | import { copyText } from "@/lib/utils";
> 20 | import { designsPrompt, INSTALL_CMD, usageSnippet } from "./snippet";
     | ^^^^^^^^^^^^^^^^^^^^^^^^^^^^^^^^^^^^^^^^^^^^^^^^^^^^^^^^^^^^^^^^^^^^^
  21 |
  22 | // Two looks, each with a light and a dark base. The page follows the app theme;
  23 | // the only choice it offers is which look you're editing. Name + value together

The export designsPrompt was not found in module [project]/app/progress-bar/snippet.ts [app-client] (ecmascript).
Did you mean to import designPrompt?
All exports of the module are statically known (It doesn't have dynamic exports). So it's known statically that the requested export doesn't exist.

Import traces:
  Client Component Browser:
    ./app/progress-bar/page.tsx [Client Component Browser]
    ./app/progress-bar/page.tsx [Server Component]

  Client Component SSR:
    ./app/progress-bar/page.tsx [Client Component SSR]
    ./app/progress-bar/page.tsx [Server Component] @ http://localhost:4200/_next/static/chunks/0aus_next_dist_00tg.dm._.js:1945
[     562ms] [ERROR] ./app/progress-bar/page.tsx:20:1
Export designsPrompt doesn't exist in target module
  18 | } from "@/components/progress-inspector";
  19 | import { copyText } from "@/lib/utils";
> 20 | import { designsPrompt, INSTALL_CMD, usageSnippet } from "./snippet";
     | ^^^^^^^^^^^^^^^^^^^^^^^^^^^^^^^^^^^^^^^^^^^^^^^^^^^^^^^^^^^^^^^^^^^^^
  21 |
  22 | // Two looks, each with a light and a dark base. The page follows the app theme;
  23 | // the only choice it offers is which look you're editing. Name + value together

The export designsPrompt was not found in module [project]/app/progress-bar/snippet.ts [app-ssr] (ecmascript).
Did you mean to import designPrompt?
All exports of the module are statically known (It doesn't have dynamic exports). So it's known statically that the requested export doesn't exist.

Import traces:
  Client Component Browser:
    ./app/progress-bar/page.tsx [Client Component Browser]
    ./app/progress-bar/page.tsx [Server Component]

  Client Component SSR:
    ./app/progress-bar/page.tsx [Client Component SSR]
    ./app/progress-bar/page.tsx [Server Component] @ http://localhost:4200/_next/static/chunks/0aus_next_dist_00tg.dm._.js:1945
[     633ms] [ERROR] ./app/progress-bar/page.tsx:20:1
Export designsPrompt doesn't exist in target module
  18 | } from "@/components/progress-inspector";
  19 | import { copyText } from "@/lib/utils";
> 20 | import { designsPrompt, INSTALL_CMD, usageSnippet } from "./snippet";
     | ^^^^^^^^^^^^^^^^^^^^^^^^^^^^^^^^^^^^^^^^^^^^^^^^^^^^^^^^^^^^^^^^^^^^^
  21 |
  22 | // Two looks, each with a light and a dark base. The page follows the app theme;
  23 | // the only choice it offers is which look you're editing. Name + value together

The export designsPrompt was not found in module [project]/app/progress-bar/snippet.ts [app-client] (ecmascript).
Did you mean to import designPrompt?
All exports of the module are statically known (It doesn't have dynamic exports). So it's known statically that the requested export doesn't exist.

Import traces:
  Client Component Browser:
    ./app/progress-bar/page.tsx [Client Component Browser]
    ./app/progress-bar/page.tsx [Server Component]

  Client Component SSR:
    ./app/progress-bar/page.tsx [Client Component SSR]
    ./app/progress-bar/page.tsx [Server Component] @ http://localhost:4200/_next/static/chunks/0aus_next_dist_00tg.dm._.js:1945
[     633ms] [ERROR] ./app/progress-bar/page.tsx:20:1
Export designsPrompt doesn't exist in target module
  18 | } from "@/components/progress-inspector";
  19 | import { copyText } from "@/lib/utils";
> 20 | import { designsPrompt, INSTALL_CMD, usageSnippet } from "./snippet";
     | ^^^^^^^^^^^^^^^^^^^^^^^^^^^^^^^^^^^^^^^^^^^^^^^^^^^^^^^^^^^^^^^^^^^^^
  21 |
  22 | // Two looks, each with a light and a dark base. The page follows the app theme;
  23 | // the only choice it offers is which look you're editing. Name + value together

The export designsPrompt was not found in module [project]/app/progress-bar/snippet.ts [app-ssr] (ecmascript).
Did you mean to import designPrompt?
All exports of the module are statically known (It doesn't have dynamic exports). So it's known statically that the requested export doesn't exist.

Import traces:
  Client Component Browser:
    ./app/progress-bar/page.tsx [Client Component Browser]
    ./app/progress-bar/page.tsx [Server Component]

  Client Component SSR:
    ./app/progress-bar/page.tsx [Client Component SSR]
    ./app/progress-bar/page.tsx [Server Component] @ http://localhost:4200/_next/static/chunks/0aus_next_dist_00tg.dm._.js:1945
[     701ms] [ERROR] ./app/progress-bar/page.tsx:20:1
Export designsPrompt doesn't exist in target module
  18 | } from "@/components/progress-inspector";
  19 | import { copyText } from "@/lib/utils";
> 20 | import { designsPrompt, INSTALL_CMD, usageSnippet } from "./snippet";
     | ^^^^^^^^^^^^^^^^^^^^^^^^^^^^^^^^^^^^^^^^^^^^^^^^^^^^^^^^^^^^^^^^^^^^^
  21 |
  22 | // Two looks, each with a light and a dark base. The page follows the app theme;
  23 | // the only choice it offers is which look you're editing. Name + value together

The export designsPrompt was not found in module [project]/app/progress-bar/snippet.ts [app-client] (ecmascript).
Did you mean to import designPrompt?
All exports of the module are statically known (It doesn't have dynamic exports). So it's known statically that the requested export doesn't exist.

Import traces:
  Client Component Browser:
    ./app/progress-bar/page.tsx [Client Component Browser]
    ./app/progress-bar/page.tsx [Server Component]

  Client Component SSR:
    ./app/progress-bar/page.tsx [Client Component SSR]
    ./app/progress-bar/page.tsx [Server Component] @ http://localhost:4200/_next/static/chunks/0aus_next_dist_00tg.dm._.js:1945
[     701ms] [ERROR] ./app/progress-bar/page.tsx:20:1
Export designsPrompt doesn't exist in target module
  18 | } from "@/components/progress-inspector";
  19 | import { copyText } from "@/lib/utils";
> 20 | import { designsPrompt, INSTALL_CMD, usageSnippet } from "./snippet";
     | ^^^^^^^^^^^^^^^^^^^^^^^^^^^^^^^^^^^^^^^^^^^^^^^^^^^^^^^^^^^^^^^^^^^^^
  21 |
  22 | // Two looks, each with a light and a dark base. The page follows the app theme;
  23 | // the only choice it offers is which look you're editing. Name + value together

The export designsPrompt was not found in module [project]/app/progress-bar/snippet.ts [app-ssr] (ecmascript).
Did you mean to import designPrompt?
All exports of the module are statically known (It doesn't have dynamic exports). So it's known statically that the requested export doesn't exist.

Import traces:
  Client Component Browser:
    ./app/progress-bar/page.tsx [Client Component Browser]
    ./app/progress-bar/page.tsx [Server Component]

  Client Component SSR:
    ./app/progress-bar/page.tsx [Client Component SSR]
    ./app/progress-bar/page.tsx [Server Component] @ http://localhost:4200/_next/static/chunks/0aus_next_dist_00tg.dm._.js:1945
[     769ms] [ERROR] ./app/progress-bar/page.tsx:20:1
Export designsPrompt doesn't exist in target module
  18 | } from "@/components/progress-inspector";
  19 | import { copyText } from "@/lib/utils";
> 20 | import { designsPrompt, INSTALL_CMD, usageSnippet } from "./snippet";
     | ^^^^^^^^^^^^^^^^^^^^^^^^^^^^^^^^^^^^^^^^^^^^^^^^^^^^^^^^^^^^^^^^^^^^^
  21 |
  22 | // Two looks, each with a light and a dark base. The page follows the app theme;
  23 | // the only choice it offers is which look you're editing. Name + value together

The export designsPrompt was not found in module [project]/app/progress-bar/snippet.ts [app-client] (ecmascript).
Did you mean to import designPrompt?
All exports of the module are statically known (It doesn't have dynamic exports). So it's known statically that the requested export doesn't exist.

Import traces:
  Client Component Browser:
    ./app/progress-bar/page.tsx [Client Component Browser]
    ./app/progress-bar/page.tsx [Server Component]

  Client Component SSR:
    ./app/progress-bar/page.tsx [Client Component SSR]
    ./app/progress-bar/page.tsx [Server Component] @ http://localhost:4200/_next/static/chunks/0aus_next_dist_00tg.dm._.js:1945
[     770ms] [ERROR] ./app/progress-bar/page.tsx:20:1
Export designsPrompt doesn't exist in target module
  18 | } from "@/components/progress-inspector";
  19 | import { copyText } from "@/lib/utils";
> 20 | import { designsPrompt, INSTALL_CMD, usageSnippet } from "./snippet";
     | ^^^^^^^^^^^^^^^^^^^^^^^^^^^^^^^^^^^^^^^^^^^^^^^^^^^^^^^^^^^^^^^^^^^^^
  21 |
  22 | // Two looks, each with a light and a dark base. The page follows the app theme;
  23 | // the only choice it offers is which look you're editing. Name + value together

The export designsPrompt was not found in module [project]/app/progress-bar/snippet.ts [app-ssr] (ecmascript).
Did you mean to import designPrompt?
All exports of the module are statically known (It doesn't have dynamic exports). So it's known statically that the requested export doesn't exist.

Import traces:
  Client Component Browser:
    ./app/progress-bar/page.tsx [Client Component Browser]
    ./app/progress-bar/page.tsx [Server Component]

  Client Component SSR:
    ./app/progress-bar/page.tsx [Client Component SSR]
    ./app/progress-bar/page.tsx [Server Component] @ http://localhost:4200/_next/static/chunks/0aus_next_dist_00tg.dm._.js:1945
[     838ms] [ERROR] ./app/progress-bar/page.tsx:20:1
Export designsPrompt doesn't exist in target module
  18 | } from "@/components/progress-inspector";
  19 | import { copyText } from "@/lib/utils";
> 20 | import { designsPrompt, INSTALL_CMD, usageSnippet } from "./snippet";
     | ^^^^^^^^^^^^^^^^^^^^^^^^^^^^^^^^^^^^^^^^^^^^^^^^^^^^^^^^^^^^^^^^^^^^^
  21 |
  22 | // Two looks, each with a light and a dark base. The page follows the app theme;
  23 | // the only choice it offers is which look you're editing. Name + value together

The export designsPrompt was not found in module [project]/app/progress-bar/snippet.ts [app-client] (ecmascript).
Did you mean to import designPrompt?
All exports of the module are statically known (It doesn't have dynamic exports). So it's known statically that the requested export doesn't exist.

Import traces:
  Client Component Browser:
    ./app/progress-bar/page.tsx [Client Component Browser]
    ./app/progress-bar/page.tsx [Server Component]

  Client Component SSR:
    ./app/progress-bar/page.tsx [Client Component SSR]
    ./app/progress-bar/page.tsx [Server Component] @ http://localhost:4200/_next/static/chunks/0aus_next_dist_00tg.dm._.js:1945
[     838ms] [ERROR] ./app/progress-bar/page.tsx:20:1
Export designsPrompt doesn't exist in target module
  18 | } from "@/components/progress-inspector";
  19 | import { copyText } from "@/lib/utils";
> 20 | import { designsPrompt, INSTALL_CMD, usageSnippet } from "./snippet";
     | ^^^^^^^^^^^^^^^^^^^^^^^^^^^^^^^^^^^^^^^^^^^^^^^^^^^^^^^^^^^^^^^^^^^^^
  21 |
  22 | // Two looks, each with a light and a dark base. The page follows the app theme;
  23 | // the only choice it offers is which look you're editing. Name + value together

The export designsPrompt was not found in module [project]/app/progress-bar/snippet.ts [app-ssr] (ecmascript).
Did you mean to import designPrompt?
All exports of the module are statically known (It doesn't have dynamic exports). So it's known statically that the requested export doesn't exist.

Import traces:
  Client Component Browser:
    ./app/progress-bar/page.tsx [Client Component Browser]
    ./app/progress-bar/page.tsx [Server Component]

  Client Component SSR:
    ./app/progress-bar/page.tsx [Client Component SSR]
    ./app/progress-bar/page.tsx [Server Component] @ http://localhost:4200/_next/static/chunks/0aus_next_dist_00tg.dm._.js:1945
[     905ms] [ERROR] ./app/progress-bar/page.tsx:20:1
Export designsPrompt doesn't exist in target module
  18 | } from "@/components/progress-inspector";
  19 | import { copyText } from "@/lib/utils";
> 20 | import { designsPrompt, INSTALL_CMD, usageSnippet } from "./snippet";
     | ^^^^^^^^^^^^^^^^^^^^^^^^^^^^^^^^^^^^^^^^^^^^^^^^^^^^^^^^^^^^^^^^^^^^^
  21 |
  22 | // Two looks, each with a light and a dark base. The page follows the app theme;
  23 | // the only choice it offers is which look you're editing. Name + value together

The export designsPrompt was not found in module [project]/app/progress-bar/snippet.ts [app-client] (ecmascript).
Did you mean to import designPrompt?
All exports of the module are statically known (It doesn't have dynamic exports). So it's known statically that the requested export doesn't exist.

Import traces:
  Client Component Browser:
    ./app/progress-bar/page.tsx [Client Component Browser]
    ./app/progress-bar/page.tsx [Server Component]

  Client Component SSR:
    ./app/progress-bar/page.tsx [Client Component SSR]
    ./app/progress-bar/page.tsx [Server Component] @ http://localhost:4200/_next/static/chunks/0aus_next_dist_00tg.dm._.js:1945
[     905ms] [ERROR] ./app/progress-bar/page.tsx:20:1
Export designsPrompt doesn't exist in target module
  18 | } from "@/components/progress-inspector";
  19 | import { copyText } from "@/lib/utils";
> 20 | import { designsPrompt, INSTALL_CMD, usageSnippet } from "./snippet";
     | ^^^^^^^^^^^^^^^^^^^^^^^^^^^^^^^^^^^^^^^^^^^^^^^^^^^^^^^^^^^^^^^^^^^^^
  21 |
  22 | // Two looks, each with a light and a dark base. The page follows the app theme;
  23 | // the only choice it offers is which look you're editing. Name + value together

The export designsPrompt was not found in module [project]/app/progress-bar/snippet.ts [app-ssr] (ecmascript).
Did you mean to import designPrompt?
All exports of the module are statically known (It doesn't have dynamic exports). So it's known statically that the requested export doesn't exist.

Import traces:
  Client Component Browser:
    ./app/progress-bar/page.tsx [Client Component Browser]
    ./app/progress-bar/page.tsx [Server Component]

  Client Component SSR:
    ./app/progress-bar/page.tsx [Client Component SSR]
    ./app/progress-bar/page.tsx [Server Component] @ http://localhost:4200/_next/static/chunks/0aus_next_dist_00tg.dm._.js:1945
[     973ms] [ERROR] ./app/progress-bar/page.tsx:20:1
Export designsPrompt doesn't exist in target module
  18 | } from "@/components/progress-inspector";
  19 | import { copyText } from "@/lib/utils";
> 20 | import { designsPrompt, INSTALL_CMD, usageSnippet } from "./snippet";
     | ^^^^^^^^^^^^^^^^^^^^^^^^^^^^^^^^^^^^^^^^^^^^^^^^^^^^^^^^^^^^^^^^^^^^^
  21 |
  22 | // Two looks, each with a light and a dark base. The page follows the app theme;
  23 | // the only choice it offers is which look you're editing. Name + value together

The export designsPrompt was not found in module [project]/app/progress-bar/snippet.ts [app-client] (ecmascript).
Did you mean to import designPrompt?
All exports of the module are statically known (It doesn't have dynamic exports). So it's known statically that the requested export doesn't exist.

Import traces:
  Client Component Browser:
    ./app/progress-bar/page.tsx [Client Component Browser]
    ./app/progress-bar/page.tsx [Server Component]

  Client Component SSR:
    ./app/progress-bar/page.tsx [Client Component SSR]
    ./app/progress-bar/page.tsx [Server Component] @ http://localhost:4200/_next/static/chunks/0aus_next_dist_00tg.dm._.js:1945
[     974ms] [ERROR] ./app/progress-bar/page.tsx:20:1
Export designsPrompt doesn't exist in target module
  18 | } from "@/components/progress-inspector";
  19 | import { copyText } from "@/lib/utils";
> 20 | import { designsPrompt, INSTALL_CMD, usageSnippet } from "./snippet";
     | ^^^^^^^^^^^^^^^^^^^^^^^^^^^^^^^^^^^^^^^^^^^^^^^^^^^^^^^^^^^^^^^^^^^^^
  21 |
  22 | // Two looks, each with a light and a dark base. The page follows the app theme;
  23 | // the only choice it offers is which look you're editing. Name + value together

The export designsPrompt was not found in module [project]/app/progress-bar/snippet.ts [app-ssr] (ecmascript).
Did you mean to import designPrompt?
All exports of the module are statically known (It doesn't have dynamic exports). So it's known statically that the requested export doesn't exist.

Import traces:
  Client Component Browser:
    ./app/progress-bar/page.tsx [Client Component Browser]
    ./app/progress-bar/page.tsx [Server Component]

  Client Component SSR:
    ./app/progress-bar/page.tsx [Client Component SSR]
    ./app/progress-bar/page.tsx [Server Component] @ http://localhost:4200/_next/static/chunks/0aus_next_dist_00tg.dm._.js:1945
[    1042ms] [ERROR] ./app/progress-bar/page.tsx:20:1
Export designsPrompt doesn't exist in target module
  18 | } from "@/components/progress-inspector";
  19 | import { copyText } from "@/lib/utils";
> 20 | import { designsPrompt, INSTALL_CMD, usageSnippet } from "./snippet";
     | ^^^^^^^^^^^^^^^^^^^^^^^^^^^^^^^^^^^^^^^^^^^^^^^^^^^^^^^^^^^^^^^^^^^^^
  21 |
  22 | // Two looks, each with a light and a dark base. The page follows the app theme;
  23 | // the only choice it offers is which look you're editing. Name + value together

The export designsPrompt was not found in module [project]/app/progress-bar/snippet.ts [app-client] (ecmascript).
Did you mean to import designPrompt?
All exports of the module are statically known (It doesn't have dynamic exports). So it's known statically that the requested export doesn't exist.

Import traces:
  Client Component Browser:
    ./app/progress-bar/page.tsx [Client Component Browser]
    ./app/progress-bar/page.tsx [Server Component]

  Client Component SSR:
    ./app/progress-bar/page.tsx [Client Component SSR]
    ./app/progress-bar/page.tsx [Server Component] @ http://localhost:4200/_next/static/chunks/0aus_next_dist_00tg.dm._.js:1945
[    1042ms] [ERROR] ./app/progress-bar/page.tsx:20:1
Export designsPrompt doesn't exist in target module
  18 | } from "@/components/progress-inspector";
  19 | import { copyText } from "@/lib/utils";
> 20 | import { designsPrompt, INSTALL_CMD, usageSnippet } from "./snippet";
     | ^^^^^^^^^^^^^^^^^^^^^^^^^^^^^^^^^^^^^^^^^^^^^^^^^^^^^^^^^^^^^^^^^^^^^
  21 |
  22 | // Two looks, each with a light and a dark base. The page follows the app theme;
  23 | // the only choice it offers is which look you're editing. Name + value together

The export designsPrompt was not found in module [project]/app/progress-bar/snippet.ts [app-ssr] (ecmascript).
Did you mean to import designPrompt?
All exports of the module are statically known (It doesn't have dynamic exports). So it's known statically that the requested export doesn't exist.

Import traces:
  Client Component Browser:
    ./app/progress-bar/page.tsx [Client Component Browser]
    ./app/progress-bar/page.tsx [Server Component]

  Client Component SSR:
    ./app/progress-bar/page.tsx [Client Component SSR]
    ./app/progress-bar/page.tsx [Server Component] @ http://localhost:4200/_next/static/chunks/0aus_next_dist_00tg.dm._.js:1945
[    1114ms] [ERROR] ./app/progress-bar/page.tsx:20:1
Export designsPrompt doesn't exist in target module
  18 | } from "@/components/progress-inspector";
  19 | import { copyText } from "@/lib/utils";
> 20 | import { designsPrompt, INSTALL_CMD, usageSnippet } from "./snippet";
     | ^^^^^^^^^^^^^^^^^^^^^^^^^^^^^^^^^^^^^^^^^^^^^^^^^^^^^^^^^^^^^^^^^^^^^
  21 |
  22 | // Two looks, each with a light and a dark base. The page follows the app theme;
  23 | // the only choice it offers is which look you're editing. Name + value together

The export designsPrompt was not found in module [project]/app/progress-bar/snippet.ts [app-client] (ecmascript).
Did you mean to import designPrompt?
All exports of the module are statically known (It doesn't have dynamic exports). So it's known statically that the requested export doesn't exist.

Import traces:
  Client Component Browser:
    ./app/progress-bar/page.tsx [Client Component Browser]
    ./app/progress-bar/page.tsx [Server Component]

  Client Component SSR:
    ./app/progress-bar/page.tsx [Client Component SSR]
    ./app/progress-bar/page.tsx [Server Component] @ http://localhost:4200/_next/static/chunks/0aus_next_dist_00tg.dm._.js:1945
[    1114ms] [ERROR] ./app/progress-bar/page.tsx:20:1
Export designsPrompt doesn't exist in target module
  18 | } from "@/components/progress-inspector";
  19 | import { copyText } from "@/lib/utils";
> 20 | import { designsPrompt, INSTALL_CMD, usageSnippet } from "./snippet";
     | ^^^^^^^^^^^^^^^^^^^^^^^^^^^^^^^^^^^^^^^^^^^^^^^^^^^^^^^^^^^^^^^^^^^^^
  21 |
  22 | // Two looks, each with a light and a dark base. The page follows the app theme;
  23 | // the only choice it offers is which look you're editing. Name + value together

The export designsPrompt was not found in module [project]/app/progress-bar/snippet.ts [app-ssr] (ecmascript).
Did you mean to import designPrompt?
All exports of the module are statically known (It doesn't have dynamic exports). So it's known statically that the requested export doesn't exist.

Import traces:
  Client Component Browser:
    ./app/progress-bar/page.tsx [Client Component Browser]
    ./app/progress-bar/page.tsx [Server Component]

  Client Component SSR:
    ./app/progress-bar/page.tsx [Client Component SSR]
    ./app/progress-bar/page.tsx [Server Component] @ http://localhost:4200/_next/static/chunks/0aus_next_dist_00tg.dm._.js:1945
[    1189ms] [ERROR] ./app/progress-bar/page.tsx:20:1
Export designsPrompt doesn't exist in target module
  18 | } from "@/components/progress-inspector";
  19 | import { copyText } from "@/lib/utils";
> 20 | import { designsPrompt, INSTALL_CMD, usageSnippet } from "./snippet";
     | ^^^^^^^^^^^^^^^^^^^^^^^^^^^^^^^^^^^^^^^^^^^^^^^^^^^^^^^^^^^^^^^^^^^^^
  21 |
  22 | // Two looks, each with a light and a dark base. The page follows the app theme;
  23 | // the only choice it offers is which look you're editing. Name + value together

The export designsPrompt was not found in module [project]/app/progress-bar/snippet.ts [app-client] (ecmascript).
Did you mean to import designPrompt?
All exports of the module are statically known (It doesn't have dynamic exports). So it's known statically that the requested export doesn't exist.

Import traces:
  Client Component Browser:
    ./app/progress-bar/page.tsx [Client Component Browser]
    ./app/progress-bar/page.tsx [Server Component]

  Client Component SSR:
    ./app/progress-bar/page.tsx [Client Component SSR]
    ./app/progress-bar/page.tsx [Server Component] @ http://localhost:4200/_next/static/chunks/0aus_next_dist_00tg.dm._.js:1945
[    1189ms] [ERROR] ./app/progress-bar/page.tsx:20:1
Export designsPrompt doesn't exist in target module
  18 | } from "@/components/progress-inspector";
  19 | import { copyText } from "@/lib/utils";
> 20 | import { designsPrompt, INSTALL_CMD, usageSnippet } from "./snippet";
     | ^^^^^^^^^^^^^^^^^^^^^^^^^^^^^^^^^^^^^^^^^^^^^^^^^^^^^^^^^^^^^^^^^^^^^
  21 |
  22 | // Two looks, each with a light and a dark base. The page follows the app theme;
  23 | // the only choice it offers is which look you're editing. Name + value together

The export designsPrompt was not found in module [project]/app/progress-bar/snippet.ts [app-ssr] (ecmascript).
Did you mean to import designPrompt?
All exports of the module are statically known (It doesn't have dynamic exports). So it's known statically that the requested export doesn't exist.

Import traces:
  Client Component Browser:
    ./app/progress-bar/page.tsx [Client Component Browser]
    ./app/progress-bar/page.tsx [Server Component]

  Client Component SSR:
    ./app/progress-bar/page.tsx [Client Component SSR]
    ./app/progress-bar/page.tsx [Server Component] @ http://localhost:4200/_next/static/chunks/0aus_next_dist_00tg.dm._.js:1945
[    1248ms] [LOG] [Fast Refresh] rebuilding @ http://localhost:4200/_next/static/chunks/0aus_next_dist_00tg.dm._.js:1226
[    1318ms] [ERROR] ./app/progress-bar/page.tsx:20:1
Export designsPrompt doesn't exist in target module
  18 | } from "@/components/progress-inspector";
  19 | import { copyText } from "@/lib/utils";
> 20 | import { designsPrompt, INSTALL_CMD, usageSnippet } from "./snippet";
     | ^^^^^^^^^^^^^^^^^^^^^^^^^^^^^^^^^^^^^^^^^^^^^^^^^^^^^^^^^^^^^^^^^^^^^
  21 |
  22 | // Two looks, each with a light and a dark base. The page follows the app theme;
  23 | // the only choice it offers is which look you're editing. Name + value together

The export designsPrompt was not found in module [project]/app/progress-bar/snippet.ts [app-client] (ecmascript).
Did you mean to import designPrompt?
All exports of the module are statically known (It doesn't have dynamic exports). So it's known statically that the requested export doesn't exist.

Import traces:
  Client Component Browser:
    ./app/progress-bar/page.tsx [Client Component Browser]
    ./app/progress-bar/page.tsx [Server Component]

  Client Component SSR:
    ./app/progress-bar/page.tsx [Client Component SSR]
    ./app/progress-bar/page.tsx [Server Component] @ http://localhost:4200/_next/static/chunks/0aus_next_dist_00tg.dm._.js:1945
[    1318ms] [ERROR] ./app/progress-bar/page.tsx:20:1
Export designsPrompt doesn't exist in target module
  18 | } from "@/components/progress-inspector";
  19 | import { copyText } from "@/lib/utils";
> 20 | import { designsPrompt, INSTALL_CMD, usageSnippet } from "./snippet";
     | ^^^^^^^^^^^^^^^^^^^^^^^^^^^^^^^^^^^^^^^^^^^^^^^^^^^^^^^^^^^^^^^^^^^^^
  21 |
  22 | // Two looks, each with a light and a dark base. The page follows the app theme;
  23 | // the only choice it offers is which look you're editing. Name + value together

The export designsPrompt was not found in module [project]/app/progress-bar/snippet.ts [app-ssr] (ecmascript).
Did you mean to import designPrompt?
All exports of the module are statically known (It doesn't have dynamic exports). So it's known statically that the requested export doesn't exist.

Import traces:
  Client Component Browser:
    ./app/progress-bar/page.tsx [Client Component Browser]
    ./app/progress-bar/page.tsx [Server Component]

  Client Component SSR:
    ./app/progress-bar/page.tsx [Client Component SSR]
    ./app/progress-bar/page.tsx [Server Component] @ http://localhost:4200/_next/static/chunks/0aus_next_dist_00tg.dm._.js:1945
[    1384ms] [ERROR] ./app/progress-bar/page.tsx:20:1
Export designsPrompt doesn't exist in target module
  18 | } from "@/components/progress-inspector";
  19 | import { copyText } from "@/lib/utils";
> 20 | import { designsPrompt, INSTALL_CMD, usageSnippet } from "./snippet";
     | ^^^^^^^^^^^^^^^^^^^^^^^^^^^^^^^^^^^^^^^^^^^^^^^^^^^^^^^^^^^^^^^^^^^^^
  21 |
  22 | // Two looks, each with a light and a dark base. The page follows the app theme;
  23 | // the only choice it offers is which look you're editing. Name + value together

The export designsPrompt was not found in module [project]/app/progress-bar/snippet.ts [app-client] (ecmascript).
Did you mean to import designPrompt?
All exports of the module are statically known (It doesn't have dynamic exports). So it's known statically that the requested export doesn't exist.

Import traces:
  Client Component Browser:
    ./app/progress-bar/page.tsx [Client Component Browser]
    ./app/progress-bar/page.tsx [Server Component]

  Client Component SSR:
    ./app/progress-bar/page.tsx [Client Component SSR]
    ./app/progress-bar/page.tsx [Server Component] @ http://localhost:4200/_next/static/chunks/0aus_next_dist_00tg.dm._.js:1945
[    1384ms] [ERROR] ./app/progress-bar/page.tsx:20:1
Export designsPrompt doesn't exist in target module
  18 | } from "@/components/progress-inspector";
  19 | import { copyText } from "@/lib/utils";
> 20 | import { designsPrompt, INSTALL_CMD, usageSnippet } from "./snippet";
     | ^^^^^^^^^^^^^^^^^^^^^^^^^^^^^^^^^^^^^^^^^^^^^^^^^^^^^^^^^^^^^^^^^^^^^
  21 |
  22 | // Two looks, each with a light and a dark base. The page follows the app theme;
  23 | // the only choice it offers is which look you're editing. Name + value together

The export designsPrompt was not found in module [project]/app/progress-bar/snippet.ts [app-ssr] (ecmascript).
Did you mean to import designPrompt?
All exports of the module are statically known (It doesn't have dynamic exports). So it's known statically that the requested export doesn't exist.

Import traces:
  Client Component Browser:
    ./app/progress-bar/page.tsx [Client Component Browser]
    ./app/progress-bar/page.tsx [Server Component]

  Client Component SSR:
    ./app/progress-bar/page.tsx [Client Component SSR]
    ./app/progress-bar/page.tsx [Server Component] @ http://localhost:4200/_next/static/chunks/0aus_next_dist_00tg.dm._.js:1945
[    1452ms] [ERROR] ./app/progress-bar/page.tsx:20:1
Export designsPrompt doesn't exist in target module
  18 | } from "@/components/progress-inspector";
  19 | import { copyText } from "@/lib/utils";
> 20 | import { designsPrompt, INSTALL_CMD, usageSnippet } from "./snippet";
     | ^^^^^^^^^^^^^^^^^^^^^^^^^^^^^^^^^^^^^^^^^^^^^^^^^^^^^^^^^^^^^^^^^^^^^
  21 |
  22 | // Two looks, each with a light and a dark base. The page follows the app theme;
  23 | // the only choice it offers is which look you're editing. Name + value together

The export designsPrompt was not found in module [project]/app/progress-bar/snippet.ts [app-client] (ecmascript).
Did you mean to import designPrompt?
All exports of the module are statically known (It doesn't have dynamic exports). So it's known statically that the requested export doesn't exist.

Import traces:
  Client Component Browser:
    ./app/progress-bar/page.tsx [Client Component Browser]
    ./app/progress-bar/page.tsx [Server Component]

  Client Component SSR:
    ./app/progress-bar/page.tsx [Client Component SSR]
    ./app/progress-bar/page.tsx [Server Component] @ http://localhost:4200/_next/static/chunks/0aus_next_dist_00tg.dm._.js:1945
[    1452ms] [ERROR] ./app/progress-bar/page.tsx:20:1
Export designsPrompt doesn't exist in target module
  18 | } from "@/components/progress-inspector";
  19 | import { copyText } from "@/lib/utils";
> 20 | import { designsPrompt, INSTALL_CMD, usageSnippet } from "./snippet";
     | ^^^^^^^^^^^^^^^^^^^^^^^^^^^^^^^^^^^^^^^^^^^^^^^^^^^^^^^^^^^^^^^^^^^^^
  21 |
  22 | // Two looks, each with a light and a dark base. The page follows the app theme;
  23 | // the only choice it offers is which look you're editing. Name + value together

The export designsPrompt was not found in module [project]/app/progress-bar/snippet.ts [app-ssr] (ecmascript).
Did you mean to import designPrompt?
All exports of the module are statically known (It doesn't have dynamic exports). So it's known statically that the requested export doesn't exist.

Import traces:
  Client Component Browser:
    ./app/progress-bar/page.tsx [Client Component Browser]
    ./app/progress-bar/page.tsx [Server Component]

  Client Component SSR:
    ./app/progress-bar/page.tsx [Client Component SSR]
    ./app/progress-bar/page.tsx [Server Component] @ http://localhost:4200/_next/static/chunks/0aus_next_dist_00tg.dm._.js:1945
[    1522ms] [ERROR] ./app/progress-bar/page.tsx:20:1
Export designsPrompt doesn't exist in target module
  18 | } from "@/components/progress-inspector";
  19 | import { copyText } from "@/lib/utils";
> 20 | import { designsPrompt, INSTALL_CMD, usageSnippet } from "./snippet";
     | ^^^^^^^^^^^^^^^^^^^^^^^^^^^^^^^^^^^^^^^^^^^^^^^^^^^^^^^^^^^^^^^^^^^^^
  21 |
  22 | // Two looks, each with a light and a dark base. The page follows the app theme;
  23 | // the only choice it offers is which look you're editing. Name + value together

The export designsPrompt was not found in module [project]/app/progress-bar/snippet.ts [app-client] (ecmascript).
Did you mean to import designPrompt?
All exports of the module are statically known (It doesn't have dynamic exports). So it's known statically that the requested export doesn't exist.

Import traces:
  Client Component Browser:
    ./app/progress-bar/page.tsx [Client Component Browser]
    ./app/progress-bar/page.tsx [Server Component]

  Client Component SSR:
    ./app/progress-bar/page.tsx [Client Component SSR]
    ./app/progress-bar/page.tsx [Server Component] @ http://localhost:4200/_next/static/chunks/0aus_next_dist_00tg.dm._.js:1945
[    1522ms] [ERROR] ./app/progress-bar/page.tsx:20:1
Export designsPrompt doesn't exist in target module
  18 | } from "@/components/progress-inspector";
  19 | import { copyText } from "@/lib/utils";
> 20 | import { designsPrompt, INSTALL_CMD, usageSnippet } from "./snippet";
     | ^^^^^^^^^^^^^^^^^^^^^^^^^^^^^^^^^^^^^^^^^^^^^^^^^^^^^^^^^^^^^^^^^^^^^
  21 |
  22 | // Two looks, each with a light and a dark base. The page follows the app theme;
  23 | // the only choice it offers is which look you're editing. Name + value together

The export designsPrompt was not found in module [project]/app/progress-bar/snippet.ts [app-ssr] (ecmascript).
Did you mean to import designPrompt?
All exports of the module are statically known (It doesn't have dynamic exports). So it's known statically that the requested export doesn't exist.

Import traces:
  Client Component Browser:
    ./app/progress-bar/page.tsx [Client Component Browser]
    ./app/progress-bar/page.tsx [Server Component]

  Client Component SSR:
    ./app/progress-bar/page.tsx [Client Component SSR]
    ./app/progress-bar/page.tsx [Server Component] @ http://localhost:4200/_next/static/chunks/0aus_next_dist_00tg.dm._.js:1945
[    1591ms] [ERROR] ./app/progress-bar/page.tsx:20:1
Export designsPrompt doesn't exist in target module
  18 | } from "@/components/progress-inspector";
  19 | import { copyText } from "@/lib/utils";
> 20 | import { designsPrompt, INSTALL_CMD, usageSnippet } from "./snippet";
     | ^^^^^^^^^^^^^^^^^^^^^^^^^^^^^^^^^^^^^^^^^^^^^^^^^^^^^^^^^^^^^^^^^^^^^
  21 |
  22 | // Two looks, each with a light and a dark base. The page follows the app theme;
  23 | // the only choice it offers is which look you're editing. Name + value together

The export designsPrompt was not found in module [project]/app/progress-bar/snippet.ts [app-client] (ecmascript).
Did you mean to import designPrompt?
All exports of the module are statically known (It doesn't have dynamic exports). So it's known statically that the requested export doesn't exist.

Import traces:
  Client Component Browser:
    ./app/progress-bar/page.tsx [Client Component Browser]
    ./app/progress-bar/page.tsx [Server Component]

  Client Component SSR:
    ./app/progress-bar/page.tsx [Client Component SSR]
    ./app/progress-bar/page.tsx [Server Component] @ http://localhost:4200/_next/static/chunks/0aus_next_dist_00tg.dm._.js:1945
[    1591ms] [ERROR] ./app/progress-bar/page.tsx:20:1
Export designsPrompt doesn't exist in target module
  18 | } from "@/components/progress-inspector";
  19 | import { copyText } from "@/lib/utils";
> 20 | import { designsPrompt, INSTALL_CMD, usageSnippet } from "./snippet";
     | ^^^^^^^^^^^^^^^^^^^^^^^^^^^^^^^^^^^^^^^^^^^^^^^^^^^^^^^^^^^^^^^^^^^^^
  21 |
  22 | // Two looks, each with a light and a dark base. The page follows the app theme;
  23 | // the only choice it offers is which look you're editing. Name + value together

The export designsPrompt was not found in module [project]/app/progress-bar/snippet.ts [app-ssr] (ecmascript).
Did you mean to import designPrompt?
All exports of the module are statically known (It doesn't have dynamic exports). So it's known statically that the requested export doesn't exist.

Import traces:
  Client Component Browser:
    ./app/progress-bar/page.tsx [Client Component Browser]
    ./app/progress-bar/page.tsx [Server Component]

  Client Component SSR:
    ./app/progress-bar/page.tsx [Client Component SSR]
    ./app/progress-bar/page.tsx [Server Component] @ http://localhost:4200/_next/static/chunks/0aus_next_dist_00tg.dm._.js:1945
[    1660ms] [ERROR] ./app/progress-bar/page.tsx:20:1
Export designsPrompt doesn't exist in target module
  18 | } from "@/components/progress-inspector";
  19 | import { copyText } from "@/lib/utils";
> 20 | import { designsPrompt, INSTALL_CMD, usageSnippet } from "./snippet";
     | ^^^^^^^^^^^^^^^^^^^^^^^^^^^^^^^^^^^^^^^^^^^^^^^^^^^^^^^^^^^^^^^^^^^^^
  21 |
  22 | // Two looks, each with a light and a dark base. The page follows the app theme;
  23 | // the only choice it offers is which look you're editing. Name + value together

The export designsPrompt was not found in module [project]/app/progress-bar/snippet.ts [app-client] (ecmascript).
Did you mean to import designPrompt?
All exports of the module are statically known (It doesn't have dynamic exports). So it's known statically that the requested export doesn't exist.

Import traces:
  Client Component Browser:
    ./app/progress-bar/page.tsx [Client Component Browser]
    ./app/progress-bar/page.tsx [Server Component]

  Client Component SSR:
    ./app/progress-bar/page.tsx [Client Component SSR]
    ./app/progress-bar/page.tsx [Server Component] @ http://localhost:4200/_next/static/chunks/0aus_next_dist_00tg.dm._.js:1945
[    1660ms] [ERROR] ./app/progress-bar/page.tsx:20:1
Export designsPrompt doesn't exist in target module
  18 | } from "@/components/progress-inspector";
  19 | import { copyText } from "@/lib/utils";
> 20 | import { designsPrompt, INSTALL_CMD, usageSnippet } from "./snippet";
     | ^^^^^^^^^^^^^^^^^^^^^^^^^^^^^^^^^^^^^^^^^^^^^^^^^^^^^^^^^^^^^^^^^^^^^
  21 |
  22 | // Two looks, each with a light and a dark base. The page follows the app theme;
  23 | // the only choice it offers is which look you're editing. Name + value together

The export designsPrompt was not found in module [project]/app/progress-bar/snippet.ts [app-ssr] (ecmascript).
Did you mean to import designPrompt?
All exports of the module are statically known (It doesn't have dynamic exports). So it's known statically that the requested export doesn't exist.

Import traces:
  Client Component Browser:
    ./app/progress-bar/page.tsx [Client Component Browser]
    ./app/progress-bar/page.tsx [Server Component]

  Client Component SSR:
    ./app/progress-bar/page.tsx [Client Component SSR]
    ./app/progress-bar/page.tsx [Server Component] @ http://localhost:4200/_next/static/chunks/0aus_next_dist_00tg.dm._.js:1945
[    1726ms] [ERROR] ./app/progress-bar/page.tsx:20:1
Export designsPrompt doesn't exist in target module
  18 | } from "@/components/progress-inspector";
  19 | import { copyText } from "@/lib/utils";
> 20 | import { designsPrompt, INSTALL_CMD, usageSnippet } from "./snippet";
     | ^^^^^^^^^^^^^^^^^^^^^^^^^^^^^^^^^^^^^^^^^^^^^^^^^^^^^^^^^^^^^^^^^^^^^
  21 |
  22 | // Two looks, each with a light and a dark base. The page follows the app theme;
  23 | // the only choice it offers is which look you're editing. Name + value together

The export designsPrompt was not found in module [project]/app/progress-bar/snippet.ts [app-client] (ecmascript).
Did you mean to import designPrompt?
All exports of the module are statically known (It doesn't have dynamic exports). So it's known statically that the requested export doesn't exist.

Import traces:
  Client Component Browser:
    ./app/progress-bar/page.tsx [Client Component Browser]
    ./app/progress-bar/page.tsx [Server Component]

  Client Component SSR:
    ./app/progress-bar/page.tsx [Client Component SSR]
    ./app/progress-bar/page.tsx [Server Component] @ http://localhost:4200/_next/static/chunks/0aus_next_dist_00tg.dm._.js:1945
[    1726ms] [ERROR] ./app/progress-bar/page.tsx:20:1
Export designsPrompt doesn't exist in target module
  18 | } from "@/components/progress-inspector";
  19 | import { copyText } from "@/lib/utils";
> 20 | import { designsPrompt, INSTALL_CMD, usageSnippet } from "./snippet";
     | ^^^^^^^^^^^^^^^^^^^^^^^^^^^^^^^^^^^^^^^^^^^^^^^^^^^^^^^^^^^^^^^^^^^^^
  21 |
  22 | // Two looks, each with a light and a dark base. The page follows the app theme;
  23 | // the only choice it offers is which look you're editing. Name + value together

The export designsPrompt was not found in module [project]/app/progress-bar/snippet.ts [app-ssr] (ecmascript).
Did you mean to import designPrompt?
All exports of the module are statically known (It doesn't have dynamic exports). So it's known statically that the requested export doesn't exist.

Import traces:
  Client Component Browser:
    ./app/progress-bar/page.tsx [Client Component Browser]
    ./app/progress-bar/page.tsx [Server Component]

  Client Component SSR:
    ./app/progress-bar/page.tsx [Client Component SSR]
    ./app/progress-bar/page.tsx [Server Component] @ http://localhost:4200/_next/static/chunks/0aus_next_dist_00tg.dm._.js:1945
[    1793ms] [ERROR] ./app/progress-bar/page.tsx:20:1
Export designsPrompt doesn't exist in target module
  18 | } from "@/components/progress-inspector";
  19 | import { copyText } from "@/lib/utils";
> 20 | import { designsPrompt, INSTALL_CMD, usageSnippet } from "./snippet";
     | ^^^^^^^^^^^^^^^^^^^^^^^^^^^^^^^^^^^^^^^^^^^^^^^^^^^^^^^^^^^^^^^^^^^^^
  21 |
  22 | // Two looks, each with a light and a dark base. The page follows the app theme;
  23 | // the only choice it offers is which look you're editing. Name + value together

The export designsPrompt was not found in module [project]/app/progress-bar/snippet.ts [app-client] (ecmascript).
Did you mean to import designPrompt?
All exports of the module are statically known (It doesn't have dynamic exports). So it's known statically that the requested export doesn't exist.

Import traces:
  Client Component Browser:
    ./app/progress-bar/page.tsx [Client Component Browser]
    ./app/progress-bar/page.tsx [Server Component]

  Client Component SSR:
    ./app/progress-bar/page.tsx [Client Component SSR]
    ./app/progress-bar/page.tsx [Server Component] @ http://localhost:4200/_next/static/chunks/0aus_next_dist_00tg.dm._.js:1945
[    1793ms] [ERROR] ./app/progress-bar/page.tsx:20:1
Export designsPrompt doesn't exist in target module
  18 | } from "@/components/progress-inspector";
  19 | import { copyText } from "@/lib/utils";
> 20 | import { designsPrompt, INSTALL_CMD, usageSnippet } from "./snippet";
     | ^^^^^^^^^^^^^^^^^^^^^^^^^^^^^^^^^^^^^^^^^^^^^^^^^^^^^^^^^^^^^^^^^^^^^
  21 |
  22 | // Two looks, each with a light and a dark base. The page follows the app theme;
  23 | // the only choice it offers is which look you're editing. Name + value together

The export designsPrompt was not found in module [project]/app/progress-bar/snippet.ts [app-ssr] (ecmascript).
Did you mean to import designPrompt?
All exports of the module are statically known (It doesn't have dynamic exports). So it's known statically that the requested export doesn't exist.

Import traces:
  Client Component Browser:
    ./app/progress-bar/page.tsx [Client Component Browser]
    ./app/progress-bar/page.tsx [Server Component]

  Client Component SSR:
    ./app/progress-bar/page.tsx [Client Component SSR]
    ./app/progress-bar/page.tsx [Server Component] @ http://localhost:4200/_next/static/chunks/0aus_next_dist_00tg.dm._.js:1945
[    1860ms] [ERROR] ./app/progress-bar/page.tsx:20:1
Export designsPrompt doesn't exist in target module
  18 | } from "@/components/progress-inspector";
  19 | import { copyText } from "@/lib/utils";
> 20 | import { designsPrompt, INSTALL_CMD, usageSnippet } from "./snippet";
     | ^^^^^^^^^^^^^^^^^^^^^^^^^^^^^^^^^^^^^^^^^^^^^^^^^^^^^^^^^^^^^^^^^^^^^
  21 |
  22 | // Two looks, each with a light and a dark base. The page follows the app theme;
  23 | // the only choice it offers is which look you're editing. Name + value together

The export designsPrompt was not found in module [project]/app/progress-bar/snippet.ts [app-client] (ecmascript).
Did you mean to import designPrompt?
All exports of the module are statically known (It doesn't have dynamic exports). So it's known statically that the requested export doesn't exist.

Import traces:
  Client Component Browser:
    ./app/progress-bar/page.tsx [Client Component Browser]
    ./app/progress-bar/page.tsx [Server Component]

  Client Component SSR:
    ./app/progress-bar/page.tsx [Client Component SSR]
    ./app/progress-bar/page.tsx [Server Component] @ http://localhost:4200/_next/static/chunks/0aus_next_dist_00tg.dm._.js:1945
[    1860ms] [ERROR] ./app/progress-bar/page.tsx:20:1
Export designsPrompt doesn't exist in target module
  18 | } from "@/components/progress-inspector";
  19 | import { copyText } from "@/lib/utils";
> 20 | import { designsPrompt, INSTALL_CMD, usageSnippet } from "./snippet";
     | ^^^^^^^^^^^^^^^^^^^^^^^^^^^^^^^^^^^^^^^^^^^^^^^^^^^^^^^^^^^^^^^^^^^^^
  21 |
  22 | // Two looks, each with a light and a dark base. The page follows the app theme;
  23 | // the only choice it offers is which look you're editing. Name + value together

The export designsPrompt was not found in module [project]/app/progress-bar/snippet.ts [app-ssr] (ecmascript).
Did you mean to import designPrompt?
All exports of the module are statically known (It doesn't have dynamic exports). So it's known statically that the requested export doesn't exist.

Import traces:
  Client Component Browser:
    ./app/progress-bar/page.tsx [Client Component Browser]
    ./app/progress-bar/page.tsx [Server Component]

  Client Component SSR:
    ./app/progress-bar/page.tsx [Client Component SSR]
    ./app/progress-bar/page.tsx [Server Component] @ http://localhost:4200/_next/static/chunks/0aus_next_dist_00tg.dm._.js:1945
[    1927ms] [ERROR] ./app/progress-bar/page.tsx:20:1
Export designsPrompt doesn't exist in target module
  18 | } from "@/components/progress-inspector";
  19 | import { copyText } from "@/lib/utils";
> 20 | import { designsPrompt, INSTALL_CMD, usageSnippet } from "./snippet";
     | ^^^^^^^^^^^^^^^^^^^^^^^^^^^^^^^^^^^^^^^^^^^^^^^^^^^^^^^^^^^^^^^^^^^^^
  21 |
  22 | // Two looks, each with a light and a dark base. The page follows the app theme;
  23 | // the only choice it offers is which look you're editing. Name + value together

The export designsPrompt was not found in module [project]/app/progress-bar/snippet.ts [app-client] (ecmascript).
Did you mean to import designPrompt?
All exports of the module are statically known (It doesn't have dynamic exports). So it's known statically that the requested export doesn't exist.

Import traces:
  Client Component Browser:
    ./app/progress-bar/page.tsx [Client Component Browser]
    ./app/progress-bar/page.tsx [Server Component]

  Client Component SSR:
    ./app/progress-bar/page.tsx [Client Component SSR]
    ./app/progress-bar/page.tsx [Server Component] @ http://localhost:4200/_next/static/chunks/0aus_next_dist_00tg.dm._.js:1945
[    1927ms] [ERROR] ./app/progress-bar/page.tsx:20:1
Export designsPrompt doesn't exist in target module
  18 | } from "@/components/progress-inspector";
  19 | import { copyText } from "@/lib/utils";
> 20 | import { designsPrompt, INSTALL_CMD, usageSnippet } from "./snippet";
     | ^^^^^^^^^^^^^^^^^^^^^^^^^^^^^^^^^^^^^^^^^^^^^^^^^^^^^^^^^^^^^^^^^^^^^
  21 |
  22 | // Two looks, each with a light and a dark base. The page follows the app theme;
  23 | // the only choice it offers is which look you're editing. Name + value together

The export designsPrompt was not found in module [project]/app/progress-bar/snippet.ts [app-ssr] (ecmascript).
Did you mean to import designPrompt?
All exports of the module are statically known (It doesn't have dynamic exports). So it's known statically that the requested export doesn't exist.

Import traces:
  Client Component Browser:
    ./app/progress-bar/page.tsx [Client Component Browser]
    ./app/progress-bar/page.tsx [Server Component]

  Client Component SSR:
    ./app/progress-bar/page.tsx [Client Component SSR]
    ./app/progress-bar/page.tsx [Server Component] @ http://localhost:4200/_next/static/chunks/0aus_next_dist_00tg.dm._.js:1945
[    1994ms] [ERROR] ./app/progress-bar/page.tsx:20:1
Export designsPrompt doesn't exist in target module
  18 | } from "@/components/progress-inspector";
  19 | import { copyText } from "@/lib/utils";
> 20 | import { designsPrompt, INSTALL_CMD, usageSnippet } from "./snippet";
     | ^^^^^^^^^^^^^^^^^^^^^^^^^^^^^^^^^^^^^^^^^^^^^^^^^^^^^^^^^^^^^^^^^^^^^
  21 |
  22 | // Two looks, each with a light and a dark base. The page follows the app theme;
  23 | // the only choice it offers is which look you're editing. Name + value together

The export designsPrompt was not found in module [project]/app/progress-bar/snippet.ts [app-client] (ecmascript).
Did you mean to import designPrompt?
All exports of the module are statically known (It doesn't have dynamic exports). So it's known statically that the requested export doesn't exist.

Import traces:
  Client Component Browser:
    ./app/progress-bar/page.tsx [Client Component Browser]
    ./app/progress-bar/page.tsx [Server Component]

  Client Component SSR:
    ./app/progress-bar/page.tsx [Client Component SSR]
    ./app/progress-bar/page.tsx [Server Component] @ http://localhost:4200/_next/static/chunks/0aus_next_dist_00tg.dm._.js:1945
[    1994ms] [ERROR] ./app/progress-bar/page.tsx:20:1
Export designsPrompt doesn't exist in target module
  18 | } from "@/components/progress-inspector";
  19 | import { copyText } from "@/lib/utils";
> 20 | import { designsPrompt, INSTALL_CMD, usageSnippet } from "./snippet";
     | ^^^^^^^^^^^^^^^^^^^^^^^^^^^^^^^^^^^^^^^^^^^^^^^^^^^^^^^^^^^^^^^^^^^^^
  21 |
  22 | // Two looks, each with a light and a dark base. The page follows the app theme;
  23 | // the only choice it offers is which look you're editing. Name + value together

The export designsPrompt was not found in module [project]/app/progress-bar/snippet.ts [app-ssr] (ecmascript).
Did you mean to import designPrompt?
All exports of the module are statically known (It doesn't have dynamic exports). So it's known statically that the requested export doesn't exist.

Import traces:
  Client Component Browser:
    ./app/progress-bar/page.tsx [Client Component Browser]
    ./app/progress-bar/page.tsx [Server Component]

  Client Component SSR:
    ./app/progress-bar/page.tsx [Client Component SSR]
    ./app/progress-bar/page.tsx [Server Component] @ http://localhost:4200/_next/static/chunks/0aus_next_dist_00tg.dm._.js:1945
[    2062ms] [ERROR] ./app/progress-bar/page.tsx:20:1
Export designsPrompt doesn't exist in target module
  18 | } from "@/components/progress-inspector";
  19 | import { copyText } from "@/lib/utils";
> 20 | import { designsPrompt, INSTALL_CMD, usageSnippet } from "./snippet";
     | ^^^^^^^^^^^^^^^^^^^^^^^^^^^^^^^^^^^^^^^^^^^^^^^^^^^^^^^^^^^^^^^^^^^^^
  21 |
  22 | // Two looks, each with a light and a dark base. The page follows the app theme;
  23 | // the only choice it offers is which look you're editing. Name + value together

The export designsPrompt was not found in module [project]/app/progress-bar/snippet.ts [app-client] (ecmascript).
Did you mean to import designPrompt?
All exports of the module are statically known (It doesn't have dynamic exports). So it's known statically that the requested export doesn't exist.

Import traces:
  Client Component Browser:
    ./app/progress-bar/page.tsx [Client Component Browser]
    ./app/progress-bar/page.tsx [Server Component]

  Client Component SSR:
    ./app/progress-bar/page.tsx [Client Component SSR]
    ./app/progress-bar/page.tsx [Server Component] @ http://localhost:4200/_next/static/chunks/0aus_next_dist_00tg.dm._.js:1945
[    2062ms] [ERROR] ./app/progress-bar/page.tsx:20:1
Export designsPrompt doesn't exist in target module
  18 | } from "@/components/progress-inspector";
  19 | import { copyText } from "@/lib/utils";
> 20 | import { designsPrompt, INSTALL_CMD, usageSnippet } from "./snippet";
     | ^^^^^^^^^^^^^^^^^^^^^^^^^^^^^^^^^^^^^^^^^^^^^^^^^^^^^^^^^^^^^^^^^^^^^
  21 |
  22 | // Two looks, each with a light and a dark base. The page follows the app theme;
  23 | // the only choice it offers is which look you're editing. Name + value together

The export designsPrompt was not found in module [project]/app/progress-bar/snippet.ts [app-ssr] (ecmascript).
Did you mean to import designPrompt?
All exports of the module are statically known (It doesn't have dynamic exports). So it's known statically that the requested export doesn't exist.

Import traces:
  Client Component Browser:
    ./app/progress-bar/page.tsx [Client Component Browser]
    ./app/progress-bar/page.tsx [Server Component]

  Client Component SSR:
    ./app/progress-bar/page.tsx [Client Component SSR]
    ./app/progress-bar/page.tsx [Server Component] @ http://localhost:4200/_next/static/chunks/0aus_next_dist_00tg.dm._.js:1945
[    2133ms] [ERROR] ./app/progress-bar/page.tsx:20:1
Export designsPrompt doesn't exist in target module
  18 | } from "@/components/progress-inspector";
  19 | import { copyText } from "@/lib/utils";
> 20 | import { designsPrompt, INSTALL_CMD, usageSnippet } from "./snippet";
     | ^^^^^^^^^^^^^^^^^^^^^^^^^^^^^^^^^^^^^^^^^^^^^^^^^^^^^^^^^^^^^^^^^^^^^
  21 |
  22 | // Two looks, each with a light and a dark base. The page follows the app theme;
  23 | // the only choice it offers is which look you're editing. Name + value together

The export designsPrompt was not found in module [project]/app/progress-bar/snippet.ts [app-client] (ecmascript).
Did you mean to import designPrompt?
All exports of the module are statically known (It doesn't have dynamic exports). So it's known statically that the requested export doesn't exist.

Import traces:
  Client Component Browser:
    ./app/progress-bar/page.tsx [Client Component Browser]
    ./app/progress-bar/page.tsx [Server Component]

  Client Component SSR:
    ./app/progress-bar/page.tsx [Client Component SSR]
    ./app/progress-bar/page.tsx [Server Component] @ http://localhost:4200/_next/static/chunks/0aus_next_dist_00tg.dm._.js:1945
[    2133ms] [ERROR] ./app/progress-bar/page.tsx:20:1
Export designsPrompt doesn't exist in target module
  18 | } from "@/components/progress-inspector";
  19 | import { copyText } from "@/lib/utils";
> 20 | import { designsPrompt, INSTALL_CMD, usageSnippet } from "./snippet";
     | ^^^^^^^^^^^^^^^^^^^^^^^^^^^^^^^^^^^^^^^^^^^^^^^^^^^^^^^^^^^^^^^^^^^^^
  21 |
  22 | // Two looks, each with a light and a dark base. The page follows the app theme;
  23 | // the only choice it offers is which look you're editing. Name + value together

The export designsPrompt was not found in module [project]/app/progress-bar/snippet.ts [app-ssr] (ecmascript).
Did you mean to import designPrompt?
All exports of the module are statically known (It doesn't have dynamic exports). So it's known statically that the requested export doesn't exist.

Import traces:
  Client Component Browser:
    ./app/progress-bar/page.tsx [Client Component Browser]
    ./app/progress-bar/page.tsx [Server Component]

  Client Component SSR:
    ./app/progress-bar/page.tsx [Client Component SSR]
    ./app/progress-bar/page.tsx [Server Component] @ http://localhost:4200/_next/static/chunks/0aus_next_dist_00tg.dm._.js:1945
[    2203ms] [ERROR] ./app/progress-bar/page.tsx:20:1
Export designsPrompt doesn't exist in target module
  18 | } from "@/components/progress-inspector";
  19 | import { copyText } from "@/lib/utils";
> 20 | import { designsPrompt, INSTALL_CMD, usageSnippet } from "./snippet";
     | ^^^^^^^^^^^^^^^^^^^^^^^^^^^^^^^^^^^^^^^^^^^^^^^^^^^^^^^^^^^^^^^^^^^^^
  21 |
  22 | // Two looks, each with a light and a dark base. The page follows the app theme;
  23 | // the only choice it offers is which look you're editing. Name + value together

The export designsPrompt was not found in module [project]/app/progress-bar/snippet.ts [app-client] (ecmascript).
Did you mean to import designPrompt?
All exports of the module are statically known (It doesn't have dynamic exports). So it's known statically that the requested export doesn't exist.

Import traces:
  Client Component Browser:
    ./app/progress-bar/page.tsx [Client Component Browser]
    ./app/progress-bar/page.tsx [Server Component]

  Client Component SSR:
    ./app/progress-bar/page.tsx [Client Component SSR]
    ./app/progress-bar/page.tsx [Server Component] @ http://localhost:4200/_next/static/chunks/0aus_next_dist_00tg.dm._.js:1945
[    2203ms] [ERROR] ./app/progress-bar/page.tsx:20:1
Export designsPrompt doesn't exist in target module
  18 | } from "@/components/progress-inspector";
  19 | import { copyText } from "@/lib/utils";
> 20 | import { designsPrompt, INSTALL_CMD, usageSnippet } from "./snippet";
     | ^^^^^^^^^^^^^^^^^^^^^^^^^^^^^^^^^^^^^^^^^^^^^^^^^^^^^^^^^^^^^^^^^^^^^
  21 |
  22 | // Two looks, each with a light and a dark base. The page follows the app theme;
  23 | // the only choice it offers is which look you're editing. Name + value together

The export designsPrompt was not found in module [project]/app/progress-bar/snippet.ts [app-ssr] (ecmascript).
Did you mean to import designPrompt?
All exports of the module are statically known (It doesn't have dynamic exports). So it's known statically that the requested export doesn't exist.

Import traces:
  Client Component Browser:
    ./app/progress-bar/page.tsx [Client Component Browser]
    ./app/progress-bar/page.tsx [Server Component]

  Client Component SSR:
    ./app/progress-bar/page.tsx [Client Component SSR]
    ./app/progress-bar/page.tsx [Server Component] @ http://localhost:4200/_next/static/chunks/0aus_next_dist_00tg.dm._.js:1945
[    2315ms] [LOG] [Fast Refresh] rebuilding @ http://localhost:4200/_next/static/chunks/0aus_next_dist_00tg.dm._.js:1226
[    2499ms] [ERROR] ./app/progress-bar/page.tsx:20:1
Export designsPrompt doesn't exist in target module
  18 | } from "@/components/progress-inspector";
  19 | import { copyText } from "@/lib/utils";
> 20 | import { designsPrompt, INSTALL_CMD, usageSnippet } from "./snippet";
     | ^^^^^^^^^^^^^^^^^^^^^^^^^^^^^^^^^^^^^^^^^^^^^^^^^^^^^^^^^^^^^^^^^^^^^
  21 |
  22 | // Two looks, each with a light and a dark base. The page follows the app theme;
  23 | // the only choice it offers is which look you're editing. Name + value together

The export designsPrompt was not found in module [project]/app/progress-bar/snippet.ts [app-client] (ecmascript).
Did you mean to import designPrompt?
All exports of the module are statically known (It doesn't have dynamic exports). So it's known statically that the requested export doesn't exist.

Import traces:
  Client Component Browser:
    ./app/progress-bar/page.tsx [Client Component Browser]
    ./app/progress-bar/page.tsx [Server Component]

  Client Component SSR:
    ./app/progress-bar/page.tsx [Client Component SSR]
    ./app/progress-bar/page.tsx [Server Component] @ http://localhost:4200/_next/static/chunks/0aus_next_dist_00tg.dm._.js:1945
[    2499ms] [ERROR] ./app/progress-bar/page.tsx:20:1
Export designsPrompt doesn't exist in target module
  18 | } from "@/components/progress-inspector";
  19 | import { copyText } from "@/lib/utils";
> 20 | import { designsPrompt, INSTALL_CMD, usageSnippet } from "./snippet";
     | ^^^^^^^^^^^^^^^^^^^^^^^^^^^^^^^^^^^^^^^^^^^^^^^^^^^^^^^^^^^^^^^^^^^^^
  21 |
  22 | // Two looks, each with a light and a dark base. The page follows the app theme;
  23 | // the only choice it offers is which look you're editing. Name + value together

The export designsPrompt was not found in module [project]/app/progress-bar/snippet.ts [app-ssr] (ecmascript).
Did you mean to import designPrompt?
All exports of the module are statically known (It doesn't have dynamic exports). So it's known statically that the requested export doesn't exist.

Import traces:
  Client Component Browser:
    ./app/progress-bar/page.tsx [Client Component Browser]
    ./app/progress-bar/page.tsx [Server Component]

  Client Component SSR:
    ./app/progress-bar/page.tsx [Client Component SSR]
    ./app/progress-bar/page.tsx [Server Component] @ http://localhost:4200/_next/static/chunks/0aus_next_dist_00tg.dm._.js:1945
[    2569ms] [ERROR] ./app/progress-bar/page.tsx:20:1
Export designsPrompt doesn't exist in target module
  18 | } from "@/components/progress-inspector";
  19 | import { copyText } from "@/lib/utils";
> 20 | import { designsPrompt, INSTALL_CMD, usageSnippet } from "./snippet";
     | ^^^^^^^^^^^^^^^^^^^^^^^^^^^^^^^^^^^^^^^^^^^^^^^^^^^^^^^^^^^^^^^^^^^^^
  21 |
  22 | // Two looks, each with a light and a dark base. The page follows the app theme;
  23 | // the only choice it offers is which look you're editing. Name + value together

The export designsPrompt was not found in module [project]/app/progress-bar/snippet.ts [app-client] (ecmascript).
Did you mean to import designPrompt?
All exports of the module are statically known (It doesn't have dynamic exports). So it's known statically that the requested export doesn't exist.

Import traces:
  Client Component Browser:
    ./app/progress-bar/page.tsx [Client Component Browser]
    ./app/progress-bar/page.tsx [Server Component]

  Client Component SSR:
    ./app/progress-bar/page.tsx [Client Component SSR]
    ./app/progress-bar/page.tsx [Server Component] @ http://localhost:4200/_next/static/chunks/0aus_next_dist_00tg.dm._.js:1945
[    2569ms] [ERROR] ./app/progress-bar/page.tsx:20:1
Export designsPrompt doesn't exist in target module
  18 | } from "@/components/progress-inspector";
  19 | import { copyText } from "@/lib/utils";
> 20 | import { designsPrompt, INSTALL_CMD, usageSnippet } from "./snippet";
     | ^^^^^^^^^^^^^^^^^^^^^^^^^^^^^^^^^^^^^^^^^^^^^^^^^^^^^^^^^^^^^^^^^^^^^
  21 |
  22 | // Two looks, each with a light and a dark base. The page follows the app theme;
  23 | // the only choice it offers is which look you're editing. Name + value together

The export designsPrompt was not found in module [project]/app/progress-bar/snippet.ts [app-ssr] (ecmascript).
Did you mean to import designPrompt?
All exports of the module are statically known (It doesn't have dynamic exports). So it's known statically that the requested export doesn't exist.

Import traces:
  Client Component Browser:
    ./app/progress-bar/page.tsx [Client Component Browser]
    ./app/progress-bar/page.tsx [Server Component]

  Client Component SSR:
    ./app/progress-bar/page.tsx [Client Component SSR]
    ./app/progress-bar/page.tsx [Server Component] @ http://localhost:4200/_next/static/chunks/0aus_next_dist_00tg.dm._.js:1945
[    2638ms] [ERROR] ./app/progress-bar/page.tsx:20:1
Export designsPrompt doesn't exist in target module
  18 | } from "@/components/progress-inspector";
  19 | import { copyText } from "@/lib/utils";
> 20 | import { designsPrompt, INSTALL_CMD, usageSnippet } from "./snippet";
     | ^^^^^^^^^^^^^^^^^^^^^^^^^^^^^^^^^^^^^^^^^^^^^^^^^^^^^^^^^^^^^^^^^^^^^
  21 |
  22 | // Two looks, each with a light and a dark base. The page follows the app theme;
  23 | // the only choice it offers is which look you're editing. Name + value together

The export designsPrompt was not found in module [project]/app/progress-bar/snippet.ts [app-client] (ecmascript).
Did you mean to import designPrompt?
All exports of the module are statically known (It doesn't have dynamic exports). So it's known statically that the requested export doesn't exist.

Import traces:
  Client Component Browser:
    ./app/progress-bar/page.tsx [Client Component Browser]
    ./app/progress-bar/page.tsx [Server Component]

  Client Component SSR:
    ./app/progress-bar/page.tsx [Client Component SSR]
    ./app/progress-bar/page.tsx [Server Component] @ http://localhost:4200/_next/static/chunks/0aus_next_dist_00tg.dm._.js:1945
[    2638ms] [ERROR] ./app/progress-bar/page.tsx:20:1
Export designsPrompt doesn't exist in target module
  18 | } from "@/components/progress-inspector";
  19 | import { copyText } from "@/lib/utils";
> 20 | import { designsPrompt, INSTALL_CMD, usageSnippet } from "./snippet";
     | ^^^^^^^^^^^^^^^^^^^^^^^^^^^^^^^^^^^^^^^^^^^^^^^^^^^^^^^^^^^^^^^^^^^^^
  21 |
  22 | // Two looks, each with a light and a dark base. The page follows the app theme;
  23 | // the only choice it offers is which look you're editing. Name + value together

The export designsPrompt was not found in module [project]/app/progress-bar/snippet.ts [app-ssr] (ecmascript).
Did you mean to import designPrompt?
All exports of the module are statically known (It doesn't have dynamic exports). So it's known statically that the requested export doesn't exist.

Import traces:
  Client Component Browser:
    ./app/progress-bar/page.tsx [Client Component Browser]
    ./app/progress-bar/page.tsx [Server Component]

  Client Component SSR:
    ./app/progress-bar/page.tsx [Client Component SSR]
    ./app/progress-bar/page.tsx [Server Component] @ http://localhost:4200/_next/static/chunks/0aus_next_dist_00tg.dm._.js:1945
[    2708ms] [ERROR] ./app/progress-bar/page.tsx:20:1
Export designsPrompt doesn't exist in target module
  18 | } from "@/components/progress-inspector";
  19 | import { copyText } from "@/lib/utils";
> 20 | import { designsPrompt, INSTALL_CMD, usageSnippet } from "./snippet";
     | ^^^^^^^^^^^^^^^^^^^^^^^^^^^^^^^^^^^^^^^^^^^^^^^^^^^^^^^^^^^^^^^^^^^^^
  21 |
  22 | // Two looks, each with a light and a dark base. The page follows the app theme;
  23 | // the only choice it offers is which look you're editing. Name + value together

The export designsPrompt was not found in module [project]/app/progress-bar/snippet.ts [app-client] (ecmascript).
Did you mean to import designPrompt?
All exports of the module are statically known (It doesn't have dynamic exports). So it's known statically that the requested export doesn't exist.

Import traces:
  Client Component Browser:
    ./app/progress-bar/page.tsx [Client Component Browser]
    ./app/progress-bar/page.tsx [Server Component]

  Client Component SSR:
    ./app/progress-bar/page.tsx [Client Component SSR]
    ./app/progress-bar/page.tsx [Server Component] @ http://localhost:4200/_next/static/chunks/0aus_next_dist_00tg.dm._.js:1945
[    2709ms] [ERROR] ./app/progress-bar/page.tsx:20:1
Export designsPrompt doesn't exist in target module
  18 | } from "@/components/progress-inspector";
  19 | import { copyText } from "@/lib/utils";
> 20 | import { designsPrompt, INSTALL_CMD, usageSnippet } from "./snippet";
     | ^^^^^^^^^^^^^^^^^^^^^^^^^^^^^^^^^^^^^^^^^^^^^^^^^^^^^^^^^^^^^^^^^^^^^
  21 |
  22 | // Two looks, each with a light and a dark base. The page follows the app theme;
  23 | // the only choice it offers is which look you're editing. Name + value together

The export designsPrompt was not found in module [project]/app/progress-bar/snippet.ts [app-ssr] (ecmascript).
Did you mean to import designPrompt?
All exports of the module are statically known (It doesn't have dynamic exports). So it's known statically that the requested export doesn't exist.

Import traces:
  Client Component Browser:
    ./app/progress-bar/page.tsx [Client Component Browser]
    ./app/progress-bar/page.tsx [Server Component]

  Client Component SSR:
    ./app/progress-bar/page.tsx [Client Component SSR]
    ./app/progress-bar/page.tsx [Server Component] @ http://localhost:4200/_next/static/chunks/0aus_next_dist_00tg.dm._.js:1945
[    2783ms] [ERROR] ./app/progress-bar/page.tsx:20:1
Export designsPrompt doesn't exist in target module
  18 | } from "@/components/progress-inspector";
  19 | import { copyText } from "@/lib/utils";
> 20 | import { designsPrompt, INSTALL_CMD, usageSnippet } from "./snippet";
     | ^^^^^^^^^^^^^^^^^^^^^^^^^^^^^^^^^^^^^^^^^^^^^^^^^^^^^^^^^^^^^^^^^^^^^
  21 |
  22 | // Two looks, each with a light and a dark base. The page follows the app theme;
  23 | // the only choice it offers is which look you're editing. Name + value together

The export designsPrompt was not found in module [project]/app/progress-bar/snippet.ts [app-client] (ecmascript).
Did you mean to import designPrompt?
All exports of the module are statically known (It doesn't have dynamic exports). So it's known statically that the requested export doesn't exist.

Import traces:
  Client Component Browser:
    ./app/progress-bar/page.tsx [Client Component Browser]
    ./app/progress-bar/page.tsx [Server Component]

  Client Component SSR:
    ./app/progress-bar/page.tsx [Client Component SSR]
    ./app/progress-bar/page.tsx [Server Component] @ http://localhost:4200/_next/static/chunks/0aus_next_dist_00tg.dm._.js:1945
[    2783ms] [ERROR] ./app/progress-bar/page.tsx:20:1
Export designsPrompt doesn't exist in target module
  18 | } from "@/components/progress-inspector";
  19 | import { copyText } from "@/lib/utils";
> 20 | import { designsPrompt, INSTALL_CMD, usageSnippet } from "./snippet";
     | ^^^^^^^^^^^^^^^^^^^^^^^^^^^^^^^^^^^^^^^^^^^^^^^^^^^^^^^^^^^^^^^^^^^^^
  21 |
  22 | // Two looks, each with a light and a dark base. The page follows the app theme;
  23 | // the only choice it offers is which look you're editing. Name + value together

The export designsPrompt was not found in module [project]/app/progress-bar/snippet.ts [app-ssr] (ecmascript).
Did you mean to import designPrompt?
All exports of the module are statically known (It doesn't have dynamic exports). So it's known statically that the requested export doesn't exist.

Import traces:
  Client Component Browser:
    ./app/progress-bar/page.tsx [Client Component Browser]
    ./app/progress-bar/page.tsx [Server Component]

  Client Component SSR:
    ./app/progress-bar/page.tsx [Client Component SSR]
    ./app/progress-bar/page.tsx [Server Component] @ http://localhost:4200/_next/static/chunks/0aus_next_dist_00tg.dm._.js:1945
[    2856ms] [ERROR] ./app/progress-bar/page.tsx:20:1
Export designsPrompt doesn't exist in target module
  18 | } from "@/components/progress-inspector";
  19 | import { copyText } from "@/lib/utils";
> 20 | import { designsPrompt, INSTALL_CMD, usageSnippet } from "./snippet";
     | ^^^^^^^^^^^^^^^^^^^^^^^^^^^^^^^^^^^^^^^^^^^^^^^^^^^^^^^^^^^^^^^^^^^^^
  21 |
  22 | // Two looks, each with a light and a dark base. The page follows the app theme;
  23 | // the only choice it offers is which look you're editing. Name + value together

The export designsPrompt was not found in module [project]/app/progress-bar/snippet.ts [app-client] (ecmascript).
Did you mean to import designPrompt?
All exports of the module are statically known (It doesn't have dynamic exports). So it's known statically that the requested export doesn't exist.

Import traces:
  Client Component Browser:
    ./app/progress-bar/page.tsx [Client Component Browser]
    ./app/progress-bar/page.tsx [Server Component]

  Client Component SSR:
    ./app/progress-bar/page.tsx [Client Component SSR]
    ./app/progress-bar/page.tsx [Server Component] @ http://localhost:4200/_next/static/chunks/0aus_next_dist_00tg.dm._.js:1945
[    2856ms] [ERROR] ./app/progress-bar/page.tsx:20:1
Export designsPrompt doesn't exist in target module
  18 | } from "@/components/progress-inspector";
  19 | import { copyText } from "@/lib/utils";
> 20 | import { designsPrompt, INSTALL_CMD, usageSnippet } from "./snippet";
     | ^^^^^^^^^^^^^^^^^^^^^^^^^^^^^^^^^^^^^^^^^^^^^^^^^^^^^^^^^^^^^^^^^^^^^
  21 |
  22 | // Two looks, each with a light and a dark base. The page follows the app theme;
  23 | // the only choice it offers is which look you're editing. Name + value together

The export designsPrompt was not found in module [project]/app/progress-bar/snippet.ts [app-ssr] (ecmascript).
Did you mean to import designPrompt?
All exports of the module are statically known (It doesn't have dynamic exports). So it's known statically that the requested export doesn't exist.

Import traces:
  Client Component Browser:
    ./app/progress-bar/page.tsx [Client Component Browser]
    ./app/progress-bar/page.tsx [Server Component]

  Client Component SSR:
    ./app/progress-bar/page.tsx [Client Component SSR]
    ./app/progress-bar/page.tsx [Server Component] @ http://localhost:4200/_next/static/chunks/0aus_next_dist_00tg.dm._.js:1945
[    2921ms] [ERROR] ./app/progress-bar/page.tsx:20:1
Export designsPrompt doesn't exist in target module
  18 | } from "@/components/progress-inspector";
  19 | import { copyText } from "@/lib/utils";
> 20 | import { designsPrompt, INSTALL_CMD, usageSnippet } from "./snippet";
     | ^^^^^^^^^^^^^^^^^^^^^^^^^^^^^^^^^^^^^^^^^^^^^^^^^^^^^^^^^^^^^^^^^^^^^
  21 |
  22 | // Two looks, each with a light and a dark base. The page follows the app theme;
  23 | // the only choice it offers is which look you're editing. Name + value together

The export designsPrompt was not found in module [project]/app/progress-bar/snippet.ts [app-client] (ecmascript).
Did you mean to import designPrompt?
All exports of the module are statically known (It doesn't have dynamic exports). So it's known statically that the requested export doesn't exist.

Import traces:
  Client Component Browser:
    ./app/progress-bar/page.tsx [Client Component Browser]
    ./app/progress-bar/page.tsx [Server Component]

  Client Component SSR:
    ./app/progress-bar/page.tsx [Client Component SSR]
    ./app/progress-bar/page.tsx [Server Component] @ http://localhost:4200/_next/static/chunks/0aus_next_dist_00tg.dm._.js:1945
[    2922ms] [ERROR] ./app/progress-bar/page.tsx:20:1
Export designsPrompt doesn't exist in target module
  18 | } from "@/components/progress-inspector";
  19 | import { copyText } from "@/lib/utils";
> 20 | import { designsPrompt, INSTALL_CMD, usageSnippet } from "./snippet";
     | ^^^^^^^^^^^^^^^^^^^^^^^^^^^^^^^^^^^^^^^^^^^^^^^^^^^^^^^^^^^^^^^^^^^^^
  21 |
  22 | // Two looks, each with a light and a dark base. The page follows the app theme;
  23 | // the only choice it offers is which look you're editing. Name + value together

The export designsPrompt was not found in module [project]/app/progress-bar/snippet.ts [app-ssr] (ecmascript).
Did you mean to import designPrompt?
All exports of the module are statically known (It doesn't have dynamic exports). So it's known statically that the requested export doesn't exist.

Import traces:
  Client Component Browser:
    ./app/progress-bar/page.tsx [Client Component Browser]
    ./app/progress-bar/page.tsx [Server Component]

  Client Component SSR:
    ./app/progress-bar/page.tsx [Client Component SSR]
    ./app/progress-bar/page.tsx [Server Component] @ http://localhost:4200/_next/static/chunks/0aus_next_dist_00tg.dm._.js:1945
[    3002ms] [ERROR] ./app/progress-bar/page.tsx:20:1
Export designsPrompt doesn't exist in target module
  18 | } from "@/components/progress-inspector";
  19 | import { copyText } from "@/lib/utils";
> 20 | import { designsPrompt, INSTALL_CMD, usageSnippet } from "./snippet";
     | ^^^^^^^^^^^^^^^^^^^^^^^^^^^^^^^^^^^^^^^^^^^^^^^^^^^^^^^^^^^^^^^^^^^^^
  21 |
  22 | // Two looks, each with a light and a dark base. The page follows the app theme;
  23 | // the only choice it offers is which look you're editing. Name + value together

The export designsPrompt was not found in module [project]/app/progress-bar/snippet.ts [app-client] (ecmascript).
Did you mean to import designPrompt?
All exports of the module are statically known (It doesn't have dynamic exports). So it's known statically that the requested export doesn't exist.

Import traces:
  Client Component Browser:
    ./app/progress-bar/page.tsx [Client Component Browser]
    ./app/progress-bar/page.tsx [Server Component]

  Client Component SSR:
    ./app/progress-bar/page.tsx [Client Component SSR]
    ./app/progress-bar/page.tsx [Server Component] @ http://localhost:4200/_next/static/chunks/0aus_next_dist_00tg.dm._.js:1945
[    3002ms] [ERROR] ./app/progress-bar/page.tsx:20:1
Export designsPrompt doesn't exist in target module
  18 | } from "@/components/progress-inspector";
  19 | import { copyText } from "@/lib/utils";
> 20 | import { designsPrompt, INSTALL_CMD, usageSnippet } from "./snippet";
     | ^^^^^^^^^^^^^^^^^^^^^^^^^^^^^^^^^^^^^^^^^^^^^^^^^^^^^^^^^^^^^^^^^^^^^
  21 |
  22 | // Two looks, each with a light and a dark base. The page follows the app theme;
  23 | // the only choice it offers is which look you're editing. Name + value together

The export designsPrompt was not found in module [project]/app/progress-bar/snippet.ts [app-ssr] (ecmascript).
Did you mean to import designPrompt?
All exports of the module are statically known (It doesn't have dynamic exports). So it's known statically that the requested export doesn't exist.

Import traces:
  Client Component Browser:
    ./app/progress-bar/page.tsx [Client Component Browser]
    ./app/progress-bar/page.tsx [Server Component]

  Client Component SSR:
    ./app/progress-bar/page.tsx [Client Component SSR]
    ./app/progress-bar/page.tsx [Server Component] @ http://localhost:4200/_next/static/chunks/0aus_next_dist_00tg.dm._.js:1945
[    3069ms] [ERROR] ./app/progress-bar/page.tsx:20:1
Export designsPrompt doesn't exist in target module
  18 | } from "@/components/progress-inspector";
  19 | import { copyText } from "@/lib/utils";
> 20 | import { designsPrompt, INSTALL_CMD, usageSnippet } from "./snippet";
     | ^^^^^^^^^^^^^^^^^^^^^^^^^^^^^^^^^^^^^^^^^^^^^^^^^^^^^^^^^^^^^^^^^^^^^
  21 |
  22 | // Two looks, each with a light and a dark base. The page follows the app theme;
  23 | // the only choice it offers is which look you're editing. Name + value together

The export designsPrompt was not found in module [project]/app/progress-bar/snippet.ts [app-client] (ecmascript).
Did you mean to import designPrompt?
All exports of the module are statically known (It doesn't have dynamic exports). So it's known statically that the requested export doesn't exist.

Import traces:
  Client Component Browser:
    ./app/progress-bar/page.tsx [Client Component Browser]
    ./app/progress-bar/page.tsx [Server Component]

  Client Component SSR:
    ./app/progress-bar/page.tsx [Client Component SSR]
    ./app/progress-bar/page.tsx [Server Component] @ http://localhost:4200/_next/static/chunks/0aus_next_dist_00tg.dm._.js:1945
[    3069ms] [ERROR] ./app/progress-bar/page.tsx:20:1
Export designsPrompt doesn't exist in target module
  18 | } from "@/components/progress-inspector";
  19 | import { copyText } from "@/lib/utils";
> 20 | import { designsPrompt, INSTALL_CMD, usageSnippet } from "./snippet";
     | ^^^^^^^^^^^^^^^^^^^^^^^^^^^^^^^^^^^^^^^^^^^^^^^^^^^^^^^^^^^^^^^^^^^^^
  21 |
  22 | // Two looks, each with a light and a dark base. The page follows the app theme;
  23 | // the only choice it offers is which look you're editing. Name + value together

The export designsPrompt was not found in module [project]/app/progress-bar/snippet.ts [app-ssr] (ecmascript).
Did you mean to import designPrompt?
All exports of the module are statically known (It doesn't have dynamic exports). So it's known statically that the requested export doesn't exist.

Import traces:
  Client Component Browser:
    ./app/progress-bar/page.tsx [Client Component Browser]
    ./app/progress-bar/page.tsx [Server Component]

  Client Component SSR:
    ./app/progress-bar/page.tsx [Client Component SSR]
    ./app/progress-bar/page.tsx [Server Component] @ http://localhost:4200/_next/static/chunks/0aus_next_dist_00tg.dm._.js:1945
[    3137ms] [ERROR] ./app/progress-bar/page.tsx:20:1
Export designsPrompt doesn't exist in target module
  18 | } from "@/components/progress-inspector";
  19 | import { copyText } from "@/lib/utils";
> 20 | import { designsPrompt, INSTALL_CMD, usageSnippet } from "./snippet";
     | ^^^^^^^^^^^^^^^^^^^^^^^^^^^^^^^^^^^^^^^^^^^^^^^^^^^^^^^^^^^^^^^^^^^^^
  21 |
  22 | // Two looks, each with a light and a dark base. The page follows the app theme;
  23 | // the only choice it offers is which look you're editing. Name + value together

The export designsPrompt was not found in module [project]/app/progress-bar/snippet.ts [app-client] (ecmascript).
Did you mean to import designPrompt?
All exports of the module are statically known (It doesn't have dynamic exports). So it's known statically that the requested export doesn't exist.

Import traces:
  Client Component Browser:
    ./app/progress-bar/page.tsx [Client Component Browser]
    ./app/progress-bar/page.tsx [Server Component]

  Client Component SSR:
    ./app/progress-bar/page.tsx [Client Component SSR]
    ./app/progress-bar/page.tsx [Server Component] @ http://localhost:4200/_next/static/chunks/0aus_next_dist_00tg.dm._.js:1945
[    3137ms] [ERROR] ./app/progress-bar/page.tsx:20:1
Export designsPrompt doesn't exist in target module
  18 | } from "@/components/progress-inspector";
  19 | import { copyText } from "@/lib/utils";
> 20 | import { designsPrompt, INSTALL_CMD, usageSnippet } from "./snippet";
     | ^^^^^^^^^^^^^^^^^^^^^^^^^^^^^^^^^^^^^^^^^^^^^^^^^^^^^^^^^^^^^^^^^^^^^
  21 |
  22 | // Two looks, each with a light and a dark base. The page follows the app theme;
  23 | // the only choice it offers is which look you're editing. Name + value together

The export designsPrompt was not found in module [project]/app/progress-bar/snippet.ts [app-ssr] (ecmascript).
Did you mean to import designPrompt?
All exports of the module are statically known (It doesn't have dynamic exports). So it's known statically that the requested export doesn't exist.

Import traces:
  Client Component Browser:
    ./app/progress-bar/page.tsx [Client Component Browser]
    ./app/progress-bar/page.tsx [Server Component]

  Client Component SSR:
    ./app/progress-bar/page.tsx [Client Component SSR]
    ./app/progress-bar/page.tsx [Server Component] @ http://localhost:4200/_next/static/chunks/0aus_next_dist_00tg.dm._.js:1945
[    3205ms] [ERROR] ./app/progress-bar/page.tsx:20:1
Export designsPrompt doesn't exist in target module
  18 | } from "@/components/progress-inspector";
  19 | import { copyText } from "@/lib/utils";
> 20 | import { designsPrompt, INSTALL_CMD, usageSnippet } from "./snippet";
     | ^^^^^^^^^^^^^^^^^^^^^^^^^^^^^^^^^^^^^^^^^^^^^^^^^^^^^^^^^^^^^^^^^^^^^
  21 |
  22 | // Two looks, each with a light and a dark base. The page follows the app theme;
  23 | // the only choice it offers is which look you're editing. Name + value together

The export designsPrompt was not found in module [project]/app/progress-bar/snippet.ts [app-client] (ecmascript).
Did you mean to import designPrompt?
All exports of the module are statically known (It doesn't have dynamic exports). So it's known statically that the requested export doesn't exist.

Import traces:
  Client Component Browser:
    ./app/progress-bar/page.tsx [Client Component Browser]
    ./app/progress-bar/page.tsx [Server Component]

  Client Component SSR:
    ./app/progress-bar/page.tsx [Client Component SSR]
    ./app/progress-bar/page.tsx [Server Component] @ http://localhost:4200/_next/static/chunks/0aus_next_dist_00tg.dm._.js:1945
[    3205ms] [ERROR] ./app/progress-bar/page.tsx:20:1
Export designsPrompt doesn't exist in target module
  18 | } from "@/components/progress-inspector";
  19 | import { copyText } from "@/lib/utils";
> 20 | import { designsPrompt, INSTALL_CMD, usageSnippet } from "./snippet";
     | ^^^^^^^^^^^^^^^^^^^^^^^^^^^^^^^^^^^^^^^^^^^^^^^^^^^^^^^^^^^^^^^^^^^^^
  21 |
  22 | // Two looks, each with a light and a dark base. The page follows the app theme;
  23 | // the only choice it offers is which look you're editing. Name + value together

The export designsPrompt was not found in module [project]/app/progress-bar/snippet.ts [app-ssr] (ecmascript).
Did you mean to import designPrompt?
All exports of the module are statically known (It doesn't have dynamic exports). So it's known statically that the requested export doesn't exist.

Import traces:
  Client Component Browser:
    ./app/progress-bar/page.tsx [Client Component Browser]
    ./app/progress-bar/page.tsx [Server Component]

  Client Component SSR:
    ./app/progress-bar/page.tsx [Client Component SSR]
    ./app/progress-bar/page.tsx [Server Component] @ http://localhost:4200/_next/static/chunks/0aus_next_dist_00tg.dm._.js:1945
[    3274ms] [ERROR] ./app/progress-bar/page.tsx:20:1
Export designsPrompt doesn't exist in target module
  18 | } from "@/components/progress-inspector";
  19 | import { copyText } from "@/lib/utils";
> 20 | import { designsPrompt, INSTALL_CMD, usageSnippet } from "./snippet";
     | ^^^^^^^^^^^^^^^^^^^^^^^^^^^^^^^^^^^^^^^^^^^^^^^^^^^^^^^^^^^^^^^^^^^^^
  21 |
  22 | // Two looks, each with a light and a dark base. The page follows the app theme;
  23 | // the only choice it offers is which look you're editing. Name + value together

The export designsPrompt was not found in module [project]/app/progress-bar/snippet.ts [app-client] (ecmascript).
Did you mean to import designPrompt?
All exports of the module are statically known (It doesn't have dynamic exports). So it's known statically that the requested export doesn't exist.

Import traces:
  Client Component Browser:
    ./app/progress-bar/page.tsx [Client Component Browser]
    ./app/progress-bar/page.tsx [Server Component]

  Client Component SSR:
    ./app/progress-bar/page.tsx [Client Component SSR]
    ./app/progress-bar/page.tsx [Server Component] @ http://localhost:4200/_next/static/chunks/0aus_next_dist_00tg.dm._.js:1945
[    3274ms] [ERROR] ./app/progress-bar/page.tsx:20:1
Export designsPrompt doesn't exist in target module
  18 | } from "@/components/progress-inspector";
  19 | import { copyText } from "@/lib/utils";
> 20 | import { designsPrompt, INSTALL_CMD, usageSnippet } from "./snippet";
     | ^^^^^^^^^^^^^^^^^^^^^^^^^^^^^^^^^^^^^^^^^^^^^^^^^^^^^^^^^^^^^^^^^^^^^
  21 |
  22 | // Two looks, each with a light and a dark base. The page follows the app theme;
  23 | // the only choice it offers is which look you're editing. Name + value together

The export designsPrompt was not found in module [project]/app/progress-bar/snippet.ts [app-ssr] (ecmascript).
Did you mean to import designPrompt?
All exports of the module are statically known (It doesn't have dynamic exports). So it's known statically that the requested export doesn't exist.

Import traces:
  Client Component Browser:
    ./app/progress-bar/page.tsx [Client Component Browser]
    ./app/progress-bar/page.tsx [Server Component]

  Client Component SSR:
    ./app/progress-bar/page.tsx [Client Component SSR]
    ./app/progress-bar/page.tsx [Server Component] @ http://localhost:4200/_next/static/chunks/0aus_next_dist_00tg.dm._.js:1945
[    3343ms] [ERROR] ./app/progress-bar/page.tsx:20:1
Export designsPrompt doesn't exist in target module
  18 | } from "@/components/progress-inspector";
  19 | import { copyText } from "@/lib/utils";
> 20 | import { designsPrompt, INSTALL_CMD, usageSnippet } from "./snippet";
     | ^^^^^^^^^^^^^^^^^^^^^^^^^^^^^^^^^^^^^^^^^^^^^^^^^^^^^^^^^^^^^^^^^^^^^
  21 |
  22 | // Two looks, each with a light and a dark base. The page follows the app theme;
  23 | // the only choice it offers is which look you're editing. Name + value together

The export designsPrompt was not found in module [project]/app/progress-bar/snippet.ts [app-client] (ecmascript).
Did you mean to import designPrompt?
All exports of the module are statically known (It doesn't have dynamic exports). So it's known statically that the requested export doesn't exist.

Import traces:
  Client Component Browser:
    ./app/progress-bar/page.tsx [Client Component Browser]
    ./app/progress-bar/page.tsx [Server Component]

  Client Component SSR:
    ./app/progress-bar/page.tsx [Client Component SSR]
    ./app/progress-bar/page.tsx [Server Component] @ http://localhost:4200/_next/static/chunks/0aus_next_dist_00tg.dm._.js:1945
[    3343ms] [ERROR] ./app/progress-bar/page.tsx:20:1
Export designsPrompt doesn't exist in target module
  18 | } from "@/components/progress-inspector";
  19 | import { copyText } from "@/lib/utils";
> 20 | import { designsPrompt, INSTALL_CMD, usageSnippet } from "./snippet";
     | ^^^^^^^^^^^^^^^^^^^^^^^^^^^^^^^^^^^^^^^^^^^^^^^^^^^^^^^^^^^^^^^^^^^^^
  21 |
  22 | // Two looks, each with a light and a dark base. The page follows the app theme;
  23 | // the only choice it offers is which look you're editing. Name + value together

The export designsPrompt was not found in module [project]/app/progress-bar/snippet.ts [app-ssr] (ecmascript).
Did you mean to import designPrompt?
All exports of the module are statically known (It doesn't have dynamic exports). So it's known statically that the requested export doesn't exist.

Import traces:
  Client Component Browser:
    ./app/progress-bar/page.tsx [Client Component Browser]
    ./app/progress-bar/page.tsx [Server Component]

  Client Component SSR:
    ./app/progress-bar/page.tsx [Client Component SSR]
    ./app/progress-bar/page.tsx [Server Component] @ http://localhost:4200/_next/static/chunks/0aus_next_dist_00tg.dm._.js:1945
[    3409ms] [ERROR] ./app/progress-bar/page.tsx:20:1
Export designsPrompt doesn't exist in target module
  18 | } from "@/components/progress-inspector";
  19 | import { copyText } from "@/lib/utils";
> 20 | import { designsPrompt, INSTALL_CMD, usageSnippet } from "./snippet";
     | ^^^^^^^^^^^^^^^^^^^^^^^^^^^^^^^^^^^^^^^^^^^^^^^^^^^^^^^^^^^^^^^^^^^^^
  21 |
  22 | // Two looks, each with a light and a dark base. The page follows the app theme;
  23 | // the only choice it offers is which look you're editing. Name + value together

The export designsPrompt was not found in module [project]/app/progress-bar/snippet.ts [app-client] (ecmascript).
Did you mean to import designPrompt?
All exports of the module are statically known (It doesn't have dynamic exports). So it's known statically that the requested export doesn't exist.

Import traces:
  Client Component Browser:
    ./app/progress-bar/page.tsx [Client Component Browser]
    ./app/progress-bar/page.tsx [Server Component]

  Client Component SSR:
    ./app/progress-bar/page.tsx [Client Component SSR]
    ./app/progress-bar/page.tsx [Server Component] @ http://localhost:4200/_next/static/chunks/0aus_next_dist_00tg.dm._.js:1945
[    3409ms] [ERROR] ./app/progress-bar/page.tsx:20:1
Export designsPrompt doesn't exist in target module
  18 | } from "@/components/progress-inspector";
  19 | import { copyText } from "@/lib/utils";
> 20 | import { designsPrompt, INSTALL_CMD, usageSnippet } from "./snippet";
     | ^^^^^^^^^^^^^^^^^^^^^^^^^^^^^^^^^^^^^^^^^^^^^^^^^^^^^^^^^^^^^^^^^^^^^
  21 |
  22 | // Two looks, each with a light and a dark base. The page follows the app theme;
  23 | // the only choice it offers is which look you're editing. Name + value together

The export designsPrompt was not found in module [project]/app/progress-bar/snippet.ts [app-ssr] (ecmascript).
Did you mean to import designPrompt?
All exports of the module are statically known (It doesn't have dynamic exports). So it's known statically that the requested export doesn't exist.

Import traces:
  Client Component Browser:
    ./app/progress-bar/page.tsx [Client Component Browser]
    ./app/progress-bar/page.tsx [Server Component]

  Client Component SSR:
    ./app/progress-bar/page.tsx [Client Component SSR]
    ./app/progress-bar/page.tsx [Server Component] @ http://localhost:4200/_next/static/chunks/0aus_next_dist_00tg.dm._.js:1945
[    3510ms] [ERROR] ./app/progress-bar/page.tsx:20:1
Export designsPrompt doesn't exist in target module
  18 | } from "@/components/progress-inspector";
  19 | import { copyText } from "@/lib/utils";
> 20 | import { designsPrompt, INSTALL_CMD, usageSnippet } from "./snippet";
     | ^^^^^^^^^^^^^^^^^^^^^^^^^^^^^^^^^^^^^^^^^^^^^^^^^^^^^^^^^^^^^^^^^^^^^
  21 |
  22 | // Two looks, each with a light and a dark base. The page follows the app theme;
  23 | // the only choice it offers is which look you're editing. Name + value together

The export designsPrompt was not found in module [project]/app/progress-bar/snippet.ts [app-client] (ecmascript).
Did you mean to import designPrompt?
All exports of the module are statically known (It doesn't have dynamic exports). So it's known statically that the requested export doesn't exist.

Import traces:
  Client Component Browser:
    ./app/progress-bar/page.tsx [Client Component Browser]
    ./app/progress-bar/page.tsx [Server Component]

  Client Component SSR:
    ./app/progress-bar/page.tsx [Client Component SSR]
    ./app/progress-bar/page.tsx [Server Component] @ http://localhost:4200/_next/static/chunks/0aus_next_dist_00tg.dm._.js:1945
[    3510ms] [ERROR] ./app/progress-bar/page.tsx:20:1
Export designsPrompt doesn't exist in target module
  18 | } from "@/components/progress-inspector";
  19 | import { copyText } from "@/lib/utils";
> 20 | import { designsPrompt, INSTALL_CMD, usageSnippet } from "./snippet";
     | ^^^^^^^^^^^^^^^^^^^^^^^^^^^^^^^^^^^^^^^^^^^^^^^^^^^^^^^^^^^^^^^^^^^^^
  21 |
  22 | // Two looks, each with a light and a dark base. The page follows the app theme;
  23 | // the only choice it offers is which look you're editing. Name + value together

The export designsPrompt was not found in module [project]/app/progress-bar/snippet.ts [app-ssr] (ecmascript).
Did you mean to import designPrompt?
All exports of the module are statically known (It doesn't have dynamic exports). So it's known statically that the requested export doesn't exist.

Import traces:
  Client Component Browser:
    ./app/progress-bar/page.tsx [Client Component Browser]
    ./app/progress-bar/page.tsx [Server Component]

  Client Component SSR:
    ./app/progress-bar/page.tsx [Client Component SSR]
    ./app/progress-bar/page.tsx [Server Component] @ http://localhost:4200/_next/static/chunks/0aus_next_dist_00tg.dm._.js:1945
[    3538ms] [LOG] [Fast Refresh] rebuilding @ http://localhost:4200/_next/static/chunks/0aus_next_dist_00tg.dm._.js:1226
[    3588ms] [ERROR] ./app/progress-bar/page.tsx:20:1
Export designsPrompt doesn't exist in target module
  18 | } from "@/components/progress-inspector";
  19 | import { copyText } from "@/lib/utils";
> 20 | import { designsPrompt, INSTALL_CMD, usageSnippet } from "./snippet";
     | ^^^^^^^^^^^^^^^^^^^^^^^^^^^^^^^^^^^^^^^^^^^^^^^^^^^^^^^^^^^^^^^^^^^^^
  21 |
  22 | // Two looks, each with a light and a dark base. The page follows the app theme;
  23 | // the only choice it offers is which look you're editing. Name + value together

The export designsPrompt was not found in module [project]/app/progress-bar/snippet.ts [app-client] (ecmascript).
Did you mean to import designPrompt?
All exports of the module are statically known (It doesn't have dynamic exports). So it's known statically that the requested export doesn't exist.

Import traces:
  Client Component Browser:
    ./app/progress-bar/page.tsx [Client Component Browser]
    ./app/progress-bar/page.tsx [Server Component]

  Client Component SSR:
    ./app/progress-bar/page.tsx [Client Component SSR]
    ./app/progress-bar/page.tsx [Server Component] @ http://localhost:4200/_next/static/chunks/0aus_next_dist_00tg.dm._.js:1945
[    3588ms] [ERROR] ./app/progress-bar/page.tsx:20:1
Export designsPrompt doesn't exist in target module
  18 | } from "@/components/progress-inspector";
  19 | import { copyText } from "@/lib/utils";
> 20 | import { designsPrompt, INSTALL_CMD, usageSnippet } from "./snippet";
     | ^^^^^^^^^^^^^^^^^^^^^^^^^^^^^^^^^^^^^^^^^^^^^^^^^^^^^^^^^^^^^^^^^^^^^
  21 |
  22 | // Two looks, each with a light and a dark base. The page follows the app theme;
  23 | // the only choice it offers is which look you're editing. Name + value together

The export designsPrompt was not found in module [project]/app/progress-bar/snippet.ts [app-ssr] (ecmascript).
Did you mean to import designPrompt?
All exports of the module are statically known (It doesn't have dynamic exports). So it's known statically that the requested export doesn't exist.

Import traces:
  Client Component Browser:
    ./app/progress-bar/page.tsx [Client Component Browser]
    ./app/progress-bar/page.tsx [Server Component]

  Client Component SSR:
    ./app/progress-bar/page.tsx [Client Component SSR]
    ./app/progress-bar/page.tsx [Server Component] @ http://localhost:4200/_next/static/chunks/0aus_next_dist_00tg.dm._.js:1945
[    3655ms] [ERROR] ./app/progress-bar/page.tsx:20:1
Export designsPrompt doesn't exist in target module
  18 | } from "@/components/progress-inspector";
  19 | import { copyText } from "@/lib/utils";
> 20 | import { designsPrompt, INSTALL_CMD, usageSnippet } from "./snippet";
     | ^^^^^^^^^^^^^^^^^^^^^^^^^^^^^^^^^^^^^^^^^^^^^^^^^^^^^^^^^^^^^^^^^^^^^
  21 |
  22 | // Two looks, each with a light and a dark base. The page follows the app theme;
  23 | // the only choice it offers is which look you're editing. Name + value together

The export designsPrompt was not found in module [project]/app/progress-bar/snippet.ts [app-client] (ecmascript).
Did you mean to import designPrompt?
All exports of the module are statically known (It doesn't have dynamic exports). So it's known statically that the requested export doesn't exist.

Import traces:
  Client Component Browser:
    ./app/progress-bar/page.tsx [Client Component Browser]
    ./app/progress-bar/page.tsx [Server Component]

  Client Component SSR:
    ./app/progress-bar/page.tsx [Client Component SSR]
    ./app/progress-bar/page.tsx [Server Component] @ http://localhost:4200/_next/static/chunks/0aus_next_dist_00tg.dm._.js:1945
[    3655ms] [ERROR] ./app/progress-bar/page.tsx:20:1
Export designsPrompt doesn't exist in target module
  18 | } from "@/components/progress-inspector";
  19 | import { copyText } from "@/lib/utils";
> 20 | import { designsPrompt, INSTALL_CMD, usageSnippet } from "./snippet";
     | ^^^^^^^^^^^^^^^^^^^^^^^^^^^^^^^^^^^^^^^^^^^^^^^^^^^^^^^^^^^^^^^^^^^^^
  21 |
  22 | // Two looks, each with a light and a dark base. The page follows the app theme;
  23 | // the only choice it offers is which look you're editing. Name + value together

The export designsPrompt was not found in module [project]/app/progress-bar/snippet.ts [app-ssr] (ecmascript).
Did you mean to import designPrompt?
All exports of the module are statically known (It doesn't have dynamic exports). So it's known statically that the requested export doesn't exist.

Import traces:
  Client Component Browser:
    ./app/progress-bar/page.tsx [Client Component Browser]
    ./app/progress-bar/page.tsx [Server Component]

  Client Component SSR:
    ./app/progress-bar/page.tsx [Client Component SSR]
    ./app/progress-bar/page.tsx [Server Component] @ http://localhost:4200/_next/static/chunks/0aus_next_dist_00tg.dm._.js:1945
[    3721ms] [ERROR] ./app/progress-bar/page.tsx:20:1
Export designsPrompt doesn't exist in target module
  18 | } from "@/components/progress-inspector";
  19 | import { copyText } from "@/lib/utils";
> 20 | import { designsPrompt, INSTALL_CMD, usageSnippet } from "./snippet";
     | ^^^^^^^^^^^^^^^^^^^^^^^^^^^^^^^^^^^^^^^^^^^^^^^^^^^^^^^^^^^^^^^^^^^^^
  21 |
  22 | // Two looks, each with a light and a dark base. The page follows the app theme;
  23 | // the only choice it offers is which look you're editing. Name + value together

The export designsPrompt was not found in module [project]/app/progress-bar/snippet.ts [app-client] (ecmascript).
Did you mean to import designPrompt?
All exports of the module are statically known (It doesn't have dynamic exports). So it's known statically that the requested export doesn't exist.

Import traces:
  Client Component Browser:
    ./app/progress-bar/page.tsx [Client Component Browser]
    ./app/progress-bar/page.tsx [Server Component]

  Client Component SSR:
    ./app/progress-bar/page.tsx [Client Component SSR]
    ./app/progress-bar/page.tsx [Server Component] @ http://localhost:4200/_next/static/chunks/0aus_next_dist_00tg.dm._.js:1945
[    3721ms] [ERROR] ./app/progress-bar/page.tsx:20:1
Export designsPrompt doesn't exist in target module
  18 | } from "@/components/progress-inspector";
  19 | import { copyText } from "@/lib/utils";
> 20 | import { designsPrompt, INSTALL_CMD, usageSnippet } from "./snippet";
     | ^^^^^^^^^^^^^^^^^^^^^^^^^^^^^^^^^^^^^^^^^^^^^^^^^^^^^^^^^^^^^^^^^^^^^
  21 |
  22 | // Two looks, each with a light and a dark base. The page follows the app theme;
  23 | // the only choice it offers is which look you're editing. Name + value together

The export designsPrompt was not found in module [project]/app/progress-bar/snippet.ts [app-ssr] (ecmascript).
Did you mean to import designPrompt?
All exports of the module are statically known (It doesn't have dynamic exports). So it's known statically that the requested export doesn't exist.

Import traces:
  Client Component Browser:
    ./app/progress-bar/page.tsx [Client Component Browser]
    ./app/progress-bar/page.tsx [Server Component]

  Client Component SSR:
    ./app/progress-bar/page.tsx [Client Component SSR]
    ./app/progress-bar/page.tsx [Server Component] @ http://localhost:4200/_next/static/chunks/0aus_next_dist_00tg.dm._.js:1945
[    3789ms] [ERROR] ./app/progress-bar/page.tsx:20:1
Export designsPrompt doesn't exist in target module
  18 | } from "@/components/progress-inspector";
  19 | import { copyText } from "@/lib/utils";
> 20 | import { designsPrompt, INSTALL_CMD, usageSnippet } from "./snippet";
     | ^^^^^^^^^^^^^^^^^^^^^^^^^^^^^^^^^^^^^^^^^^^^^^^^^^^^^^^^^^^^^^^^^^^^^
  21 |
  22 | // Two looks, each with a light and a dark base. The page follows the app theme;
  23 | // the only choice it offers is which look you're editing. Name + value together

The export designsPrompt was not found in module [project]/app/progress-bar/snippet.ts [app-client] (ecmascript).
Did you mean to import designPrompt?
All exports of the module are statically known (It doesn't have dynamic exports). So it's known statically that the requested export doesn't exist.

Import traces:
  Client Component Browser:
    ./app/progress-bar/page.tsx [Client Component Browser]
    ./app/progress-bar/page.tsx [Server Component]

  Client Component SSR:
    ./app/progress-bar/page.tsx [Client Component SSR]
    ./app/progress-bar/page.tsx [Server Component] @ http://localhost:4200/_next/static/chunks/0aus_next_dist_00tg.dm._.js:1945
[    3789ms] [ERROR] ./app/progress-bar/page.tsx:20:1
Export designsPrompt doesn't exist in target module
  18 | } from "@/components/progress-inspector";
  19 | import { copyText } from "@/lib/utils";
> 20 | import { designsPrompt, INSTALL_CMD, usageSnippet } from "./snippet";
     | ^^^^^^^^^^^^^^^^^^^^^^^^^^^^^^^^^^^^^^^^^^^^^^^^^^^^^^^^^^^^^^^^^^^^^
  21 |
  22 | // Two looks, each with a light and a dark base. The page follows the app theme;
  23 | // the only choice it offers is which look you're editing. Name + value together

The export designsPrompt was not found in module [project]/app/progress-bar/snippet.ts [app-ssr] (ecmascript).
Did you mean to import designPrompt?
All exports of the module are statically known (It doesn't have dynamic exports). So it's known statically that the requested export doesn't exist.

Import traces:
  Client Component Browser:
    ./app/progress-bar/page.tsx [Client Component Browser]
    ./app/progress-bar/page.tsx [Server Component]

  Client Component SSR:
    ./app/progress-bar/page.tsx [Client Component SSR]
    ./app/progress-bar/page.tsx [Server Component] @ http://localhost:4200/_next/static/chunks/0aus_next_dist_00tg.dm._.js:1945
[    3855ms] [ERROR] ./app/progress-bar/page.tsx:20:1
Export designsPrompt doesn't exist in target module
  18 | } from "@/components/progress-inspector";
  19 | import { copyText } from "@/lib/utils";
> 20 | import { designsPrompt, INSTALL_CMD, usageSnippet } from "./snippet";
     | ^^^^^^^^^^^^^^^^^^^^^^^^^^^^^^^^^^^^^^^^^^^^^^^^^^^^^^^^^^^^^^^^^^^^^
  21 |
  22 | // Two looks, each with a light and a dark base. The page follows the app theme;
  23 | // the only choice it offers is which look you're editing. Name + value together

The export designsPrompt was not found in module [project]/app/progress-bar/snippet.ts [app-client] (ecmascript).
Did you mean to import designPrompt?
All exports of the module are statically known (It doesn't have dynamic exports). So it's known statically that the requested export doesn't exist.

Import traces:
  Client Component Browser:
    ./app/progress-bar/page.tsx [Client Component Browser]
    ./app/progress-bar/page.tsx [Server Component]

  Client Component SSR:
    ./app/progress-bar/page.tsx [Client Component SSR]
    ./app/progress-bar/page.tsx [Server Component] @ http://localhost:4200/_next/static/chunks/0aus_next_dist_00tg.dm._.js:1945
[    3855ms] [ERROR] ./app/progress-bar/page.tsx:20:1
Export designsPrompt doesn't exist in target module
  18 | } from "@/components/progress-inspector";
  19 | import { copyText } from "@/lib/utils";
> 20 | import { designsPrompt, INSTALL_CMD, usageSnippet } from "./snippet";
     | ^^^^^^^^^^^^^^^^^^^^^^^^^^^^^^^^^^^^^^^^^^^^^^^^^^^^^^^^^^^^^^^^^^^^^
  21 |
  22 | // Two looks, each with a light and a dark base. The page follows the app theme;
  23 | // the only choice it offers is which look you're editing. Name + value together

The export designsPrompt was not found in module [project]/app/progress-bar/snippet.ts [app-ssr] (ecmascript).
Did you mean to import designPrompt?
All exports of the module are statically known (It doesn't have dynamic exports). So it's known statically that the requested export doesn't exist.

Import traces:
  Client Component Browser:
    ./app/progress-bar/page.tsx [Client Component Browser]
    ./app/progress-bar/page.tsx [Server Component]

  Client Component SSR:
    ./app/progress-bar/page.tsx [Client Component SSR]
    ./app/progress-bar/page.tsx [Server Component] @ http://localhost:4200/_next/static/chunks/0aus_next_dist_00tg.dm._.js:1945
[    3921ms] [ERROR] ./app/progress-bar/page.tsx:20:1
Export designsPrompt doesn't exist in target module
  18 | } from "@/components/progress-inspector";
  19 | import { copyText } from "@/lib/utils";
> 20 | import { designsPrompt, INSTALL_CMD, usageSnippet } from "./snippet";
     | ^^^^^^^^^^^^^^^^^^^^^^^^^^^^^^^^^^^^^^^^^^^^^^^^^^^^^^^^^^^^^^^^^^^^^
  21 |
  22 | // Two looks, each with a light and a dark base. The page follows the app theme;
  23 | // the only choice it offers is which look you're editing. Name + value together

The export designsPrompt was not found in module [project]/app/progress-bar/snippet.ts [app-client] (ecmascript).
Did you mean to import designPrompt?
All exports of the module are statically known (It doesn't have dynamic exports). So it's known statically that the requested export doesn't exist.

Import traces:
  Client Component Browser:
    ./app/progress-bar/page.tsx [Client Component Browser]
    ./app/progress-bar/page.tsx [Server Component]

  Client Component SSR:
    ./app/progress-bar/page.tsx [Client Component SSR]
    ./app/progress-bar/page.tsx [Server Component] @ http://localhost:4200/_next/static/chunks/0aus_next_dist_00tg.dm._.js:1945
[    3921ms] [ERROR] ./app/progress-bar/page.tsx:20:1
Export designsPrompt doesn't exist in target module
  18 | } from "@/components/progress-inspector";
  19 | import { copyText } from "@/lib/utils";
> 20 | import { designsPrompt, INSTALL_CMD, usageSnippet } from "./snippet";
     | ^^^^^^^^^^^^^^^^^^^^^^^^^^^^^^^^^^^^^^^^^^^^^^^^^^^^^^^^^^^^^^^^^^^^^
  21 |
  22 | // Two looks, each with a light and a dark base. The page follows the app theme;
  23 | // the only choice it offers is which look you're editing. Name + value together

The export designsPrompt was not found in module [project]/app/progress-bar/snippet.ts [app-ssr] (ecmascript).
Did you mean to import designPrompt?
All exports of the module are statically known (It doesn't have dynamic exports). So it's known statically that the requested export doesn't exist.

Import traces:
  Client Component Browser:
    ./app/progress-bar/page.tsx [Client Component Browser]
    ./app/progress-bar/page.tsx [Server Component]

  Client Component SSR:
    ./app/progress-bar/page.tsx [Client Component SSR]
    ./app/progress-bar/page.tsx [Server Component] @ http://localhost:4200/_next/static/chunks/0aus_next_dist_00tg.dm._.js:1945
[    3988ms] [ERROR] ./app/progress-bar/page.tsx:20:1
Export designsPrompt doesn't exist in target module
  18 | } from "@/components/progress-inspector";
  19 | import { copyText } from "@/lib/utils";
> 20 | import { designsPrompt, INSTALL_CMD, usageSnippet } from "./snippet";
     | ^^^^^^^^^^^^^^^^^^^^^^^^^^^^^^^^^^^^^^^^^^^^^^^^^^^^^^^^^^^^^^^^^^^^^
  21 |
  22 | // Two looks, each with a light and a dark base. The page follows the app theme;
  23 | // the only choice it offers is which look you're editing. Name + value together

The export designsPrompt was not found in module [project]/app/progress-bar/snippet.ts [app-client] (ecmascript).
Did you mean to import designPrompt?
All exports of the module are statically known (It doesn't have dynamic exports). So it's known statically that the requested export doesn't exist.

Import traces:
  Client Component Browser:
    ./app/progress-bar/page.tsx [Client Component Browser]
    ./app/progress-bar/page.tsx [Server Component]

  Client Component SSR:
    ./app/progress-bar/page.tsx [Client Component SSR]
    ./app/progress-bar/page.tsx [Server Component] @ http://localhost:4200/_next/static/chunks/0aus_next_dist_00tg.dm._.js:1945
[    3989ms] [ERROR] ./app/progress-bar/page.tsx:20:1
Export designsPrompt doesn't exist in target module
  18 | } from "@/components/progress-inspector";
  19 | import { copyText } from "@/lib/utils";
> 20 | import { designsPrompt, INSTALL_CMD, usageSnippet } from "./snippet";
     | ^^^^^^^^^^^^^^^^^^^^^^^^^^^^^^^^^^^^^^^^^^^^^^^^^^^^^^^^^^^^^^^^^^^^^
  21 |
  22 | // Two looks, each with a light and a dark base. The page follows the app theme;
  23 | // the only choice it offers is which look you're editing. Name + value together

The export designsPrompt was not found in module [project]/app/progress-bar/snippet.ts [app-ssr] (ecmascript).
Did you mean to import designPrompt?
All exports of the module are statically known (It doesn't have dynamic exports). So it's known statically that the requested export doesn't exist.

Import traces:
  Client Component Browser:
    ./app/progress-bar/page.tsx [Client Component Browser]
    ./app/progress-bar/page.tsx [Server Component]

  Client Component SSR:
    ./app/progress-bar/page.tsx [Client Component SSR]
    ./app/progress-bar/page.tsx [Server Component] @ http://localhost:4200/_next/static/chunks/0aus_next_dist_00tg.dm._.js:1945
[    4057ms] [ERROR] ./app/progress-bar/page.tsx:20:1
Export designsPrompt doesn't exist in target module
  18 | } from "@/components/progress-inspector";
  19 | import { copyText } from "@/lib/utils";
> 20 | import { designsPrompt, INSTALL_CMD, usageSnippet } from "./snippet";
     | ^^^^^^^^^^^^^^^^^^^^^^^^^^^^^^^^^^^^^^^^^^^^^^^^^^^^^^^^^^^^^^^^^^^^^
  21 |
  22 | // Two looks, each with a light and a dark base. The page follows the app theme;
  23 | // the only choice it offers is which look you're editing. Name + value together

The export designsPrompt was not found in module [project]/app/progress-bar/snippet.ts [app-client] (ecmascript).
Did you mean to import designPrompt?
All exports of the module are statically known (It doesn't have dynamic exports). So it's known statically that the requested export doesn't exist.

Import traces:
  Client Component Browser:
    ./app/progress-bar/page.tsx [Client Component Browser]
    ./app/progress-bar/page.tsx [Server Component]

  Client Component SSR:
    ./app/progress-bar/page.tsx [Client Component SSR]
    ./app/progress-bar/page.tsx [Server Component] @ http://localhost:4200/_next/static/chunks/0aus_next_dist_00tg.dm._.js:1945
[    4057ms] [ERROR] ./app/progress-bar/page.tsx:20:1
Export designsPrompt doesn't exist in target module
  18 | } from "@/components/progress-inspector";
  19 | import { copyText } from "@/lib/utils";
> 20 | import { designsPrompt, INSTALL_CMD, usageSnippet } from "./snippet";
     | ^^^^^^^^^^^^^^^^^^^^^^^^^^^^^^^^^^^^^^^^^^^^^^^^^^^^^^^^^^^^^^^^^^^^^
  21 |
  22 | // Two looks, each with a light and a dark base. The page follows the app theme;
  23 | // the only choice it offers is which look you're editing. Name + value together

The export designsPrompt was not found in module [project]/app/progress-bar/snippet.ts [app-ssr] (ecmascript).
Did you mean to import designPrompt?
All exports of the module are statically known (It doesn't have dynamic exports). So it's known statically that the requested export doesn't exist.

Import traces:
  Client Component Browser:
    ./app/progress-bar/page.tsx [Client Component Browser]
    ./app/progress-bar/page.tsx [Server Component]

  Client Component SSR:
    ./app/progress-bar/page.tsx [Client Component SSR]
    ./app/progress-bar/page.tsx [Server Component] @ http://localhost:4200/_next/static/chunks/0aus_next_dist_00tg.dm._.js:1945
[    4126ms] [ERROR] ./app/progress-bar/page.tsx:20:1
Export designsPrompt doesn't exist in target module
  18 | } from "@/components/progress-inspector";
  19 | import { copyText } from "@/lib/utils";
> 20 | import { designsPrompt, INSTALL_CMD, usageSnippet } from "./snippet";
     | ^^^^^^^^^^^^^^^^^^^^^^^^^^^^^^^^^^^^^^^^^^^^^^^^^^^^^^^^^^^^^^^^^^^^^
  21 |
  22 | // Two looks, each with a light and a dark base. The page follows the app theme;
  23 | // the only choice it offers is which look you're editing. Name + value together

The export designsPrompt was not found in module [project]/app/progress-bar/snippet.ts [app-client] (ecmascript).
Did you mean to import designPrompt?
All exports of the module are statically known (It doesn't have dynamic exports). So it's known statically that the requested export doesn't exist.

Import traces:
  Client Component Browser:
    ./app/progress-bar/page.tsx [Client Component Browser]
    ./app/progress-bar/page.tsx [Server Component]

  Client Component SSR:
    ./app/progress-bar/page.tsx [Client Component SSR]
    ./app/progress-bar/page.tsx [Server Component] @ http://localhost:4200/_next/static/chunks/0aus_next_dist_00tg.dm._.js:1945
[    4126ms] [ERROR] ./app/progress-bar/page.tsx:20:1
Export designsPrompt doesn't exist in target module
  18 | } from "@/components/progress-inspector";
  19 | import { copyText } from "@/lib/utils";
> 20 | import { designsPrompt, INSTALL_CMD, usageSnippet } from "./snippet";
     | ^^^^^^^^^^^^^^^^^^^^^^^^^^^^^^^^^^^^^^^^^^^^^^^^^^^^^^^^^^^^^^^^^^^^^
  21 |
  22 | // Two looks, each with a light and a dark base. The page follows the app theme;
  23 | // the only choice it offers is which look you're editing. Name + value together

The export designsPrompt was not found in module [project]/app/progress-bar/snippet.ts [app-ssr] (ecmascript).
Did you mean to import designPrompt?
All exports of the module are statically known (It doesn't have dynamic exports). So it's known statically that the requested export doesn't exist.

Import traces:
  Client Component Browser:
    ./app/progress-bar/page.tsx [Client Component Browser]
    ./app/progress-bar/page.tsx [Server Component]

  Client Component SSR:
    ./app/progress-bar/page.tsx [Client Component SSR]
    ./app/progress-bar/page.tsx [Server Component] @ http://localhost:4200/_next/static/chunks/0aus_next_dist_00tg.dm._.js:1945
[    4194ms] [ERROR] ./app/progress-bar/page.tsx:20:1
Export designsPrompt doesn't exist in target module
  18 | } from "@/components/progress-inspector";
  19 | import { copyText } from "@/lib/utils";
> 20 | import { designsPrompt, INSTALL_CMD, usageSnippet } from "./snippet";
     | ^^^^^^^^^^^^^^^^^^^^^^^^^^^^^^^^^^^^^^^^^^^^^^^^^^^^^^^^^^^^^^^^^^^^^
  21 |
  22 | // Two looks, each with a light and a dark base. The page follows the app theme;
  23 | // the only choice it offers is which look you're editing. Name + value together

The export designsPrompt was not found in module [project]/app/progress-bar/snippet.ts [app-client] (ecmascript).
Did you mean to import designPrompt?
All exports of the module are statically known (It doesn't have dynamic exports). So it's known statically that the requested export doesn't exist.

Import traces:
  Client Component Browser:
    ./app/progress-bar/page.tsx [Client Component Browser]
    ./app/progress-bar/page.tsx [Server Component]

  Client Component SSR:
    ./app/progress-bar/page.tsx [Client Component SSR]
    ./app/progress-bar/page.tsx [Server Component] @ http://localhost:4200/_next/static/chunks/0aus_next_dist_00tg.dm._.js:1945
[    4194ms] [ERROR] ./app/progress-bar/page.tsx:20:1
Export designsPrompt doesn't exist in target module
  18 | } from "@/components/progress-inspector";
  19 | import { copyText } from "@/lib/utils";
> 20 | import { designsPrompt, INSTALL_CMD, usageSnippet } from "./snippet";
     | ^^^^^^^^^^^^^^^^^^^^^^^^^^^^^^^^^^^^^^^^^^^^^^^^^^^^^^^^^^^^^^^^^^^^^
  21 |
  22 | // Two looks, each with a light and a dark base. The page follows the app theme;
  23 | // the only choice it offers is which look you're editing. Name + value together

The export designsPrompt was not found in module [project]/app/progress-bar/snippet.ts [app-ssr] (ecmascript).
Did you mean to import designPrompt?
All exports of the module are statically known (It doesn't have dynamic exports). So it's known statically that the requested export doesn't exist.

Import traces:
  Client Component Browser:
    ./app/progress-bar/page.tsx [Client Component Browser]
    ./app/progress-bar/page.tsx [Server Component]

  Client Component SSR:
    ./app/progress-bar/page.tsx [Client Component SSR]
    ./app/progress-bar/page.tsx [Server Component] @ http://localhost:4200/_next/static/chunks/0aus_next_dist_00tg.dm._.js:1945
[    4261ms] [ERROR] ./app/progress-bar/page.tsx:20:1
Export designsPrompt doesn't exist in target module
  18 | } from "@/components/progress-inspector";
  19 | import { copyText } from "@/lib/utils";
> 20 | import { designsPrompt, INSTALL_CMD, usageSnippet } from "./snippet";
     | ^^^^^^^^^^^^^^^^^^^^^^^^^^^^^^^^^^^^^^^^^^^^^^^^^^^^^^^^^^^^^^^^^^^^^
  21 |
  22 | // Two looks, each with a light and a dark base. The page follows the app theme;
  23 | // the only choice it offers is which look you're editing. Name + value together

The export designsPrompt was not found in module [project]/app/progress-bar/snippet.ts [app-client] (ecmascript).
Did you mean to import designPrompt?
All exports of the module are statically known (It doesn't have dynamic exports). So it's known statically that the requested export doesn't exist.

Import traces:
  Client Component Browser:
    ./app/progress-bar/page.tsx [Client Component Browser]
    ./app/progress-bar/page.tsx [Server Component]

  Client Component SSR:
    ./app/progress-bar/page.tsx [Client Component SSR]
    ./app/progress-bar/page.tsx [Server Component] @ http://localhost:4200/_next/static/chunks/0aus_next_dist_00tg.dm._.js:1945
[    4261ms] [ERROR] ./app/progress-bar/page.tsx:20:1
Export designsPrompt doesn't exist in target module
  18 | } from "@/components/progress-inspector";
  19 | import { copyText } from "@/lib/utils";
> 20 | import { designsPrompt, INSTALL_CMD, usageSnippet } from "./snippet";
     | ^^^^^^^^^^^^^^^^^^^^^^^^^^^^^^^^^^^^^^^^^^^^^^^^^^^^^^^^^^^^^^^^^^^^^
  21 |
  22 | // Two looks, each with a light and a dark base. The page follows the app theme;
  23 | // the only choice it offers is which look you're editing. Name + value together

The export designsPrompt was not found in module [project]/app/progress-bar/snippet.ts [app-ssr] (ecmascript).
Did you mean to import designPrompt?
All exports of the module are statically known (It doesn't have dynamic exports). So it's known statically that the requested export doesn't exist.

Import traces:
  Client Component Browser:
    ./app/progress-bar/page.tsx [Client Component Browser]
    ./app/progress-bar/page.tsx [Server Component]

  Client Component SSR:
    ./app/progress-bar/page.tsx [Client Component SSR]
    ./app/progress-bar/page.tsx [Server Component] @ http://localhost:4200/_next/static/chunks/0aus_next_dist_00tg.dm._.js:1945
[    4327ms] [ERROR] ./app/progress-bar/page.tsx:20:1
Export designsPrompt doesn't exist in target module
  18 | } from "@/components/progress-inspector";
  19 | import { copyText } from "@/lib/utils";
> 20 | import { designsPrompt, INSTALL_CMD, usageSnippet } from "./snippet";
     | ^^^^^^^^^^^^^^^^^^^^^^^^^^^^^^^^^^^^^^^^^^^^^^^^^^^^^^^^^^^^^^^^^^^^^
  21 |
  22 | // Two looks, each with a light and a dark base. The page follows the app theme;
  23 | // the only choice it offers is which look you're editing. Name + value together

The export designsPrompt was not found in module [project]/app/progress-bar/snippet.ts [app-client] (ecmascript).
Did you mean to import designPrompt?
All exports of the module are statically known (It doesn't have dynamic exports). So it's known statically that the requested export doesn't exist.

Import traces:
  Client Component Browser:
    ./app/progress-bar/page.tsx [Client Component Browser]
    ./app/progress-bar/page.tsx [Server Component]

  Client Component SSR:
    ./app/progress-bar/page.tsx [Client Component SSR]
    ./app/progress-bar/page.tsx [Server Component] @ http://localhost:4200/_next/static/chunks/0aus_next_dist_00tg.dm._.js:1945
[    4327ms] [ERROR] ./app/progress-bar/page.tsx:20:1
Export designsPrompt doesn't exist in target module
  18 | } from "@/components/progress-inspector";
  19 | import { copyText } from "@/lib/utils";
> 20 | import { designsPrompt, INSTALL_CMD, usageSnippet } from "./snippet";
     | ^^^^^^^^^^^^^^^^^^^^^^^^^^^^^^^^^^^^^^^^^^^^^^^^^^^^^^^^^^^^^^^^^^^^^
  21 |
  22 | // Two looks, each with a light and a dark base. The page follows the app theme;
  23 | // the only choice it offers is which look you're editing. Name + value together

The export designsPrompt was not found in module [project]/app/progress-bar/snippet.ts [app-ssr] (ecmascript).
Did you mean to import designPrompt?
All exports of the module are statically known (It doesn't have dynamic exports). So it's known statically that the requested export doesn't exist.

Import traces:
  Client Component Browser:
    ./app/progress-bar/page.tsx [Client Component Browser]
    ./app/progress-bar/page.tsx [Server Component]

  Client Component SSR:
    ./app/progress-bar/page.tsx [Client Component SSR]
    ./app/progress-bar/page.tsx [Server Component] @ http://localhost:4200/_next/static/chunks/0aus_next_dist_00tg.dm._.js:1945
[    4394ms] [ERROR] ./app/progress-bar/page.tsx:20:1
Export designsPrompt doesn't exist in target module
  18 | } from "@/components/progress-inspector";
  19 | import { copyText } from "@/lib/utils";
> 20 | import { designsPrompt, INSTALL_CMD, usageSnippet } from "./snippet";
     | ^^^^^^^^^^^^^^^^^^^^^^^^^^^^^^^^^^^^^^^^^^^^^^^^^^^^^^^^^^^^^^^^^^^^^
  21 |
  22 | // Two looks, each with a light and a dark base. The page follows the app theme;
  23 | // the only choice it offers is which look you're editing. Name + value together

The export designsPrompt was not found in module [project]/app/progress-bar/snippet.ts [app-client] (ecmascript).
Did you mean to import designPrompt?
All exports of the module are statically known (It doesn't have dynamic exports). So it's known statically that the requested export doesn't exist.

Import traces:
  Client Component Browser:
    ./app/progress-bar/page.tsx [Client Component Browser]
    ./app/progress-bar/page.tsx [Server Component]

  Client Component SSR:
    ./app/progress-bar/page.tsx [Client Component SSR]
    ./app/progress-bar/page.tsx [Server Component] @ http://localhost:4200/_next/static/chunks/0aus_next_dist_00tg.dm._.js:1945
[    4394ms] [ERROR] ./app/progress-bar/page.tsx:20:1
Export designsPrompt doesn't exist in target module
  18 | } from "@/components/progress-inspector";
  19 | import { copyText } from "@/lib/utils";
> 20 | import { designsPrompt, INSTALL_CMD, usageSnippet } from "./snippet";
     | ^^^^^^^^^^^^^^^^^^^^^^^^^^^^^^^^^^^^^^^^^^^^^^^^^^^^^^^^^^^^^^^^^^^^^
  21 |
  22 | // Two looks, each with a light and a dark base. The page follows the app theme;
  23 | // the only choice it offers is which look you're editing. Name + value together

The export designsPrompt was not found in module [project]/app/progress-bar/snippet.ts [app-ssr] (ecmascript).
Did you mean to import designPrompt?
All exports of the module are statically known (It doesn't have dynamic exports). So it's known statically that the requested export doesn't exist.

Import traces:
  Client Component Browser:
    ./app/progress-bar/page.tsx [Client Component Browser]
    ./app/progress-bar/page.tsx [Server Component]

  Client Component SSR:
    ./app/progress-bar/page.tsx [Client Component SSR]
    ./app/progress-bar/page.tsx [Server Component] @ http://localhost:4200/_next/static/chunks/0aus_next_dist_00tg.dm._.js:1945
[    4462ms] [ERROR] ./app/progress-bar/page.tsx:20:1
Export designsPrompt doesn't exist in target module
  18 | } from "@/components/progress-inspector";
  19 | import { copyText } from "@/lib/utils";
> 20 | import { designsPrompt, INSTALL_CMD, usageSnippet } from "./snippet";
     | ^^^^^^^^^^^^^^^^^^^^^^^^^^^^^^^^^^^^^^^^^^^^^^^^^^^^^^^^^^^^^^^^^^^^^
  21 |
  22 | // Two looks, each with a light and a dark base. The page follows the app theme;
  23 | // the only choice it offers is which look you're editing. Name + value together

The export designsPrompt was not found in module [project]/app/progress-bar/snippet.ts [app-client] (ecmascript).
Did you mean to import designPrompt?
All exports of the module are statically known (It doesn't have dynamic exports). So it's known statically that the requested export doesn't exist.

Import traces:
  Client Component Browser:
    ./app/progress-bar/page.tsx [Client Component Browser]
    ./app/progress-bar/page.tsx [Server Component]

  Client Component SSR:
    ./app/progress-bar/page.tsx [Client Component SSR]
    ./app/progress-bar/page.tsx [Server Component] @ http://localhost:4200/_next/static/chunks/0aus_next_dist_00tg.dm._.js:1945
[    4462ms] [ERROR] ./app/progress-bar/page.tsx:20:1
Export designsPrompt doesn't exist in target module
  18 | } from "@/components/progress-inspector";
  19 | import { copyText } from "@/lib/utils";
> 20 | import { designsPrompt, INSTALL_CMD, usageSnippet } from "./snippet";
     | ^^^^^^^^^^^^^^^^^^^^^^^^^^^^^^^^^^^^^^^^^^^^^^^^^^^^^^^^^^^^^^^^^^^^^
  21 |
  22 | // Two looks, each with a light and a dark base. The page follows the app theme;
  23 | // the only choice it offers is which look you're editing. Name + value together

The export designsPrompt was not found in module [project]/app/progress-bar/snippet.ts [app-ssr] (ecmascript).
Did you mean to import designPrompt?
All exports of the module are statically known (It doesn't have dynamic exports). So it's known statically that the requested export doesn't exist.

Import traces:
  Client Component Browser:
    ./app/progress-bar/page.tsx [Client Component Browser]
    ./app/progress-bar/page.tsx [Server Component]

  Client Component SSR:
    ./app/progress-bar/page.tsx [Client Component SSR]
    ./app/progress-bar/page.tsx [Server Component] @ http://localhost:4200/_next/static/chunks/0aus_next_dist_00tg.dm._.js:1945
[    4530ms] [ERROR] ./app/progress-bar/page.tsx:20:1
Export designsPrompt doesn't exist in target module
  18 | } from "@/components/progress-inspector";
  19 | import { copyText } from "@/lib/utils";
> 20 | import { designsPrompt, INSTALL_CMD, usageSnippet } from "./snippet";
     | ^^^^^^^^^^^^^^^^^^^^^^^^^^^^^^^^^^^^^^^^^^^^^^^^^^^^^^^^^^^^^^^^^^^^^
  21 |
  22 | // Two looks, each with a light and a dark base. The page follows the app theme;
  23 | // the only choice it offers is which look you're editing. Name + value together

The export designsPrompt was not found in module [project]/app/progress-bar/snippet.ts [app-client] (ecmascript).
Did you mean to import designPrompt?
All exports of the module are statically known (It doesn't have dynamic exports). So it's known statically that the requested export doesn't exist.

Import traces:
  Client Component Browser:
    ./app/progress-bar/page.tsx [Client Component Browser]
    ./app/progress-bar/page.tsx [Server Component]

  Client Component SSR:
    ./app/progress-bar/page.tsx [Client Component SSR]
    ./app/progress-bar/page.tsx [Server Component] @ http://localhost:4200/_next/static/chunks/0aus_next_dist_00tg.dm._.js:1945
[    4530ms] [ERROR] ./app/progress-bar/page.tsx:20:1
Export designsPrompt doesn't exist in target module
  18 | } from "@/components/progress-inspector";
  19 | import { copyText } from "@/lib/utils";
> 20 | import { designsPrompt, INSTALL_CMD, usageSnippet } from "./snippet";
     | ^^^^^^^^^^^^^^^^^^^^^^^^^^^^^^^^^^^^^^^^^^^^^^^^^^^^^^^^^^^^^^^^^^^^^
  21 |
  22 | // Two looks, each with a light and a dark base. The page follows the app theme;
  23 | // the only choice it offers is which look you're editing. Name + value together

The export designsPrompt was not found in module [project]/app/progress-bar/snippet.ts [app-ssr] (ecmascript).
Did you mean to import designPrompt?
All exports of the module are statically known (It doesn't have dynamic exports). So it's known statically that the requested export doesn't exist.

Import traces:
  Client Component Browser:
    ./app/progress-bar/page.tsx [Client Component Browser]
    ./app/progress-bar/page.tsx [Server Component]

  Client Component SSR:
    ./app/progress-bar/page.tsx [Client Component SSR]
    ./app/progress-bar/page.tsx [Server Component] @ http://localhost:4200/_next/static/chunks/0aus_next_dist_00tg.dm._.js:1945
[    4599ms] [ERROR] ./app/progress-bar/page.tsx:20:1
Export designsPrompt doesn't exist in target module
  18 | } from "@/components/progress-inspector";
  19 | import { copyText } from "@/lib/utils";
> 20 | import { designsPrompt, INSTALL_CMD, usageSnippet } from "./snippet";
     | ^^^^^^^^^^^^^^^^^^^^^^^^^^^^^^^^^^^^^^^^^^^^^^^^^^^^^^^^^^^^^^^^^^^^^
  21 |
  22 | // Two looks, each with a light and a dark base. The page follows the app theme;
  23 | // the only choice it offers is which look you're editing. Name + value together

The export designsPrompt was not found in module [project]/app/progress-bar/snippet.ts [app-client] (ecmascript).
Did you mean to import designPrompt?
All exports of the module are statically known (It doesn't have dynamic exports). So it's known statically that the requested export doesn't exist.

Import traces:
  Client Component Browser:
    ./app/progress-bar/page.tsx [Client Component Browser]
    ./app/progress-bar/page.tsx [Server Component]

  Client Component SSR:
    ./app/progress-bar/page.tsx [Client Component SSR]
    ./app/progress-bar/page.tsx [Server Component] @ http://localhost:4200/_next/static/chunks/0aus_next_dist_00tg.dm._.js:1945
[    4599ms] [ERROR] ./app/progress-bar/page.tsx:20:1
Export designsPrompt doesn't exist in target module
  18 | } from "@/components/progress-inspector";
  19 | import { copyText } from "@/lib/utils";
> 20 | import { designsPrompt, INSTALL_CMD, usageSnippet } from "./snippet";
     | ^^^^^^^^^^^^^^^^^^^^^^^^^^^^^^^^^^^^^^^^^^^^^^^^^^^^^^^^^^^^^^^^^^^^^
  21 |
  22 | // Two looks, each with a light and a dark base. The page follows the app theme;
  23 | // the only choice it offers is which look you're editing. Name + value together

The export designsPrompt was not found in module [project]/app/progress-bar/snippet.ts [app-ssr] (ecmascript).
Did you mean to import designPrompt?
All exports of the module are statically known (It doesn't have dynamic exports). So it's known statically that the requested export doesn't exist.

Import traces:
  Client Component Browser:
    ./app/progress-bar/page.tsx [Client Component Browser]
    ./app/progress-bar/page.tsx [Server Component]

  Client Component SSR:
    ./app/progress-bar/page.tsx [Client Component SSR]
    ./app/progress-bar/page.tsx [Server Component] @ http://localhost:4200/_next/static/chunks/0aus_next_dist_00tg.dm._.js:1945
[    4665ms] [ERROR] ./app/progress-bar/page.tsx:20:1
Export designsPrompt doesn't exist in target module
  18 | } from "@/components/progress-inspector";
  19 | import { copyText } from "@/lib/utils";
> 20 | import { designsPrompt, INSTALL_CMD, usageSnippet } from "./snippet";
     | ^^^^^^^^^^^^^^^^^^^^^^^^^^^^^^^^^^^^^^^^^^^^^^^^^^^^^^^^^^^^^^^^^^^^^
  21 |
  22 | // Two looks, each with a light and a dark base. The page follows the app theme;
  23 | // the only choice it offers is which look you're editing. Name + value together

The export designsPrompt was not found in module [project]/app/progress-bar/snippet.ts [app-client] (ecmascript).
Did you mean to import designPrompt?
All exports of the module are statically known (It doesn't have dynamic exports). So it's known statically that the requested export doesn't exist.

Import traces:
  Client Component Browser:
    ./app/progress-bar/page.tsx [Client Component Browser]
    ./app/progress-bar/page.tsx [Server Component]

  Client Component SSR:
    ./app/progress-bar/page.tsx [Client Component SSR]
    ./app/progress-bar/page.tsx [Server Component] @ http://localhost:4200/_next/static/chunks/0aus_next_dist_00tg.dm._.js:1945
[    4665ms] [ERROR] ./app/progress-bar/page.tsx:20:1
Export designsPrompt doesn't exist in target module
  18 | } from "@/components/progress-inspector";
  19 | import { copyText } from "@/lib/utils";
> 20 | import { designsPrompt, INSTALL_CMD, usageSnippet } from "./snippet";
     | ^^^^^^^^^^^^^^^^^^^^^^^^^^^^^^^^^^^^^^^^^^^^^^^^^^^^^^^^^^^^^^^^^^^^^
  21 |
  22 | // Two looks, each with a light and a dark base. The page follows the app theme;
  23 | // the only choice it offers is which look you're editing. Name + value together

The export designsPrompt was not found in module [project]/app/progress-bar/snippet.ts [app-ssr] (ecmascript).
Did you mean to import designPrompt?
All exports of the module are statically known (It doesn't have dynamic exports). So it's known statically that the requested export doesn't exist.

Import traces:
  Client Component Browser:
    ./app/progress-bar/page.tsx [Client Component Browser]
    ./app/progress-bar/page.tsx [Server Component]

  Client Component SSR:
    ./app/progress-bar/page.tsx [Client Component SSR]
    ./app/progress-bar/page.tsx [Server Component] @ http://localhost:4200/_next/static/chunks/0aus_next_dist_00tg.dm._.js:1945
[    4731ms] [ERROR] ./app/progress-bar/page.tsx:20:1
Export designsPrompt doesn't exist in target module
  18 | } from "@/components/progress-inspector";
  19 | import { copyText } from "@/lib/utils";
> 20 | import { designsPrompt, INSTALL_CMD, usageSnippet } from "./snippet";
     | ^^^^^^^^^^^^^^^^^^^^^^^^^^^^^^^^^^^^^^^^^^^^^^^^^^^^^^^^^^^^^^^^^^^^^
  21 |
  22 | // Two looks, each with a light and a dark base. The page follows the app theme;
  23 | // the only choice it offers is which look you're editing. Name + value together

The export designsPrompt was not found in module [project]/app/progress-bar/snippet.ts [app-client] (ecmascript).
Did you mean to import designPrompt?
All exports of the module are statically known (It doesn't have dynamic exports). So it's known statically that the requested export doesn't exist.

Import traces:
  Client Component Browser:
    ./app/progress-bar/page.tsx [Client Component Browser]
    ./app/progress-bar/page.tsx [Server Component]

  Client Component SSR:
    ./app/progress-bar/page.tsx [Client Component SSR]
    ./app/progress-bar/page.tsx [Server Component] @ http://localhost:4200/_next/static/chunks/0aus_next_dist_00tg.dm._.js:1945
[    4731ms] [ERROR] ./app/progress-bar/page.tsx:20:1
Export designsPrompt doesn't exist in target module
  18 | } from "@/components/progress-inspector";
  19 | import { copyText } from "@/lib/utils";
> 20 | import { designsPrompt, INSTALL_CMD, usageSnippet } from "./snippet";
     | ^^^^^^^^^^^^^^^^^^^^^^^^^^^^^^^^^^^^^^^^^^^^^^^^^^^^^^^^^^^^^^^^^^^^^
  21 |
  22 | // Two looks, each with a light and a dark base. The page follows the app theme;
  23 | // the only choice it offers is which look you're editing. Name + value together

The export designsPrompt was not found in module [project]/app/progress-bar/snippet.ts [app-ssr] (ecmascript).
Did you mean to import designPrompt?
All exports of the module are statically known (It doesn't have dynamic exports). So it's known statically that the requested export doesn't exist.

Import traces:
  Client Component Browser:
    ./app/progress-bar/page.tsx [Client Component Browser]
    ./app/progress-bar/page.tsx [Server Component]

  Client Component SSR:
    ./app/progress-bar/page.tsx [Client Component SSR]
    ./app/progress-bar/page.tsx [Server Component] @ http://localhost:4200/_next/static/chunks/0aus_next_dist_00tg.dm._.js:1945
[    4798ms] [ERROR] ./app/progress-bar/page.tsx:20:1
Export designsPrompt doesn't exist in target module
  18 | } from "@/components/progress-inspector";
  19 | import { copyText } from "@/lib/utils";
> 20 | import { designsPrompt, INSTALL_CMD, usageSnippet } from "./snippet";
     | ^^^^^^^^^^^^^^^^^^^^^^^^^^^^^^^^^^^^^^^^^^^^^^^^^^^^^^^^^^^^^^^^^^^^^
  21 |
  22 | // Two looks, each with a light and a dark base. The page follows the app theme;
  23 | // the only choice it offers is which look you're editing. Name + value together

The export designsPrompt was not found in module [project]/app/progress-bar/snippet.ts [app-client] (ecmascript).
Did you mean to import designPrompt?
All exports of the module are statically known (It doesn't have dynamic exports). So it's known statically that the requested export doesn't exist.

Import traces:
  Client Component Browser:
    ./app/progress-bar/page.tsx [Client Component Browser]
    ./app/progress-bar/page.tsx [Server Component]

  Client Component SSR:
    ./app/progress-bar/page.tsx [Client Component SSR]
    ./app/progress-bar/page.tsx [Server Component] @ http://localhost:4200/_next/static/chunks/0aus_next_dist_00tg.dm._.js:1945
[    4798ms] [ERROR] ./app/progress-bar/page.tsx:20:1
Export designsPrompt doesn't exist in target module
  18 | } from "@/components/progress-inspector";
  19 | import { copyText } from "@/lib/utils";
> 20 | import { designsPrompt, INSTALL_CMD, usageSnippet } from "./snippet";
     | ^^^^^^^^^^^^^^^^^^^^^^^^^^^^^^^^^^^^^^^^^^^^^^^^^^^^^^^^^^^^^^^^^^^^^
  21 |
  22 | // Two looks, each with a light and a dark base. The page follows the app theme;
  23 | // the only choice it offers is which look you're editing. Name + value together

The export designsPrompt was not found in module [project]/app/progress-bar/snippet.ts [app-ssr] (ecmascript).
Did you mean to import designPrompt?
All exports of the module are statically known (It doesn't have dynamic exports). So it's known statically that the requested export doesn't exist.

Import traces:
  Client Component Browser:
    ./app/progress-bar/page.tsx [Client Component Browser]
    ./app/progress-bar/page.tsx [Server Component]

  Client Component SSR:
    ./app/progress-bar/page.tsx [Client Component SSR]
    ./app/progress-bar/page.tsx [Server Component] @ http://localhost:4200/_next/static/chunks/0aus_next_dist_00tg.dm._.js:1945
[    4855ms] [ERROR] ./app/progress-bar/page.tsx:20:1
Export designsPrompt doesn't exist in target module
  18 | } from "@/components/progress-inspector";
  19 | import { copyText } from "@/lib/utils";
> 20 | import { designsPrompt, INSTALL_CMD, usageSnippet } from "./snippet";
     | ^^^^^^^^^^^^^^^^^^^^^^^^^^^^^^^^^^^^^^^^^^^^^^^^^^^^^^^^^^^^^^^^^^^^^
  21 |
  22 | // Two looks, each with a light and a dark base. The page follows the app theme;
  23 | // the only choice it offers is which look you're editing. Name + value together

The export designsPrompt was not found in module [project]/app/progress-bar/snippet.ts [app-client] (ecmascript).
Did you mean to import designPrompt?
All exports of the module are statically known (It doesn't have dynamic exports). So it's known statically that the requested export doesn't exist.

Import traces:
  Client Component Browser:
    ./app/progress-bar/page.tsx [Client Component Browser]
    ./app/progress-bar/page.tsx [Server Component]

  Client Component SSR:
    ./app/progress-bar/page.tsx [Client Component SSR]
    ./app/progress-bar/page.tsx [Server Component] @ http://localhost:4200/_next/static/chunks/0aus_next_dist_00tg.dm._.js:1945
[    4855ms] [ERROR] ./app/progress-bar/page.tsx:20:1
Export designsPrompt doesn't exist in target module
  18 | } from "@/components/progress-inspector";
  19 | import { copyText } from "@/lib/utils";
> 20 | import { designsPrompt, INSTALL_CMD, usageSnippet } from "./snippet";
     | ^^^^^^^^^^^^^^^^^^^^^^^^^^^^^^^^^^^^^^^^^^^^^^^^^^^^^^^^^^^^^^^^^^^^^
  21 |
  22 | // Two looks, each with a light and a dark base. The page follows the app theme;
  23 | // the only choice it offers is which look you're editing. Name + value together

The export designsPrompt was not found in module [project]/app/progress-bar/snippet.ts [app-ssr] (ecmascript).
Did you mean to import designPrompt?
All exports of the module are statically known (It doesn't have dynamic exports). So it's known statically that the requested export doesn't exist.

Import traces:
  Client Component Browser:
    ./app/progress-bar/page.tsx [Client Component Browser]
    ./app/progress-bar/page.tsx [Server Component]

  Client Component SSR:
    ./app/progress-bar/page.tsx [Client Component SSR]
    ./app/progress-bar/page.tsx [Server Component] @ http://localhost:4200/_next/static/chunks/0aus_next_dist_00tg.dm._.js:1945
[    4922ms] [ERROR] ./app/progress-bar/page.tsx:20:1
Export designsPrompt doesn't exist in target module
  18 | } from "@/components/progress-inspector";
  19 | import { copyText } from "@/lib/utils";
> 20 | import { designsPrompt, INSTALL_CMD, usageSnippet } from "./snippet";
     | ^^^^^^^^^^^^^^^^^^^^^^^^^^^^^^^^^^^^^^^^^^^^^^^^^^^^^^^^^^^^^^^^^^^^^
  21 |
  22 | // Two looks, each with a light and a dark base. The page follows the app theme;
  23 | // the only choice it offers is which look you're editing. Name + value together

The export designsPrompt was not found in module [project]/app/progress-bar/snippet.ts [app-client] (ecmascript).
Did you mean to import designPrompt?
All exports of the module are statically known (It doesn't have dynamic exports). So it's known statically that the requested export doesn't exist.

Import traces:
  Client Component Browser:
    ./app/progress-bar/page.tsx [Client Component Browser]
    ./app/progress-bar/page.tsx [Server Component]

  Client Component SSR:
    ./app/progress-bar/page.tsx [Client Component SSR]
    ./app/progress-bar/page.tsx [Server Component] @ http://localhost:4200/_next/static/chunks/0aus_next_dist_00tg.dm._.js:1945
[    4922ms] [ERROR] ./app/progress-bar/page.tsx:20:1
Export designsPrompt doesn't exist in target module
  18 | } from "@/components/progress-inspector";
  19 | import { copyText } from "@/lib/utils";
> 20 | import { designsPrompt, INSTALL_CMD, usageSnippet } from "./snippet";
     | ^^^^^^^^^^^^^^^^^^^^^^^^^^^^^^^^^^^^^^^^^^^^^^^^^^^^^^^^^^^^^^^^^^^^^
  21 |
  22 | // Two looks, each with a light and a dark base. The page follows the app theme;
  23 | // the only choice it offers is which look you're editing. Name + value together

The export designsPrompt was not found in module [project]/app/progress-bar/snippet.ts [app-ssr] (ecmascript).
Did you mean to import designPrompt?
All exports of the module are statically known (It doesn't have dynamic exports). So it's known statically that the requested export doesn't exist.

Import traces:
  Client Component Browser:
    ./app/progress-bar/page.tsx [Client Component Browser]
    ./app/progress-bar/page.tsx [Server Component]

  Client Component SSR:
    ./app/progress-bar/page.tsx [Client Component SSR]
    ./app/progress-bar/page.tsx [Server Component] @ http://localhost:4200/_next/static/chunks/0aus_next_dist_00tg.dm._.js:1945
[    4989ms] [ERROR] ./app/progress-bar/page.tsx:20:1
Export designsPrompt doesn't exist in target module
  18 | } from "@/components/progress-inspector";
  19 | import { copyText } from "@/lib/utils";
> 20 | import { designsPrompt, INSTALL_CMD, usageSnippet } from "./snippet";
     | ^^^^^^^^^^^^^^^^^^^^^^^^^^^^^^^^^^^^^^^^^^^^^^^^^^^^^^^^^^^^^^^^^^^^^
  21 |
  22 | // Two looks, each with a light and a dark base. The page follows the app theme;
  23 | // the only choice it offers is which look you're editing. Name + value together

The export designsPrompt was not found in module [project]/app/progress-bar/snippet.ts [app-client] (ecmascript).
Did you mean to import designPrompt?
All exports of the module are statically known (It doesn't have dynamic exports). So it's known statically that the requested export doesn't exist.

Import traces:
  Client Component Browser:
    ./app/progress-bar/page.tsx [Client Component Browser]
    ./app/progress-bar/page.tsx [Server Component]

  Client Component SSR:
    ./app/progress-bar/page.tsx [Client Component SSR]
    ./app/progress-bar/page.tsx [Server Component] @ http://localhost:4200/_next/static/chunks/0aus_next_dist_00tg.dm._.js:1945
[    4989ms] [ERROR] ./app/progress-bar/page.tsx:20:1
Export designsPrompt doesn't exist in target module
  18 | } from "@/components/progress-inspector";
  19 | import { copyText } from "@/lib/utils";
> 20 | import { designsPrompt, INSTALL_CMD, usageSnippet } from "./snippet";
     | ^^^^^^^^^^^^^^^^^^^^^^^^^^^^^^^^^^^^^^^^^^^^^^^^^^^^^^^^^^^^^^^^^^^^^
  21 |
  22 | // Two looks, each with a light and a dark base. The page follows the app theme;
  23 | // the only choice it offers is which look you're editing. Name + value together

The export designsPrompt was not found in module [project]/app/progress-bar/snippet.ts [app-ssr] (ecmascript).
Did you mean to import designPrompt?
All exports of the module are statically known (It doesn't have dynamic exports). So it's known statically that the requested export doesn't exist.

Import traces:
  Client Component Browser:
    ./app/progress-bar/page.tsx [Client Component Browser]
    ./app/progress-bar/page.tsx [Server Component]

  Client Component SSR:
    ./app/progress-bar/page.tsx [Client Component SSR]
    ./app/progress-bar/page.tsx [Server Component] @ http://localhost:4200/_next/static/chunks/0aus_next_dist_00tg.dm._.js:1945
[    5057ms] [ERROR] ./app/progress-bar/page.tsx:20:1
Export designsPrompt doesn't exist in target module
  18 | } from "@/components/progress-inspector";
  19 | import { copyText } from "@/lib/utils";
> 20 | import { designsPrompt, INSTALL_CMD, usageSnippet } from "./snippet";
     | ^^^^^^^^^^^^^^^^^^^^^^^^^^^^^^^^^^^^^^^^^^^^^^^^^^^^^^^^^^^^^^^^^^^^^
  21 |
  22 | // Two looks, each with a light and a dark base. The page follows the app theme;
  23 | // the only choice it offers is which look you're editing. Name + value together

The export designsPrompt was not found in module [project]/app/progress-bar/snippet.ts [app-client] (ecmascript).
Did you mean to import designPrompt?
All exports of the module are statically known (It doesn't have dynamic exports). So it's known statically that the requested export doesn't exist.

Import traces:
  Client Component Browser:
    ./app/progress-bar/page.tsx [Client Component Browser]
    ./app/progress-bar/page.tsx [Server Component]

  Client Component SSR:
    ./app/progress-bar/page.tsx [Client Component SSR]
    ./app/progress-bar/page.tsx [Server Component] @ http://localhost:4200/_next/static/chunks/0aus_next_dist_00tg.dm._.js:1945
[    5057ms] [ERROR] ./app/progress-bar/page.tsx:20:1
Export designsPrompt doesn't exist in target module
  18 | } from "@/components/progress-inspector";
  19 | import { copyText } from "@/lib/utils";
> 20 | import { designsPrompt, INSTALL_CMD, usageSnippet } from "./snippet";
     | ^^^^^^^^^^^^^^^^^^^^^^^^^^^^^^^^^^^^^^^^^^^^^^^^^^^^^^^^^^^^^^^^^^^^^
  21 |
  22 | // Two looks, each with a light and a dark base. The page follows the app theme;
  23 | // the only choice it offers is which look you're editing. Name + value together

The export designsPrompt was not found in module [project]/app/progress-bar/snippet.ts [app-ssr] (ecmascript).
Did you mean to import designPrompt?
All exports of the module are statically known (It doesn't have dynamic exports). So it's known statically that the requested export doesn't exist.

Import traces:
  Client Component Browser:
    ./app/progress-bar/page.tsx [Client Component Browser]
    ./app/progress-bar/page.tsx [Server Component]

  Client Component SSR:
    ./app/progress-bar/page.tsx [Client Component SSR]
    ./app/progress-bar/page.tsx [Server Component] @ http://localhost:4200/_next/static/chunks/0aus_next_dist_00tg.dm._.js:1945
[    5125ms] [ERROR] ./app/progress-bar/page.tsx:20:1
Export designsPrompt doesn't exist in target module
  18 | } from "@/components/progress-inspector";
  19 | import { copyText } from "@/lib/utils";
> 20 | import { designsPrompt, INSTALL_CMD, usageSnippet } from "./snippet";
     | ^^^^^^^^^^^^^^^^^^^^^^^^^^^^^^^^^^^^^^^^^^^^^^^^^^^^^^^^^^^^^^^^^^^^^
  21 |
  22 | // Two looks, each with a light and a dark base. The page follows the app theme;
  23 | // the only choice it offers is which look you're editing. Name + value together

The export designsPrompt was not found in module [project]/app/progress-bar/snippet.ts [app-client] (ecmascript).
Did you mean to import designPrompt?
All exports of the module are statically known (It doesn't have dynamic exports). So it's known statically that the requested export doesn't exist.

Import traces:
  Client Component Browser:
    ./app/progress-bar/page.tsx [Client Component Browser]
    ./app/progress-bar/page.tsx [Server Component]

  Client Component SSR:
    ./app/progress-bar/page.tsx [Client Component SSR]
    ./app/progress-bar/page.tsx [Server Component] @ http://localhost:4200/_next/static/chunks/0aus_next_dist_00tg.dm._.js:1945
[    5125ms] [ERROR] ./app/progress-bar/page.tsx:20:1
Export designsPrompt doesn't exist in target module
  18 | } from "@/components/progress-inspector";
  19 | import { copyText } from "@/lib/utils";
> 20 | import { designsPrompt, INSTALL_CMD, usageSnippet } from "./snippet";
     | ^^^^^^^^^^^^^^^^^^^^^^^^^^^^^^^^^^^^^^^^^^^^^^^^^^^^^^^^^^^^^^^^^^^^^
  21 |
  22 | // Two looks, each with a light and a dark base. The page follows the app theme;
  23 | // the only choice it offers is which look you're editing. Name + value together

The export designsPrompt was not found in module [project]/app/progress-bar/snippet.ts [app-ssr] (ecmascript).
Did you mean to import designPrompt?
All exports of the module are statically known (It doesn't have dynamic exports). So it's known statically that the requested export doesn't exist.

Import traces:
  Client Component Browser:
    ./app/progress-bar/page.tsx [Client Component Browser]
    ./app/progress-bar/page.tsx [Server Component]

  Client Component SSR:
    ./app/progress-bar/page.tsx [Client Component SSR]
    ./app/progress-bar/page.tsx [Server Component] @ http://localhost:4200/_next/static/chunks/0aus_next_dist_00tg.dm._.js:1945
[    5192ms] [ERROR] ./app/progress-bar/page.tsx:20:1
Export designsPrompt doesn't exist in target module
  18 | } from "@/components/progress-inspector";
  19 | import { copyText } from "@/lib/utils";
> 20 | import { designsPrompt, INSTALL_CMD, usageSnippet } from "./snippet";
     | ^^^^^^^^^^^^^^^^^^^^^^^^^^^^^^^^^^^^^^^^^^^^^^^^^^^^^^^^^^^^^^^^^^^^^
  21 |
  22 | // Two looks, each with a light and a dark base. The page follows the app theme;
  23 | // the only choice it offers is which look you're editing. Name + value together

The export designsPrompt was not found in module [project]/app/progress-bar/snippet.ts [app-client] (ecmascript).
Did you mean to import designPrompt?
All exports of the module are statically known (It doesn't have dynamic exports). So it's known statically that the requested export doesn't exist.

Import traces:
  Client Component Browser:
    ./app/progress-bar/page.tsx [Client Component Browser]
    ./app/progress-bar/page.tsx [Server Component]

  Client Component SSR:
    ./app/progress-bar/page.tsx [Client Component SSR]
    ./app/progress-bar/page.tsx [Server Component] @ http://localhost:4200/_next/static/chunks/0aus_next_dist_00tg.dm._.js:1945
[    5192ms] [ERROR] ./app/progress-bar/page.tsx:20:1
Export designsPrompt doesn't exist in target module
  18 | } from "@/components/progress-inspector";
  19 | import { copyText } from "@/lib/utils";
> 20 | import { designsPrompt, INSTALL_CMD, usageSnippet } from "./snippet";
     | ^^^^^^^^^^^^^^^^^^^^^^^^^^^^^^^^^^^^^^^^^^^^^^^^^^^^^^^^^^^^^^^^^^^^^
  21 |
  22 | // Two looks, each with a light and a dark base. The page follows the app theme;
  23 | // the only choice it offers is which look you're editing. Name + value together

The export designsPrompt was not found in module [project]/app/progress-bar/snippet.ts [app-ssr] (ecmascript).
Did you mean to import designPrompt?
All exports of the module are statically known (It doesn't have dynamic exports). So it's known statically that the requested export doesn't exist.

Import traces:
  Client Component Browser:
    ./app/progress-bar/page.tsx [Client Component Browser]
    ./app/progress-bar/page.tsx [Server Component]

  Client Component SSR:
    ./app/progress-bar/page.tsx [Client Component SSR]
    ./app/progress-bar/page.tsx [Server Component] @ http://localhost:4200/_next/static/chunks/0aus_next_dist_00tg.dm._.js:1945
[    5266ms] [ERROR] ./app/progress-bar/page.tsx:20:1
Export designsPrompt doesn't exist in target module
  18 | } from "@/components/progress-inspector";
  19 | import { copyText } from "@/lib/utils";
> 20 | import { designsPrompt, INSTALL_CMD, usageSnippet } from "./snippet";
     | ^^^^^^^^^^^^^^^^^^^^^^^^^^^^^^^^^^^^^^^^^^^^^^^^^^^^^^^^^^^^^^^^^^^^^
  21 |
  22 | // Two looks, each with a light and a dark base. The page follows the app theme;
  23 | // the only choice it offers is which look you're editing. Name + value together

The export designsPrompt was not found in module [project]/app/progress-bar/snippet.ts [app-client] (ecmascript).
Did you mean to import designPrompt?
All exports of the module are statically known (It doesn't have dynamic exports). So it's known statically that the requested export doesn't exist.

Import traces:
  Client Component Browser:
    ./app/progress-bar/page.tsx [Client Component Browser]
    ./app/progress-bar/page.tsx [Server Component]

  Client Component SSR:
    ./app/progress-bar/page.tsx [Client Component SSR]
    ./app/progress-bar/page.tsx [Server Component] @ http://localhost:4200/_next/static/chunks/0aus_next_dist_00tg.dm._.js:1945
[    5266ms] [ERROR] ./app/progress-bar/page.tsx:20:1
Export designsPrompt doesn't exist in target module
  18 | } from "@/components/progress-inspector";
  19 | import { copyText } from "@/lib/utils";
> 20 | import { designsPrompt, INSTALL_CMD, usageSnippet } from "./snippet";
     | ^^^^^^^^^^^^^^^^^^^^^^^^^^^^^^^^^^^^^^^^^^^^^^^^^^^^^^^^^^^^^^^^^^^^^
  21 |
  22 | // Two looks, each with a light and a dark base. The page follows the app theme;
  23 | // the only choice it offers is which look you're editing. Name + value together

The export designsPrompt was not found in module [project]/app/progress-bar/snippet.ts [app-ssr] (ecmascript).
Did you mean to import designPrompt?
All exports of the module are statically known (It doesn't have dynamic exports). So it's known statically that the requested export doesn't exist.

Import traces:
  Client Component Browser:
    ./app/progress-bar/page.tsx [Client Component Browser]
    ./app/progress-bar/page.tsx [Server Component]

  Client Component SSR:
    ./app/progress-bar/page.tsx [Client Component SSR]
    ./app/progress-bar/page.tsx [Server Component] @ http://localhost:4200/_next/static/chunks/0aus_next_dist_00tg.dm._.js:1945
[    5346ms] [ERROR] ./app/progress-bar/page.tsx:20:1
Export designsPrompt doesn't exist in target module
  18 | } from "@/components/progress-inspector";
  19 | import { copyText } from "@/lib/utils";
> 20 | import { designsPrompt, INSTALL_CMD, usageSnippet } from "./snippet";
     | ^^^^^^^^^^^^^^^^^^^^^^^^^^^^^^^^^^^^^^^^^^^^^^^^^^^^^^^^^^^^^^^^^^^^^
  21 |
  22 | // Two looks, each with a light and a dark base. The page follows the app theme;
  23 | // the only choice it offers is which look you're editing. Name + value together

The export designsPrompt was not found in module [project]/app/progress-bar/snippet.ts [app-client] (ecmascript).
Did you mean to import designPrompt?
All exports of the module are statically known (It doesn't have dynamic exports). So it's known statically that the requested export doesn't exist.

Import traces:
  Client Component Browser:
    ./app/progress-bar/page.tsx [Client Component Browser]
    ./app/progress-bar/page.tsx [Server Component]

  Client Component SSR:
    ./app/progress-bar/page.tsx [Client Component SSR]
    ./app/progress-bar/page.tsx [Server Component] @ http://localhost:4200/_next/static/chunks/0aus_next_dist_00tg.dm._.js:1945
[    5346ms] [ERROR] ./app/progress-bar/page.tsx:20:1
Export designsPrompt doesn't exist in target module
  18 | } from "@/components/progress-inspector";
  19 | import { copyText } from "@/lib/utils";
> 20 | import { designsPrompt, INSTALL_CMD, usageSnippet } from "./snippet";
     | ^^^^^^^^^^^^^^^^^^^^^^^^^^^^^^^^^^^^^^^^^^^^^^^^^^^^^^^^^^^^^^^^^^^^^
  21 |
  22 | // Two looks, each with a light and a dark base. The page follows the app theme;
  23 | // the only choice it offers is which look you're editing. Name + value together

The export designsPrompt was not found in module [project]/app/progress-bar/snippet.ts [app-ssr] (ecmascript).
Did you mean to import designPrompt?
All exports of the module are statically known (It doesn't have dynamic exports). So it's known statically that the requested export doesn't exist.

Import traces:
  Client Component Browser:
    ./app/progress-bar/page.tsx [Client Component Browser]
    ./app/progress-bar/page.tsx [Server Component]

  Client Component SSR:
    ./app/progress-bar/page.tsx [Client Component SSR]
    ./app/progress-bar/page.tsx [Server Component] @ http://localhost:4200/_next/static/chunks/0aus_next_dist_00tg.dm._.js:1945
[    5414ms] [ERROR] ./app/progress-bar/page.tsx:20:1
Export designsPrompt doesn't exist in target module
  18 | } from "@/components/progress-inspector";
  19 | import { copyText } from "@/lib/utils";
> 20 | import { designsPrompt, INSTALL_CMD, usageSnippet } from "./snippet";
     | ^^^^^^^^^^^^^^^^^^^^^^^^^^^^^^^^^^^^^^^^^^^^^^^^^^^^^^^^^^^^^^^^^^^^^
  21 |
  22 | // Two looks, each with a light and a dark base. The page follows the app theme;
  23 | // the only choice it offers is which look you're editing. Name + value together

The export designsPrompt was not found in module [project]/app/progress-bar/snippet.ts [app-client] (ecmascript).
Did you mean to import designPrompt?
All exports of the module are statically known (It doesn't have dynamic exports). So it's known statically that the requested export doesn't exist.

Import traces:
  Client Component Browser:
    ./app/progress-bar/page.tsx [Client Component Browser]
    ./app/progress-bar/page.tsx [Server Component]

  Client Component SSR:
    ./app/progress-bar/page.tsx [Client Component SSR]
    ./app/progress-bar/page.tsx [Server Component] @ http://localhost:4200/_next/static/chunks/0aus_next_dist_00tg.dm._.js:1945
[    5414ms] [ERROR] ./app/progress-bar/page.tsx:20:1
Export designsPrompt doesn't exist in target module
  18 | } from "@/components/progress-inspector";
  19 | import { copyText } from "@/lib/utils";
> 20 | import { designsPrompt, INSTALL_CMD, usageSnippet } from "./snippet";
     | ^^^^^^^^^^^^^^^^^^^^^^^^^^^^^^^^^^^^^^^^^^^^^^^^^^^^^^^^^^^^^^^^^^^^^
  21 |
  22 | // Two looks, each with a light and a dark base. The page follows the app theme;
  23 | // the only choice it offers is which look you're editing. Name + value together

The export designsPrompt was not found in module [project]/app/progress-bar/snippet.ts [app-ssr] (ecmascript).
Did you mean to import designPrompt?
All exports of the module are statically known (It doesn't have dynamic exports). So it's known statically that the requested export doesn't exist.

Import traces:
  Client Component Browser:
    ./app/progress-bar/page.tsx [Client Component Browser]
    ./app/progress-bar/page.tsx [Server Component]

  Client Component SSR:
    ./app/progress-bar/page.tsx [Client Component SSR]
    ./app/progress-bar/page.tsx [Server Component] @ http://localhost:4200/_next/static/chunks/0aus_next_dist_00tg.dm._.js:1945
[    5481ms] [ERROR] ./app/progress-bar/page.tsx:20:1
Export designsPrompt doesn't exist in target module
  18 | } from "@/components/progress-inspector";
  19 | import { copyText } from "@/lib/utils";
> 20 | import { designsPrompt, INSTALL_CMD, usageSnippet } from "./snippet";
     | ^^^^^^^^^^^^^^^^^^^^^^^^^^^^^^^^^^^^^^^^^^^^^^^^^^^^^^^^^^^^^^^^^^^^^
  21 |
  22 | // Two looks, each with a light and a dark base. The page follows the app theme;
  23 | // the only choice it offers is which look you're editing. Name + value together

The export designsPrompt was not found in module [project]/app/progress-bar/snippet.ts [app-client] (ecmascript).
Did you mean to import designPrompt?
All exports of the module are statically known (It doesn't have dynamic exports). So it's known statically that the requested export doesn't exist.

Import traces:
  Client Component Browser:
    ./app/progress-bar/page.tsx [Client Component Browser]
    ./app/progress-bar/page.tsx [Server Component]

  Client Component SSR:
    ./app/progress-bar/page.tsx [Client Component SSR]
    ./app/progress-bar/page.tsx [Server Component] @ http://localhost:4200/_next/static/chunks/0aus_next_dist_00tg.dm._.js:1945
[    5481ms] [ERROR] ./app/progress-bar/page.tsx:20:1
Export designsPrompt doesn't exist in target module
  18 | } from "@/components/progress-inspector";
  19 | import { copyText } from "@/lib/utils";
> 20 | import { designsPrompt, INSTALL_CMD, usageSnippet } from "./snippet";
     | ^^^^^^^^^^^^^^^^^^^^^^^^^^^^^^^^^^^^^^^^^^^^^^^^^^^^^^^^^^^^^^^^^^^^^
  21 |
  22 | // Two looks, each with a light and a dark base. The page follows the app theme;
  23 | // the only choice it offers is which look you're editing. Name + value together

The export designsPrompt was not found in module [project]/app/progress-bar/snippet.ts [app-ssr] (ecmascript).
Did you mean to import designPrompt?
All exports of the module are statically known (It doesn't have dynamic exports). So it's known statically that the requested export doesn't exist.

Import traces:
  Client Component Browser:
    ./app/progress-bar/page.tsx [Client Component Browser]
    ./app/progress-bar/page.tsx [Server Component]

  Client Component SSR:
    ./app/progress-bar/page.tsx [Client Component SSR]
    ./app/progress-bar/page.tsx [Server Component] @ http://localhost:4200/_next/static/chunks/0aus_next_dist_00tg.dm._.js:1945
[    5547ms] [ERROR] ./app/progress-bar/page.tsx:20:1
Export designsPrompt doesn't exist in target module
  18 | } from "@/components/progress-inspector";
  19 | import { copyText } from "@/lib/utils";
> 20 | import { designsPrompt, INSTALL_CMD, usageSnippet } from "./snippet";
     | ^^^^^^^^^^^^^^^^^^^^^^^^^^^^^^^^^^^^^^^^^^^^^^^^^^^^^^^^^^^^^^^^^^^^^
  21 |
  22 | // Two looks, each with a light and a dark base. The page follows the app theme;
  23 | // the only choice it offers is which look you're editing. Name + value together

The export designsPrompt was not found in module [project]/app/progress-bar/snippet.ts [app-client] (ecmascript).
Did you mean to import designPrompt?
All exports of the module are statically known (It doesn't have dynamic exports). So it's known statically that the requested export doesn't exist.

Import traces:
  Client Component Browser:
    ./app/progress-bar/page.tsx [Client Component Browser]
    ./app/progress-bar/page.tsx [Server Component]

  Client Component SSR:
    ./app/progress-bar/page.tsx [Client Component SSR]
    ./app/progress-bar/page.tsx [Server Component] @ http://localhost:4200/_next/static/chunks/0aus_next_dist_00tg.dm._.js:1945
[    5547ms] [ERROR] ./app/progress-bar/page.tsx:20:1
Export designsPrompt doesn't exist in target module
  18 | } from "@/components/progress-inspector";
  19 | import { copyText } from "@/lib/utils";
> 20 | import { designsPrompt, INSTALL_CMD, usageSnippet } from "./snippet";
     | ^^^^^^^^^^^^^^^^^^^^^^^^^^^^^^^^^^^^^^^^^^^^^^^^^^^^^^^^^^^^^^^^^^^^^
  21 |
  22 | // Two looks, each with a light and a dark base. The page follows the app theme;
  23 | // the only choice it offers is which look you're editing. Name + value together

The export designsPrompt was not found in module [project]/app/progress-bar/snippet.ts [app-ssr] (ecmascript).
Did you mean to import designPrompt?
All exports of the module are statically known (It doesn't have dynamic exports). So it's known statically that the requested export doesn't exist.

Import traces:
  Client Component Browser:
    ./app/progress-bar/page.tsx [Client Component Browser]
    ./app/progress-bar/page.tsx [Server Component]

  Client Component SSR:
    ./app/progress-bar/page.tsx [Client Component SSR]
    ./app/progress-bar/page.tsx [Server Component] @ http://localhost:4200/_next/static/chunks/0aus_next_dist_00tg.dm._.js:1945
[    5615ms] [ERROR] ./app/progress-bar/page.tsx:20:1
Export designsPrompt doesn't exist in target module
  18 | } from "@/components/progress-inspector";
  19 | import { copyText } from "@/lib/utils";
> 20 | import { designsPrompt, INSTALL_CMD, usageSnippet } from "./snippet";
     | ^^^^^^^^^^^^^^^^^^^^^^^^^^^^^^^^^^^^^^^^^^^^^^^^^^^^^^^^^^^^^^^^^^^^^
  21 |
  22 | // Two looks, each with a light and a dark base. The page follows the app theme;
  23 | // the only choice it offers is which look you're editing. Name + value together

The export designsPrompt was not found in module [project]/app/progress-bar/snippet.ts [app-client] (ecmascript).
Did you mean to import designPrompt?
All exports of the module are statically known (It doesn't have dynamic exports). So it's known statically that the requested export doesn't exist.

Import traces:
  Client Component Browser:
    ./app/progress-bar/page.tsx [Client Component Browser]
    ./app/progress-bar/page.tsx [Server Component]

  Client Component SSR:
    ./app/progress-bar/page.tsx [Client Component SSR]
    ./app/progress-bar/page.tsx [Server Component] @ http://localhost:4200/_next/static/chunks/0aus_next_dist_00tg.dm._.js:1945
[    5615ms] [ERROR] ./app/progress-bar/page.tsx:20:1
Export designsPrompt doesn't exist in target module
  18 | } from "@/components/progress-inspector";
  19 | import { copyText } from "@/lib/utils";
> 20 | import { designsPrompt, INSTALL_CMD, usageSnippet } from "./snippet";
     | ^^^^^^^^^^^^^^^^^^^^^^^^^^^^^^^^^^^^^^^^^^^^^^^^^^^^^^^^^^^^^^^^^^^^^
  21 |
  22 | // Two looks, each with a light and a dark base. The page follows the app theme;
  23 | // the only choice it offers is which look you're editing. Name + value together

The export designsPrompt was not found in module [project]/app/progress-bar/snippet.ts [app-ssr] (ecmascript).
Did you mean to import designPrompt?
All exports of the module are statically known (It doesn't have dynamic exports). So it's known statically that the requested export doesn't exist.

Import traces:
  Client Component Browser:
    ./app/progress-bar/page.tsx [Client Component Browser]
    ./app/progress-bar/page.tsx [Server Component]

  Client Component SSR:
    ./app/progress-bar/page.tsx [Client Component SSR]
    ./app/progress-bar/page.tsx [Server Component] @ http://localhost:4200/_next/static/chunks/0aus_next_dist_00tg.dm._.js:1945
[    5686ms] [ERROR] ./app/progress-bar/page.tsx:20:1
Export designsPrompt doesn't exist in target module
  18 | } from "@/components/progress-inspector";
  19 | import { copyText } from "@/lib/utils";
> 20 | import { designsPrompt, INSTALL_CMD, usageSnippet } from "./snippet";
     | ^^^^^^^^^^^^^^^^^^^^^^^^^^^^^^^^^^^^^^^^^^^^^^^^^^^^^^^^^^^^^^^^^^^^^
  21 |
  22 | // Two looks, each with a light and a dark base. The page follows the app theme;
  23 | // the only choice it offers is which look you're editing. Name + value together

The export designsPrompt was not found in module [project]/app/progress-bar/snippet.ts [app-client] (ecmascript).
Did you mean to import designPrompt?
All exports of the module are statically known (It doesn't have dynamic exports). So it's known statically that the requested export doesn't exist.

Import traces:
  Client Component Browser:
    ./app/progress-bar/page.tsx [Client Component Browser]
    ./app/progress-bar/page.tsx [Server Component]

  Client Component SSR:
    ./app/progress-bar/page.tsx [Client Component SSR]
    ./app/progress-bar/page.tsx [Server Component] @ http://localhost:4200/_next/static/chunks/0aus_next_dist_00tg.dm._.js:1945
[    5686ms] [ERROR] ./app/progress-bar/page.tsx:20:1
Export designsPrompt doesn't exist in target module
  18 | } from "@/components/progress-inspector";
  19 | import { copyText } from "@/lib/utils";
> 20 | import { designsPrompt, INSTALL_CMD, usageSnippet } from "./snippet";
     | ^^^^^^^^^^^^^^^^^^^^^^^^^^^^^^^^^^^^^^^^^^^^^^^^^^^^^^^^^^^^^^^^^^^^^
  21 |
  22 | // Two looks, each with a light and a dark base. The page follows the app theme;
  23 | // the only choice it offers is which look you're editing. Name + value together

The export designsPrompt was not found in module [project]/app/progress-bar/snippet.ts [app-ssr] (ecmascript).
Did you mean to import designPrompt?
All exports of the module are statically known (It doesn't have dynamic exports). So it's known statically that the requested export doesn't exist.

Import traces:
  Client Component Browser:
    ./app/progress-bar/page.tsx [Client Component Browser]
    ./app/progress-bar/page.tsx [Server Component]

  Client Component SSR:
    ./app/progress-bar/page.tsx [Client Component SSR]
    ./app/progress-bar/page.tsx [Server Component] @ http://localhost:4200/_next/static/chunks/0aus_next_dist_00tg.dm._.js:1945
[    5754ms] [ERROR] ./app/progress-bar/page.tsx:20:1
Export designsPrompt doesn't exist in target module
  18 | } from "@/components/progress-inspector";
  19 | import { copyText } from "@/lib/utils";
> 20 | import { designsPrompt, INSTALL_CMD, usageSnippet } from "./snippet";
     | ^^^^^^^^^^^^^^^^^^^^^^^^^^^^^^^^^^^^^^^^^^^^^^^^^^^^^^^^^^^^^^^^^^^^^
  21 |
  22 | // Two looks, each with a light and a dark base. The page follows the app theme;
  23 | // the only choice it offers is which look you're editing. Name + value together

The export designsPrompt was not found in module [project]/app/progress-bar/snippet.ts [app-client] (ecmascript).
Did you mean to import designPrompt?
All exports of the module are statically known (It doesn't have dynamic exports). So it's known statically that the requested export doesn't exist.

Import traces:
  Client Component Browser:
    ./app/progress-bar/page.tsx [Client Component Browser]
    ./app/progress-bar/page.tsx [Server Component]

  Client Component SSR:
    ./app/progress-bar/page.tsx [Client Component SSR]
    ./app/progress-bar/page.tsx [Server Component] @ http://localhost:4200/_next/static/chunks/0aus_next_dist_00tg.dm._.js:1945
[    5754ms] [ERROR] ./app/progress-bar/page.tsx:20:1
Export designsPrompt doesn't exist in target module
  18 | } from "@/components/progress-inspector";
  19 | import { copyText } from "@/lib/utils";
> 20 | import { designsPrompt, INSTALL_CMD, usageSnippet } from "./snippet";
     | ^^^^^^^^^^^^^^^^^^^^^^^^^^^^^^^^^^^^^^^^^^^^^^^^^^^^^^^^^^^^^^^^^^^^^
  21 |
  22 | // Two looks, each with a light and a dark base. The page follows the app theme;
  23 | // the only choice it offers is which look you're editing. Name + value together

The export designsPrompt was not found in module [project]/app/progress-bar/snippet.ts [app-ssr] (ecmascript).
Did you mean to import designPrompt?
All exports of the module are statically known (It doesn't have dynamic exports). So it's known statically that the requested export doesn't exist.

Import traces:
  Client Component Browser:
    ./app/progress-bar/page.tsx [Client Component Browser]
    ./app/progress-bar/page.tsx [Server Component]

  Client Component SSR:
    ./app/progress-bar/page.tsx [Client Component SSR]
    ./app/progress-bar/page.tsx [Server Component] @ http://localhost:4200/_next/static/chunks/0aus_next_dist_00tg.dm._.js:1945
[    5827ms] [ERROR] ./app/progress-bar/page.tsx:20:1
Export designsPrompt doesn't exist in target module
  18 | } from "@/components/progress-inspector";
  19 | import { copyText } from "@/lib/utils";
> 20 | import { designsPrompt, INSTALL_CMD, usageSnippet } from "./snippet";
     | ^^^^^^^^^^^^^^^^^^^^^^^^^^^^^^^^^^^^^^^^^^^^^^^^^^^^^^^^^^^^^^^^^^^^^
  21 |
  22 | // Two looks, each with a light and a dark base. The page follows the app theme;
  23 | // the only choice it offers is which look you're editing. Name + value together

The export designsPrompt was not found in module [project]/app/progress-bar/snippet.ts [app-client] (ecmascript).
Did you mean to import designPrompt?
All exports of the module are statically known (It doesn't have dynamic exports). So it's known statically that the requested export doesn't exist.

Import traces:
  Client Component Browser:
    ./app/progress-bar/page.tsx [Client Component Browser]
    ./app/progress-bar/page.tsx [Server Component]

  Client Component SSR:
    ./app/progress-bar/page.tsx [Client Component SSR]
    ./app/progress-bar/page.tsx [Server Component] @ http://localhost:4200/_next/static/chunks/0aus_next_dist_00tg.dm._.js:1945
[    5827ms] [ERROR] ./app/progress-bar/page.tsx:20:1
Export designsPrompt doesn't exist in target module
  18 | } from "@/components/progress-inspector";
  19 | import { copyText } from "@/lib/utils";
> 20 | import { designsPrompt, INSTALL_CMD, usageSnippet } from "./snippet";
     | ^^^^^^^^^^^^^^^^^^^^^^^^^^^^^^^^^^^^^^^^^^^^^^^^^^^^^^^^^^^^^^^^^^^^^
  21 |
  22 | // Two looks, each with a light and a dark base. The page follows the app theme;
  23 | // the only choice it offers is which look you're editing. Name + value together

The export designsPrompt was not found in module [project]/app/progress-bar/snippet.ts [app-ssr] (ecmascript).
Did you mean to import designPrompt?
All exports of the module are statically known (It doesn't have dynamic exports). So it's known statically that the requested export doesn't exist.

Import traces:
  Client Component Browser:
    ./app/progress-bar/page.tsx [Client Component Browser]
    ./app/progress-bar/page.tsx [Server Component]

  Client Component SSR:
    ./app/progress-bar/page.tsx [Client Component SSR]
    ./app/progress-bar/page.tsx [Server Component] @ http://localhost:4200/_next/static/chunks/0aus_next_dist_00tg.dm._.js:1945
[    5898ms] [ERROR] ./app/progress-bar/page.tsx:20:1
Export designsPrompt doesn't exist in target module
  18 | } from "@/components/progress-inspector";
  19 | import { copyText } from "@/lib/utils";
> 20 | import { designsPrompt, INSTALL_CMD, usageSnippet } from "./snippet";
     | ^^^^^^^^^^^^^^^^^^^^^^^^^^^^^^^^^^^^^^^^^^^^^^^^^^^^^^^^^^^^^^^^^^^^^
  21 |
  22 | // Two looks, each with a light and a dark base. The page follows the app theme;
  23 | // the only choice it offers is which look you're editing. Name + value together

The export designsPrompt was not found in module [project]/app/progress-bar/snippet.ts [app-client] (ecmascript).
Did you mean to import designPrompt?
All exports of the module are statically known (It doesn't have dynamic exports). So it's known statically that the requested export doesn't exist.

Import traces:
  Client Component Browser:
    ./app/progress-bar/page.tsx [Client Component Browser]
    ./app/progress-bar/page.tsx [Server Component]

  Client Component SSR:
    ./app/progress-bar/page.tsx [Client Component SSR]
    ./app/progress-bar/page.tsx [Server Component] @ http://localhost:4200/_next/static/chunks/0aus_next_dist_00tg.dm._.js:1945
[    5898ms] [ERROR] ./app/progress-bar/page.tsx:20:1
Export designsPrompt doesn't exist in target module
  18 | } from "@/components/progress-inspector";
  19 | import { copyText } from "@/lib/utils";
> 20 | import { designsPrompt, INSTALL_CMD, usageSnippet } from "./snippet";
     | ^^^^^^^^^^^^^^^^^^^^^^^^^^^^^^^^^^^^^^^^^^^^^^^^^^^^^^^^^^^^^^^^^^^^^
  21 |
  22 | // Two looks, each with a light and a dark base. The page follows the app theme;
  23 | // the only choice it offers is which look you're editing. Name + value together

The export designsPrompt was not found in module [project]/app/progress-bar/snippet.ts [app-ssr] (ecmascript).
Did you mean to import designPrompt?
All exports of the module are statically known (It doesn't have dynamic exports). So it's known statically that the requested export doesn't exist.

Import traces:
  Client Component Browser:
    ./app/progress-bar/page.tsx [Client Component Browser]
    ./app/progress-bar/page.tsx [Server Component]

  Client Component SSR:
    ./app/progress-bar/page.tsx [Client Component SSR]
    ./app/progress-bar/page.tsx [Server Component] @ http://localhost:4200/_next/static/chunks/0aus_next_dist_00tg.dm._.js:1945
[    5970ms] [ERROR] ./app/progress-bar/page.tsx:20:1
Export designsPrompt doesn't exist in target module
  18 | } from "@/components/progress-inspector";
  19 | import { copyText } from "@/lib/utils";
> 20 | import { designsPrompt, INSTALL_CMD, usageSnippet } from "./snippet";
     | ^^^^^^^^^^^^^^^^^^^^^^^^^^^^^^^^^^^^^^^^^^^^^^^^^^^^^^^^^^^^^^^^^^^^^
  21 |
  22 | // Two looks, each with a light and a dark base. The page follows the app theme;
  23 | // the only choice it offers is which look you're editing. Name + value together

The export designsPrompt was not found in module [project]/app/progress-bar/snippet.ts [app-client] (ecmascript).
Did you mean to import designPrompt?
All exports of the module are statically known (It doesn't have dynamic exports). So it's known statically that the requested export doesn't exist.

Import traces:
  Client Component Browser:
    ./app/progress-bar/page.tsx [Client Component Browser]
    ./app/progress-bar/page.tsx [Server Component]

  Client Component SSR:
    ./app/progress-bar/page.tsx [Client Component SSR]
    ./app/progress-bar/page.tsx [Server Component] @ http://localhost:4200/_next/static/chunks/0aus_next_dist_00tg.dm._.js:1945
[    5970ms] [ERROR] ./app/progress-bar/page.tsx:20:1
Export designsPrompt doesn't exist in target module
  18 | } from "@/components/progress-inspector";
  19 | import { copyText } from "@/lib/utils";
> 20 | import { designsPrompt, INSTALL_CMD, usageSnippet } from "./snippet";
     | ^^^^^^^^^^^^^^^^^^^^^^^^^^^^^^^^^^^^^^^^^^^^^^^^^^^^^^^^^^^^^^^^^^^^^
  21 |
  22 | // Two looks, each with a light and a dark base. The page follows the app theme;
  23 | // the only choice it offers is which look you're editing. Name + value together

The export designsPrompt was not found in module [project]/app/progress-bar/snippet.ts [app-ssr] (ecmascript).
Did you mean to import designPrompt?
All exports of the module are statically known (It doesn't have dynamic exports). So it's known statically that the requested export doesn't exist.

Import traces:
  Client Component Browser:
    ./app/progress-bar/page.tsx [Client Component Browser]
    ./app/progress-bar/page.tsx [Server Component]

  Client Component SSR:
    ./app/progress-bar/page.tsx [Client Component SSR]
    ./app/progress-bar/page.tsx [Server Component] @ http://localhost:4200/_next/static/chunks/0aus_next_dist_00tg.dm._.js:1945
[    6037ms] [ERROR] ./app/progress-bar/page.tsx:20:1
Export designsPrompt doesn't exist in target module
  18 | } from "@/components/progress-inspector";
  19 | import { copyText } from "@/lib/utils";
> 20 | import { designsPrompt, INSTALL_CMD, usageSnippet } from "./snippet";
     | ^^^^^^^^^^^^^^^^^^^^^^^^^^^^^^^^^^^^^^^^^^^^^^^^^^^^^^^^^^^^^^^^^^^^^
  21 |
  22 | // Two looks, each with a light and a dark base. The page follows the app theme;
  23 | // the only choice it offers is which look you're editing. Name + value together

The export designsPrompt was not found in module [project]/app/progress-bar/snippet.ts [app-client] (ecmascript).
Did you mean to import designPrompt?
All exports of the module are statically known (It doesn't have dynamic exports). So it's known statically that the requested export doesn't exist.

Import traces:
  Client Component Browser:
    ./app/progress-bar/page.tsx [Client Component Browser]
    ./app/progress-bar/page.tsx [Server Component]

  Client Component SSR:
    ./app/progress-bar/page.tsx [Client Component SSR]
    ./app/progress-bar/page.tsx [Server Component] @ http://localhost:4200/_next/static/chunks/0aus_next_dist_00tg.dm._.js:1945
[    6038ms] [ERROR] ./app/progress-bar/page.tsx:20:1
Export designsPrompt doesn't exist in target module
  18 | } from "@/components/progress-inspector";
  19 | import { copyText } from "@/lib/utils";
> 20 | import { designsPrompt, INSTALL_CMD, usageSnippet } from "./snippet";
     | ^^^^^^^^^^^^^^^^^^^^^^^^^^^^^^^^^^^^^^^^^^^^^^^^^^^^^^^^^^^^^^^^^^^^^
  21 |
  22 | // Two looks, each with a light and a dark base. The page follows the app theme;
  23 | // the only choice it offers is which look you're editing. Name + value together

The export designsPrompt was not found in module [project]/app/progress-bar/snippet.ts [app-ssr] (ecmascript).
Did you mean to import designPrompt?
All exports of the module are statically known (It doesn't have dynamic exports). So it's known statically that the requested export doesn't exist.

Import traces:
  Client Component Browser:
    ./app/progress-bar/page.tsx [Client Component Browser]
    ./app/progress-bar/page.tsx [Server Component]

  Client Component SSR:
    ./app/progress-bar/page.tsx [Client Component SSR]
    ./app/progress-bar/page.tsx [Server Component] @ http://localhost:4200/_next/static/chunks/0aus_next_dist_00tg.dm._.js:1945
[    6113ms] [ERROR] ./app/progress-bar/page.tsx:20:1
Export designsPrompt doesn't exist in target module
  18 | } from "@/components/progress-inspector";
  19 | import { copyText } from "@/lib/utils";
> 20 | import { designsPrompt, INSTALL_CMD, usageSnippet } from "./snippet";
     | ^^^^^^^^^^^^^^^^^^^^^^^^^^^^^^^^^^^^^^^^^^^^^^^^^^^^^^^^^^^^^^^^^^^^^
  21 |
  22 | // Two looks, each with a light and a dark base. The page follows the app theme;
  23 | // the only choice it offers is which look you're editing. Name + value together

The export designsPrompt was not found in module [project]/app/progress-bar/snippet.ts [app-client] (ecmascript).
Did you mean to import designPrompt?
All exports of the module are statically known (It doesn't have dynamic exports). So it's known statically that the requested export doesn't exist.

Import traces:
  Client Component Browser:
    ./app/progress-bar/page.tsx [Client Component Browser]
    ./app/progress-bar/page.tsx [Server Component]

  Client Component SSR:
    ./app/progress-bar/page.tsx [Client Component SSR]
    ./app/progress-bar/page.tsx [Server Component] @ http://localhost:4200/_next/static/chunks/0aus_next_dist_00tg.dm._.js:1945
[    6113ms] [ERROR] ./app/progress-bar/page.tsx:20:1
Export designsPrompt doesn't exist in target module
  18 | } from "@/components/progress-inspector";
  19 | import { copyText } from "@/lib/utils";
> 20 | import { designsPrompt, INSTALL_CMD, usageSnippet } from "./snippet";
     | ^^^^^^^^^^^^^^^^^^^^^^^^^^^^^^^^^^^^^^^^^^^^^^^^^^^^^^^^^^^^^^^^^^^^^
  21 |
  22 | // Two looks, each with a light and a dark base. The page follows the app theme;
  23 | // the only choice it offers is which look you're editing. Name + value together

The export designsPrompt was not found in module [project]/app/progress-bar/snippet.ts [app-ssr] (ecmascript).
Did you mean to import designPrompt?
All exports of the module are statically known (It doesn't have dynamic exports). So it's known statically that the requested export doesn't exist.

Import traces:
  Client Component Browser:
    ./app/progress-bar/page.tsx [Client Component Browser]
    ./app/progress-bar/page.tsx [Server Component]

  Client Component SSR:
    ./app/progress-bar/page.tsx [Client Component SSR]
    ./app/progress-bar/page.tsx [Server Component] @ http://localhost:4200/_next/static/chunks/0aus_next_dist_00tg.dm._.js:1945
[    6166ms] [LOG] [Fast Refresh] rebuilding @ http://localhost:4200/_next/static/chunks/0aus_next_dist_00tg.dm._.js:1226
[    6230ms] [ERROR] ./app/progress-bar/page.tsx:20:1
Export designsPrompt doesn't exist in target module
  18 | } from "@/components/progress-inspector";
  19 | import { copyText } from "@/lib/utils";
> 20 | import { designsPrompt, INSTALL_CMD, usageSnippet } from "./snippet";
     | ^^^^^^^^^^^^^^^^^^^^^^^^^^^^^^^^^^^^^^^^^^^^^^^^^^^^^^^^^^^^^^^^^^^^^
  21 |
  22 | // Two looks, each with a light and a dark base. The page follows the app theme;
  23 | // the only choice it offers is which look you're editing. Name + value together

The export designsPrompt was not found in module [project]/app/progress-bar/snippet.ts [app-client] (ecmascript).
Did you mean to import designPrompt?
All exports of the module are statically known (It doesn't have dynamic exports). So it's known statically that the requested export doesn't exist.

Import traces:
  Client Component Browser:
    ./app/progress-bar/page.tsx [Client Component Browser]
    ./app/progress-bar/page.tsx [Server Component]

  Client Component SSR:
    ./app/progress-bar/page.tsx [Client Component SSR]
    ./app/progress-bar/page.tsx [Server Component] @ http://localhost:4200/_next/static/chunks/0aus_next_dist_00tg.dm._.js:1945
[    6230ms] [ERROR] ./app/progress-bar/page.tsx:20:1
Export designsPrompt doesn't exist in target module
  18 | } from "@/components/progress-inspector";
  19 | import { copyText } from "@/lib/utils";
> 20 | import { designsPrompt, INSTALL_CMD, usageSnippet } from "./snippet";
     | ^^^^^^^^^^^^^^^^^^^^^^^^^^^^^^^^^^^^^^^^^^^^^^^^^^^^^^^^^^^^^^^^^^^^^
  21 |
  22 | // Two looks, each with a light and a dark base. The page follows the app theme;
  23 | // the only choice it offers is which look you're editing. Name + value together

The export designsPrompt was not found in module [project]/app/progress-bar/snippet.ts [app-ssr] (ecmascript).
Did you mean to import designPrompt?
All exports of the module are statically known (It doesn't have dynamic exports). So it's known statically that the requested export doesn't exist.

Import traces:
  Client Component Browser:
    ./app/progress-bar/page.tsx [Client Component Browser]
    ./app/progress-bar/page.tsx [Server Component]

  Client Component SSR:
    ./app/progress-bar/page.tsx [Client Component SSR]
    ./app/progress-bar/page.tsx [Server Component] @ http://localhost:4200/_next/static/chunks/0aus_next_dist_00tg.dm._.js:1945
[    6267ms] [LOG] [Fast Refresh] rebuilding @ http://localhost:4200/_next/static/chunks/0aus_next_dist_00tg.dm._.js:1226
[    6369ms] [ERROR] ./app/progress-bar/page.tsx:20:1
Export designsPrompt doesn't exist in target module
  18 | } from "@/components/progress-inspector";
  19 | import { copyText } from "@/lib/utils";
> 20 | import { designsPrompt, INSTALL_CMD, usageSnippet } from "./snippet";
     | ^^^^^^^^^^^^^^^^^^^^^^^^^^^^^^^^^^^^^^^^^^^^^^^^^^^^^^^^^^^^^^^^^^^^^
  21 |
  22 | // Two looks, each with a light and a dark base. The page follows the app theme;
  23 | // the only choice it offers is which look you're editing. Name + value together

The export designsPrompt was not found in module [project]/app/progress-bar/snippet.ts [app-client] (ecmascript).
Did you mean to import designPrompt?
All exports of the module are statically known (It doesn't have dynamic exports). So it's known statically that the requested export doesn't exist.

Import traces:
  Client Component Browser:
    ./app/progress-bar/page.tsx [Client Component Browser]
    ./app/progress-bar/page.tsx [Server Component]

  Client Component SSR:
    ./app/progress-bar/page.tsx [Client Component SSR]
    ./app/progress-bar/page.tsx [Server Component] @ http://localhost:4200/_next/static/chunks/0aus_next_dist_00tg.dm._.js:1945
[    6369ms] [ERROR] ./app/progress-bar/page.tsx:20:1
Export designsPrompt doesn't exist in target module
  18 | } from "@/components/progress-inspector";
  19 | import { copyText } from "@/lib/utils";
> 20 | import { designsPrompt, INSTALL_CMD, usageSnippet } from "./snippet";
     | ^^^^^^^^^^^^^^^^^^^^^^^^^^^^^^^^^^^^^^^^^^^^^^^^^^^^^^^^^^^^^^^^^^^^^
  21 |
  22 | // Two looks, each with a light and a dark base. The page follows the app theme;
  23 | // the only choice it offers is which look you're editing. Name + value together

The export designsPrompt was not found in module [project]/app/progress-bar/snippet.ts [app-ssr] (ecmascript).
Did you mean to import designPrompt?
All exports of the module are statically known (It doesn't have dynamic exports). So it's known statically that the requested export doesn't exist.

Import traces:
  Client Component Browser:
    ./app/progress-bar/page.tsx [Client Component Browser]
    ./app/progress-bar/page.tsx [Server Component]

  Client Component SSR:
    ./app/progress-bar/page.tsx [Client Component SSR]
    ./app/progress-bar/page.tsx [Server Component] @ http://localhost:4200/_next/static/chunks/0aus_next_dist_00tg.dm._.js:1945
[    6438ms] [ERROR] ./app/progress-bar/page.tsx:20:1
Export designsPrompt doesn't exist in target module
  18 | } from "@/components/progress-inspector";
  19 | import { copyText } from "@/lib/utils";
> 20 | import { designsPrompt, INSTALL_CMD, usageSnippet } from "./snippet";
     | ^^^^^^^^^^^^^^^^^^^^^^^^^^^^^^^^^^^^^^^^^^^^^^^^^^^^^^^^^^^^^^^^^^^^^
  21 |
  22 | // Two looks, each with a light and a dark base. The page follows the app theme;
  23 | // the only choice it offers is which look you're editing. Name + value together

The export designsPrompt was not found in module [project]/app/progress-bar/snippet.ts [app-client] (ecmascript).
Did you mean to import designPrompt?
All exports of the module are statically known (It doesn't have dynamic exports). So it's known statically that the requested export doesn't exist.

Import traces:
  Client Component Browser:
    ./app/progress-bar/page.tsx [Client Component Browser]
    ./app/progress-bar/page.tsx [Server Component]

  Client Component SSR:
    ./app/progress-bar/page.tsx [Client Component SSR]
    ./app/progress-bar/page.tsx [Server Component] @ http://localhost:4200/_next/static/chunks/0aus_next_dist_00tg.dm._.js:1945
[    6438ms] [ERROR] ./app/progress-bar/page.tsx:20:1
Export designsPrompt doesn't exist in target module
  18 | } from "@/components/progress-inspector";
  19 | import { copyText } from "@/lib/utils";
> 20 | import { designsPrompt, INSTALL_CMD, usageSnippet } from "./snippet";
     | ^^^^^^^^^^^^^^^^^^^^^^^^^^^^^^^^^^^^^^^^^^^^^^^^^^^^^^^^^^^^^^^^^^^^^
  21 |
  22 | // Two looks, each with a light and a dark base. The page follows the app theme;
  23 | // the only choice it offers is which look you're editing. Name + value together

The export designsPrompt was not found in module [project]/app/progress-bar/snippet.ts [app-ssr] (ecmascript).
Did you mean to import designPrompt?
All exports of the module are statically known (It doesn't have dynamic exports). So it's known statically that the requested export doesn't exist.

Import traces:
  Client Component Browser:
    ./app/progress-bar/page.tsx [Client Component Browser]
    ./app/progress-bar/page.tsx [Server Component]

  Client Component SSR:
    ./app/progress-bar/page.tsx [Client Component SSR]
    ./app/progress-bar/page.tsx [Server Component] @ http://localhost:4200/_next/static/chunks/0aus_next_dist_00tg.dm._.js:1945
[    6513ms] [ERROR] ./app/progress-bar/page.tsx:20:1
Export designsPrompt doesn't exist in target module
  18 | } from "@/components/progress-inspector";
  19 | import { copyText } from "@/lib/utils";
> 20 | import { designsPrompt, INSTALL_CMD, usageSnippet } from "./snippet";
     | ^^^^^^^^^^^^^^^^^^^^^^^^^^^^^^^^^^^^^^^^^^^^^^^^^^^^^^^^^^^^^^^^^^^^^
  21 |
  22 | // Two looks, each with a light and a dark base. The page follows the app theme;
  23 | // the only choice it offers is which look you're editing. Name + value together

The export designsPrompt was not found in module [project]/app/progress-bar/snippet.ts [app-client] (ecmascript).
Did you mean to import designPrompt?
All exports of the module are statically known (It doesn't have dynamic exports). So it's known statically that the requested export doesn't exist.

Import traces:
  Client Component Browser:
    ./app/progress-bar/page.tsx [Client Component Browser]
    ./app/progress-bar/page.tsx [Server Component]

  Client Component SSR:
    ./app/progress-bar/page.tsx [Client Component SSR]
    ./app/progress-bar/page.tsx [Server Component] @ http://localhost:4200/_next/static/chunks/0aus_next_dist_00tg.dm._.js:1945
[    6513ms] [ERROR] ./app/progress-bar/page.tsx:20:1
Export designsPrompt doesn't exist in target module
  18 | } from "@/components/progress-inspector";
  19 | import { copyText } from "@/lib/utils";
> 20 | import { designsPrompt, INSTALL_CMD, usageSnippet } from "./snippet";
     | ^^^^^^^^^^^^^^^^^^^^^^^^^^^^^^^^^^^^^^^^^^^^^^^^^^^^^^^^^^^^^^^^^^^^^
  21 |
  22 | // Two looks, each with a light and a dark base. The page follows the app theme;
  23 | // the only choice it offers is which look you're editing. Name + value together

The export designsPrompt was not found in module [project]/app/progress-bar/snippet.ts [app-ssr] (ecmascript).
Did you mean to import designPrompt?
All exports of the module are statically known (It doesn't have dynamic exports). So it's known statically that the requested export doesn't exist.

Import traces:
  Client Component Browser:
    ./app/progress-bar/page.tsx [Client Component Browser]
    ./app/progress-bar/page.tsx [Server Component]

  Client Component SSR:
    ./app/progress-bar/page.tsx [Client Component SSR]
    ./app/progress-bar/page.tsx [Server Component] @ http://localhost:4200/_next/static/chunks/0aus_next_dist_00tg.dm._.js:1945
[    6615ms] [LOG] [Fast Refresh] rebuilding @ http://localhost:4200/_next/static/chunks/0aus_next_dist_00tg.dm._.js:1226
[    6774ms] [ERROR] ./app/progress-bar/page.tsx:20:1
Export designsPrompt doesn't exist in target module
  18 | } from "@/components/progress-inspector";
  19 | import { copyText } from "@/lib/utils";
> 20 | import { designsPrompt, INSTALL_CMD, usageSnippet } from "./snippet";
     | ^^^^^^^^^^^^^^^^^^^^^^^^^^^^^^^^^^^^^^^^^^^^^^^^^^^^^^^^^^^^^^^^^^^^^
  21 |
  22 | // Two looks, each with a light and a dark base. The page follows the app theme;
  23 | // the only choice it offers is which look you're editing. Name + value together

The export designsPrompt was not found in module [project]/app/progress-bar/snippet.ts [app-client] (ecmascript).
Did you mean to import designPrompt?
All exports of the module are statically known (It doesn't have dynamic exports). So it's known statically that the requested export doesn't exist.

Import traces:
  Client Component Browser:
    ./app/progress-bar/page.tsx [Client Component Browser]
    ./app/progress-bar/page.tsx [Server Component]

  Client Component SSR:
    ./app/progress-bar/page.tsx [Client Component SSR]
    ./app/progress-bar/page.tsx [Server Component] @ http://localhost:4200/_next/static/chunks/0aus_next_dist_00tg.dm._.js:1945
[    6774ms] [ERROR] ./app/progress-bar/page.tsx:20:1
Export designsPrompt doesn't exist in target module
  18 | } from "@/components/progress-inspector";
  19 | import { copyText } from "@/lib/utils";
> 20 | import { designsPrompt, INSTALL_CMD, usageSnippet } from "./snippet";
     | ^^^^^^^^^^^^^^^^^^^^^^^^^^^^^^^^^^^^^^^^^^^^^^^^^^^^^^^^^^^^^^^^^^^^^
  21 |
  22 | // Two looks, each with a light and a dark base. The page follows the app theme;
  23 | // the only choice it offers is which look you're editing. Name + value together

The export designsPrompt was not found in module [project]/app/progress-bar/snippet.ts [app-ssr] (ecmascript).
Did you mean to import designPrompt?
All exports of the module are statically known (It doesn't have dynamic exports). So it's known statically that the requested export doesn't exist.

Import traces:
  Client Component Browser:
    ./app/progress-bar/page.tsx [Client Component Browser]
    ./app/progress-bar/page.tsx [Server Component]

  Client Component SSR:
    ./app/progress-bar/page.tsx [Client Component SSR]
    ./app/progress-bar/page.tsx [Server Component] @ http://localhost:4200/_next/static/chunks/0aus_next_dist_00tg.dm._.js:1945
[    6845ms] [ERROR] ./app/progress-bar/page.tsx:20:1
Export designsPrompt doesn't exist in target module
  18 | } from "@/components/progress-inspector";
  19 | import { copyText } from "@/lib/utils";
> 20 | import { designsPrompt, INSTALL_CMD, usageSnippet } from "./snippet";
     | ^^^^^^^^^^^^^^^^^^^^^^^^^^^^^^^^^^^^^^^^^^^^^^^^^^^^^^^^^^^^^^^^^^^^^
  21 |
  22 | // Two looks, each with a light and a dark base. The page follows the app theme;
  23 | // the only choice it offers is which look you're editing. Name + value together

The export designsPrompt was not found in module [project]/app/progress-bar/snippet.ts [app-client] (ecmascript).
Did you mean to import designPrompt?
All exports of the module are statically known (It doesn't have dynamic exports). So it's known statically that the requested export doesn't exist.

Import traces:
  Client Component Browser:
    ./app/progress-bar/page.tsx [Client Component Browser]
    ./app/progress-bar/page.tsx [Server Component]

  Client Component SSR:
    ./app/progress-bar/page.tsx [Client Component SSR]
    ./app/progress-bar/page.tsx [Server Component] @ http://localhost:4200/_next/static/chunks/0aus_next_dist_00tg.dm._.js:1945
[    6845ms] [ERROR] ./app/progress-bar/page.tsx:20:1
Export designsPrompt doesn't exist in target module
  18 | } from "@/components/progress-inspector";
  19 | import { copyText } from "@/lib/utils";
> 20 | import { designsPrompt, INSTALL_CMD, usageSnippet } from "./snippet";
     | ^^^^^^^^^^^^^^^^^^^^^^^^^^^^^^^^^^^^^^^^^^^^^^^^^^^^^^^^^^^^^^^^^^^^^
  21 |
  22 | // Two looks, each with a light and a dark base. The page follows the app theme;
  23 | // the only choice it offers is which look you're editing. Name + value together

The export designsPrompt was not found in module [project]/app/progress-bar/snippet.ts [app-ssr] (ecmascript).
Did you mean to import designPrompt?
All exports of the module are statically known (It doesn't have dynamic exports). So it's known statically that the requested export doesn't exist.

Import traces:
  Client Component Browser:
    ./app/progress-bar/page.tsx [Client Component Browser]
    ./app/progress-bar/page.tsx [Server Component]

  Client Component SSR:
    ./app/progress-bar/page.tsx [Client Component SSR]
    ./app/progress-bar/page.tsx [Server Component] @ http://localhost:4200/_next/static/chunks/0aus_next_dist_00tg.dm._.js:1945
[    6910ms] [ERROR] ./app/progress-bar/page.tsx:20:1
Export designsPrompt doesn't exist in target module
  18 | } from "@/components/progress-inspector";
  19 | import { copyText } from "@/lib/utils";
> 20 | import { designsPrompt, INSTALL_CMD, usageSnippet } from "./snippet";
     | ^^^^^^^^^^^^^^^^^^^^^^^^^^^^^^^^^^^^^^^^^^^^^^^^^^^^^^^^^^^^^^^^^^^^^
  21 |
  22 | // Two looks, each with a light and a dark base. The page follows the app theme;
  23 | // the only choice it offers is which look you're editing. Name + value together

The export designsPrompt was not found in module [project]/app/progress-bar/snippet.ts [app-client] (ecmascript).
Did you mean to import designPrompt?
All exports of the module are statically known (It doesn't have dynamic exports). So it's known statically that the requested export doesn't exist.

Import traces:
  Client Component Browser:
    ./app/progress-bar/page.tsx [Client Component Browser]
    ./app/progress-bar/page.tsx [Server Component]

  Client Component SSR:
    ./app/progress-bar/page.tsx [Client Component SSR]
    ./app/progress-bar/page.tsx [Server Component] @ http://localhost:4200/_next/static/chunks/0aus_next_dist_00tg.dm._.js:1945
[    6911ms] [ERROR] ./app/progress-bar/page.tsx:20:1
Export designsPrompt doesn't exist in target module
  18 | } from "@/components/progress-inspector";
  19 | import { copyText } from "@/lib/utils";
> 20 | import { designsPrompt, INSTALL_CMD, usageSnippet } from "./snippet";
     | ^^^^^^^^^^^^^^^^^^^^^^^^^^^^^^^^^^^^^^^^^^^^^^^^^^^^^^^^^^^^^^^^^^^^^
  21 |
  22 | // Two looks, each with a light and a dark base. The page follows the app theme;
  23 | // the only choice it offers is which look you're editing. Name + value together

The export designsPrompt was not found in module [project]/app/progress-bar/snippet.ts [app-ssr] (ecmascript).
Did you mean to import designPrompt?
All exports of the module are statically known (It doesn't have dynamic exports). So it's known statically that the requested export doesn't exist.

Import traces:
  Client Component Browser:
    ./app/progress-bar/page.tsx [Client Component Browser]
    ./app/progress-bar/page.tsx [Server Component]

  Client Component SSR:
    ./app/progress-bar/page.tsx [Client Component SSR]
    ./app/progress-bar/page.tsx [Server Component] @ http://localhost:4200/_next/static/chunks/0aus_next_dist_00tg.dm._.js:1945
[    6989ms] [ERROR] ./app/progress-bar/page.tsx:20:1
Export designsPrompt doesn't exist in target module
  18 | } from "@/components/progress-inspector";
  19 | import { copyText } from "@/lib/utils";
> 20 | import { designsPrompt, INSTALL_CMD, usageSnippet } from "./snippet";
     | ^^^^^^^^^^^^^^^^^^^^^^^^^^^^^^^^^^^^^^^^^^^^^^^^^^^^^^^^^^^^^^^^^^^^^
  21 |
  22 | // Two looks, each with a light and a dark base. The page follows the app theme;
  23 | // the only choice it offers is which look you're editing. Name + value together

The export designsPrompt was not found in module [project]/app/progress-bar/snippet.ts [app-client] (ecmascript).
Did you mean to import designPrompt?
All exports of the module are statically known (It doesn't have dynamic exports). So it's known statically that the requested export doesn't exist.

Import traces:
  Client Component Browser:
    ./app/progress-bar/page.tsx [Client Component Browser]
    ./app/progress-bar/page.tsx [Server Component]

  Client Component SSR:
    ./app/progress-bar/page.tsx [Client Component SSR]
    ./app/progress-bar/page.tsx [Server Component] @ http://localhost:4200/_next/static/chunks/0aus_next_dist_00tg.dm._.js:1945
[    6989ms] [ERROR] ./app/progress-bar/page.tsx:20:1
Export designsPrompt doesn't exist in target module
  18 | } from "@/components/progress-inspector";
  19 | import { copyText } from "@/lib/utils";
> 20 | import { designsPrompt, INSTALL_CMD, usageSnippet } from "./snippet";
     | ^^^^^^^^^^^^^^^^^^^^^^^^^^^^^^^^^^^^^^^^^^^^^^^^^^^^^^^^^^^^^^^^^^^^^
  21 |
  22 | // Two looks, each with a light and a dark base. The page follows the app theme;
  23 | // the only choice it offers is which look you're editing. Name + value together

The export designsPrompt was not found in module [project]/app/progress-bar/snippet.ts [app-ssr] (ecmascript).
Did you mean to import designPrompt?
All exports of the module are statically known (It doesn't have dynamic exports). So it's known statically that the requested export doesn't exist.

Import traces:
  Client Component Browser:
    ./app/progress-bar/page.tsx [Client Component Browser]
    ./app/progress-bar/page.tsx [Server Component]

  Client Component SSR:
    ./app/progress-bar/page.tsx [Client Component SSR]
    ./app/progress-bar/page.tsx [Server Component] @ http://localhost:4200/_next/static/chunks/0aus_next_dist_00tg.dm._.js:1945
[    7077ms] [ERROR] ./app/progress-bar/page.tsx:20:1
Export designsPrompt doesn't exist in target module
  18 | } from "@/components/progress-inspector";
  19 | import { copyText } from "@/lib/utils";
> 20 | import { designsPrompt, INSTALL_CMD, usageSnippet } from "./snippet";
     | ^^^^^^^^^^^^^^^^^^^^^^^^^^^^^^^^^^^^^^^^^^^^^^^^^^^^^^^^^^^^^^^^^^^^^
  21 |
  22 | // Two looks, each with a light and a dark base. The page follows the app theme;
  23 | // the only choice it offers is which look you're editing. Name + value together

The export designsPrompt was not found in module [project]/app/progress-bar/snippet.ts [app-client] (ecmascript).
Did you mean to import designPrompt?
All exports of the module are statically known (It doesn't have dynamic exports). So it's known statically that the requested export doesn't exist.

Import traces:
  Client Component Browser:
    ./app/progress-bar/page.tsx [Client Component Browser]
    ./app/progress-bar/page.tsx [Server Component]

  Client Component SSR:
    ./app/progress-bar/page.tsx [Client Component SSR]
    ./app/progress-bar/page.tsx [Server Component] @ http://localhost:4200/_next/static/chunks/0aus_next_dist_00tg.dm._.js:1945
[    7077ms] [ERROR] ./app/progress-bar/page.tsx:20:1
Export designsPrompt doesn't exist in target module
  18 | } from "@/components/progress-inspector";
  19 | import { copyText } from "@/lib/utils";
> 20 | import { designsPrompt, INSTALL_CMD, usageSnippet } from "./snippet";
     | ^^^^^^^^^^^^^^^^^^^^^^^^^^^^^^^^^^^^^^^^^^^^^^^^^^^^^^^^^^^^^^^^^^^^^
  21 |
  22 | // Two looks, each with a light and a dark base. The page follows the app theme;
  23 | // the only choice it offers is which look you're editing. Name + value together

The export designsPrompt was not found in module [project]/app/progress-bar/snippet.ts [app-ssr] (ecmascript).
Did you mean to import designPrompt?
All exports of the module are statically known (It doesn't have dynamic exports). So it's known statically that the requested export doesn't exist.

Import traces:
  Client Component Browser:
    ./app/progress-bar/page.tsx [Client Component Browser]
    ./app/progress-bar/page.tsx [Server Component]

  Client Component SSR:
    ./app/progress-bar/page.tsx [Client Component SSR]
    ./app/progress-bar/page.tsx [Server Component] @ http://localhost:4200/_next/static/chunks/0aus_next_dist_00tg.dm._.js:1945
[    7148ms] [ERROR] ./app/progress-bar/page.tsx:20:1
Export designsPrompt doesn't exist in target module
  18 | } from "@/components/progress-inspector";
  19 | import { copyText } from "@/lib/utils";
> 20 | import { designsPrompt, INSTALL_CMD, usageSnippet } from "./snippet";
     | ^^^^^^^^^^^^^^^^^^^^^^^^^^^^^^^^^^^^^^^^^^^^^^^^^^^^^^^^^^^^^^^^^^^^^
  21 |
  22 | // Two looks, each with a light and a dark base. The page follows the app theme;
  23 | // the only choice it offers is which look you're editing. Name + value together

The export designsPrompt was not found in module [project]/app/progress-bar/snippet.ts [app-client] (ecmascript).
Did you mean to import designPrompt?
All exports of the module are statically known (It doesn't have dynamic exports). So it's known statically that the requested export doesn't exist.

Import traces:
  Client Component Browser:
    ./app/progress-bar/page.tsx [Client Component Browser]
    ./app/progress-bar/page.tsx [Server Component]

  Client Component SSR:
    ./app/progress-bar/page.tsx [Client Component SSR]
    ./app/progress-bar/page.tsx [Server Component] @ http://localhost:4200/_next/static/chunks/0aus_next_dist_00tg.dm._.js:1945
[    7148ms] [ERROR] ./app/progress-bar/page.tsx:20:1
Export designsPrompt doesn't exist in target module
  18 | } from "@/components/progress-inspector";
  19 | import { copyText } from "@/lib/utils";
> 20 | import { designsPrompt, INSTALL_CMD, usageSnippet } from "./snippet";
     | ^^^^^^^^^^^^^^^^^^^^^^^^^^^^^^^^^^^^^^^^^^^^^^^^^^^^^^^^^^^^^^^^^^^^^
  21 |
  22 | // Two looks, each with a light and a dark base. The page follows the app theme;
  23 | // the only choice it offers is which look you're editing. Name + value together

The export designsPrompt was not found in module [project]/app/progress-bar/snippet.ts [app-ssr] (ecmascript).
Did you mean to import designPrompt?
All exports of the module are statically known (It doesn't have dynamic exports). So it's known statically that the requested export doesn't exist.

Import traces:
  Client Component Browser:
    ./app/progress-bar/page.tsx [Client Component Browser]
    ./app/progress-bar/page.tsx [Server Component]

  Client Component SSR:
    ./app/progress-bar/page.tsx [Client Component SSR]
    ./app/progress-bar/page.tsx [Server Component] @ http://localhost:4200/_next/static/chunks/0aus_next_dist_00tg.dm._.js:1945
[    7213ms] [ERROR] ./app/progress-bar/page.tsx:20:1
Export designsPrompt doesn't exist in target module
  18 | } from "@/components/progress-inspector";
  19 | import { copyText } from "@/lib/utils";
> 20 | import { designsPrompt, INSTALL_CMD, usageSnippet } from "./snippet";
     | ^^^^^^^^^^^^^^^^^^^^^^^^^^^^^^^^^^^^^^^^^^^^^^^^^^^^^^^^^^^^^^^^^^^^^
  21 |
  22 | // Two looks, each with a light and a dark base. The page follows the app theme;
  23 | // the only choice it offers is which look you're editing. Name + value together

The export designsPrompt was not found in module [project]/app/progress-bar/snippet.ts [app-client] (ecmascript).
Did you mean to import designPrompt?
All exports of the module are statically known (It doesn't have dynamic exports). So it's known statically that the requested export doesn't exist.

Import traces:
  Client Component Browser:
    ./app/progress-bar/page.tsx [Client Component Browser]
    ./app/progress-bar/page.tsx [Server Component]

  Client Component SSR:
    ./app/progress-bar/page.tsx [Client Component SSR]
    ./app/progress-bar/page.tsx [Server Component] @ http://localhost:4200/_next/static/chunks/0aus_next_dist_00tg.dm._.js:1945
[    7214ms] [ERROR] ./app/progress-bar/page.tsx:20:1
Export designsPrompt doesn't exist in target module
  18 | } from "@/components/progress-inspector";
  19 | import { copyText } from "@/lib/utils";
> 20 | import { designsPrompt, INSTALL_CMD, usageSnippet } from "./snippet";
     | ^^^^^^^^^^^^^^^^^^^^^^^^^^^^^^^^^^^^^^^^^^^^^^^^^^^^^^^^^^^^^^^^^^^^^
  21 |
  22 | // Two looks, each with a light and a dark base. The page follows the app theme;
  23 | // the only choice it offers is which look you're editing. Name + value together

The export designsPrompt was not found in module [project]/app/progress-bar/snippet.ts [app-ssr] (ecmascript).
Did you mean to import designPrompt?
All exports of the module are statically known (It doesn't have dynamic exports). So it's known statically that the requested export doesn't exist.

Import traces:
  Client Component Browser:
    ./app/progress-bar/page.tsx [Client Component Browser]
    ./app/progress-bar/page.tsx [Server Component]

  Client Component SSR:
    ./app/progress-bar/page.tsx [Client Component SSR]
    ./app/progress-bar/page.tsx [Server Component] @ http://localhost:4200/_next/static/chunks/0aus_next_dist_00tg.dm._.js:1945
[    7282ms] [ERROR] ./app/progress-bar/page.tsx:20:1
Export designsPrompt doesn't exist in target module
  18 | } from "@/components/progress-inspector";
  19 | import { copyText } from "@/lib/utils";
> 20 | import { designsPrompt, INSTALL_CMD, usageSnippet } from "./snippet";
     | ^^^^^^^^^^^^^^^^^^^^^^^^^^^^^^^^^^^^^^^^^^^^^^^^^^^^^^^^^^^^^^^^^^^^^
  21 |
  22 | // Two looks, each with a light and a dark base. The page follows the app theme;
  23 | // the only choice it offers is which look you're editing. Name + value together

The export designsPrompt was not found in module [project]/app/progress-bar/snippet.ts [app-client] (ecmascript).
Did you mean to import designPrompt?
All exports of the module are statically known (It doesn't have dynamic exports). So it's known statically that the requested export doesn't exist.

Import traces:
  Client Component Browser:
    ./app/progress-bar/page.tsx [Client Component Browser]
    ./app/progress-bar/page.tsx [Server Component]

  Client Component SSR:
    ./app/progress-bar/page.tsx [Client Component SSR]
    ./app/progress-bar/page.tsx [Server Component] @ http://localhost:4200/_next/static/chunks/0aus_next_dist_00tg.dm._.js:1945
[    7282ms] [ERROR] ./app/progress-bar/page.tsx:20:1
Export designsPrompt doesn't exist in target module
  18 | } from "@/components/progress-inspector";
  19 | import { copyText } from "@/lib/utils";
> 20 | import { designsPrompt, INSTALL_CMD, usageSnippet } from "./snippet";
     | ^^^^^^^^^^^^^^^^^^^^^^^^^^^^^^^^^^^^^^^^^^^^^^^^^^^^^^^^^^^^^^^^^^^^^
  21 |
  22 | // Two looks, each with a light and a dark base. The page follows the app theme;
  23 | // the only choice it offers is which look you're editing. Name + value together

The export designsPrompt was not found in module [project]/app/progress-bar/snippet.ts [app-ssr] (ecmascript).
Did you mean to import designPrompt?
All exports of the module are statically known (It doesn't have dynamic exports). So it's known statically that the requested export doesn't exist.

Import traces:
  Client Component Browser:
    ./app/progress-bar/page.tsx [Client Component Browser]
    ./app/progress-bar/page.tsx [Server Component]

  Client Component SSR:
    ./app/progress-bar/page.tsx [Client Component SSR]
    ./app/progress-bar/page.tsx [Server Component] @ http://localhost:4200/_next/static/chunks/0aus_next_dist_00tg.dm._.js:1945
[    7349ms] [ERROR] ./app/progress-bar/page.tsx:20:1
Export designsPrompt doesn't exist in target module
  18 | } from "@/components/progress-inspector";
  19 | import { copyText } from "@/lib/utils";
> 20 | import { designsPrompt, INSTALL_CMD, usageSnippet } from "./snippet";
     | ^^^^^^^^^^^^^^^^^^^^^^^^^^^^^^^^^^^^^^^^^^^^^^^^^^^^^^^^^^^^^^^^^^^^^
  21 |
  22 | // Two looks, each with a light and a dark base. The page follows the app theme;
  23 | // the only choice it offers is which look you're editing. Name + value together

The export designsPrompt was not found in module [project]/app/progress-bar/snippet.ts [app-client] (ecmascript).
Did you mean to import designPrompt?
All exports of the module are statically known (It doesn't have dynamic exports). So it's known statically that the requested export doesn't exist.

Import traces:
  Client Component Browser:
    ./app/progress-bar/page.tsx [Client Component Browser]
    ./app/progress-bar/page.tsx [Server Component]

  Client Component SSR:
    ./app/progress-bar/page.tsx [Client Component SSR]
    ./app/progress-bar/page.tsx [Server Component] @ http://localhost:4200/_next/static/chunks/0aus_next_dist_00tg.dm._.js:1945
[    7349ms] [ERROR] ./app/progress-bar/page.tsx:20:1
Export designsPrompt doesn't exist in target module
  18 | } from "@/components/progress-inspector";
  19 | import { copyText } from "@/lib/utils";
> 20 | import { designsPrompt, INSTALL_CMD, usageSnippet } from "./snippet";
     | ^^^^^^^^^^^^^^^^^^^^^^^^^^^^^^^^^^^^^^^^^^^^^^^^^^^^^^^^^^^^^^^^^^^^^
  21 |
  22 | // Two looks, each with a light and a dark base. The page follows the app theme;
  23 | // the only choice it offers is which look you're editing. Name + value together

The export designsPrompt was not found in module [project]/app/progress-bar/snippet.ts [app-ssr] (ecmascript).
Did you mean to import designPrompt?
All exports of the module are statically known (It doesn't have dynamic exports). So it's known statically that the requested export doesn't exist.

Import traces:
  Client Component Browser:
    ./app/progress-bar/page.tsx [Client Component Browser]
    ./app/progress-bar/page.tsx [Server Component]

  Client Component SSR:
    ./app/progress-bar/page.tsx [Client Component SSR]
    ./app/progress-bar/page.tsx [Server Component] @ http://localhost:4200/_next/static/chunks/0aus_next_dist_00tg.dm._.js:1945
[    7419ms] [ERROR] ./app/progress-bar/page.tsx:20:1
Export designsPrompt doesn't exist in target module
  18 | } from "@/components/progress-inspector";
  19 | import { copyText } from "@/lib/utils";
> 20 | import { designsPrompt, INSTALL_CMD, usageSnippet } from "./snippet";
     | ^^^^^^^^^^^^^^^^^^^^^^^^^^^^^^^^^^^^^^^^^^^^^^^^^^^^^^^^^^^^^^^^^^^^^
  21 |
  22 | // Two looks, each with a light and a dark base. The page follows the app theme;
  23 | // the only choice it offers is which look you're editing. Name + value together

The export designsPrompt was not found in module [project]/app/progress-bar/snippet.ts [app-client] (ecmascript).
Did you mean to import designPrompt?
All exports of the module are statically known (It doesn't have dynamic exports). So it's known statically that the requested export doesn't exist.

Import traces:
  Client Component Browser:
    ./app/progress-bar/page.tsx [Client Component Browser]
    ./app/progress-bar/page.tsx [Server Component]

  Client Component SSR:
    ./app/progress-bar/page.tsx [Client Component SSR]
    ./app/progress-bar/page.tsx [Server Component] @ http://localhost:4200/_next/static/chunks/0aus_next_dist_00tg.dm._.js:1945
[    7419ms] [ERROR] ./app/progress-bar/page.tsx:20:1
Export designsPrompt doesn't exist in target module
  18 | } from "@/components/progress-inspector";
  19 | import { copyText } from "@/lib/utils";
> 20 | import { designsPrompt, INSTALL_CMD, usageSnippet } from "./snippet";
     | ^^^^^^^^^^^^^^^^^^^^^^^^^^^^^^^^^^^^^^^^^^^^^^^^^^^^^^^^^^^^^^^^^^^^^
  21 |
  22 | // Two looks, each with a light and a dark base. The page follows the app theme;
  23 | // the only choice it offers is which look you're editing. Name + value together

The export designsPrompt was not found in module [project]/app/progress-bar/snippet.ts [app-ssr] (ecmascript).
Did you mean to import designPrompt?
All exports of the module are statically known (It doesn't have dynamic exports). So it's known statically that the requested export doesn't exist.

Import traces:
  Client Component Browser:
    ./app/progress-bar/page.tsx [Client Component Browser]
    ./app/progress-bar/page.tsx [Server Component]

  Client Component SSR:
    ./app/progress-bar/page.tsx [Client Component SSR]
    ./app/progress-bar/page.tsx [Server Component] @ http://localhost:4200/_next/static/chunks/0aus_next_dist_00tg.dm._.js:1945
[    7486ms] [ERROR] ./app/progress-bar/page.tsx:20:1
Export designsPrompt doesn't exist in target module
  18 | } from "@/components/progress-inspector";
  19 | import { copyText } from "@/lib/utils";
> 20 | import { designsPrompt, INSTALL_CMD, usageSnippet } from "./snippet";
     | ^^^^^^^^^^^^^^^^^^^^^^^^^^^^^^^^^^^^^^^^^^^^^^^^^^^^^^^^^^^^^^^^^^^^^
  21 |
  22 | // Two looks, each with a light and a dark base. The page follows the app theme;
  23 | // the only choice it offers is which look you're editing. Name + value together

The export designsPrompt was not found in module [project]/app/progress-bar/snippet.ts [app-client] (ecmascript).
Did you mean to import designPrompt?
All exports of the module are statically known (It doesn't have dynamic exports). So it's known statically that the requested export doesn't exist.

Import traces:
  Client Component Browser:
    ./app/progress-bar/page.tsx [Client Component Browser]
    ./app/progress-bar/page.tsx [Server Component]

  Client Component SSR:
    ./app/progress-bar/page.tsx [Client Component SSR]
    ./app/progress-bar/page.tsx [Server Component] @ http://localhost:4200/_next/static/chunks/0aus_next_dist_00tg.dm._.js:1945
[    7486ms] [ERROR] ./app/progress-bar/page.tsx:20:1
Export designsPrompt doesn't exist in target module
  18 | } from "@/components/progress-inspector";
  19 | import { copyText } from "@/lib/utils";
> 20 | import { designsPrompt, INSTALL_CMD, usageSnippet } from "./snippet";
     | ^^^^^^^^^^^^^^^^^^^^^^^^^^^^^^^^^^^^^^^^^^^^^^^^^^^^^^^^^^^^^^^^^^^^^
  21 |
  22 | // Two looks, each with a light and a dark base. The page follows the app theme;
  23 | // the only choice it offers is which look you're editing. Name + value together

The export designsPrompt was not found in module [project]/app/progress-bar/snippet.ts [app-ssr] (ecmascript).
Did you mean to import designPrompt?
All exports of the module are statically known (It doesn't have dynamic exports). So it's known statically that the requested export doesn't exist.

Import traces:
  Client Component Browser:
    ./app/progress-bar/page.tsx [Client Component Browser]
    ./app/progress-bar/page.tsx [Server Component]

  Client Component SSR:
    ./app/progress-bar/page.tsx [Client Component SSR]
    ./app/progress-bar/page.tsx [Server Component] @ http://localhost:4200/_next/static/chunks/0aus_next_dist_00tg.dm._.js:1945
[    7556ms] [ERROR] ./app/progress-bar/page.tsx:20:1
Export designsPrompt doesn't exist in target module
  18 | } from "@/components/progress-inspector";
  19 | import { copyText } from "@/lib/utils";
> 20 | import { designsPrompt, INSTALL_CMD, usageSnippet } from "./snippet";
     | ^^^^^^^^^^^^^^^^^^^^^^^^^^^^^^^^^^^^^^^^^^^^^^^^^^^^^^^^^^^^^^^^^^^^^
  21 |
  22 | // Two looks, each with a light and a dark base. The page follows the app theme;
  23 | // the only choice it offers is which look you're editing. Name + value together

The export designsPrompt was not found in module [project]/app/progress-bar/snippet.ts [app-client] (ecmascript).
Did you mean to import designPrompt?
All exports of the module are statically known (It doesn't have dynamic exports). So it's known statically that the requested export doesn't exist.

Import traces:
  Client Component Browser:
    ./app/progress-bar/page.tsx [Client Component Browser]
    ./app/progress-bar/page.tsx [Server Component]

  Client Component SSR:
    ./app/progress-bar/page.tsx [Client Component SSR]
    ./app/progress-bar/page.tsx [Server Component] @ http://localhost:4200/_next/static/chunks/0aus_next_dist_00tg.dm._.js:1945
[    7556ms] [ERROR] ./app/progress-bar/page.tsx:20:1
Export designsPrompt doesn't exist in target module
  18 | } from "@/components/progress-inspector";
  19 | import { copyText } from "@/lib/utils";
> 20 | import { designsPrompt, INSTALL_CMD, usageSnippet } from "./snippet";
     | ^^^^^^^^^^^^^^^^^^^^^^^^^^^^^^^^^^^^^^^^^^^^^^^^^^^^^^^^^^^^^^^^^^^^^
  21 |
  22 | // Two looks, each with a light and a dark base. The page follows the app theme;
  23 | // the only choice it offers is which look you're editing. Name + value together

The export designsPrompt was not found in module [project]/app/progress-bar/snippet.ts [app-ssr] (ecmascript).
Did you mean to import designPrompt?
All exports of the module are statically known (It doesn't have dynamic exports). So it's known statically that the requested export doesn't exist.

Import traces:
  Client Component Browser:
    ./app/progress-bar/page.tsx [Client Component Browser]
    ./app/progress-bar/page.tsx [Server Component]

  Client Component SSR:
    ./app/progress-bar/page.tsx [Client Component SSR]
    ./app/progress-bar/page.tsx [Server Component] @ http://localhost:4200/_next/static/chunks/0aus_next_dist_00tg.dm._.js:1945
[    7624ms] [ERROR] ./app/progress-bar/page.tsx:20:1
Export designsPrompt doesn't exist in target module
  18 | } from "@/components/progress-inspector";
  19 | import { copyText } from "@/lib/utils";
> 20 | import { designsPrompt, INSTALL_CMD, usageSnippet } from "./snippet";
     | ^^^^^^^^^^^^^^^^^^^^^^^^^^^^^^^^^^^^^^^^^^^^^^^^^^^^^^^^^^^^^^^^^^^^^
  21 |
  22 | // Two looks, each with a light and a dark base. The page follows the app theme;
  23 | // the only choice it offers is which look you're editing. Name + value together

The export designsPrompt was not found in module [project]/app/progress-bar/snippet.ts [app-client] (ecmascript).
Did you mean to import designPrompt?
All exports of the module are statically known (It doesn't have dynamic exports). So it's known statically that the requested export doesn't exist.

Import traces:
  Client Component Browser:
    ./app/progress-bar/page.tsx [Client Component Browser]
    ./app/progress-bar/page.tsx [Server Component]

  Client Component SSR:
    ./app/progress-bar/page.tsx [Client Component SSR]
    ./app/progress-bar/page.tsx [Server Component] @ http://localhost:4200/_next/static/chunks/0aus_next_dist_00tg.dm._.js:1945
[    7624ms] [ERROR] ./app/progress-bar/page.tsx:20:1
Export designsPrompt doesn't exist in target module
  18 | } from "@/components/progress-inspector";
  19 | import { copyText } from "@/lib/utils";
> 20 | import { designsPrompt, INSTALL_CMD, usageSnippet } from "./snippet";
     | ^^^^^^^^^^^^^^^^^^^^^^^^^^^^^^^^^^^^^^^^^^^^^^^^^^^^^^^^^^^^^^^^^^^^^
  21 |
  22 | // Two looks, each with a light and a dark base. The page follows the app theme;
  23 | // the only choice it offers is which look you're editing. Name + value together

The export designsPrompt was not found in module [project]/app/progress-bar/snippet.ts [app-ssr] (ecmascript).
Did you mean to import designPrompt?
All exports of the module are statically known (It doesn't have dynamic exports). So it's known statically that the requested export doesn't exist.

Import traces:
  Client Component Browser:
    ./app/progress-bar/page.tsx [Client Component Browser]
    ./app/progress-bar/page.tsx [Server Component]

  Client Component SSR:
    ./app/progress-bar/page.tsx [Client Component SSR]
    ./app/progress-bar/page.tsx [Server Component] @ http://localhost:4200/_next/static/chunks/0aus_next_dist_00tg.dm._.js:1945
[    7692ms] [ERROR] ./app/progress-bar/page.tsx:20:1
Export designsPrompt doesn't exist in target module
  18 | } from "@/components/progress-inspector";
  19 | import { copyText } from "@/lib/utils";
> 20 | import { designsPrompt, INSTALL_CMD, usageSnippet } from "./snippet";
     | ^^^^^^^^^^^^^^^^^^^^^^^^^^^^^^^^^^^^^^^^^^^^^^^^^^^^^^^^^^^^^^^^^^^^^
  21 |
  22 | // Two looks, each with a light and a dark base. The page follows the app theme;
  23 | // the only choice it offers is which look you're editing. Name + value together

The export designsPrompt was not found in module [project]/app/progress-bar/snippet.ts [app-client] (ecmascript).
Did you mean to import designPrompt?
All exports of the module are statically known (It doesn't have dynamic exports). So it's known statically that the requested export doesn't exist.

Import traces:
  Client Component Browser:
    ./app/progress-bar/page.tsx [Client Component Browser]
    ./app/progress-bar/page.tsx [Server Component]

  Client Component SSR:
    ./app/progress-bar/page.tsx [Client Component SSR]
    ./app/progress-bar/page.tsx [Server Component] @ http://localhost:4200/_next/static/chunks/0aus_next_dist_00tg.dm._.js:1945
[    7693ms] [ERROR] ./app/progress-bar/page.tsx:20:1
Export designsPrompt doesn't exist in target module
  18 | } from "@/components/progress-inspector";
  19 | import { copyText } from "@/lib/utils";
> 20 | import { designsPrompt, INSTALL_CMD, usageSnippet } from "./snippet";
     | ^^^^^^^^^^^^^^^^^^^^^^^^^^^^^^^^^^^^^^^^^^^^^^^^^^^^^^^^^^^^^^^^^^^^^
  21 |
  22 | // Two looks, each with a light and a dark base. The page follows the app theme;
  23 | // the only choice it offers is which look you're editing. Name + value together

The export designsPrompt was not found in module [project]/app/progress-bar/snippet.ts [app-ssr] (ecmascript).
Did you mean to import designPrompt?
All exports of the module are statically known (It doesn't have dynamic exports). So it's known statically that the requested export doesn't exist.

Import traces:
  Client Component Browser:
    ./app/progress-bar/page.tsx [Client Component Browser]
    ./app/progress-bar/page.tsx [Server Component]

  Client Component SSR:
    ./app/progress-bar/page.tsx [Client Component SSR]
    ./app/progress-bar/page.tsx [Server Component] @ http://localhost:4200/_next/static/chunks/0aus_next_dist_00tg.dm._.js:1945
[    7764ms] [ERROR] ./app/progress-bar/page.tsx:20:1
Export designsPrompt doesn't exist in target module
  18 | } from "@/components/progress-inspector";
  19 | import { copyText } from "@/lib/utils";
> 20 | import { designsPrompt, INSTALL_CMD, usageSnippet } from "./snippet";
     | ^^^^^^^^^^^^^^^^^^^^^^^^^^^^^^^^^^^^^^^^^^^^^^^^^^^^^^^^^^^^^^^^^^^^^
  21 |
  22 | // Two looks, each with a light and a dark base. The page follows the app theme;
  23 | // the only choice it offers is which look you're editing. Name + value together

The export designsPrompt was not found in module [project]/app/progress-bar/snippet.ts [app-client] (ecmascript).
Did you mean to import designPrompt?
All exports of the module are statically known (It doesn't have dynamic exports). So it's known statically that the requested export doesn't exist.

Import traces:
  Client Component Browser:
    ./app/progress-bar/page.tsx [Client Component Browser]
    ./app/progress-bar/page.tsx [Server Component]

  Client Component SSR:
    ./app/progress-bar/page.tsx [Client Component SSR]
    ./app/progress-bar/page.tsx [Server Component] @ http://localhost:4200/_next/static/chunks/0aus_next_dist_00tg.dm._.js:1945
[    7764ms] [ERROR] ./app/progress-bar/page.tsx:20:1
Export designsPrompt doesn't exist in target module
  18 | } from "@/components/progress-inspector";
  19 | import { copyText } from "@/lib/utils";
> 20 | import { designsPrompt, INSTALL_CMD, usageSnippet } from "./snippet";
     | ^^^^^^^^^^^^^^^^^^^^^^^^^^^^^^^^^^^^^^^^^^^^^^^^^^^^^^^^^^^^^^^^^^^^^
  21 |
  22 | // Two looks, each with a light and a dark base. The page follows the app theme;
  23 | // the only choice it offers is which look you're editing. Name + value together

The export designsPrompt was not found in module [project]/app/progress-bar/snippet.ts [app-ssr] (ecmascript).
Did you mean to import designPrompt?
All exports of the module are statically known (It doesn't have dynamic exports). So it's known statically that the requested export doesn't exist.

Import traces:
  Client Component Browser:
    ./app/progress-bar/page.tsx [Client Component Browser]
    ./app/progress-bar/page.tsx [Server Component]

  Client Component SSR:
    ./app/progress-bar/page.tsx [Client Component SSR]
    ./app/progress-bar/page.tsx [Server Component] @ http://localhost:4200/_next/static/chunks/0aus_next_dist_00tg.dm._.js:1945
[    7834ms] [ERROR] ./app/progress-bar/page.tsx:20:1
Export designsPrompt doesn't exist in target module
  18 | } from "@/components/progress-inspector";
  19 | import { copyText } from "@/lib/utils";
> 20 | import { designsPrompt, INSTALL_CMD, usageSnippet } from "./snippet";
     | ^^^^^^^^^^^^^^^^^^^^^^^^^^^^^^^^^^^^^^^^^^^^^^^^^^^^^^^^^^^^^^^^^^^^^
  21 |
  22 | // Two looks, each with a light and a dark base. The page follows the app theme;
  23 | // the only choice it offers is which look you're editing. Name + value together

The export designsPrompt was not found in module [project]/app/progress-bar/snippet.ts [app-client] (ecmascript).
Did you mean to import designPrompt?
All exports of the module are statically known (It doesn't have dynamic exports). So it's known statically that the requested export doesn't exist.

Import traces:
  Client Component Browser:
    ./app/progress-bar/page.tsx [Client Component Browser]
    ./app/progress-bar/page.tsx [Server Component]

  Client Component SSR:
    ./app/progress-bar/page.tsx [Client Component SSR]
    ./app/progress-bar/page.tsx [Server Component] @ http://localhost:4200/_next/static/chunks/0aus_next_dist_00tg.dm._.js:1945
[    7834ms] [ERROR] ./app/progress-bar/page.tsx:20:1
Export designsPrompt doesn't exist in target module
  18 | } from "@/components/progress-inspector";
  19 | import { copyText } from "@/lib/utils";
> 20 | import { designsPrompt, INSTALL_CMD, usageSnippet } from "./snippet";
     | ^^^^^^^^^^^^^^^^^^^^^^^^^^^^^^^^^^^^^^^^^^^^^^^^^^^^^^^^^^^^^^^^^^^^^
  21 |
  22 | // Two looks, each with a light and a dark base. The page follows the app theme;
  23 | // the only choice it offers is which look you're editing. Name + value together

The export designsPrompt was not found in module [project]/app/progress-bar/snippet.ts [app-ssr] (ecmascript).
Did you mean to import designPrompt?
All exports of the module are statically known (It doesn't have dynamic exports). So it's known statically that the requested export doesn't exist.

Import traces:
  Client Component Browser:
    ./app/progress-bar/page.tsx [Client Component Browser]
    ./app/progress-bar/page.tsx [Server Component]

  Client Component SSR:
    ./app/progress-bar/page.tsx [Client Component SSR]
    ./app/progress-bar/page.tsx [Server Component] @ http://localhost:4200/_next/static/chunks/0aus_next_dist_00tg.dm._.js:1945
[    7900ms] [ERROR] ./app/progress-bar/page.tsx:20:1
Export designsPrompt doesn't exist in target module
  18 | } from "@/components/progress-inspector";
  19 | import { copyText } from "@/lib/utils";
> 20 | import { designsPrompt, INSTALL_CMD, usageSnippet } from "./snippet";
     | ^^^^^^^^^^^^^^^^^^^^^^^^^^^^^^^^^^^^^^^^^^^^^^^^^^^^^^^^^^^^^^^^^^^^^
  21 |
  22 | // Two looks, each with a light and a dark base. The page follows the app theme;
  23 | // the only choice it offers is which look you're editing. Name + value together

The export designsPrompt was not found in module [project]/app/progress-bar/snippet.ts [app-client] (ecmascript).
Did you mean to import designPrompt?
All exports of the module are statically known (It doesn't have dynamic exports). So it's known statically that the requested export doesn't exist.

Import traces:
  Client Component Browser:
    ./app/progress-bar/page.tsx [Client Component Browser]
    ./app/progress-bar/page.tsx [Server Component]

  Client Component SSR:
    ./app/progress-bar/page.tsx [Client Component SSR]
    ./app/progress-bar/page.tsx [Server Component] @ http://localhost:4200/_next/static/chunks/0aus_next_dist_00tg.dm._.js:1945
[    7900ms] [ERROR] ./app/progress-bar/page.tsx:20:1
Export designsPrompt doesn't exist in target module
  18 | } from "@/components/progress-inspector";
  19 | import { copyText } from "@/lib/utils";
> 20 | import { designsPrompt, INSTALL_CMD, usageSnippet } from "./snippet";
     | ^^^^^^^^^^^^^^^^^^^^^^^^^^^^^^^^^^^^^^^^^^^^^^^^^^^^^^^^^^^^^^^^^^^^^
  21 |
  22 | // Two looks, each with a light and a dark base. The page follows the app theme;
  23 | // the only choice it offers is which look you're editing. Name + value together

The export designsPrompt was not found in module [project]/app/progress-bar/snippet.ts [app-ssr] (ecmascript).
Did you mean to import designPrompt?
All exports of the module are statically known (It doesn't have dynamic exports). So it's known statically that the requested export doesn't exist.

Import traces:
  Client Component Browser:
    ./app/progress-bar/page.tsx [Client Component Browser]
    ./app/progress-bar/page.tsx [Server Component]

  Client Component SSR:
    ./app/progress-bar/page.tsx [Client Component SSR]
    ./app/progress-bar/page.tsx [Server Component] @ http://localhost:4200/_next/static/chunks/0aus_next_dist_00tg.dm._.js:1945
[    7969ms] [ERROR] ./app/progress-bar/page.tsx:20:1
Export designsPrompt doesn't exist in target module
  18 | } from "@/components/progress-inspector";
  19 | import { copyText } from "@/lib/utils";
> 20 | import { designsPrompt, INSTALL_CMD, usageSnippet } from "./snippet";
     | ^^^^^^^^^^^^^^^^^^^^^^^^^^^^^^^^^^^^^^^^^^^^^^^^^^^^^^^^^^^^^^^^^^^^^
  21 |
  22 | // Two looks, each with a light and a dark base. The page follows the app theme;
  23 | // the only choice it offers is which look you're editing. Name + value together

The export designsPrompt was not found in module [project]/app/progress-bar/snippet.ts [app-client] (ecmascript).
Did you mean to import designPrompt?
All exports of the module are statically known (It doesn't have dynamic exports). So it's known statically that the requested export doesn't exist.

Import traces:
  Client Component Browser:
    ./app/progress-bar/page.tsx [Client Component Browser]
    ./app/progress-bar/page.tsx [Server Component]

  Client Component SSR:
    ./app/progress-bar/page.tsx [Client Component SSR]
    ./app/progress-bar/page.tsx [Server Component] @ http://localhost:4200/_next/static/chunks/0aus_next_dist_00tg.dm._.js:1945
[    7969ms] [ERROR] ./app/progress-bar/page.tsx:20:1
Export designsPrompt doesn't exist in target module
  18 | } from "@/components/progress-inspector";
  19 | import { copyText } from "@/lib/utils";
> 20 | import { designsPrompt, INSTALL_CMD, usageSnippet } from "./snippet";
     | ^^^^^^^^^^^^^^^^^^^^^^^^^^^^^^^^^^^^^^^^^^^^^^^^^^^^^^^^^^^^^^^^^^^^^
  21 |
  22 | // Two looks, each with a light and a dark base. The page follows the app theme;
  23 | // the only choice it offers is which look you're editing. Name + value together

The export designsPrompt was not found in module [project]/app/progress-bar/snippet.ts [app-ssr] (ecmascript).
Did you mean to import designPrompt?
All exports of the module are statically known (It doesn't have dynamic exports). So it's known statically that the requested export doesn't exist.

Import traces:
  Client Component Browser:
    ./app/progress-bar/page.tsx [Client Component Browser]
    ./app/progress-bar/page.tsx [Server Component]

  Client Component SSR:
    ./app/progress-bar/page.tsx [Client Component SSR]
    ./app/progress-bar/page.tsx [Server Component] @ http://localhost:4200/_next/static/chunks/0aus_next_dist_00tg.dm._.js:1945
[    8034ms] [ERROR] ./app/progress-bar/page.tsx:20:1
Export designsPrompt doesn't exist in target module
  18 | } from "@/components/progress-inspector";
  19 | import { copyText } from "@/lib/utils";
> 20 | import { designsPrompt, INSTALL_CMD, usageSnippet } from "./snippet";
     | ^^^^^^^^^^^^^^^^^^^^^^^^^^^^^^^^^^^^^^^^^^^^^^^^^^^^^^^^^^^^^^^^^^^^^
  21 |
  22 | // Two looks, each with a light and a dark base. The page follows the app theme;
  23 | // the only choice it offers is which look you're editing. Name + value together

The export designsPrompt was not found in module [project]/app/progress-bar/snippet.ts [app-client] (ecmascript).
Did you mean to import designPrompt?
All exports of the module are statically known (It doesn't have dynamic exports). So it's known statically that the requested export doesn't exist.

Import traces:
  Client Component Browser:
    ./app/progress-bar/page.tsx [Client Component Browser]
    ./app/progress-bar/page.tsx [Server Component]

  Client Component SSR:
    ./app/progress-bar/page.tsx [Client Component SSR]
    ./app/progress-bar/page.tsx [Server Component] @ http://localhost:4200/_next/static/chunks/0aus_next_dist_00tg.dm._.js:1945
[    8035ms] [ERROR] ./app/progress-bar/page.tsx:20:1
Export designsPrompt doesn't exist in target module
  18 | } from "@/components/progress-inspector";
  19 | import { copyText } from "@/lib/utils";
> 20 | import { designsPrompt, INSTALL_CMD, usageSnippet } from "./snippet";
     | ^^^^^^^^^^^^^^^^^^^^^^^^^^^^^^^^^^^^^^^^^^^^^^^^^^^^^^^^^^^^^^^^^^^^^
  21 |
  22 | // Two looks, each with a light and a dark base. The page follows the app theme;
  23 | // the only choice it offers is which look you're editing. Name + value together

The export designsPrompt was not found in module [project]/app/progress-bar/snippet.ts [app-ssr] (ecmascript).
Did you mean to import designPrompt?
All exports of the module are statically known (It doesn't have dynamic exports). So it's known statically that the requested export doesn't exist.

Import traces:
  Client Component Browser:
    ./app/progress-bar/page.tsx [Client Component Browser]
    ./app/progress-bar/page.tsx [Server Component]

  Client Component SSR:
    ./app/progress-bar/page.tsx [Client Component SSR]
    ./app/progress-bar/page.tsx [Server Component] @ http://localhost:4200/_next/static/chunks/0aus_next_dist_00tg.dm._.js:1945
[    8100ms] [ERROR] ./app/progress-bar/page.tsx:20:1
Export designsPrompt doesn't exist in target module
  18 | } from "@/components/progress-inspector";
  19 | import { copyText } from "@/lib/utils";
> 20 | import { designsPrompt, INSTALL_CMD, usageSnippet } from "./snippet";
     | ^^^^^^^^^^^^^^^^^^^^^^^^^^^^^^^^^^^^^^^^^^^^^^^^^^^^^^^^^^^^^^^^^^^^^
  21 |
  22 | // Two looks, each with a light and a dark base. The page follows the app theme;
  23 | // the only choice it offers is which look you're editing. Name + value together

The export designsPrompt was not found in module [project]/app/progress-bar/snippet.ts [app-client] (ecmascript).
Did you mean to import designPrompt?
All exports of the module are statically known (It doesn't have dynamic exports). So it's known statically that the requested export doesn't exist.

Import traces:
  Client Component Browser:
    ./app/progress-bar/page.tsx [Client Component Browser]
    ./app/progress-bar/page.tsx [Server Component]

  Client Component SSR:
    ./app/progress-bar/page.tsx [Client Component SSR]
    ./app/progress-bar/page.tsx [Server Component] @ http://localhost:4200/_next/static/chunks/0aus_next_dist_00tg.dm._.js:1945
[    8100ms] [ERROR] ./app/progress-bar/page.tsx:20:1
Export designsPrompt doesn't exist in target module
  18 | } from "@/components/progress-inspector";
  19 | import { copyText } from "@/lib/utils";
> 20 | import { designsPrompt, INSTALL_CMD, usageSnippet } from "./snippet";
     | ^^^^^^^^^^^^^^^^^^^^^^^^^^^^^^^^^^^^^^^^^^^^^^^^^^^^^^^^^^^^^^^^^^^^^
  21 |
  22 | // Two looks, each with a light and a dark base. The page follows the app theme;
  23 | // the only choice it offers is which look you're editing. Name + value together

The export designsPrompt was not found in module [project]/app/progress-bar/snippet.ts [app-ssr] (ecmascript).
Did you mean to import designPrompt?
All exports of the module are statically known (It doesn't have dynamic exports). So it's known statically that the requested export doesn't exist.

Import traces:
  Client Component Browser:
    ./app/progress-bar/page.tsx [Client Component Browser]
    ./app/progress-bar/page.tsx [Server Component]

  Client Component SSR:
    ./app/progress-bar/page.tsx [Client Component SSR]
    ./app/progress-bar/page.tsx [Server Component] @ http://localhost:4200/_next/static/chunks/0aus_next_dist_00tg.dm._.js:1945
[    8168ms] [ERROR] ./app/progress-bar/page.tsx:20:1
Export designsPrompt doesn't exist in target module
  18 | } from "@/components/progress-inspector";
  19 | import { copyText } from "@/lib/utils";
> 20 | import { designsPrompt, INSTALL_CMD, usageSnippet } from "./snippet";
     | ^^^^^^^^^^^^^^^^^^^^^^^^^^^^^^^^^^^^^^^^^^^^^^^^^^^^^^^^^^^^^^^^^^^^^
  21 |
  22 | // Two looks, each with a light and a dark base. The page follows the app theme;
  23 | // the only choice it offers is which look you're editing. Name + value together

The export designsPrompt was not found in module [project]/app/progress-bar/snippet.ts [app-client] (ecmascript).
Did you mean to import designPrompt?
All exports of the module are statically known (It doesn't have dynamic exports). So it's known statically that the requested export doesn't exist.

Import traces:
  Client Component Browser:
    ./app/progress-bar/page.tsx [Client Component Browser]
    ./app/progress-bar/page.tsx [Server Component]

  Client Component SSR:
    ./app/progress-bar/page.tsx [Client Component SSR]
    ./app/progress-bar/page.tsx [Server Component] @ http://localhost:4200/_next/static/chunks/0aus_next_dist_00tg.dm._.js:1945
[    8168ms] [ERROR] ./app/progress-bar/page.tsx:20:1
Export designsPrompt doesn't exist in target module
  18 | } from "@/components/progress-inspector";
  19 | import { copyText } from "@/lib/utils";
> 20 | import { designsPrompt, INSTALL_CMD, usageSnippet } from "./snippet";
     | ^^^^^^^^^^^^^^^^^^^^^^^^^^^^^^^^^^^^^^^^^^^^^^^^^^^^^^^^^^^^^^^^^^^^^
  21 |
  22 | // Two looks, each with a light and a dark base. The page follows the app theme;
  23 | // the only choice it offers is which look you're editing. Name + value together

The export designsPrompt was not found in module [project]/app/progress-bar/snippet.ts [app-ssr] (ecmascript).
Did you mean to import designPrompt?
All exports of the module are statically known (It doesn't have dynamic exports). So it's known statically that the requested export doesn't exist.

Import traces:
  Client Component Browser:
    ./app/progress-bar/page.tsx [Client Component Browser]
    ./app/progress-bar/page.tsx [Server Component]

  Client Component SSR:
    ./app/progress-bar/page.tsx [Client Component SSR]
    ./app/progress-bar/page.tsx [Server Component] @ http://localhost:4200/_next/static/chunks/0aus_next_dist_00tg.dm._.js:1945
[    8235ms] [ERROR] ./app/progress-bar/page.tsx:20:1
Export designsPrompt doesn't exist in target module
  18 | } from "@/components/progress-inspector";
  19 | import { copyText } from "@/lib/utils";
> 20 | import { designsPrompt, INSTALL_CMD, usageSnippet } from "./snippet";
     | ^^^^^^^^^^^^^^^^^^^^^^^^^^^^^^^^^^^^^^^^^^^^^^^^^^^^^^^^^^^^^^^^^^^^^
  21 |
  22 | // Two looks, each with a light and a dark base. The page follows the app theme;
  23 | // the only choice it offers is which look you're editing. Name + value together

The export designsPrompt was not found in module [project]/app/progress-bar/snippet.ts [app-client] (ecmascript).
Did you mean to import designPrompt?
All exports of the module are statically known (It doesn't have dynamic exports). So it's known statically that the requested export doesn't exist.

Import traces:
  Client Component Browser:
    ./app/progress-bar/page.tsx [Client Component Browser]
    ./app/progress-bar/page.tsx [Server Component]

  Client Component SSR:
    ./app/progress-bar/page.tsx [Client Component SSR]
    ./app/progress-bar/page.tsx [Server Component] @ http://localhost:4200/_next/static/chunks/0aus_next_dist_00tg.dm._.js:1945
[    8235ms] [ERROR] ./app/progress-bar/page.tsx:20:1
Export designsPrompt doesn't exist in target module
  18 | } from "@/components/progress-inspector";
  19 | import { copyText } from "@/lib/utils";
> 20 | import { designsPrompt, INSTALL_CMD, usageSnippet } from "./snippet";
     | ^^^^^^^^^^^^^^^^^^^^^^^^^^^^^^^^^^^^^^^^^^^^^^^^^^^^^^^^^^^^^^^^^^^^^
  21 |
  22 | // Two looks, each with a light and a dark base. The page follows the app theme;
  23 | // the only choice it offers is which look you're editing. Name + value together

The export designsPrompt was not found in module [project]/app/progress-bar/snippet.ts [app-ssr] (ecmascript).
Did you mean to import designPrompt?
All exports of the module are statically known (It doesn't have dynamic exports). So it's known statically that the requested export doesn't exist.

Import traces:
  Client Component Browser:
    ./app/progress-bar/page.tsx [Client Component Browser]
    ./app/progress-bar/page.tsx [Server Component]

  Client Component SSR:
    ./app/progress-bar/page.tsx [Client Component SSR]
    ./app/progress-bar/page.tsx [Server Component] @ http://localhost:4200/_next/static/chunks/0aus_next_dist_00tg.dm._.js:1945
[    8301ms] [ERROR] ./app/progress-bar/page.tsx:20:1
Export designsPrompt doesn't exist in target module
  18 | } from "@/components/progress-inspector";
  19 | import { copyText } from "@/lib/utils";
> 20 | import { designsPrompt, INSTALL_CMD, usageSnippet } from "./snippet";
     | ^^^^^^^^^^^^^^^^^^^^^^^^^^^^^^^^^^^^^^^^^^^^^^^^^^^^^^^^^^^^^^^^^^^^^
  21 |
  22 | // Two looks, each with a light and a dark base. The page follows the app theme;
  23 | // the only choice it offers is which look you're editing. Name + value together

The export designsPrompt was not found in module [project]/app/progress-bar/snippet.ts [app-client] (ecmascript).
Did you mean to import designPrompt?
All exports of the module are statically known (It doesn't have dynamic exports). So it's known statically that the requested export doesn't exist.

Import traces:
  Client Component Browser:
    ./app/progress-bar/page.tsx [Client Component Browser]
    ./app/progress-bar/page.tsx [Server Component]

  Client Component SSR:
    ./app/progress-bar/page.tsx [Client Component SSR]
    ./app/progress-bar/page.tsx [Server Component] @ http://localhost:4200/_next/static/chunks/0aus_next_dist_00tg.dm._.js:1945
[    8302ms] [ERROR] ./app/progress-bar/page.tsx:20:1
Export designsPrompt doesn't exist in target module
  18 | } from "@/components/progress-inspector";
  19 | import { copyText } from "@/lib/utils";
> 20 | import { designsPrompt, INSTALL_CMD, usageSnippet } from "./snippet";
     | ^^^^^^^^^^^^^^^^^^^^^^^^^^^^^^^^^^^^^^^^^^^^^^^^^^^^^^^^^^^^^^^^^^^^^
  21 |
  22 | // Two looks, each with a light and a dark base. The page follows the app theme;
  23 | // the only choice it offers is which look you're editing. Name + value together

The export designsPrompt was not found in module [project]/app/progress-bar/snippet.ts [app-ssr] (ecmascript).
Did you mean to import designPrompt?
All exports of the module are statically known (It doesn't have dynamic exports). So it's known statically that the requested export doesn't exist.

Import traces:
  Client Component Browser:
    ./app/progress-bar/page.tsx [Client Component Browser]
    ./app/progress-bar/page.tsx [Server Component]

  Client Component SSR:
    ./app/progress-bar/page.tsx [Client Component SSR]
    ./app/progress-bar/page.tsx [Server Component] @ http://localhost:4200/_next/static/chunks/0aus_next_dist_00tg.dm._.js:1945
[    8368ms] [ERROR] ./app/progress-bar/page.tsx:20:1
Export designsPrompt doesn't exist in target module
  18 | } from "@/components/progress-inspector";
  19 | import { copyText } from "@/lib/utils";
> 20 | import { designsPrompt, INSTALL_CMD, usageSnippet } from "./snippet";
     | ^^^^^^^^^^^^^^^^^^^^^^^^^^^^^^^^^^^^^^^^^^^^^^^^^^^^^^^^^^^^^^^^^^^^^
  21 |
  22 | // Two looks, each with a light and a dark base. The page follows the app theme;
  23 | // the only choice it offers is which look you're editing. Name + value together

The export designsPrompt was not found in module [project]/app/progress-bar/snippet.ts [app-client] (ecmascript).
Did you mean to import designPrompt?
All exports of the module are statically known (It doesn't have dynamic exports). So it's known statically that the requested export doesn't exist.

Import traces:
  Client Component Browser:
    ./app/progress-bar/page.tsx [Client Component Browser]
    ./app/progress-bar/page.tsx [Server Component]

  Client Component SSR:
    ./app/progress-bar/page.tsx [Client Component SSR]
    ./app/progress-bar/page.tsx [Server Component] @ http://localhost:4200/_next/static/chunks/0aus_next_dist_00tg.dm._.js:1945
[    8368ms] [ERROR] ./app/progress-bar/page.tsx:20:1
Export designsPrompt doesn't exist in target module
  18 | } from "@/components/progress-inspector";
  19 | import { copyText } from "@/lib/utils";
> 20 | import { designsPrompt, INSTALL_CMD, usageSnippet } from "./snippet";
     | ^^^^^^^^^^^^^^^^^^^^^^^^^^^^^^^^^^^^^^^^^^^^^^^^^^^^^^^^^^^^^^^^^^^^^
  21 |
  22 | // Two looks, each with a light and a dark base. The page follows the app theme;
  23 | // the only choice it offers is which look you're editing. Name + value together

The export designsPrompt was not found in module [project]/app/progress-bar/snippet.ts [app-ssr] (ecmascript).
Did you mean to import designPrompt?
All exports of the module are statically known (It doesn't have dynamic exports). So it's known statically that the requested export doesn't exist.

Import traces:
  Client Component Browser:
    ./app/progress-bar/page.tsx [Client Component Browser]
    ./app/progress-bar/page.tsx [Server Component]

  Client Component SSR:
    ./app/progress-bar/page.tsx [Client Component SSR]
    ./app/progress-bar/page.tsx [Server Component] @ http://localhost:4200/_next/static/chunks/0aus_next_dist_00tg.dm._.js:1945
[    8433ms] [ERROR] ./app/progress-bar/page.tsx:20:1
Export designsPrompt doesn't exist in target module
  18 | } from "@/components/progress-inspector";
  19 | import { copyText } from "@/lib/utils";
> 20 | import { designsPrompt, INSTALL_CMD, usageSnippet } from "./snippet";
     | ^^^^^^^^^^^^^^^^^^^^^^^^^^^^^^^^^^^^^^^^^^^^^^^^^^^^^^^^^^^^^^^^^^^^^
  21 |
  22 | // Two looks, each with a light and a dark base. The page follows the app theme;
  23 | // the only choice it offers is which look you're editing. Name + value together

The export designsPrompt was not found in module [project]/app/progress-bar/snippet.ts [app-client] (ecmascript).
Did you mean to import designPrompt?
All exports of the module are statically known (It doesn't have dynamic exports). So it's known statically that the requested export doesn't exist.

Import traces:
  Client Component Browser:
    ./app/progress-bar/page.tsx [Client Component Browser]
    ./app/progress-bar/page.tsx [Server Component]

  Client Component SSR:
    ./app/progress-bar/page.tsx [Client Component SSR]
    ./app/progress-bar/page.tsx [Server Component] @ http://localhost:4200/_next/static/chunks/0aus_next_dist_00tg.dm._.js:1945
[    8433ms] [ERROR] ./app/progress-bar/page.tsx:20:1
Export designsPrompt doesn't exist in target module
  18 | } from "@/components/progress-inspector";
  19 | import { copyText } from "@/lib/utils";
> 20 | import { designsPrompt, INSTALL_CMD, usageSnippet } from "./snippet";
     | ^^^^^^^^^^^^^^^^^^^^^^^^^^^^^^^^^^^^^^^^^^^^^^^^^^^^^^^^^^^^^^^^^^^^^
  21 |
  22 | // Two looks, each with a light and a dark base. The page follows the app theme;
  23 | // the only choice it offers is which look you're editing. Name + value together

The export designsPrompt was not found in module [project]/app/progress-bar/snippet.ts [app-ssr] (ecmascript).
Did you mean to import designPrompt?
All exports of the module are statically known (It doesn't have dynamic exports). So it's known statically that the requested export doesn't exist.

Import traces:
  Client Component Browser:
    ./app/progress-bar/page.tsx [Client Component Browser]
    ./app/progress-bar/page.tsx [Server Component]

  Client Component SSR:
    ./app/progress-bar/page.tsx [Client Component SSR]
    ./app/progress-bar/page.tsx [Server Component] @ http://localhost:4200/_next/static/chunks/0aus_next_dist_00tg.dm._.js:1945
[    8501ms] [ERROR] ./app/progress-bar/page.tsx:20:1
Export designsPrompt doesn't exist in target module
  18 | } from "@/components/progress-inspector";
  19 | import { copyText } from "@/lib/utils";
> 20 | import { designsPrompt, INSTALL_CMD, usageSnippet } from "./snippet";
     | ^^^^^^^^^^^^^^^^^^^^^^^^^^^^^^^^^^^^^^^^^^^^^^^^^^^^^^^^^^^^^^^^^^^^^
  21 |
  22 | // Two looks, each with a light and a dark base. The page follows the app theme;
  23 | // the only choice it offers is which look you're editing. Name + value together

The export designsPrompt was not found in module [project]/app/progress-bar/snippet.ts [app-client] (ecmascript).
Did you mean to import designPrompt?
All exports of the module are statically known (It doesn't have dynamic exports). So it's known statically that the requested export doesn't exist.

Import traces:
  Client Component Browser:
    ./app/progress-bar/page.tsx [Client Component Browser]
    ./app/progress-bar/page.tsx [Server Component]

  Client Component SSR:
    ./app/progress-bar/page.tsx [Client Component SSR]
    ./app/progress-bar/page.tsx [Server Component] @ http://localhost:4200/_next/static/chunks/0aus_next_dist_00tg.dm._.js:1945
[    8501ms] [ERROR] ./app/progress-bar/page.tsx:20:1
Export designsPrompt doesn't exist in target module
  18 | } from "@/components/progress-inspector";
  19 | import { copyText } from "@/lib/utils";
> 20 | import { designsPrompt, INSTALL_CMD, usageSnippet } from "./snippet";
     | ^^^^^^^^^^^^^^^^^^^^^^^^^^^^^^^^^^^^^^^^^^^^^^^^^^^^^^^^^^^^^^^^^^^^^
  21 |
  22 | // Two looks, each with a light and a dark base. The page follows the app theme;
  23 | // the only choice it offers is which look you're editing. Name + value together

The export designsPrompt was not found in module [project]/app/progress-bar/snippet.ts [app-ssr] (ecmascript).
Did you mean to import designPrompt?
All exports of the module are statically known (It doesn't have dynamic exports). So it's known statically that the requested export doesn't exist.

Import traces:
  Client Component Browser:
    ./app/progress-bar/page.tsx [Client Component Browser]
    ./app/progress-bar/page.tsx [Server Component]

  Client Component SSR:
    ./app/progress-bar/page.tsx [Client Component SSR]
    ./app/progress-bar/page.tsx [Server Component] @ http://localhost:4200/_next/static/chunks/0aus_next_dist_00tg.dm._.js:1945
[    8568ms] [ERROR] ./app/progress-bar/page.tsx:20:1
Export designsPrompt doesn't exist in target module
  18 | } from "@/components/progress-inspector";
  19 | import { copyText } from "@/lib/utils";
> 20 | import { designsPrompt, INSTALL_CMD, usageSnippet } from "./snippet";
     | ^^^^^^^^^^^^^^^^^^^^^^^^^^^^^^^^^^^^^^^^^^^^^^^^^^^^^^^^^^^^^^^^^^^^^
  21 |
  22 | // Two looks, each with a light and a dark base. The page follows the app theme;
  23 | // the only choice it offers is which look you're editing. Name + value together

The export designsPrompt was not found in module [project]/app/progress-bar/snippet.ts [app-client] (ecmascript).
Did you mean to import designPrompt?
All exports of the module are statically known (It doesn't have dynamic exports). So it's known statically that the requested export doesn't exist.

Import traces:
  Client Component Browser:
    ./app/progress-bar/page.tsx [Client Component Browser]
    ./app/progress-bar/page.tsx [Server Component]

  Client Component SSR:
    ./app/progress-bar/page.tsx [Client Component SSR]
    ./app/progress-bar/page.tsx [Server Component] @ http://localhost:4200/_next/static/chunks/0aus_next_dist_00tg.dm._.js:1945
[    8568ms] [ERROR] ./app/progress-bar/page.tsx:20:1
Export designsPrompt doesn't exist in target module
  18 | } from "@/components/progress-inspector";
  19 | import { copyText } from "@/lib/utils";
> 20 | import { designsPrompt, INSTALL_CMD, usageSnippet } from "./snippet";
     | ^^^^^^^^^^^^^^^^^^^^^^^^^^^^^^^^^^^^^^^^^^^^^^^^^^^^^^^^^^^^^^^^^^^^^
  21 |
  22 | // Two looks, each with a light and a dark base. The page follows the app theme;
  23 | // the only choice it offers is which look you're editing. Name + value together

The export designsPrompt was not found in module [project]/app/progress-bar/snippet.ts [app-ssr] (ecmascript).
Did you mean to import designPrompt?
All exports of the module are statically known (It doesn't have dynamic exports). So it's known statically that the requested export doesn't exist.

Import traces:
  Client Component Browser:
    ./app/progress-bar/page.tsx [Client Component Browser]
    ./app/progress-bar/page.tsx [Server Component]

  Client Component SSR:
    ./app/progress-bar/page.tsx [Client Component SSR]
    ./app/progress-bar/page.tsx [Server Component] @ http://localhost:4200/_next/static/chunks/0aus_next_dist_00tg.dm._.js:1945
[    8634ms] [ERROR] ./app/progress-bar/page.tsx:20:1
Export designsPrompt doesn't exist in target module
  18 | } from "@/components/progress-inspector";
  19 | import { copyText } from "@/lib/utils";
> 20 | import { designsPrompt, INSTALL_CMD, usageSnippet } from "./snippet";
     | ^^^^^^^^^^^^^^^^^^^^^^^^^^^^^^^^^^^^^^^^^^^^^^^^^^^^^^^^^^^^^^^^^^^^^
  21 |
  22 | // Two looks, each with a light and a dark base. The page follows the app theme;
  23 | // the only choice it offers is which look you're editing. Name + value together

The export designsPrompt was not found in module [project]/app/progress-bar/snippet.ts [app-client] (ecmascript).
Did you mean to import designPrompt?
All exports of the module are statically known (It doesn't have dynamic exports). So it's known statically that the requested export doesn't exist.

Import traces:
  Client Component Browser:
    ./app/progress-bar/page.tsx [Client Component Browser]
    ./app/progress-bar/page.tsx [Server Component]

  Client Component SSR:
    ./app/progress-bar/page.tsx [Client Component SSR]
    ./app/progress-bar/page.tsx [Server Component] @ http://localhost:4200/_next/static/chunks/0aus_next_dist_00tg.dm._.js:1945
[    8635ms] [ERROR] ./app/progress-bar/page.tsx:20:1
Export designsPrompt doesn't exist in target module
  18 | } from "@/components/progress-inspector";
  19 | import { copyText } from "@/lib/utils";
> 20 | import { designsPrompt, INSTALL_CMD, usageSnippet } from "./snippet";
     | ^^^^^^^^^^^^^^^^^^^^^^^^^^^^^^^^^^^^^^^^^^^^^^^^^^^^^^^^^^^^^^^^^^^^^
  21 |
  22 | // Two looks, each with a light and a dark base. The page follows the app theme;
  23 | // the only choice it offers is which look you're editing. Name + value together

The export designsPrompt was not found in module [project]/app/progress-bar/snippet.ts [app-ssr] (ecmascript).
Did you mean to import designPrompt?
All exports of the module are statically known (It doesn't have dynamic exports). So it's known statically that the requested export doesn't exist.

Import traces:
  Client Component Browser:
    ./app/progress-bar/page.tsx [Client Component Browser]
    ./app/progress-bar/page.tsx [Server Component]

  Client Component SSR:
    ./app/progress-bar/page.tsx [Client Component SSR]
    ./app/progress-bar/page.tsx [Server Component] @ http://localhost:4200/_next/static/chunks/0aus_next_dist_00tg.dm._.js:1945
[    8699ms] [ERROR] ./app/progress-bar/page.tsx:20:1
Export designsPrompt doesn't exist in target module
  18 | } from "@/components/progress-inspector";
  19 | import { copyText } from "@/lib/utils";
> 20 | import { designsPrompt, INSTALL_CMD, usageSnippet } from "./snippet";
     | ^^^^^^^^^^^^^^^^^^^^^^^^^^^^^^^^^^^^^^^^^^^^^^^^^^^^^^^^^^^^^^^^^^^^^
  21 |
  22 | // Two looks, each with a light and a dark base. The page follows the app theme;
  23 | // the only choice it offers is which look you're editing. Name + value together

The export designsPrompt was not found in module [project]/app/progress-bar/snippet.ts [app-client] (ecmascript).
Did you mean to import designPrompt?
All exports of the module are statically known (It doesn't have dynamic exports). So it's known statically that the requested export doesn't exist.

Import traces:
  Client Component Browser:
    ./app/progress-bar/page.tsx [Client Component Browser]
    ./app/progress-bar/page.tsx [Server Component]

  Client Component SSR:
    ./app/progress-bar/page.tsx [Client Component SSR]
    ./app/progress-bar/page.tsx [Server Component] @ http://localhost:4200/_next/static/chunks/0aus_next_dist_00tg.dm._.js:1945
[    8699ms] [ERROR] ./app/progress-bar/page.tsx:20:1
Export designsPrompt doesn't exist in target module
  18 | } from "@/components/progress-inspector";
  19 | import { copyText } from "@/lib/utils";
> 20 | import { designsPrompt, INSTALL_CMD, usageSnippet } from "./snippet";
     | ^^^^^^^^^^^^^^^^^^^^^^^^^^^^^^^^^^^^^^^^^^^^^^^^^^^^^^^^^^^^^^^^^^^^^
  21 |
  22 | // Two looks, each with a light and a dark base. The page follows the app theme;
  23 | // the only choice it offers is which look you're editing. Name + value together

The export designsPrompt was not found in module [project]/app/progress-bar/snippet.ts [app-ssr] (ecmascript).
Did you mean to import designPrompt?
All exports of the module are statically known (It doesn't have dynamic exports). So it's known statically that the requested export doesn't exist.

Import traces:
  Client Component Browser:
    ./app/progress-bar/page.tsx [Client Component Browser]
    ./app/progress-bar/page.tsx [Server Component]

  Client Component SSR:
    ./app/progress-bar/page.tsx [Client Component SSR]
    ./app/progress-bar/page.tsx [Server Component] @ http://localhost:4200/_next/static/chunks/0aus_next_dist_00tg.dm._.js:1945
[    8767ms] [ERROR] ./app/progress-bar/page.tsx:20:1
Export designsPrompt doesn't exist in target module
  18 | } from "@/components/progress-inspector";
  19 | import { copyText } from "@/lib/utils";
> 20 | import { designsPrompt, INSTALL_CMD, usageSnippet } from "./snippet";
     | ^^^^^^^^^^^^^^^^^^^^^^^^^^^^^^^^^^^^^^^^^^^^^^^^^^^^^^^^^^^^^^^^^^^^^
  21 |
  22 | // Two looks, each with a light and a dark base. The page follows the app theme;
  23 | // the only choice it offers is which look you're editing. Name + value together

The export designsPrompt was not found in module [project]/app/progress-bar/snippet.ts [app-client] (ecmascript).
Did you mean to import designPrompt?
All exports of the module are statically known (It doesn't have dynamic exports). So it's known statically that the requested export doesn't exist.

Import traces:
  Client Component Browser:
    ./app/progress-bar/page.tsx [Client Component Browser]
    ./app/progress-bar/page.tsx [Server Component]

  Client Component SSR:
    ./app/progress-bar/page.tsx [Client Component SSR]
    ./app/progress-bar/page.tsx [Server Component] @ http://localhost:4200/_next/static/chunks/0aus_next_dist_00tg.dm._.js:1945
[    8767ms] [ERROR] ./app/progress-bar/page.tsx:20:1
Export designsPrompt doesn't exist in target module
  18 | } from "@/components/progress-inspector";
  19 | import { copyText } from "@/lib/utils";
> 20 | import { designsPrompt, INSTALL_CMD, usageSnippet } from "./snippet";
     | ^^^^^^^^^^^^^^^^^^^^^^^^^^^^^^^^^^^^^^^^^^^^^^^^^^^^^^^^^^^^^^^^^^^^^
  21 |
  22 | // Two looks, each with a light and a dark base. The page follows the app theme;
  23 | // the only choice it offers is which look you're editing. Name + value together

The export designsPrompt was not found in module [project]/app/progress-bar/snippet.ts [app-ssr] (ecmascript).
Did you mean to import designPrompt?
All exports of the module are statically known (It doesn't have dynamic exports). So it's known statically that the requested export doesn't exist.

Import traces:
  Client Component Browser:
    ./app/progress-bar/page.tsx [Client Component Browser]
    ./app/progress-bar/page.tsx [Server Component]

  Client Component SSR:
    ./app/progress-bar/page.tsx [Client Component SSR]
    ./app/progress-bar/page.tsx [Server Component] @ http://localhost:4200/_next/static/chunks/0aus_next_dist_00tg.dm._.js:1945
[    8878ms] [ERROR] ./app/progress-bar/page.tsx:20:1
Export designsPrompt doesn't exist in target module
  18 | } from "@/components/progress-inspector";
  19 | import { copyText } from "@/lib/utils";
> 20 | import { designsPrompt, INSTALL_CMD, usageSnippet } from "./snippet";
     | ^^^^^^^^^^^^^^^^^^^^^^^^^^^^^^^^^^^^^^^^^^^^^^^^^^^^^^^^^^^^^^^^^^^^^
  21 |
  22 | // Two looks, each with a light and a dark base. The page follows the app theme;
  23 | // the only choice it offers is which look you're editing. Name + value together

The export designsPrompt was not found in module [project]/app/progress-bar/snippet.ts [app-client] (ecmascript).
Did you mean to import designPrompt?
All exports of the module are statically known (It doesn't have dynamic exports). So it's known statically that the requested export doesn't exist.

Import traces:
  Client Component Browser:
    ./app/progress-bar/page.tsx [Client Component Browser]
    ./app/progress-bar/page.tsx [Server Component]

  Client Component SSR:
    ./app/progress-bar/page.tsx [Client Component SSR]
    ./app/progress-bar/page.tsx [Server Component] @ http://localhost:4200/_next/static/chunks/0aus_next_dist_00tg.dm._.js:1945
[    8878ms] [ERROR] ./app/progress-bar/page.tsx:20:1
Export designsPrompt doesn't exist in target module
  18 | } from "@/components/progress-inspector";
  19 | import { copyText } from "@/lib/utils";
> 20 | import { designsPrompt, INSTALL_CMD, usageSnippet } from "./snippet";
     | ^^^^^^^^^^^^^^^^^^^^^^^^^^^^^^^^^^^^^^^^^^^^^^^^^^^^^^^^^^^^^^^^^^^^^
  21 |
  22 | // Two looks, each with a light and a dark base. The page follows the app theme;
  23 | // the only choice it offers is which look you're editing. Name + value together

The export designsPrompt was not found in module [project]/app/progress-bar/snippet.ts [app-ssr] (ecmascript).
Did you mean to import designPrompt?
All exports of the module are statically known (It doesn't have dynamic exports). So it's known statically that the requested export doesn't exist.

Import traces:
  Client Component Browser:
    ./app/progress-bar/page.tsx [Client Component Browser]
    ./app/progress-bar/page.tsx [Server Component]

  Client Component SSR:
    ./app/progress-bar/page.tsx [Client Component SSR]
    ./app/progress-bar/page.tsx [Server Component] @ http://localhost:4200/_next/static/chunks/0aus_next_dist_00tg.dm._.js:1945
[    8935ms] [ERROR] ./app/progress-bar/page.tsx:20:1
Export designsPrompt doesn't exist in target module
  18 | } from "@/components/progress-inspector";
  19 | import { copyText } from "@/lib/utils";
> 20 | import { designsPrompt, INSTALL_CMD, usageSnippet } from "./snippet";
     | ^^^^^^^^^^^^^^^^^^^^^^^^^^^^^^^^^^^^^^^^^^^^^^^^^^^^^^^^^^^^^^^^^^^^^
  21 |
  22 | // Two looks, each with a light and a dark base. The page follows the app theme;
  23 | // the only choice it offers is which look you're editing. Name + value together

The export designsPrompt was not found in module [project]/app/progress-bar/snippet.ts [app-client] (ecmascript).
Did you mean to import designPrompt?
All exports of the module are statically known (It doesn't have dynamic exports). So it's known statically that the requested export doesn't exist.

Import traces:
  Client Component Browser:
    ./app/progress-bar/page.tsx [Client Component Browser]
    ./app/progress-bar/page.tsx [Server Component]

  Client Component SSR:
    ./app/progress-bar/page.tsx [Client Component SSR]
    ./app/progress-bar/page.tsx [Server Component] @ http://localhost:4200/_next/static/chunks/0aus_next_dist_00tg.dm._.js:1945
[    8935ms] [ERROR] ./app/progress-bar/page.tsx:20:1
Export designsPrompt doesn't exist in target module
  18 | } from "@/components/progress-inspector";
  19 | import { copyText } from "@/lib/utils";
> 20 | import { designsPrompt, INSTALL_CMD, usageSnippet } from "./snippet";
     | ^^^^^^^^^^^^^^^^^^^^^^^^^^^^^^^^^^^^^^^^^^^^^^^^^^^^^^^^^^^^^^^^^^^^^
  21 |
  22 | // Two looks, each with a light and a dark base. The page follows the app theme;
  23 | // the only choice it offers is which look you're editing. Name + value together

The export designsPrompt was not found in module [project]/app/progress-bar/snippet.ts [app-ssr] (ecmascript).
Did you mean to import designPrompt?
All exports of the module are statically known (It doesn't have dynamic exports). So it's known statically that the requested export doesn't exist.

Import traces:
  Client Component Browser:
    ./app/progress-bar/page.tsx [Client Component Browser]
    ./app/progress-bar/page.tsx [Server Component]

  Client Component SSR:
    ./app/progress-bar/page.tsx [Client Component SSR]
    ./app/progress-bar/page.tsx [Server Component] @ http://localhost:4200/_next/static/chunks/0aus_next_dist_00tg.dm._.js:1945
[    9012ms] [ERROR] ./app/progress-bar/page.tsx:20:1
Export designsPrompt doesn't exist in target module
  18 | } from "@/components/progress-inspector";
  19 | import { copyText } from "@/lib/utils";
> 20 | import { designsPrompt, INSTALL_CMD, usageSnippet } from "./snippet";
     | ^^^^^^^^^^^^^^^^^^^^^^^^^^^^^^^^^^^^^^^^^^^^^^^^^^^^^^^^^^^^^^^^^^^^^
  21 |
  22 | // Two looks, each with a light and a dark base. The page follows the app theme;
  23 | // the only choice it offers is which look you're editing. Name + value together

The export designsPrompt was not found in module [project]/app/progress-bar/snippet.ts [app-client] (ecmascript).
Did you mean to import designPrompt?
All exports of the module are statically known (It doesn't have dynamic exports). So it's known statically that the requested export doesn't exist.

Import traces:
  Client Component Browser:
    ./app/progress-bar/page.tsx [Client Component Browser]
    ./app/progress-bar/page.tsx [Server Component]

  Client Component SSR:
    ./app/progress-bar/page.tsx [Client Component SSR]
    ./app/progress-bar/page.tsx [Server Component] @ http://localhost:4200/_next/static/chunks/0aus_next_dist_00tg.dm._.js:1945
[    9012ms] [ERROR] ./app/progress-bar/page.tsx:20:1
Export designsPrompt doesn't exist in target module
  18 | } from "@/components/progress-inspector";
  19 | import { copyText } from "@/lib/utils";
> 20 | import { designsPrompt, INSTALL_CMD, usageSnippet } from "./snippet";
     | ^^^^^^^^^^^^^^^^^^^^^^^^^^^^^^^^^^^^^^^^^^^^^^^^^^^^^^^^^^^^^^^^^^^^^
  21 |
  22 | // Two looks, each with a light and a dark base. The page follows the app theme;
  23 | // the only choice it offers is which look you're editing. Name + value together

The export designsPrompt was not found in module [project]/app/progress-bar/snippet.ts [app-ssr] (ecmascript).
Did you mean to import designPrompt?
All exports of the module are statically known (It doesn't have dynamic exports). So it's known statically that the requested export doesn't exist.

Import traces:
  Client Component Browser:
    ./app/progress-bar/page.tsx [Client Component Browser]
    ./app/progress-bar/page.tsx [Server Component]

  Client Component SSR:
    ./app/progress-bar/page.tsx [Client Component SSR]
    ./app/progress-bar/page.tsx [Server Component] @ http://localhost:4200/_next/static/chunks/0aus_next_dist_00tg.dm._.js:1945
[    9068ms] [LOG] [Fast Refresh] rebuilding @ http://localhost:4200/_next/static/chunks/0aus_next_dist_00tg.dm._.js:1226
[    9261ms] [ERROR] ./app/progress-bar/page.tsx:20:1
Export designsPrompt doesn't exist in target module
  18 | } from "@/components/progress-inspector";
  19 | import { copyText } from "@/lib/utils";
> 20 | import { designsPrompt, INSTALL_CMD, usageSnippet } from "./snippet";
     | ^^^^^^^^^^^^^^^^^^^^^^^^^^^^^^^^^^^^^^^^^^^^^^^^^^^^^^^^^^^^^^^^^^^^^
  21 |
  22 | // Two looks, each with a light and a dark base. The page follows the app theme;
  23 | // the only choice it offers is which look you're editing. Name + value together

The export designsPrompt was not found in module [project]/app/progress-bar/snippet.ts [app-client] (ecmascript).
Did you mean to import designPrompt?
All exports of the module are statically known (It doesn't have dynamic exports). So it's known statically that the requested export doesn't exist.

Import traces:
  Client Component Browser:
    ./app/progress-bar/page.tsx [Client Component Browser]
    ./app/progress-bar/page.tsx [Server Component]

  Client Component SSR:
    ./app/progress-bar/page.tsx [Client Component SSR]
    ./app/progress-bar/page.tsx [Server Component] @ http://localhost:4200/_next/static/chunks/0aus_next_dist_00tg.dm._.js:1945
[    9261ms] [ERROR] ./app/progress-bar/page.tsx:20:1
Export designsPrompt doesn't exist in target module
  18 | } from "@/components/progress-inspector";
  19 | import { copyText } from "@/lib/utils";
> 20 | import { designsPrompt, INSTALL_CMD, usageSnippet } from "./snippet";
     | ^^^^^^^^^^^^^^^^^^^^^^^^^^^^^^^^^^^^^^^^^^^^^^^^^^^^^^^^^^^^^^^^^^^^^
  21 |
  22 | // Two looks, each with a light and a dark base. The page follows the app theme;
  23 | // the only choice it offers is which look you're editing. Name + value together

The export designsPrompt was not found in module [project]/app/progress-bar/snippet.ts [app-ssr] (ecmascript).
Did you mean to import designPrompt?
All exports of the module are statically known (It doesn't have dynamic exports). So it's known statically that the requested export doesn't exist.

Import traces:
  Client Component Browser:
    ./app/progress-bar/page.tsx [Client Component Browser]
    ./app/progress-bar/page.tsx [Server Component]

  Client Component SSR:
    ./app/progress-bar/page.tsx [Client Component SSR]
    ./app/progress-bar/page.tsx [Server Component] @ http://localhost:4200/_next/static/chunks/0aus_next_dist_00tg.dm._.js:1945
[    9296ms] [LOG] [Fast Refresh] rebuilding @ http://localhost:4200/_next/static/chunks/0aus_next_dist_00tg.dm._.js:1226
[    9355ms] [ERROR] ./app/progress-bar/page.tsx:20:1
Export designsPrompt doesn't exist in target module
  18 | } from "@/components/progress-inspector";
  19 | import { copyText } from "@/lib/utils";
> 20 | import { designsPrompt, INSTALL_CMD, usageSnippet } from "./snippet";
     | ^^^^^^^^^^^^^^^^^^^^^^^^^^^^^^^^^^^^^^^^^^^^^^^^^^^^^^^^^^^^^^^^^^^^^
  21 |
  22 | // Two looks, each with a light and a dark base. The page follows the app theme;
  23 | // the only choice it offers is which look you're editing. Name + value together

The export designsPrompt was not found in module [project]/app/progress-bar/snippet.ts [app-client] (ecmascript).
Did you mean to import designPrompt?
All exports of the module are statically known (It doesn't have dynamic exports). So it's known statically that the requested export doesn't exist.

Import traces:
  Client Component Browser:
    ./app/progress-bar/page.tsx [Client Component Browser]
    ./app/progress-bar/page.tsx [Server Component]

  Client Component SSR:
    ./app/progress-bar/page.tsx [Client Component SSR]
    ./app/progress-bar/page.tsx [Server Component] @ http://localhost:4200/_next/static/chunks/0aus_next_dist_00tg.dm._.js:1945
[    9355ms] [ERROR] ./app/progress-bar/page.tsx:20:1
Export designsPrompt doesn't exist in target module
  18 | } from "@/components/progress-inspector";
  19 | import { copyText } from "@/lib/utils";
> 20 | import { designsPrompt, INSTALL_CMD, usageSnippet } from "./snippet";
     | ^^^^^^^^^^^^^^^^^^^^^^^^^^^^^^^^^^^^^^^^^^^^^^^^^^^^^^^^^^^^^^^^^^^^^
  21 |
  22 | // Two looks, each with a light and a dark base. The page follows the app theme;
  23 | // the only choice it offers is which look you're editing. Name + value together

The export designsPrompt was not found in module [project]/app/progress-bar/snippet.ts [app-ssr] (ecmascript).
Did you mean to import designPrompt?
All exports of the module are statically known (It doesn't have dynamic exports). So it's known statically that the requested export doesn't exist.

Import traces:
  Client Component Browser:
    ./app/progress-bar/page.tsx [Client Component Browser]
    ./app/progress-bar/page.tsx [Server Component]

  Client Component SSR:
    ./app/progress-bar/page.tsx [Client Component SSR]
    ./app/progress-bar/page.tsx [Server Component] @ http://localhost:4200/_next/static/chunks/0aus_next_dist_00tg.dm._.js:1945
[    9417ms] [ERROR] ./app/progress-bar/page.tsx:20:1
Export designsPrompt doesn't exist in target module
  18 | } from "@/components/progress-inspector";
  19 | import { copyText } from "@/lib/utils";
> 20 | import { designsPrompt, INSTALL_CMD, usageSnippet } from "./snippet";
     | ^^^^^^^^^^^^^^^^^^^^^^^^^^^^^^^^^^^^^^^^^^^^^^^^^^^^^^^^^^^^^^^^^^^^^
  21 |
  22 | // Two looks, each with a light and a dark base. The page follows the app theme;
  23 | // the only choice it offers is which look you're editing. Name + value together

The export designsPrompt was not found in module [project]/app/progress-bar/snippet.ts [app-client] (ecmascript).
Did you mean to import designPrompt?
All exports of the module are statically known (It doesn't have dynamic exports). So it's known statically that the requested export doesn't exist.

Import traces:
  Client Component Browser:
    ./app/progress-bar/page.tsx [Client Component Browser]
    ./app/progress-bar/page.tsx [Server Component]

  Client Component SSR:
    ./app/progress-bar/page.tsx [Client Component SSR]
    ./app/progress-bar/page.tsx [Server Component] @ http://localhost:4200/_next/static/chunks/0aus_next_dist_00tg.dm._.js:1945
[    9417ms] [ERROR] ./app/progress-bar/page.tsx:20:1
Export designsPrompt doesn't exist in target module
  18 | } from "@/components/progress-inspector";
  19 | import { copyText } from "@/lib/utils";
> 20 | import { designsPrompt, INSTALL_CMD, usageSnippet } from "./snippet";
     | ^^^^^^^^^^^^^^^^^^^^^^^^^^^^^^^^^^^^^^^^^^^^^^^^^^^^^^^^^^^^^^^^^^^^^
  21 |
  22 | // Two looks, each with a light and a dark base. The page follows the app theme;
  23 | // the only choice it offers is which look you're editing. Name + value together

The export designsPrompt was not found in module [project]/app/progress-bar/snippet.ts [app-ssr] (ecmascript).
Did you mean to import designPrompt?
All exports of the module are statically known (It doesn't have dynamic exports). So it's known statically that the requested export doesn't exist.

Import traces:
  Client Component Browser:
    ./app/progress-bar/page.tsx [Client Component Browser]
    ./app/progress-bar/page.tsx [Server Component]

  Client Component SSR:
    ./app/progress-bar/page.tsx [Client Component SSR]
    ./app/progress-bar/page.tsx [Server Component] @ http://localhost:4200/_next/static/chunks/0aus_next_dist_00tg.dm._.js:1945
[    9485ms] [ERROR] ./app/progress-bar/page.tsx:20:1
Export designsPrompt doesn't exist in target module
  18 | } from "@/components/progress-inspector";
  19 | import { copyText } from "@/lib/utils";
> 20 | import { designsPrompt, INSTALL_CMD, usageSnippet } from "./snippet";
     | ^^^^^^^^^^^^^^^^^^^^^^^^^^^^^^^^^^^^^^^^^^^^^^^^^^^^^^^^^^^^^^^^^^^^^
  21 |
  22 | // Two looks, each with a light and a dark base. The page follows the app theme;
  23 | // the only choice it offers is which look you're editing. Name + value together

The export designsPrompt was not found in module [project]/app/progress-bar/snippet.ts [app-client] (ecmascript).
Did you mean to import designPrompt?
All exports of the module are statically known (It doesn't have dynamic exports). So it's known statically that the requested export doesn't exist.

Import traces:
  Client Component Browser:
    ./app/progress-bar/page.tsx [Client Component Browser]
    ./app/progress-bar/page.tsx [Server Component]

  Client Component SSR:
    ./app/progress-bar/page.tsx [Client Component SSR]
    ./app/progress-bar/page.tsx [Server Component] @ http://localhost:4200/_next/static/chunks/0aus_next_dist_00tg.dm._.js:1945
[    9485ms] [ERROR] ./app/progress-bar/page.tsx:20:1
Export designsPrompt doesn't exist in target module
  18 | } from "@/components/progress-inspector";
  19 | import { copyText } from "@/lib/utils";
> 20 | import { designsPrompt, INSTALL_CMD, usageSnippet } from "./snippet";
     | ^^^^^^^^^^^^^^^^^^^^^^^^^^^^^^^^^^^^^^^^^^^^^^^^^^^^^^^^^^^^^^^^^^^^^
  21 |
  22 | // Two looks, each with a light and a dark base. The page follows the app theme;
  23 | // the only choice it offers is which look you're editing. Name + value together

The export designsPrompt was not found in module [project]/app/progress-bar/snippet.ts [app-ssr] (ecmascript).
Did you mean to import designPrompt?
All exports of the module are statically known (It doesn't have dynamic exports). So it's known statically that the requested export doesn't exist.

Import traces:
  Client Component Browser:
    ./app/progress-bar/page.tsx [Client Component Browser]
    ./app/progress-bar/page.tsx [Server Component]

  Client Component SSR:
    ./app/progress-bar/page.tsx [Client Component SSR]
    ./app/progress-bar/page.tsx [Server Component] @ http://localhost:4200/_next/static/chunks/0aus_next_dist_00tg.dm._.js:1945
[    9547ms] [ERROR] ./app/progress-bar/page.tsx:20:1
Export designsPrompt doesn't exist in target module
  18 | } from "@/components/progress-inspector";
  19 | import { copyText } from "@/lib/utils";
> 20 | import { designsPrompt, INSTALL_CMD, usageSnippet } from "./snippet";
     | ^^^^^^^^^^^^^^^^^^^^^^^^^^^^^^^^^^^^^^^^^^^^^^^^^^^^^^^^^^^^^^^^^^^^^
  21 |
  22 | // Two looks, each with a light and a dark base. The page follows the app theme;
  23 | // the only choice it offers is which look you're editing. Name + value together

The export designsPrompt was not found in module [project]/app/progress-bar/snippet.ts [app-client] (ecmascript).
Did you mean to import designPrompt?
All exports of the module are statically known (It doesn't have dynamic exports). So it's known statically that the requested export doesn't exist.

Import traces:
  Client Component Browser:
    ./app/progress-bar/page.tsx [Client Component Browser]
    ./app/progress-bar/page.tsx [Server Component]

  Client Component SSR:
    ./app/progress-bar/page.tsx [Client Component SSR]
    ./app/progress-bar/page.tsx [Server Component] @ http://localhost:4200/_next/static/chunks/0aus_next_dist_00tg.dm._.js:1945
[    9547ms] [ERROR] ./app/progress-bar/page.tsx:20:1
Export designsPrompt doesn't exist in target module
  18 | } from "@/components/progress-inspector";
  19 | import { copyText } from "@/lib/utils";
> 20 | import { designsPrompt, INSTALL_CMD, usageSnippet } from "./snippet";
     | ^^^^^^^^^^^^^^^^^^^^^^^^^^^^^^^^^^^^^^^^^^^^^^^^^^^^^^^^^^^^^^^^^^^^^
  21 |
  22 | // Two looks, each with a light and a dark base. The page follows the app theme;
  23 | // the only choice it offers is which look you're editing. Name + value together

The export designsPrompt was not found in module [project]/app/progress-bar/snippet.ts [app-ssr] (ecmascript).
Did you mean to import designPrompt?
All exports of the module are statically known (It doesn't have dynamic exports). So it's known statically that the requested export doesn't exist.

Import traces:
  Client Component Browser:
    ./app/progress-bar/page.tsx [Client Component Browser]
    ./app/progress-bar/page.tsx [Server Component]

  Client Component SSR:
    ./app/progress-bar/page.tsx [Client Component SSR]
    ./app/progress-bar/page.tsx [Server Component] @ http://localhost:4200/_next/static/chunks/0aus_next_dist_00tg.dm._.js:1945
[    9623ms] [ERROR] ./app/progress-bar/page.tsx:20:1
Export designsPrompt doesn't exist in target module
  18 | } from "@/components/progress-inspector";
  19 | import { copyText } from "@/lib/utils";
> 20 | import { designsPrompt, INSTALL_CMD, usageSnippet } from "./snippet";
     | ^^^^^^^^^^^^^^^^^^^^^^^^^^^^^^^^^^^^^^^^^^^^^^^^^^^^^^^^^^^^^^^^^^^^^
  21 |
  22 | // Two looks, each with a light and a dark base. The page follows the app theme;
  23 | // the only choice it offers is which look you're editing. Name + value together

The export designsPrompt was not found in module [project]/app/progress-bar/snippet.ts [app-client] (ecmascript).
Did you mean to import designPrompt?
All exports of the module are statically known (It doesn't have dynamic exports). So it's known statically that the requested export doesn't exist.

Import traces:
  Client Component Browser:
    ./app/progress-bar/page.tsx [Client Component Browser]
    ./app/progress-bar/page.tsx [Server Component]

  Client Component SSR:
    ./app/progress-bar/page.tsx [Client Component SSR]
    ./app/progress-bar/page.tsx [Server Component] @ http://localhost:4200/_next/static/chunks/0aus_next_dist_00tg.dm._.js:1945
[    9623ms] [ERROR] ./app/progress-bar/page.tsx:20:1
Export designsPrompt doesn't exist in target module
  18 | } from "@/components/progress-inspector";
  19 | import { copyText } from "@/lib/utils";
> 20 | import { designsPrompt, INSTALL_CMD, usageSnippet } from "./snippet";
     | ^^^^^^^^^^^^^^^^^^^^^^^^^^^^^^^^^^^^^^^^^^^^^^^^^^^^^^^^^^^^^^^^^^^^^
  21 |
  22 | // Two looks, each with a light and a dark base. The page follows the app theme;
  23 | // the only choice it offers is which look you're editing. Name + value together

The export designsPrompt was not found in module [project]/app/progress-bar/snippet.ts [app-ssr] (ecmascript).
Did you mean to import designPrompt?
All exports of the module are statically known (It doesn't have dynamic exports). So it's known statically that the requested export doesn't exist.

Import traces:
  Client Component Browser:
    ./app/progress-bar/page.tsx [Client Component Browser]
    ./app/progress-bar/page.tsx [Server Component]

  Client Component SSR:
    ./app/progress-bar/page.tsx [Client Component SSR]
    ./app/progress-bar/page.tsx [Server Component] @ http://localhost:4200/_next/static/chunks/0aus_next_dist_00tg.dm._.js:1945
[    9697ms] [ERROR] ./app/progress-bar/page.tsx:20:1
Export designsPrompt doesn't exist in target module
  18 | } from "@/components/progress-inspector";
  19 | import { copyText } from "@/lib/utils";
> 20 | import { designsPrompt, INSTALL_CMD, usageSnippet } from "./snippet";
     | ^^^^^^^^^^^^^^^^^^^^^^^^^^^^^^^^^^^^^^^^^^^^^^^^^^^^^^^^^^^^^^^^^^^^^
  21 |
  22 | // Two looks, each with a light and a dark base. The page follows the app theme;
  23 | // the only choice it offers is which look you're editing. Name + value together

The export designsPrompt was not found in module [project]/app/progress-bar/snippet.ts [app-client] (ecmascript).
Did you mean to import designPrompt?
All exports of the module are statically known (It doesn't have dynamic exports). So it's known statically that the requested export doesn't exist.

Import traces:
  Client Component Browser:
    ./app/progress-bar/page.tsx [Client Component Browser]
    ./app/progress-bar/page.tsx [Server Component]

  Client Component SSR:
    ./app/progress-bar/page.tsx [Client Component SSR]
    ./app/progress-bar/page.tsx [Server Component] @ http://localhost:4200/_next/static/chunks/0aus_next_dist_00tg.dm._.js:1945
[    9697ms] [ERROR] ./app/progress-bar/page.tsx:20:1
Export designsPrompt doesn't exist in target module
  18 | } from "@/components/progress-inspector";
  19 | import { copyText } from "@/lib/utils";
> 20 | import { designsPrompt, INSTALL_CMD, usageSnippet } from "./snippet";
     | ^^^^^^^^^^^^^^^^^^^^^^^^^^^^^^^^^^^^^^^^^^^^^^^^^^^^^^^^^^^^^^^^^^^^^
  21 |
  22 | // Two looks, each with a light and a dark base. The page follows the app theme;
  23 | // the only choice it offers is which look you're editing. Name + value together

The export designsPrompt was not found in module [project]/app/progress-bar/snippet.ts [app-ssr] (ecmascript).
Did you mean to import designPrompt?
All exports of the module are statically known (It doesn't have dynamic exports). So it's known statically that the requested export doesn't exist.

Import traces:
  Client Component Browser:
    ./app/progress-bar/page.tsx [Client Component Browser]
    ./app/progress-bar/page.tsx [Server Component]

  Client Component SSR:
    ./app/progress-bar/page.tsx [Client Component SSR]
    ./app/progress-bar/page.tsx [Server Component] @ http://localhost:4200/_next/static/chunks/0aus_next_dist_00tg.dm._.js:1945
[    9764ms] [ERROR] ./app/progress-bar/page.tsx:20:1
Export designsPrompt doesn't exist in target module
  18 | } from "@/components/progress-inspector";
  19 | import { copyText } from "@/lib/utils";
> 20 | import { designsPrompt, INSTALL_CMD, usageSnippet } from "./snippet";
     | ^^^^^^^^^^^^^^^^^^^^^^^^^^^^^^^^^^^^^^^^^^^^^^^^^^^^^^^^^^^^^^^^^^^^^
  21 |
  22 | // Two looks, each with a light and a dark base. The page follows the app theme;
  23 | // the only choice it offers is which look you're editing. Name + value together

The export designsPrompt was not found in module [project]/app/progress-bar/snippet.ts [app-client] (ecmascript).
Did you mean to import designPrompt?
All exports of the module are statically known (It doesn't have dynamic exports). So it's known statically that the requested export doesn't exist.

Import traces:
  Client Component Browser:
    ./app/progress-bar/page.tsx [Client Component Browser]
    ./app/progress-bar/page.tsx [Server Component]

  Client Component SSR:
    ./app/progress-bar/page.tsx [Client Component SSR]
    ./app/progress-bar/page.tsx [Server Component] @ http://localhost:4200/_next/static/chunks/0aus_next_dist_00tg.dm._.js:1945
[    9765ms] [ERROR] ./app/progress-bar/page.tsx:20:1
Export designsPrompt doesn't exist in target module
  18 | } from "@/components/progress-inspector";
  19 | import { copyText } from "@/lib/utils";
> 20 | import { designsPrompt, INSTALL_CMD, usageSnippet } from "./snippet";
     | ^^^^^^^^^^^^^^^^^^^^^^^^^^^^^^^^^^^^^^^^^^^^^^^^^^^^^^^^^^^^^^^^^^^^^
  21 |
  22 | // Two looks, each with a light and a dark base. The page follows the app theme;
  23 | // the only choice it offers is which look you're editing. Name + value together

The export designsPrompt was not found in module [project]/app/progress-bar/snippet.ts [app-ssr] (ecmascript).
Did you mean to import designPrompt?
All exports of the module are statically known (It doesn't have dynamic exports). So it's known statically that the requested export doesn't exist.

Import traces:
  Client Component Browser:
    ./app/progress-bar/page.tsx [Client Component Browser]
    ./app/progress-bar/page.tsx [Server Component]

  Client Component SSR:
    ./app/progress-bar/page.tsx [Client Component SSR]
    ./app/progress-bar/page.tsx [Server Component] @ http://localhost:4200/_next/static/chunks/0aus_next_dist_00tg.dm._.js:1945
[    9836ms] [ERROR] ./app/progress-bar/page.tsx:20:1
Export designsPrompt doesn't exist in target module
  18 | } from "@/components/progress-inspector";
  19 | import { copyText } from "@/lib/utils";
> 20 | import { designsPrompt, INSTALL_CMD, usageSnippet } from "./snippet";
     | ^^^^^^^^^^^^^^^^^^^^^^^^^^^^^^^^^^^^^^^^^^^^^^^^^^^^^^^^^^^^^^^^^^^^^
  21 |
  22 | // Two looks, each with a light and a dark base. The page follows the app theme;
  23 | // the only choice it offers is which look you're editing. Name + value together

The export designsPrompt was not found in module [project]/app/progress-bar/snippet.ts [app-client] (ecmascript).
Did you mean to import designPrompt?
All exports of the module are statically known (It doesn't have dynamic exports). So it's known statically that the requested export doesn't exist.

Import traces:
  Client Component Browser:
    ./app/progress-bar/page.tsx [Client Component Browser]
    ./app/progress-bar/page.tsx [Server Component]

  Client Component SSR:
    ./app/progress-bar/page.tsx [Client Component SSR]
    ./app/progress-bar/page.tsx [Server Component] @ http://localhost:4200/_next/static/chunks/0aus_next_dist_00tg.dm._.js:1945
[    9836ms] [ERROR] ./app/progress-bar/page.tsx:20:1
Export designsPrompt doesn't exist in target module
  18 | } from "@/components/progress-inspector";
  19 | import { copyText } from "@/lib/utils";
> 20 | import { designsPrompt, INSTALL_CMD, usageSnippet } from "./snippet";
     | ^^^^^^^^^^^^^^^^^^^^^^^^^^^^^^^^^^^^^^^^^^^^^^^^^^^^^^^^^^^^^^^^^^^^^
  21 |
  22 | // Two looks, each with a light and a dark base. The page follows the app theme;
  23 | // the only choice it offers is which look you're editing. Name + value together

The export designsPrompt was not found in module [project]/app/progress-bar/snippet.ts [app-ssr] (ecmascript).
Did you mean to import designPrompt?
All exports of the module are statically known (It doesn't have dynamic exports). So it's known statically that the requested export doesn't exist.

Import traces:
  Client Component Browser:
    ./app/progress-bar/page.tsx [Client Component Browser]
    ./app/progress-bar/page.tsx [Server Component]

  Client Component SSR:
    ./app/progress-bar/page.tsx [Client Component SSR]
    ./app/progress-bar/page.tsx [Server Component] @ http://localhost:4200/_next/static/chunks/0aus_next_dist_00tg.dm._.js:1945
[    9904ms] [ERROR] ./app/progress-bar/page.tsx:20:1
Export designsPrompt doesn't exist in target module
  18 | } from "@/components/progress-inspector";
  19 | import { copyText } from "@/lib/utils";
> 20 | import { designsPrompt, INSTALL_CMD, usageSnippet } from "./snippet";
     | ^^^^^^^^^^^^^^^^^^^^^^^^^^^^^^^^^^^^^^^^^^^^^^^^^^^^^^^^^^^^^^^^^^^^^
  21 |
  22 | // Two looks, each with a light and a dark base. The page follows the app theme;
  23 | // the only choice it offers is which look you're editing. Name + value together

The export designsPrompt was not found in module [project]/app/progress-bar/snippet.ts [app-client] (ecmascript).
Did you mean to import designPrompt?
All exports of the module are statically known (It doesn't have dynamic exports). So it's known statically that the requested export doesn't exist.

Import traces:
  Client Component Browser:
    ./app/progress-bar/page.tsx [Client Component Browser]
    ./app/progress-bar/page.tsx [Server Component]

  Client Component SSR:
    ./app/progress-bar/page.tsx [Client Component SSR]
    ./app/progress-bar/page.tsx [Server Component] @ http://localhost:4200/_next/static/chunks/0aus_next_dist_00tg.dm._.js:1945
[    9904ms] [ERROR] ./app/progress-bar/page.tsx:20:1
Export designsPrompt doesn't exist in target module
  18 | } from "@/components/progress-inspector";
  19 | import { copyText } from "@/lib/utils";
> 20 | import { designsPrompt, INSTALL_CMD, usageSnippet } from "./snippet";
     | ^^^^^^^^^^^^^^^^^^^^^^^^^^^^^^^^^^^^^^^^^^^^^^^^^^^^^^^^^^^^^^^^^^^^^
  21 |
  22 | // Two looks, each with a light and a dark base. The page follows the app theme;
  23 | // the only choice it offers is which look you're editing. Name + value together

The export designsPrompt was not found in module [project]/app/progress-bar/snippet.ts [app-ssr] (ecmascript).
Did you mean to import designPrompt?
All exports of the module are statically known (It doesn't have dynamic exports). So it's known statically that the requested export doesn't exist.

Import traces:
  Client Component Browser:
    ./app/progress-bar/page.tsx [Client Component Browser]
    ./app/progress-bar/page.tsx [Server Component]

  Client Component SSR:
    ./app/progress-bar/page.tsx [Client Component SSR]
    ./app/progress-bar/page.tsx [Server Component] @ http://localhost:4200/_next/static/chunks/0aus_next_dist_00tg.dm._.js:1945
[    9972ms] [ERROR] ./app/progress-bar/page.tsx:20:1
Export designsPrompt doesn't exist in target module
  18 | } from "@/components/progress-inspector";
  19 | import { copyText } from "@/lib/utils";
> 20 | import { designsPrompt, INSTALL_CMD, usageSnippet } from "./snippet";
     | ^^^^^^^^^^^^^^^^^^^^^^^^^^^^^^^^^^^^^^^^^^^^^^^^^^^^^^^^^^^^^^^^^^^^^
  21 |
  22 | // Two looks, each with a light and a dark base. The page follows the app theme;
  23 | // the only choice it offers is which look you're editing. Name + value together

The export designsPrompt was not found in module [project]/app/progress-bar/snippet.ts [app-client] (ecmascript).
Did you mean to import designPrompt?
All exports of the module are statically known (It doesn't have dynamic exports). So it's known statically that the requested export doesn't exist.

Import traces:
  Client Component Browser:
    ./app/progress-bar/page.tsx [Client Component Browser]
    ./app/progress-bar/page.tsx [Server Component]

  Client Component SSR:
    ./app/progress-bar/page.tsx [Client Component SSR]
    ./app/progress-bar/page.tsx [Server Component] @ http://localhost:4200/_next/static/chunks/0aus_next_dist_00tg.dm._.js:1945
[    9973ms] [ERROR] ./app/progress-bar/page.tsx:20:1
Export designsPrompt doesn't exist in target module
  18 | } from "@/components/progress-inspector";
  19 | import { copyText } from "@/lib/utils";
> 20 | import { designsPrompt, INSTALL_CMD, usageSnippet } from "./snippet";
     | ^^^^^^^^^^^^^^^^^^^^^^^^^^^^^^^^^^^^^^^^^^^^^^^^^^^^^^^^^^^^^^^^^^^^^
  21 |
  22 | // Two looks, each with a light and a dark base. The page follows the app theme;
  23 | // the only choice it offers is which look you're editing. Name + value together

The export designsPrompt was not found in module [project]/app/progress-bar/snippet.ts [app-ssr] (ecmascript).
Did you mean to import designPrompt?
All exports of the module are statically known (It doesn't have dynamic exports). So it's known statically that the requested export doesn't exist.

Import traces:
  Client Component Browser:
    ./app/progress-bar/page.tsx [Client Component Browser]
    ./app/progress-bar/page.tsx [Server Component]

  Client Component SSR:
    ./app/progress-bar/page.tsx [Client Component SSR]
    ./app/progress-bar/page.tsx [Server Component] @ http://localhost:4200/_next/static/chunks/0aus_next_dist_00tg.dm._.js:1945
[   10039ms] [ERROR] ./app/progress-bar/page.tsx:20:1
Export designsPrompt doesn't exist in target module
  18 | } from "@/components/progress-inspector";
  19 | import { copyText } from "@/lib/utils";
> 20 | import { designsPrompt, INSTALL_CMD, usageSnippet } from "./snippet";
     | ^^^^^^^^^^^^^^^^^^^^^^^^^^^^^^^^^^^^^^^^^^^^^^^^^^^^^^^^^^^^^^^^^^^^^
  21 |
  22 | // Two looks, each with a light and a dark base. The page follows the app theme;
  23 | // the only choice it offers is which look you're editing. Name + value together

The export designsPrompt was not found in module [project]/app/progress-bar/snippet.ts [app-client] (ecmascript).
Did you mean to import designPrompt?
All exports of the module are statically known (It doesn't have dynamic exports). So it's known statically that the requested export doesn't exist.

Import traces:
  Client Component Browser:
    ./app/progress-bar/page.tsx [Client Component Browser]
    ./app/progress-bar/page.tsx [Server Component]

  Client Component SSR:
    ./app/progress-bar/page.tsx [Client Component SSR]
    ./app/progress-bar/page.tsx [Server Component] @ http://localhost:4200/_next/static/chunks/0aus_next_dist_00tg.dm._.js:1945
[   10039ms] [ERROR] ./app/progress-bar/page.tsx:20:1
Export designsPrompt doesn't exist in target module
  18 | } from "@/components/progress-inspector";
  19 | import { copyText } from "@/lib/utils";
> 20 | import { designsPrompt, INSTALL_CMD, usageSnippet } from "./snippet";
     | ^^^^^^^^^^^^^^^^^^^^^^^^^^^^^^^^^^^^^^^^^^^^^^^^^^^^^^^^^^^^^^^^^^^^^
  21 |
  22 | // Two looks, each with a light and a dark base. The page follows the app theme;
  23 | // the only choice it offers is which look you're editing. Name + value together

The export designsPrompt was not found in module [project]/app/progress-bar/snippet.ts [app-ssr] (ecmascript).
Did you mean to import designPrompt?
All exports of the module are statically known (It doesn't have dynamic exports). So it's known statically that the requested export doesn't exist.

Import traces:
  Client Component Browser:
    ./app/progress-bar/page.tsx [Client Component Browser]
    ./app/progress-bar/page.tsx [Server Component]

  Client Component SSR:
    ./app/progress-bar/page.tsx [Client Component SSR]
    ./app/progress-bar/page.tsx [Server Component] @ http://localhost:4200/_next/static/chunks/0aus_next_dist_00tg.dm._.js:1945
[   10108ms] [ERROR] ./app/progress-bar/page.tsx:20:1
Export designsPrompt doesn't exist in target module
  18 | } from "@/components/progress-inspector";
  19 | import { copyText } from "@/lib/utils";
> 20 | import { designsPrompt, INSTALL_CMD, usageSnippet } from "./snippet";
     | ^^^^^^^^^^^^^^^^^^^^^^^^^^^^^^^^^^^^^^^^^^^^^^^^^^^^^^^^^^^^^^^^^^^^^
  21 |
  22 | // Two looks, each with a light and a dark base. The page follows the app theme;
  23 | // the only choice it offers is which look you're editing. Name + value together

The export designsPrompt was not found in module [project]/app/progress-bar/snippet.ts [app-client] (ecmascript).
Did you mean to import designPrompt?
All exports of the module are statically known (It doesn't have dynamic exports). So it's known statically that the requested export doesn't exist.

Import traces:
  Client Component Browser:
    ./app/progress-bar/page.tsx [Client Component Browser]
    ./app/progress-bar/page.tsx [Server Component]

  Client Component SSR:
    ./app/progress-bar/page.tsx [Client Component SSR]
    ./app/progress-bar/page.tsx [Server Component] @ http://localhost:4200/_next/static/chunks/0aus_next_dist_00tg.dm._.js:1945
[   10108ms] [ERROR] ./app/progress-bar/page.tsx:20:1
Export designsPrompt doesn't exist in target module
  18 | } from "@/components/progress-inspector";
  19 | import { copyText } from "@/lib/utils";
> 20 | import { designsPrompt, INSTALL_CMD, usageSnippet } from "./snippet";
     | ^^^^^^^^^^^^^^^^^^^^^^^^^^^^^^^^^^^^^^^^^^^^^^^^^^^^^^^^^^^^^^^^^^^^^
  21 |
  22 | // Two looks, each with a light and a dark base. The page follows the app theme;
  23 | // the only choice it offers is which look you're editing. Name + value together

The export designsPrompt was not found in module [project]/app/progress-bar/snippet.ts [app-ssr] (ecmascript).
Did you mean to import designPrompt?
All exports of the module are statically known (It doesn't have dynamic exports). So it's known statically that the requested export doesn't exist.

Import traces:
  Client Component Browser:
    ./app/progress-bar/page.tsx [Client Component Browser]
    ./app/progress-bar/page.tsx [Server Component]

  Client Component SSR:
    ./app/progress-bar/page.tsx [Client Component SSR]
    ./app/progress-bar/page.tsx [Server Component] @ http://localhost:4200/_next/static/chunks/0aus_next_dist_00tg.dm._.js:1945
[   10195ms] [ERROR] ./app/progress-bar/page.tsx:20:1
Export designsPrompt doesn't exist in target module
  18 | } from "@/components/progress-inspector";
  19 | import { copyText } from "@/lib/utils";
> 20 | import { designsPrompt, INSTALL_CMD, usageSnippet } from "./snippet";
     | ^^^^^^^^^^^^^^^^^^^^^^^^^^^^^^^^^^^^^^^^^^^^^^^^^^^^^^^^^^^^^^^^^^^^^
  21 |
  22 | // Two looks, each with a light and a dark base. The page follows the app theme;
  23 | // the only choice it offers is which look you're editing. Name + value together

The export designsPrompt was not found in module [project]/app/progress-bar/snippet.ts [app-client] (ecmascript).
Did you mean to import designPrompt?
All exports of the module are statically known (It doesn't have dynamic exports). So it's known statically that the requested export doesn't exist.

Import traces:
  Client Component Browser:
    ./app/progress-bar/page.tsx [Client Component Browser]
    ./app/progress-bar/page.tsx [Server Component]

  Client Component SSR:
    ./app/progress-bar/page.tsx [Client Component SSR]
    ./app/progress-bar/page.tsx [Server Component] @ http://localhost:4200/_next/static/chunks/0aus_next_dist_00tg.dm._.js:1945
[   10195ms] [ERROR] ./app/progress-bar/page.tsx:20:1
Export designsPrompt doesn't exist in target module
  18 | } from "@/components/progress-inspector";
  19 | import { copyText } from "@/lib/utils";
> 20 | import { designsPrompt, INSTALL_CMD, usageSnippet } from "./snippet";
     | ^^^^^^^^^^^^^^^^^^^^^^^^^^^^^^^^^^^^^^^^^^^^^^^^^^^^^^^^^^^^^^^^^^^^^
  21 |
  22 | // Two looks, each with a light and a dark base. The page follows the app theme;
  23 | // the only choice it offers is which look you're editing. Name + value together

The export designsPrompt was not found in module [project]/app/progress-bar/snippet.ts [app-ssr] (ecmascript).
Did you mean to import designPrompt?
All exports of the module are statically known (It doesn't have dynamic exports). So it's known statically that the requested export doesn't exist.

Import traces:
  Client Component Browser:
    ./app/progress-bar/page.tsx [Client Component Browser]
    ./app/progress-bar/page.tsx [Server Component]

  Client Component SSR:
    ./app/progress-bar/page.tsx [Client Component SSR]
    ./app/progress-bar/page.tsx [Server Component] @ http://localhost:4200/_next/static/chunks/0aus_next_dist_00tg.dm._.js:1945
[   10237ms] [LOG] [Fast Refresh] rebuilding @ http://localhost:4200/_next/static/chunks/0aus_next_dist_00tg.dm._.js:1226
[   10296ms] [ERROR] ./app/progress-bar/page.tsx:20:1
Export designsPrompt doesn't exist in target module
  18 | } from "@/components/progress-inspector";
  19 | import { copyText } from "@/lib/utils";
> 20 | import { designsPrompt, INSTALL_CMD, usageSnippet } from "./snippet";
     | ^^^^^^^^^^^^^^^^^^^^^^^^^^^^^^^^^^^^^^^^^^^^^^^^^^^^^^^^^^^^^^^^^^^^^
  21 |
  22 | // Two looks, each with a light and a dark base. The page follows the app theme;
  23 | // the only choice it offers is which look you're editing. Name + value together

The export designsPrompt was not found in module [project]/app/progress-bar/snippet.ts [app-client] (ecmascript).
Did you mean to import designPrompt?
All exports of the module are statically known (It doesn't have dynamic exports). So it's known statically that the requested export doesn't exist.

Import traces:
  Client Component Browser:
    ./app/progress-bar/page.tsx [Client Component Browser]
    ./app/progress-bar/page.tsx [Server Component]

  Client Component SSR:
    ./app/progress-bar/page.tsx [Client Component SSR]
    ./app/progress-bar/page.tsx [Server Component] @ http://localhost:4200/_next/static/chunks/0aus_next_dist_00tg.dm._.js:1945
[   10296ms] [ERROR] ./app/progress-bar/page.tsx:20:1
Export designsPrompt doesn't exist in target module
  18 | } from "@/components/progress-inspector";
  19 | import { copyText } from "@/lib/utils";
> 20 | import { designsPrompt, INSTALL_CMD, usageSnippet } from "./snippet";
     | ^^^^^^^^^^^^^^^^^^^^^^^^^^^^^^^^^^^^^^^^^^^^^^^^^^^^^^^^^^^^^^^^^^^^^
  21 |
  22 | // Two looks, each with a light and a dark base. The page follows the app theme;
  23 | // the only choice it offers is which look you're editing. Name + value together

The export designsPrompt was not found in module [project]/app/progress-bar/snippet.ts [app-ssr] (ecmascript).
Did you mean to import designPrompt?
All exports of the module are statically known (It doesn't have dynamic exports). So it's known statically that the requested export doesn't exist.

Import traces:
  Client Component Browser:
    ./app/progress-bar/page.tsx [Client Component Browser]
    ./app/progress-bar/page.tsx [Server Component]

  Client Component SSR:
    ./app/progress-bar/page.tsx [Client Component SSR]
    ./app/progress-bar/page.tsx [Server Component] @ http://localhost:4200/_next/static/chunks/0aus_next_dist_00tg.dm._.js:1945
[   10362ms] [ERROR] ./app/progress-bar/page.tsx:20:1
Export designsPrompt doesn't exist in target module
  18 | } from "@/components/progress-inspector";
  19 | import { copyText } from "@/lib/utils";
> 20 | import { designsPrompt, INSTALL_CMD, usageSnippet } from "./snippet";
     | ^^^^^^^^^^^^^^^^^^^^^^^^^^^^^^^^^^^^^^^^^^^^^^^^^^^^^^^^^^^^^^^^^^^^^
  21 |
  22 | // Two looks, each with a light and a dark base. The page follows the app theme;
  23 | // the only choice it offers is which look you're editing. Name + value together

The export designsPrompt was not found in module [project]/app/progress-bar/snippet.ts [app-client] (ecmascript).
Did you mean to import designPrompt?
All exports of the module are statically known (It doesn't have dynamic exports). So it's known statically that the requested export doesn't exist.

Import traces:
  Client Component Browser:
    ./app/progress-bar/page.tsx [Client Component Browser]
    ./app/progress-bar/page.tsx [Server Component]

  Client Component SSR:
    ./app/progress-bar/page.tsx [Client Component SSR]
    ./app/progress-bar/page.tsx [Server Component] @ http://localhost:4200/_next/static/chunks/0aus_next_dist_00tg.dm._.js:1945
[   10362ms] [ERROR] ./app/progress-bar/page.tsx:20:1
Export designsPrompt doesn't exist in target module
  18 | } from "@/components/progress-inspector";
  19 | import { copyText } from "@/lib/utils";
> 20 | import { designsPrompt, INSTALL_CMD, usageSnippet } from "./snippet";
     | ^^^^^^^^^^^^^^^^^^^^^^^^^^^^^^^^^^^^^^^^^^^^^^^^^^^^^^^^^^^^^^^^^^^^^
  21 |
  22 | // Two looks, each with a light and a dark base. The page follows the app theme;
  23 | // the only choice it offers is which look you're editing. Name + value together

The export designsPrompt was not found in module [project]/app/progress-bar/snippet.ts [app-ssr] (ecmascript).
Did you mean to import designPrompt?
All exports of the module are statically known (It doesn't have dynamic exports). So it's known statically that the requested export doesn't exist.

Import traces:
  Client Component Browser:
    ./app/progress-bar/page.tsx [Client Component Browser]
    ./app/progress-bar/page.tsx [Server Component]

  Client Component SSR:
    ./app/progress-bar/page.tsx [Client Component SSR]
    ./app/progress-bar/page.tsx [Server Component] @ http://localhost:4200/_next/static/chunks/0aus_next_dist_00tg.dm._.js:1945
[   10429ms] [ERROR] ./app/progress-bar/page.tsx:20:1
Export designsPrompt doesn't exist in target module
  18 | } from "@/components/progress-inspector";
  19 | import { copyText } from "@/lib/utils";
> 20 | import { designsPrompt, INSTALL_CMD, usageSnippet } from "./snippet";
     | ^^^^^^^^^^^^^^^^^^^^^^^^^^^^^^^^^^^^^^^^^^^^^^^^^^^^^^^^^^^^^^^^^^^^^
  21 |
  22 | // Two looks, each with a light and a dark base. The page follows the app theme;
  23 | // the only choice it offers is which look you're editing. Name + value together

The export designsPrompt was not found in module [project]/app/progress-bar/snippet.ts [app-client] (ecmascript).
Did you mean to import designPrompt?
All exports of the module are statically known (It doesn't have dynamic exports). So it's known statically that the requested export doesn't exist.

Import traces:
  Client Component Browser:
    ./app/progress-bar/page.tsx [Client Component Browser]
    ./app/progress-bar/page.tsx [Server Component]

  Client Component SSR:
    ./app/progress-bar/page.tsx [Client Component SSR]
    ./app/progress-bar/page.tsx [Server Component] @ http://localhost:4200/_next/static/chunks/0aus_next_dist_00tg.dm._.js:1945
[   10429ms] [ERROR] ./app/progress-bar/page.tsx:20:1
Export designsPrompt doesn't exist in target module
  18 | } from "@/components/progress-inspector";
  19 | import { copyText } from "@/lib/utils";
> 20 | import { designsPrompt, INSTALL_CMD, usageSnippet } from "./snippet";
     | ^^^^^^^^^^^^^^^^^^^^^^^^^^^^^^^^^^^^^^^^^^^^^^^^^^^^^^^^^^^^^^^^^^^^^
  21 |
  22 | // Two looks, each with a light and a dark base. The page follows the app theme;
  23 | // the only choice it offers is which look you're editing. Name + value together

The export designsPrompt was not found in module [project]/app/progress-bar/snippet.ts [app-ssr] (ecmascript).
Did you mean to import designPrompt?
All exports of the module are statically known (It doesn't have dynamic exports). So it's known statically that the requested export doesn't exist.

Import traces:
  Client Component Browser:
    ./app/progress-bar/page.tsx [Client Component Browser]
    ./app/progress-bar/page.tsx [Server Component]

  Client Component SSR:
    ./app/progress-bar/page.tsx [Client Component SSR]
    ./app/progress-bar/page.tsx [Server Component] @ http://localhost:4200/_next/static/chunks/0aus_next_dist_00tg.dm._.js:1945
[   10495ms] [ERROR] ./app/progress-bar/page.tsx:20:1
Export designsPrompt doesn't exist in target module
  18 | } from "@/components/progress-inspector";
  19 | import { copyText } from "@/lib/utils";
> 20 | import { designsPrompt, INSTALL_CMD, usageSnippet } from "./snippet";
     | ^^^^^^^^^^^^^^^^^^^^^^^^^^^^^^^^^^^^^^^^^^^^^^^^^^^^^^^^^^^^^^^^^^^^^
  21 |
  22 | // Two looks, each with a light and a dark base. The page follows the app theme;
  23 | // the only choice it offers is which look you're editing. Name + value together

The export designsPrompt was not found in module [project]/app/progress-bar/snippet.ts [app-client] (ecmascript).
Did you mean to import designPrompt?
All exports of the module are statically known (It doesn't have dynamic exports). So it's known statically that the requested export doesn't exist.

Import traces:
  Client Component Browser:
    ./app/progress-bar/page.tsx [Client Component Browser]
    ./app/progress-bar/page.tsx [Server Component]

  Client Component SSR:
    ./app/progress-bar/page.tsx [Client Component SSR]
    ./app/progress-bar/page.tsx [Server Component] @ http://localhost:4200/_next/static/chunks/0aus_next_dist_00tg.dm._.js:1945
[   10495ms] [ERROR] ./app/progress-bar/page.tsx:20:1
Export designsPrompt doesn't exist in target module
  18 | } from "@/components/progress-inspector";
  19 | import { copyText } from "@/lib/utils";
> 20 | import { designsPrompt, INSTALL_CMD, usageSnippet } from "./snippet";
     | ^^^^^^^^^^^^^^^^^^^^^^^^^^^^^^^^^^^^^^^^^^^^^^^^^^^^^^^^^^^^^^^^^^^^^
  21 |
  22 | // Two looks, each with a light and a dark base. The page follows the app theme;
  23 | // the only choice it offers is which look you're editing. Name + value together

The export designsPrompt was not found in module [project]/app/progress-bar/snippet.ts [app-ssr] (ecmascript).
Did you mean to import designPrompt?
All exports of the module are statically known (It doesn't have dynamic exports). So it's known statically that the requested export doesn't exist.

Import traces:
  Client Component Browser:
    ./app/progress-bar/page.tsx [Client Component Browser]
    ./app/progress-bar/page.tsx [Server Component]

  Client Component SSR:
    ./app/progress-bar/page.tsx [Client Component SSR]
    ./app/progress-bar/page.tsx [Server Component] @ http://localhost:4200/_next/static/chunks/0aus_next_dist_00tg.dm._.js:1945
[   10561ms] [ERROR] ./app/progress-bar/page.tsx:20:1
Export designsPrompt doesn't exist in target module
  18 | } from "@/components/progress-inspector";
  19 | import { copyText } from "@/lib/utils";
> 20 | import { designsPrompt, INSTALL_CMD, usageSnippet } from "./snippet";
     | ^^^^^^^^^^^^^^^^^^^^^^^^^^^^^^^^^^^^^^^^^^^^^^^^^^^^^^^^^^^^^^^^^^^^^
  21 |
  22 | // Two looks, each with a light and a dark base. The page follows the app theme;
  23 | // the only choice it offers is which look you're editing. Name + value together

The export designsPrompt was not found in module [project]/app/progress-bar/snippet.ts [app-client] (ecmascript).
Did you mean to import designPrompt?
All exports of the module are statically known (It doesn't have dynamic exports). So it's known statically that the requested export doesn't exist.

Import traces:
  Client Component Browser:
    ./app/progress-bar/page.tsx [Client Component Browser]
    ./app/progress-bar/page.tsx [Server Component]

  Client Component SSR:
    ./app/progress-bar/page.tsx [Client Component SSR]
    ./app/progress-bar/page.tsx [Server Component] @ http://localhost:4200/_next/static/chunks/0aus_next_dist_00tg.dm._.js:1945
[   10561ms] [ERROR] ./app/progress-bar/page.tsx:20:1
Export designsPrompt doesn't exist in target module
  18 | } from "@/components/progress-inspector";
  19 | import { copyText } from "@/lib/utils";
> 20 | import { designsPrompt, INSTALL_CMD, usageSnippet } from "./snippet";
     | ^^^^^^^^^^^^^^^^^^^^^^^^^^^^^^^^^^^^^^^^^^^^^^^^^^^^^^^^^^^^^^^^^^^^^
  21 |
  22 | // Two looks, each with a light and a dark base. The page follows the app theme;
  23 | // the only choice it offers is which look you're editing. Name + value together

The export designsPrompt was not found in module [project]/app/progress-bar/snippet.ts [app-ssr] (ecmascript).
Did you mean to import designPrompt?
All exports of the module are statically known (It doesn't have dynamic exports). So it's known statically that the requested export doesn't exist.

Import traces:
  Client Component Browser:
    ./app/progress-bar/page.tsx [Client Component Browser]
    ./app/progress-bar/page.tsx [Server Component]

  Client Component SSR:
    ./app/progress-bar/page.tsx [Client Component SSR]
    ./app/progress-bar/page.tsx [Server Component] @ http://localhost:4200/_next/static/chunks/0aus_next_dist_00tg.dm._.js:1945
[   10626ms] [ERROR] ./app/progress-bar/page.tsx:20:1
Export designsPrompt doesn't exist in target module
  18 | } from "@/components/progress-inspector";
  19 | import { copyText } from "@/lib/utils";
> 20 | import { designsPrompt, INSTALL_CMD, usageSnippet } from "./snippet";
     | ^^^^^^^^^^^^^^^^^^^^^^^^^^^^^^^^^^^^^^^^^^^^^^^^^^^^^^^^^^^^^^^^^^^^^
  21 |
  22 | // Two looks, each with a light and a dark base. The page follows the app theme;
  23 | // the only choice it offers is which look you're editing. Name + value together

The export designsPrompt was not found in module [project]/app/progress-bar/snippet.ts [app-client] (ecmascript).
Did you mean to import designPrompt?
All exports of the module are statically known (It doesn't have dynamic exports). So it's known statically that the requested export doesn't exist.

Import traces:
  Client Component Browser:
    ./app/progress-bar/page.tsx [Client Component Browser]
    ./app/progress-bar/page.tsx [Server Component]

  Client Component SSR:
    ./app/progress-bar/page.tsx [Client Component SSR]
    ./app/progress-bar/page.tsx [Server Component] @ http://localhost:4200/_next/static/chunks/0aus_next_dist_00tg.dm._.js:1945
[   10627ms] [ERROR] ./app/progress-bar/page.tsx:20:1
Export designsPrompt doesn't exist in target module
  18 | } from "@/components/progress-inspector";
  19 | import { copyText } from "@/lib/utils";
> 20 | import { designsPrompt, INSTALL_CMD, usageSnippet } from "./snippet";
     | ^^^^^^^^^^^^^^^^^^^^^^^^^^^^^^^^^^^^^^^^^^^^^^^^^^^^^^^^^^^^^^^^^^^^^
  21 |
  22 | // Two looks, each with a light and a dark base. The page follows the app theme;
  23 | // the only choice it offers is which look you're editing. Name + value together

The export designsPrompt was not found in module [project]/app/progress-bar/snippet.ts [app-ssr] (ecmascript).
Did you mean to import designPrompt?
All exports of the module are statically known (It doesn't have dynamic exports). So it's known statically that the requested export doesn't exist.

Import traces:
  Client Component Browser:
    ./app/progress-bar/page.tsx [Client Component Browser]
    ./app/progress-bar/page.tsx [Server Component]

  Client Component SSR:
    ./app/progress-bar/page.tsx [Client Component SSR]
    ./app/progress-bar/page.tsx [Server Component] @ http://localhost:4200/_next/static/chunks/0aus_next_dist_00tg.dm._.js:1945
[   10693ms] [ERROR] ./app/progress-bar/page.tsx:20:1
Export designsPrompt doesn't exist in target module
  18 | } from "@/components/progress-inspector";
  19 | import { copyText } from "@/lib/utils";
> 20 | import { designsPrompt, INSTALL_CMD, usageSnippet } from "./snippet";
     | ^^^^^^^^^^^^^^^^^^^^^^^^^^^^^^^^^^^^^^^^^^^^^^^^^^^^^^^^^^^^^^^^^^^^^
  21 |
  22 | // Two looks, each with a light and a dark base. The page follows the app theme;
  23 | // the only choice it offers is which look you're editing. Name + value together

The export designsPrompt was not found in module [project]/app/progress-bar/snippet.ts [app-client] (ecmascript).
Did you mean to import designPrompt?
All exports of the module are statically known (It doesn't have dynamic exports). So it's known statically that the requested export doesn't exist.

Import traces:
  Client Component Browser:
    ./app/progress-bar/page.tsx [Client Component Browser]
    ./app/progress-bar/page.tsx [Server Component]

  Client Component SSR:
    ./app/progress-bar/page.tsx [Client Component SSR]
    ./app/progress-bar/page.tsx [Server Component] @ http://localhost:4200/_next/static/chunks/0aus_next_dist_00tg.dm._.js:1945
[   10693ms] [ERROR] ./app/progress-bar/page.tsx:20:1
Export designsPrompt doesn't exist in target module
  18 | } from "@/components/progress-inspector";
  19 | import { copyText } from "@/lib/utils";
> 20 | import { designsPrompt, INSTALL_CMD, usageSnippet } from "./snippet";
     | ^^^^^^^^^^^^^^^^^^^^^^^^^^^^^^^^^^^^^^^^^^^^^^^^^^^^^^^^^^^^^^^^^^^^^
  21 |
  22 | // Two looks, each with a light and a dark base. The page follows the app theme;
  23 | // the only choice it offers is which look you're editing. Name + value together

The export designsPrompt was not found in module [project]/app/progress-bar/snippet.ts [app-ssr] (ecmascript).
Did you mean to import designPrompt?
All exports of the module are statically known (It doesn't have dynamic exports). So it's known statically that the requested export doesn't exist.

Import traces:
  Client Component Browser:
    ./app/progress-bar/page.tsx [Client Component Browser]
    ./app/progress-bar/page.tsx [Server Component]

  Client Component SSR:
    ./app/progress-bar/page.tsx [Client Component SSR]
    ./app/progress-bar/page.tsx [Server Component] @ http://localhost:4200/_next/static/chunks/0aus_next_dist_00tg.dm._.js:1945
[   10760ms] [ERROR] ./app/progress-bar/page.tsx:20:1
Export designsPrompt doesn't exist in target module
  18 | } from "@/components/progress-inspector";
  19 | import { copyText } from "@/lib/utils";
> 20 | import { designsPrompt, INSTALL_CMD, usageSnippet } from "./snippet";
     | ^^^^^^^^^^^^^^^^^^^^^^^^^^^^^^^^^^^^^^^^^^^^^^^^^^^^^^^^^^^^^^^^^^^^^
  21 |
  22 | // Two looks, each with a light and a dark base. The page follows the app theme;
  23 | // the only choice it offers is which look you're editing. Name + value together

The export designsPrompt was not found in module [project]/app/progress-bar/snippet.ts [app-client] (ecmascript).
Did you mean to import designPrompt?
All exports of the module are statically known (It doesn't have dynamic exports). So it's known statically that the requested export doesn't exist.

Import traces:
  Client Component Browser:
    ./app/progress-bar/page.tsx [Client Component Browser]
    ./app/progress-bar/page.tsx [Server Component]

  Client Component SSR:
    ./app/progress-bar/page.tsx [Client Component SSR]
    ./app/progress-bar/page.tsx [Server Component] @ http://localhost:4200/_next/static/chunks/0aus_next_dist_00tg.dm._.js:1945
[   10760ms] [ERROR] ./app/progress-bar/page.tsx:20:1
Export designsPrompt doesn't exist in target module
  18 | } from "@/components/progress-inspector";
  19 | import { copyText } from "@/lib/utils";
> 20 | import { designsPrompt, INSTALL_CMD, usageSnippet } from "./snippet";
     | ^^^^^^^^^^^^^^^^^^^^^^^^^^^^^^^^^^^^^^^^^^^^^^^^^^^^^^^^^^^^^^^^^^^^^
  21 |
  22 | // Two looks, each with a light and a dark base. The page follows the app theme;
  23 | // the only choice it offers is which look you're editing. Name + value together

The export designsPrompt was not found in module [project]/app/progress-bar/snippet.ts [app-ssr] (ecmascript).
Did you mean to import designPrompt?
All exports of the module are statically known (It doesn't have dynamic exports). So it's known statically that the requested export doesn't exist.

Import traces:
  Client Component Browser:
    ./app/progress-bar/page.tsx [Client Component Browser]
    ./app/progress-bar/page.tsx [Server Component]

  Client Component SSR:
    ./app/progress-bar/page.tsx [Client Component SSR]
    ./app/progress-bar/page.tsx [Server Component] @ http://localhost:4200/_next/static/chunks/0aus_next_dist_00tg.dm._.js:1945
[   10826ms] [ERROR] ./app/progress-bar/page.tsx:20:1
Export designsPrompt doesn't exist in target module
  18 | } from "@/components/progress-inspector";
  19 | import { copyText } from "@/lib/utils";
> 20 | import { designsPrompt, INSTALL_CMD, usageSnippet } from "./snippet";
     | ^^^^^^^^^^^^^^^^^^^^^^^^^^^^^^^^^^^^^^^^^^^^^^^^^^^^^^^^^^^^^^^^^^^^^
  21 |
  22 | // Two looks, each with a light and a dark base. The page follows the app theme;
  23 | // the only choice it offers is which look you're editing. Name + value together

The export designsPrompt was not found in module [project]/app/progress-bar/snippet.ts [app-client] (ecmascript).
Did you mean to import designPrompt?
All exports of the module are statically known (It doesn't have dynamic exports). So it's known statically that the requested export doesn't exist.

Import traces:
  Client Component Browser:
    ./app/progress-bar/page.tsx [Client Component Browser]
    ./app/progress-bar/page.tsx [Server Component]

  Client Component SSR:
    ./app/progress-bar/page.tsx [Client Component SSR]
    ./app/progress-bar/page.tsx [Server Component] @ http://localhost:4200/_next/static/chunks/0aus_next_dist_00tg.dm._.js:1945
[   10826ms] [ERROR] ./app/progress-bar/page.tsx:20:1
Export designsPrompt doesn't exist in target module
  18 | } from "@/components/progress-inspector";
  19 | import { copyText } from "@/lib/utils";
> 20 | import { designsPrompt, INSTALL_CMD, usageSnippet } from "./snippet";
     | ^^^^^^^^^^^^^^^^^^^^^^^^^^^^^^^^^^^^^^^^^^^^^^^^^^^^^^^^^^^^^^^^^^^^^
  21 |
  22 | // Two looks, each with a light and a dark base. The page follows the app theme;
  23 | // the only choice it offers is which look you're editing. Name + value together

The export designsPrompt was not found in module [project]/app/progress-bar/snippet.ts [app-ssr] (ecmascript).
Did you mean to import designPrompt?
All exports of the module are statically known (It doesn't have dynamic exports). So it's known statically that the requested export doesn't exist.

Import traces:
  Client Component Browser:
    ./app/progress-bar/page.tsx [Client Component Browser]
    ./app/progress-bar/page.tsx [Server Component]

  Client Component SSR:
    ./app/progress-bar/page.tsx [Client Component SSR]
    ./app/progress-bar/page.tsx [Server Component] @ http://localhost:4200/_next/static/chunks/0aus_next_dist_00tg.dm._.js:1945
[   10893ms] [ERROR] ./app/progress-bar/page.tsx:20:1
Export designsPrompt doesn't exist in target module
  18 | } from "@/components/progress-inspector";
  19 | import { copyText } from "@/lib/utils";
> 20 | import { designsPrompt, INSTALL_CMD, usageSnippet } from "./snippet";
     | ^^^^^^^^^^^^^^^^^^^^^^^^^^^^^^^^^^^^^^^^^^^^^^^^^^^^^^^^^^^^^^^^^^^^^
  21 |
  22 | // Two looks, each with a light and a dark base. The page follows the app theme;
  23 | // the only choice it offers is which look you're editing. Name + value together

The export designsPrompt was not found in module [project]/app/progress-bar/snippet.ts [app-client] (ecmascript).
Did you mean to import designPrompt?
All exports of the module are statically known (It doesn't have dynamic exports). So it's known statically that the requested export doesn't exist.

Import traces:
  Client Component Browser:
    ./app/progress-bar/page.tsx [Client Component Browser]
    ./app/progress-bar/page.tsx [Server Component]

  Client Component SSR:
    ./app/progress-bar/page.tsx [Client Component SSR]
    ./app/progress-bar/page.tsx [Server Component] @ http://localhost:4200/_next/static/chunks/0aus_next_dist_00tg.dm._.js:1945
[   10893ms] [ERROR] ./app/progress-bar/page.tsx:20:1
Export designsPrompt doesn't exist in target module
  18 | } from "@/components/progress-inspector";
  19 | import { copyText } from "@/lib/utils";
> 20 | import { designsPrompt, INSTALL_CMD, usageSnippet } from "./snippet";
     | ^^^^^^^^^^^^^^^^^^^^^^^^^^^^^^^^^^^^^^^^^^^^^^^^^^^^^^^^^^^^^^^^^^^^^
  21 |
  22 | // Two looks, each with a light and a dark base. The page follows the app theme;
  23 | // the only choice it offers is which look you're editing. Name + value together

The export designsPrompt was not found in module [project]/app/progress-bar/snippet.ts [app-ssr] (ecmascript).
Did you mean to import designPrompt?
All exports of the module are statically known (It doesn't have dynamic exports). So it's known statically that the requested export doesn't exist.

Import traces:
  Client Component Browser:
    ./app/progress-bar/page.tsx [Client Component Browser]
    ./app/progress-bar/page.tsx [Server Component]

  Client Component SSR:
    ./app/progress-bar/page.tsx [Client Component SSR]
    ./app/progress-bar/page.tsx [Server Component] @ http://localhost:4200/_next/static/chunks/0aus_next_dist_00tg.dm._.js:1945
[   10960ms] [ERROR] ./app/progress-bar/page.tsx:20:1
Export designsPrompt doesn't exist in target module
  18 | } from "@/components/progress-inspector";
  19 | import { copyText } from "@/lib/utils";
> 20 | import { designsPrompt, INSTALL_CMD, usageSnippet } from "./snippet";
     | ^^^^^^^^^^^^^^^^^^^^^^^^^^^^^^^^^^^^^^^^^^^^^^^^^^^^^^^^^^^^^^^^^^^^^
  21 |
  22 | // Two looks, each with a light and a dark base. The page follows the app theme;
  23 | // the only choice it offers is which look you're editing. Name + value together

The export designsPrompt was not found in module [project]/app/progress-bar/snippet.ts [app-client] (ecmascript).
Did you mean to import designPrompt?
All exports of the module are statically known (It doesn't have dynamic exports). So it's known statically that the requested export doesn't exist.

Import traces:
  Client Component Browser:
    ./app/progress-bar/page.tsx [Client Component Browser]
    ./app/progress-bar/page.tsx [Server Component]

  Client Component SSR:
    ./app/progress-bar/page.tsx [Client Component SSR]
    ./app/progress-bar/page.tsx [Server Component] @ http://localhost:4200/_next/static/chunks/0aus_next_dist_00tg.dm._.js:1945
[   10960ms] [ERROR] ./app/progress-bar/page.tsx:20:1
Export designsPrompt doesn't exist in target module
  18 | } from "@/components/progress-inspector";
  19 | import { copyText } from "@/lib/utils";
> 20 | import { designsPrompt, INSTALL_CMD, usageSnippet } from "./snippet";
     | ^^^^^^^^^^^^^^^^^^^^^^^^^^^^^^^^^^^^^^^^^^^^^^^^^^^^^^^^^^^^^^^^^^^^^
  21 |
  22 | // Two looks, each with a light and a dark base. The page follows the app theme;
  23 | // the only choice it offers is which look you're editing. Name + value together

The export designsPrompt was not found in module [project]/app/progress-bar/snippet.ts [app-ssr] (ecmascript).
Did you mean to import designPrompt?
All exports of the module are statically known (It doesn't have dynamic exports). So it's known statically that the requested export doesn't exist.

Import traces:
  Client Component Browser:
    ./app/progress-bar/page.tsx [Client Component Browser]
    ./app/progress-bar/page.tsx [Server Component]

  Client Component SSR:
    ./app/progress-bar/page.tsx [Client Component SSR]
    ./app/progress-bar/page.tsx [Server Component] @ http://localhost:4200/_next/static/chunks/0aus_next_dist_00tg.dm._.js:1945
[   11028ms] [ERROR] ./app/progress-bar/page.tsx:20:1
Export designsPrompt doesn't exist in target module
  18 | } from "@/components/progress-inspector";
  19 | import { copyText } from "@/lib/utils";
> 20 | import { designsPrompt, INSTALL_CMD, usageSnippet } from "./snippet";
     | ^^^^^^^^^^^^^^^^^^^^^^^^^^^^^^^^^^^^^^^^^^^^^^^^^^^^^^^^^^^^^^^^^^^^^
  21 |
  22 | // Two looks, each with a light and a dark base. The page follows the app theme;
  23 | // the only choice it offers is which look you're editing. Name + value together

The export designsPrompt was not found in module [project]/app/progress-bar/snippet.ts [app-client] (ecmascript).
Did you mean to import designPrompt?
All exports of the module are statically known (It doesn't have dynamic exports). So it's known statically that the requested export doesn't exist.

Import traces:
  Client Component Browser:
    ./app/progress-bar/page.tsx [Client Component Browser]
    ./app/progress-bar/page.tsx [Server Component]

  Client Component SSR:
    ./app/progress-bar/page.tsx [Client Component SSR]
    ./app/progress-bar/page.tsx [Server Component] @ http://localhost:4200/_next/static/chunks/0aus_next_dist_00tg.dm._.js:1945
[   11028ms] [ERROR] ./app/progress-bar/page.tsx:20:1
Export designsPrompt doesn't exist in target module
  18 | } from "@/components/progress-inspector";
  19 | import { copyText } from "@/lib/utils";
> 20 | import { designsPrompt, INSTALL_CMD, usageSnippet } from "./snippet";
     | ^^^^^^^^^^^^^^^^^^^^^^^^^^^^^^^^^^^^^^^^^^^^^^^^^^^^^^^^^^^^^^^^^^^^^
  21 |
  22 | // Two looks, each with a light and a dark base. The page follows the app theme;
  23 | // the only choice it offers is which look you're editing. Name + value together

The export designsPrompt was not found in module [project]/app/progress-bar/snippet.ts [app-ssr] (ecmascript).
Did you mean to import designPrompt?
All exports of the module are statically known (It doesn't have dynamic exports). So it's known statically that the requested export doesn't exist.

Import traces:
  Client Component Browser:
    ./app/progress-bar/page.tsx [Client Component Browser]
    ./app/progress-bar/page.tsx [Server Component]

  Client Component SSR:
    ./app/progress-bar/page.tsx [Client Component SSR]
    ./app/progress-bar/page.tsx [Server Component] @ http://localhost:4200/_next/static/chunks/0aus_next_dist_00tg.dm._.js:1945
[   11093ms] [ERROR] ./app/progress-bar/page.tsx:20:1
Export designsPrompt doesn't exist in target module
  18 | } from "@/components/progress-inspector";
  19 | import { copyText } from "@/lib/utils";
> 20 | import { designsPrompt, INSTALL_CMD, usageSnippet } from "./snippet";
     | ^^^^^^^^^^^^^^^^^^^^^^^^^^^^^^^^^^^^^^^^^^^^^^^^^^^^^^^^^^^^^^^^^^^^^
  21 |
  22 | // Two looks, each with a light and a dark base. The page follows the app theme;
  23 | // the only choice it offers is which look you're editing. Name + value together

The export designsPrompt was not found in module [project]/app/progress-bar/snippet.ts [app-client] (ecmascript).
Did you mean to import designPrompt?
All exports of the module are statically known (It doesn't have dynamic exports). So it's known statically that the requested export doesn't exist.

Import traces:
  Client Component Browser:
    ./app/progress-bar/page.tsx [Client Component Browser]
    ./app/progress-bar/page.tsx [Server Component]

  Client Component SSR:
    ./app/progress-bar/page.tsx [Client Component SSR]
    ./app/progress-bar/page.tsx [Server Component] @ http://localhost:4200/_next/static/chunks/0aus_next_dist_00tg.dm._.js:1945
[   11094ms] [ERROR] ./app/progress-bar/page.tsx:20:1
Export designsPrompt doesn't exist in target module
  18 | } from "@/components/progress-inspector";
  19 | import { copyText } from "@/lib/utils";
> 20 | import { designsPrompt, INSTALL_CMD, usageSnippet } from "./snippet";
     | ^^^^^^^^^^^^^^^^^^^^^^^^^^^^^^^^^^^^^^^^^^^^^^^^^^^^^^^^^^^^^^^^^^^^^
  21 |
  22 | // Two looks, each with a light and a dark base. The page follows the app theme;
  23 | // the only choice it offers is which look you're editing. Name + value together

The export designsPrompt was not found in module [project]/app/progress-bar/snippet.ts [app-ssr] (ecmascript).
Did you mean to import designPrompt?
All exports of the module are statically known (It doesn't have dynamic exports). So it's known statically that the requested export doesn't exist.

Import traces:
  Client Component Browser:
    ./app/progress-bar/page.tsx [Client Component Browser]
    ./app/progress-bar/page.tsx [Server Component]

  Client Component SSR:
    ./app/progress-bar/page.tsx [Client Component SSR]
    ./app/progress-bar/page.tsx [Server Component] @ http://localhost:4200/_next/static/chunks/0aus_next_dist_00tg.dm._.js:1945
[   11173ms] [ERROR] ./app/progress-bar/page.tsx:20:1
Export designsPrompt doesn't exist in target module
  18 | } from "@/components/progress-inspector";
  19 | import { copyText } from "@/lib/utils";
> 20 | import { designsPrompt, INSTALL_CMD, usageSnippet } from "./snippet";
     | ^^^^^^^^^^^^^^^^^^^^^^^^^^^^^^^^^^^^^^^^^^^^^^^^^^^^^^^^^^^^^^^^^^^^^
  21 |
  22 | // Two looks, each with a light and a dark base. The page follows the app theme;
  23 | // the only choice it offers is which look you're editing. Name + value together

The export designsPrompt was not found in module [project]/app/progress-bar/snippet.ts [app-client] (ecmascript).
Did you mean to import designPrompt?
All exports of the module are statically known (It doesn't have dynamic exports). So it's known statically that the requested export doesn't exist.

Import traces:
  Client Component Browser:
    ./app/progress-bar/page.tsx [Client Component Browser]
    ./app/progress-bar/page.tsx [Server Component]

  Client Component SSR:
    ./app/progress-bar/page.tsx [Client Component SSR]
    ./app/progress-bar/page.tsx [Server Component] @ http://localhost:4200/_next/static/chunks/0aus_next_dist_00tg.dm._.js:1945
[   11173ms] [ERROR] ./app/progress-bar/page.tsx:20:1
Export designsPrompt doesn't exist in target module
  18 | } from "@/components/progress-inspector";
  19 | import { copyText } from "@/lib/utils";
> 20 | import { designsPrompt, INSTALL_CMD, usageSnippet } from "./snippet";
     | ^^^^^^^^^^^^^^^^^^^^^^^^^^^^^^^^^^^^^^^^^^^^^^^^^^^^^^^^^^^^^^^^^^^^^
  21 |
  22 | // Two looks, each with a light and a dark base. The page follows the app theme;
  23 | // the only choice it offers is which look you're editing. Name + value together

The export designsPrompt was not found in module [project]/app/progress-bar/snippet.ts [app-ssr] (ecmascript).
Did you mean to import designPrompt?
All exports of the module are statically known (It doesn't have dynamic exports). So it's known statically that the requested export doesn't exist.

Import traces:
  Client Component Browser:
    ./app/progress-bar/page.tsx [Client Component Browser]
    ./app/progress-bar/page.tsx [Server Component]

  Client Component SSR:
    ./app/progress-bar/page.tsx [Client Component SSR]
    ./app/progress-bar/page.tsx [Server Component] @ http://localhost:4200/_next/static/chunks/0aus_next_dist_00tg.dm._.js:1945
[   11208ms] [ERROR] ./app/progress-bar/page.tsx:20:1
Export designsPrompt doesn't exist in target module
  18 | } from "@/components/progress-inspector";
  19 | import { copyText } from "@/lib/utils";
> 20 | import { designsPrompt, INSTALL_CMD, usageSnippet } from "./snippet";
     | ^^^^^^^^^^^^^^^^^^^^^^^^^^^^^^^^^^^^^^^^^^^^^^^^^^^^^^^^^^^^^^^^^^^^^
  21 |
  22 | // Two looks, each with a light and a dark base. The page follows the app theme;
  23 | // the only choice it offers is which look you're editing. Name + value together

The export designsPrompt was not found in module [project]/app/progress-bar/snippet.ts [app-client] (ecmascript).
Did you mean to import designPrompt?
All exports of the module are statically known (It doesn't have dynamic exports). So it's known statically that the requested export doesn't exist.

Import traces:
  Client Component Browser:
    ./app/progress-bar/page.tsx [Client Component Browser]
    ./app/progress-bar/page.tsx [Server Component]

  Client Component SSR:
    ./app/progress-bar/page.tsx [Client Component SSR]
    ./app/progress-bar/page.tsx [Server Component] @ http://localhost:4200/_next/static/chunks/0aus_next_dist_00tg.dm._.js:1945
[   11208ms] [ERROR] ./app/progress-bar/page.tsx:20:1
Export designsPrompt doesn't exist in target module
  18 | } from "@/components/progress-inspector";
  19 | import { copyText } from "@/lib/utils";
> 20 | import { designsPrompt, INSTALL_CMD, usageSnippet } from "./snippet";
     | ^^^^^^^^^^^^^^^^^^^^^^^^^^^^^^^^^^^^^^^^^^^^^^^^^^^^^^^^^^^^^^^^^^^^^
  21 |
  22 | // Two looks, each with a light and a dark base. The page follows the app theme;
  23 | // the only choice it offers is which look you're editing. Name + value together

The export designsPrompt was not found in module [project]/app/progress-bar/snippet.ts [app-ssr] (ecmascript).
Did you mean to import designPrompt?
All exports of the module are statically known (It doesn't have dynamic exports). So it's known statically that the requested export doesn't exist.

Import traces:
  Client Component Browser:
    ./app/progress-bar/page.tsx [Client Component Browser]
    ./app/progress-bar/page.tsx [Server Component]

  Client Component SSR:
    ./app/progress-bar/page.tsx [Client Component SSR]
    ./app/progress-bar/page.tsx [Server Component] @ http://localhost:4200/_next/static/chunks/0aus_next_dist_00tg.dm._.js:1945
[   11310ms] [LOG] [Fast Refresh] rebuilding @ http://localhost:4200/_next/static/chunks/0aus_next_dist_00tg.dm._.js:1226
[   11550ms] [ERROR] ./app/progress-bar/page.tsx:20:1
Export designsPrompt doesn't exist in target module
  18 | } from "@/components/progress-inspector";
  19 | import { copyText } from "@/lib/utils";
> 20 | import { designsPrompt, INSTALL_CMD, usageSnippet } from "./snippet";
     | ^^^^^^^^^^^^^^^^^^^^^^^^^^^^^^^^^^^^^^^^^^^^^^^^^^^^^^^^^^^^^^^^^^^^^
  21 |
  22 | // Two looks, each with a light and a dark base. The page follows the app theme;
  23 | // the only choice it offers is which look you're editing. Name + value together

The export designsPrompt was not found in module [project]/app/progress-bar/snippet.ts [app-client] (ecmascript).
Did you mean to import designPrompt?
All exports of the module are statically known (It doesn't have dynamic exports). So it's known statically that the requested export doesn't exist.

Import traces:
  Client Component Browser:
    ./app/progress-bar/page.tsx [Client Component Browser]
    ./app/progress-bar/page.tsx [Server Component]

  Client Component SSR:
    ./app/progress-bar/page.tsx [Client Component SSR]
    ./app/progress-bar/page.tsx [Server Component] @ http://localhost:4200/_next/static/chunks/0aus_next_dist_00tg.dm._.js:1945
[   11550ms] [ERROR] ./app/progress-bar/page.tsx:20:1
Export designsPrompt doesn't exist in target module
  18 | } from "@/components/progress-inspector";
  19 | import { copyText } from "@/lib/utils";
> 20 | import { designsPrompt, INSTALL_CMD, usageSnippet } from "./snippet";
     | ^^^^^^^^^^^^^^^^^^^^^^^^^^^^^^^^^^^^^^^^^^^^^^^^^^^^^^^^^^^^^^^^^^^^^
  21 |
  22 | // Two looks, each with a light and a dark base. The page follows the app theme;
  23 | // the only choice it offers is which look you're editing. Name + value together

The export designsPrompt was not found in module [project]/app/progress-bar/snippet.ts [app-ssr] (ecmascript).
Did you mean to import designPrompt?
All exports of the module are statically known (It doesn't have dynamic exports). So it's known statically that the requested export doesn't exist.

Import traces:
  Client Component Browser:
    ./app/progress-bar/page.tsx [Client Component Browser]
    ./app/progress-bar/page.tsx [Server Component]

  Client Component SSR:
    ./app/progress-bar/page.tsx [Client Component SSR]
    ./app/progress-bar/page.tsx [Server Component] @ http://localhost:4200/_next/static/chunks/0aus_next_dist_00tg.dm._.js:1945
[   11620ms] [ERROR] ./app/progress-bar/page.tsx:20:1
Export designsPrompt doesn't exist in target module
  18 | } from "@/components/progress-inspector";
  19 | import { copyText } from "@/lib/utils";
> 20 | import { designsPrompt, INSTALL_CMD, usageSnippet } from "./snippet";
     | ^^^^^^^^^^^^^^^^^^^^^^^^^^^^^^^^^^^^^^^^^^^^^^^^^^^^^^^^^^^^^^^^^^^^^
  21 |
  22 | // Two looks, each with a light and a dark base. The page follows the app theme;
  23 | // the only choice it offers is which look you're editing. Name + value together

The export designsPrompt was not found in module [project]/app/progress-bar/snippet.ts [app-client] (ecmascript).
Did you mean to import designPrompt?
All exports of the module are statically known (It doesn't have dynamic exports). So it's known statically that the requested export doesn't exist.

Import traces:
  Client Component Browser:
    ./app/progress-bar/page.tsx [Client Component Browser]
    ./app/progress-bar/page.tsx [Server Component]

  Client Component SSR:
    ./app/progress-bar/page.tsx [Client Component SSR]
    ./app/progress-bar/page.tsx [Server Component] @ http://localhost:4200/_next/static/chunks/0aus_next_dist_00tg.dm._.js:1945
[   11620ms] [ERROR] ./app/progress-bar/page.tsx:20:1
Export designsPrompt doesn't exist in target module
  18 | } from "@/components/progress-inspector";
  19 | import { copyText } from "@/lib/utils";
> 20 | import { designsPrompt, INSTALL_CMD, usageSnippet } from "./snippet";
     | ^^^^^^^^^^^^^^^^^^^^^^^^^^^^^^^^^^^^^^^^^^^^^^^^^^^^^^^^^^^^^^^^^^^^^
  21 |
  22 | // Two looks, each with a light and a dark base. The page follows the app theme;
  23 | // the only choice it offers is which look you're editing. Name + value together

The export designsPrompt was not found in module [project]/app/progress-bar/snippet.ts [app-ssr] (ecmascript).
Did you mean to import designPrompt?
All exports of the module are statically known (It doesn't have dynamic exports). So it's known statically that the requested export doesn't exist.

Import traces:
  Client Component Browser:
    ./app/progress-bar/page.tsx [Client Component Browser]
    ./app/progress-bar/page.tsx [Server Component]

  Client Component SSR:
    ./app/progress-bar/page.tsx [Client Component SSR]
    ./app/progress-bar/page.tsx [Server Component] @ http://localhost:4200/_next/static/chunks/0aus_next_dist_00tg.dm._.js:1945
[   11694ms] [ERROR] ./app/progress-bar/page.tsx:20:1
Export designsPrompt doesn't exist in target module
  18 | } from "@/components/progress-inspector";
  19 | import { copyText } from "@/lib/utils";
> 20 | import { designsPrompt, INSTALL_CMD, usageSnippet } from "./snippet";
     | ^^^^^^^^^^^^^^^^^^^^^^^^^^^^^^^^^^^^^^^^^^^^^^^^^^^^^^^^^^^^^^^^^^^^^
  21 |
  22 | // Two looks, each with a light and a dark base. The page follows the app theme;
  23 | // the only choice it offers is which look you're editing. Name + value together

The export designsPrompt was not found in module [project]/app/progress-bar/snippet.ts [app-client] (ecmascript).
Did you mean to import designPrompt?
All exports of the module are statically known (It doesn't have dynamic exports). So it's known statically that the requested export doesn't exist.

Import traces:
  Client Component Browser:
    ./app/progress-bar/page.tsx [Client Component Browser]
    ./app/progress-bar/page.tsx [Server Component]

  Client Component SSR:
    ./app/progress-bar/page.tsx [Client Component SSR]
    ./app/progress-bar/page.tsx [Server Component] @ http://localhost:4200/_next/static/chunks/0aus_next_dist_00tg.dm._.js:1945
[   11694ms] [ERROR] ./app/progress-bar/page.tsx:20:1
Export designsPrompt doesn't exist in target module
  18 | } from "@/components/progress-inspector";
  19 | import { copyText } from "@/lib/utils";
> 20 | import { designsPrompt, INSTALL_CMD, usageSnippet } from "./snippet";
     | ^^^^^^^^^^^^^^^^^^^^^^^^^^^^^^^^^^^^^^^^^^^^^^^^^^^^^^^^^^^^^^^^^^^^^
  21 |
  22 | // Two looks, each with a light and a dark base. The page follows the app theme;
  23 | // the only choice it offers is which look you're editing. Name + value together

The export designsPrompt was not found in module [project]/app/progress-bar/snippet.ts [app-ssr] (ecmascript).
Did you mean to import designPrompt?
All exports of the module are statically known (It doesn't have dynamic exports). So it's known statically that the requested export doesn't exist.

Import traces:
  Client Component Browser:
    ./app/progress-bar/page.tsx [Client Component Browser]
    ./app/progress-bar/page.tsx [Server Component]

  Client Component SSR:
    ./app/progress-bar/page.tsx [Client Component SSR]
    ./app/progress-bar/page.tsx [Server Component] @ http://localhost:4200/_next/static/chunks/0aus_next_dist_00tg.dm._.js:1945
[   11760ms] [ERROR] ./app/progress-bar/page.tsx:20:1
Export designsPrompt doesn't exist in target module
  18 | } from "@/components/progress-inspector";
  19 | import { copyText } from "@/lib/utils";
> 20 | import { designsPrompt, INSTALL_CMD, usageSnippet } from "./snippet";
     | ^^^^^^^^^^^^^^^^^^^^^^^^^^^^^^^^^^^^^^^^^^^^^^^^^^^^^^^^^^^^^^^^^^^^^
  21 |
  22 | // Two looks, each with a light and a dark base. The page follows the app theme;
  23 | // the only choice it offers is which look you're editing. Name + value together

The export designsPrompt was not found in module [project]/app/progress-bar/snippet.ts [app-client] (ecmascript).
Did you mean to import designPrompt?
All exports of the module are statically known (It doesn't have dynamic exports). So it's known statically that the requested export doesn't exist.

Import traces:
  Client Component Browser:
    ./app/progress-bar/page.tsx [Client Component Browser]
    ./app/progress-bar/page.tsx [Server Component]

  Client Component SSR:
    ./app/progress-bar/page.tsx [Client Component SSR]
    ./app/progress-bar/page.tsx [Server Component] @ http://localhost:4200/_next/static/chunks/0aus_next_dist_00tg.dm._.js:1945
[   11760ms] [ERROR] ./app/progress-bar/page.tsx:20:1
Export designsPrompt doesn't exist in target module
  18 | } from "@/components/progress-inspector";
  19 | import { copyText } from "@/lib/utils";
> 20 | import { designsPrompt, INSTALL_CMD, usageSnippet } from "./snippet";
     | ^^^^^^^^^^^^^^^^^^^^^^^^^^^^^^^^^^^^^^^^^^^^^^^^^^^^^^^^^^^^^^^^^^^^^
  21 |
  22 | // Two looks, each with a light and a dark base. The page follows the app theme;
  23 | // the only choice it offers is which look you're editing. Name + value together

The export designsPrompt was not found in module [project]/app/progress-bar/snippet.ts [app-ssr] (ecmascript).
Did you mean to import designPrompt?
All exports of the module are statically known (It doesn't have dynamic exports). So it's known statically that the requested export doesn't exist.

Import traces:
  Client Component Browser:
    ./app/progress-bar/page.tsx [Client Component Browser]
    ./app/progress-bar/page.tsx [Server Component]

  Client Component SSR:
    ./app/progress-bar/page.tsx [Client Component SSR]
    ./app/progress-bar/page.tsx [Server Component] @ http://localhost:4200/_next/static/chunks/0aus_next_dist_00tg.dm._.js:1945
[   11827ms] [ERROR] ./app/progress-bar/page.tsx:20:1
Export designsPrompt doesn't exist in target module
  18 | } from "@/components/progress-inspector";
  19 | import { copyText } from "@/lib/utils";
> 20 | import { designsPrompt, INSTALL_CMD, usageSnippet } from "./snippet";
     | ^^^^^^^^^^^^^^^^^^^^^^^^^^^^^^^^^^^^^^^^^^^^^^^^^^^^^^^^^^^^^^^^^^^^^
  21 |
  22 | // Two looks, each with a light and a dark base. The page follows the app theme;
  23 | // the only choice it offers is which look you're editing. Name + value together

The export designsPrompt was not found in module [project]/app/progress-bar/snippet.ts [app-client] (ecmascript).
Did you mean to import designPrompt?
All exports of the module are statically known (It doesn't have dynamic exports). So it's known statically that the requested export doesn't exist.

Import traces:
  Client Component Browser:
    ./app/progress-bar/page.tsx [Client Component Browser]
    ./app/progress-bar/page.tsx [Server Component]

  Client Component SSR:
    ./app/progress-bar/page.tsx [Client Component SSR]
    ./app/progress-bar/page.tsx [Server Component] @ http://localhost:4200/_next/static/chunks/0aus_next_dist_00tg.dm._.js:1945
[   11827ms] [ERROR] ./app/progress-bar/page.tsx:20:1
Export designsPrompt doesn't exist in target module
  18 | } from "@/components/progress-inspector";
  19 | import { copyText } from "@/lib/utils";
> 20 | import { designsPrompt, INSTALL_CMD, usageSnippet } from "./snippet";
     | ^^^^^^^^^^^^^^^^^^^^^^^^^^^^^^^^^^^^^^^^^^^^^^^^^^^^^^^^^^^^^^^^^^^^^
  21 |
  22 | // Two looks, each with a light and a dark base. The page follows the app theme;
  23 | // the only choice it offers is which look you're editing. Name + value together

The export designsPrompt was not found in module [project]/app/progress-bar/snippet.ts [app-ssr] (ecmascript).
Did you mean to import designPrompt?
All exports of the module are statically known (It doesn't have dynamic exports). So it's known statically that the requested export doesn't exist.

Import traces:
  Client Component Browser:
    ./app/progress-bar/page.tsx [Client Component Browser]
    ./app/progress-bar/page.tsx [Server Component]

  Client Component SSR:
    ./app/progress-bar/page.tsx [Client Component SSR]
    ./app/progress-bar/page.tsx [Server Component] @ http://localhost:4200/_next/static/chunks/0aus_next_dist_00tg.dm._.js:1945
[   11892ms] [ERROR] ./app/progress-bar/page.tsx:20:1
Export designsPrompt doesn't exist in target module
  18 | } from "@/components/progress-inspector";
  19 | import { copyText } from "@/lib/utils";
> 20 | import { designsPrompt, INSTALL_CMD, usageSnippet } from "./snippet";
     | ^^^^^^^^^^^^^^^^^^^^^^^^^^^^^^^^^^^^^^^^^^^^^^^^^^^^^^^^^^^^^^^^^^^^^
  21 |
  22 | // Two looks, each with a light and a dark base. The page follows the app theme;
  23 | // the only choice it offers is which look you're editing. Name + value together

The export designsPrompt was not found in module [project]/app/progress-bar/snippet.ts [app-client] (ecmascript).
Did you mean to import designPrompt?
All exports of the module are statically known (It doesn't have dynamic exports). So it's known statically that the requested export doesn't exist.

Import traces:
  Client Component Browser:
    ./app/progress-bar/page.tsx [Client Component Browser]
    ./app/progress-bar/page.tsx [Server Component]

  Client Component SSR:
    ./app/progress-bar/page.tsx [Client Component SSR]
    ./app/progress-bar/page.tsx [Server Component] @ http://localhost:4200/_next/static/chunks/0aus_next_dist_00tg.dm._.js:1945
[   11892ms] [ERROR] ./app/progress-bar/page.tsx:20:1
Export designsPrompt doesn't exist in target module
  18 | } from "@/components/progress-inspector";
  19 | import { copyText } from "@/lib/utils";
> 20 | import { designsPrompt, INSTALL_CMD, usageSnippet } from "./snippet";
     | ^^^^^^^^^^^^^^^^^^^^^^^^^^^^^^^^^^^^^^^^^^^^^^^^^^^^^^^^^^^^^^^^^^^^^
  21 |
  22 | // Two looks, each with a light and a dark base. The page follows the app theme;
  23 | // the only choice it offers is which look you're editing. Name + value together

The export designsPrompt was not found in module [project]/app/progress-bar/snippet.ts [app-ssr] (ecmascript).
Did you mean to import designPrompt?
All exports of the module are statically known (It doesn't have dynamic exports). So it's known statically that the requested export doesn't exist.

Import traces:
  Client Component Browser:
    ./app/progress-bar/page.tsx [Client Component Browser]
    ./app/progress-bar/page.tsx [Server Component]

  Client Component SSR:
    ./app/progress-bar/page.tsx [Client Component SSR]
    ./app/progress-bar/page.tsx [Server Component] @ http://localhost:4200/_next/static/chunks/0aus_next_dist_00tg.dm._.js:1945
[   11961ms] [ERROR] ./app/progress-bar/page.tsx:20:1
Export designsPrompt doesn't exist in target module
  18 | } from "@/components/progress-inspector";
  19 | import { copyText } from "@/lib/utils";
> 20 | import { designsPrompt, INSTALL_CMD, usageSnippet } from "./snippet";
     | ^^^^^^^^^^^^^^^^^^^^^^^^^^^^^^^^^^^^^^^^^^^^^^^^^^^^^^^^^^^^^^^^^^^^^
  21 |
  22 | // Two looks, each with a light and a dark base. The page follows the app theme;
  23 | // the only choice it offers is which look you're editing. Name + value together

The export designsPrompt was not found in module [project]/app/progress-bar/snippet.ts [app-client] (ecmascript).
Did you mean to import designPrompt?
All exports of the module are statically known (It doesn't have dynamic exports). So it's known statically that the requested export doesn't exist.

Import traces:
  Client Component Browser:
    ./app/progress-bar/page.tsx [Client Component Browser]
    ./app/progress-bar/page.tsx [Server Component]

  Client Component SSR:
    ./app/progress-bar/page.tsx [Client Component SSR]
    ./app/progress-bar/page.tsx [Server Component] @ http://localhost:4200/_next/static/chunks/0aus_next_dist_00tg.dm._.js:1945
[   11961ms] [ERROR] ./app/progress-bar/page.tsx:20:1
Export designsPrompt doesn't exist in target module
  18 | } from "@/components/progress-inspector";
  19 | import { copyText } from "@/lib/utils";
> 20 | import { designsPrompt, INSTALL_CMD, usageSnippet } from "./snippet";
     | ^^^^^^^^^^^^^^^^^^^^^^^^^^^^^^^^^^^^^^^^^^^^^^^^^^^^^^^^^^^^^^^^^^^^^
  21 |
  22 | // Two looks, each with a light and a dark base. The page follows the app theme;
  23 | // the only choice it offers is which look you're editing. Name + value together

The export designsPrompt was not found in module [project]/app/progress-bar/snippet.ts [app-ssr] (ecmascript).
Did you mean to import designPrompt?
All exports of the module are statically known (It doesn't have dynamic exports). So it's known statically that the requested export doesn't exist.

Import traces:
  Client Component Browser:
    ./app/progress-bar/page.tsx [Client Component Browser]
    ./app/progress-bar/page.tsx [Server Component]

  Client Component SSR:
    ./app/progress-bar/page.tsx [Client Component SSR]
    ./app/progress-bar/page.tsx [Server Component] @ http://localhost:4200/_next/static/chunks/0aus_next_dist_00tg.dm._.js:1945
[   12029ms] [ERROR] ./app/progress-bar/page.tsx:20:1
Export designsPrompt doesn't exist in target module
  18 | } from "@/components/progress-inspector";
  19 | import { copyText } from "@/lib/utils";
> 20 | import { designsPrompt, INSTALL_CMD, usageSnippet } from "./snippet";
     | ^^^^^^^^^^^^^^^^^^^^^^^^^^^^^^^^^^^^^^^^^^^^^^^^^^^^^^^^^^^^^^^^^^^^^
  21 |
  22 | // Two looks, each with a light and a dark base. The page follows the app theme;
  23 | // the only choice it offers is which look you're editing. Name + value together

The export designsPrompt was not found in module [project]/app/progress-bar/snippet.ts [app-client] (ecmascript).
Did you mean to import designPrompt?
All exports of the module are statically known (It doesn't have dynamic exports). So it's known statically that the requested export doesn't exist.

Import traces:
  Client Component Browser:
    ./app/progress-bar/page.tsx [Client Component Browser]
    ./app/progress-bar/page.tsx [Server Component]

  Client Component SSR:
    ./app/progress-bar/page.tsx [Client Component SSR]
    ./app/progress-bar/page.tsx [Server Component] @ http://localhost:4200/_next/static/chunks/0aus_next_dist_00tg.dm._.js:1945
[   12029ms] [ERROR] ./app/progress-bar/page.tsx:20:1
Export designsPrompt doesn't exist in target module
  18 | } from "@/components/progress-inspector";
  19 | import { copyText } from "@/lib/utils";
> 20 | import { designsPrompt, INSTALL_CMD, usageSnippet } from "./snippet";
     | ^^^^^^^^^^^^^^^^^^^^^^^^^^^^^^^^^^^^^^^^^^^^^^^^^^^^^^^^^^^^^^^^^^^^^
  21 |
  22 | // Two looks, each with a light and a dark base. The page follows the app theme;
  23 | // the only choice it offers is which look you're editing. Name + value together

The export designsPrompt was not found in module [project]/app/progress-bar/snippet.ts [app-ssr] (ecmascript).
Did you mean to import designPrompt?
All exports of the module are statically known (It doesn't have dynamic exports). So it's known statically that the requested export doesn't exist.

Import traces:
  Client Component Browser:
    ./app/progress-bar/page.tsx [Client Component Browser]
    ./app/progress-bar/page.tsx [Server Component]

  Client Component SSR:
    ./app/progress-bar/page.tsx [Client Component SSR]
    ./app/progress-bar/page.tsx [Server Component] @ http://localhost:4200/_next/static/chunks/0aus_next_dist_00tg.dm._.js:1945
[   12098ms] [ERROR] ./app/progress-bar/page.tsx:20:1
Export designsPrompt doesn't exist in target module
  18 | } from "@/components/progress-inspector";
  19 | import { copyText } from "@/lib/utils";
> 20 | import { designsPrompt, INSTALL_CMD, usageSnippet } from "./snippet";
     | ^^^^^^^^^^^^^^^^^^^^^^^^^^^^^^^^^^^^^^^^^^^^^^^^^^^^^^^^^^^^^^^^^^^^^
  21 |
  22 | // Two looks, each with a light and a dark base. The page follows the app theme;
  23 | // the only choice it offers is which look you're editing. Name + value together

The export designsPrompt was not found in module [project]/app/progress-bar/snippet.ts [app-client] (ecmascript).
Did you mean to import designPrompt?
All exports of the module are statically known (It doesn't have dynamic exports). So it's known statically that the requested export doesn't exist.

Import traces:
  Client Component Browser:
    ./app/progress-bar/page.tsx [Client Component Browser]
    ./app/progress-bar/page.tsx [Server Component]

  Client Component SSR:
    ./app/progress-bar/page.tsx [Client Component SSR]
    ./app/progress-bar/page.tsx [Server Component] @ http://localhost:4200/_next/static/chunks/0aus_next_dist_00tg.dm._.js:1945
[   12099ms] [ERROR] ./app/progress-bar/page.tsx:20:1
Export designsPrompt doesn't exist in target module
  18 | } from "@/components/progress-inspector";
  19 | import { copyText } from "@/lib/utils";
> 20 | import { designsPrompt, INSTALL_CMD, usageSnippet } from "./snippet";
     | ^^^^^^^^^^^^^^^^^^^^^^^^^^^^^^^^^^^^^^^^^^^^^^^^^^^^^^^^^^^^^^^^^^^^^
  21 |
  22 | // Two looks, each with a light and a dark base. The page follows the app theme;
  23 | // the only choice it offers is which look you're editing. Name + value together

The export designsPrompt was not found in module [project]/app/progress-bar/snippet.ts [app-ssr] (ecmascript).
Did you mean to import designPrompt?
All exports of the module are statically known (It doesn't have dynamic exports). So it's known statically that the requested export doesn't exist.

Import traces:
  Client Component Browser:
    ./app/progress-bar/page.tsx [Client Component Browser]
    ./app/progress-bar/page.tsx [Server Component]

  Client Component SSR:
    ./app/progress-bar/page.tsx [Client Component SSR]
    ./app/progress-bar/page.tsx [Server Component] @ http://localhost:4200/_next/static/chunks/0aus_next_dist_00tg.dm._.js:1945
[   12166ms] [ERROR] ./app/progress-bar/page.tsx:20:1
Export designsPrompt doesn't exist in target module
  18 | } from "@/components/progress-inspector";
  19 | import { copyText } from "@/lib/utils";
> 20 | import { designsPrompt, INSTALL_CMD, usageSnippet } from "./snippet";
     | ^^^^^^^^^^^^^^^^^^^^^^^^^^^^^^^^^^^^^^^^^^^^^^^^^^^^^^^^^^^^^^^^^^^^^
  21 |
  22 | // Two looks, each with a light and a dark base. The page follows the app theme;
  23 | // the only choice it offers is which look you're editing. Name + value together

The export designsPrompt was not found in module [project]/app/progress-bar/snippet.ts [app-client] (ecmascript).
Did you mean to import designPrompt?
All exports of the module are statically known (It doesn't have dynamic exports). So it's known statically that the requested export doesn't exist.

Import traces:
  Client Component Browser:
    ./app/progress-bar/page.tsx [Client Component Browser]
    ./app/progress-bar/page.tsx [Server Component]

  Client Component SSR:
    ./app/progress-bar/page.tsx [Client Component SSR]
    ./app/progress-bar/page.tsx [Server Component] @ http://localhost:4200/_next/static/chunks/0aus_next_dist_00tg.dm._.js:1945
[   12166ms] [ERROR] ./app/progress-bar/page.tsx:20:1
Export designsPrompt doesn't exist in target module
  18 | } from "@/components/progress-inspector";
  19 | import { copyText } from "@/lib/utils";
> 20 | import { designsPrompt, INSTALL_CMD, usageSnippet } from "./snippet";
     | ^^^^^^^^^^^^^^^^^^^^^^^^^^^^^^^^^^^^^^^^^^^^^^^^^^^^^^^^^^^^^^^^^^^^^
  21 |
  22 | // Two looks, each with a light and a dark base. The page follows the app theme;
  23 | // the only choice it offers is which look you're editing. Name + value together

The export designsPrompt was not found in module [project]/app/progress-bar/snippet.ts [app-ssr] (ecmascript).
Did you mean to import designPrompt?
All exports of the module are statically known (It doesn't have dynamic exports). So it's known statically that the requested export doesn't exist.

Import traces:
  Client Component Browser:
    ./app/progress-bar/page.tsx [Client Component Browser]
    ./app/progress-bar/page.tsx [Server Component]

  Client Component SSR:
    ./app/progress-bar/page.tsx [Client Component SSR]
    ./app/progress-bar/page.tsx [Server Component] @ http://localhost:4200/_next/static/chunks/0aus_next_dist_00tg.dm._.js:1945
[   12234ms] [ERROR] ./app/progress-bar/page.tsx:20:1
Export designsPrompt doesn't exist in target module
  18 | } from "@/components/progress-inspector";
  19 | import { copyText } from "@/lib/utils";
> 20 | import { designsPrompt, INSTALL_CMD, usageSnippet } from "./snippet";
     | ^^^^^^^^^^^^^^^^^^^^^^^^^^^^^^^^^^^^^^^^^^^^^^^^^^^^^^^^^^^^^^^^^^^^^
  21 |
  22 | // Two looks, each with a light and a dark base. The page follows the app theme;
  23 | // the only choice it offers is which look you're editing. Name + value together

The export designsPrompt was not found in module [project]/app/progress-bar/snippet.ts [app-client] (ecmascript).
Did you mean to import designPrompt?
All exports of the module are statically known (It doesn't have dynamic exports). So it's known statically that the requested export doesn't exist.

Import traces:
  Client Component Browser:
    ./app/progress-bar/page.tsx [Client Component Browser]
    ./app/progress-bar/page.tsx [Server Component]

  Client Component SSR:
    ./app/progress-bar/page.tsx [Client Component SSR]
    ./app/progress-bar/page.tsx [Server Component] @ http://localhost:4200/_next/static/chunks/0aus_next_dist_00tg.dm._.js:1945
[   12234ms] [ERROR] ./app/progress-bar/page.tsx:20:1
Export designsPrompt doesn't exist in target module
  18 | } from "@/components/progress-inspector";
  19 | import { copyText } from "@/lib/utils";
> 20 | import { designsPrompt, INSTALL_CMD, usageSnippet } from "./snippet";
     | ^^^^^^^^^^^^^^^^^^^^^^^^^^^^^^^^^^^^^^^^^^^^^^^^^^^^^^^^^^^^^^^^^^^^^
  21 |
  22 | // Two looks, each with a light and a dark base. The page follows the app theme;
  23 | // the only choice it offers is which look you're editing. Name + value together

The export designsPrompt was not found in module [project]/app/progress-bar/snippet.ts [app-ssr] (ecmascript).
Did you mean to import designPrompt?
All exports of the module are statically known (It doesn't have dynamic exports). So it's known statically that the requested export doesn't exist.

Import traces:
  Client Component Browser:
    ./app/progress-bar/page.tsx [Client Component Browser]
    ./app/progress-bar/page.tsx [Server Component]

  Client Component SSR:
    ./app/progress-bar/page.tsx [Client Component SSR]
    ./app/progress-bar/page.tsx [Server Component] @ http://localhost:4200/_next/static/chunks/0aus_next_dist_00tg.dm._.js:1945
[   12300ms] [ERROR] ./app/progress-bar/page.tsx:20:1
Export designsPrompt doesn't exist in target module
  18 | } from "@/components/progress-inspector";
  19 | import { copyText } from "@/lib/utils";
> 20 | import { designsPrompt, INSTALL_CMD, usageSnippet } from "./snippet";
     | ^^^^^^^^^^^^^^^^^^^^^^^^^^^^^^^^^^^^^^^^^^^^^^^^^^^^^^^^^^^^^^^^^^^^^
  21 |
  22 | // Two looks, each with a light and a dark base. The page follows the app theme;
  23 | // the only choice it offers is which look you're editing. Name + value together

The export designsPrompt was not found in module [project]/app/progress-bar/snippet.ts [app-client] (ecmascript).
Did you mean to import designPrompt?
All exports of the module are statically known (It doesn't have dynamic exports). So it's known statically that the requested export doesn't exist.

Import traces:
  Client Component Browser:
    ./app/progress-bar/page.tsx [Client Component Browser]
    ./app/progress-bar/page.tsx [Server Component]

  Client Component SSR:
    ./app/progress-bar/page.tsx [Client Component SSR]
    ./app/progress-bar/page.tsx [Server Component] @ http://localhost:4200/_next/static/chunks/0aus_next_dist_00tg.dm._.js:1945
[   12300ms] [ERROR] ./app/progress-bar/page.tsx:20:1
Export designsPrompt doesn't exist in target module
  18 | } from "@/components/progress-inspector";
  19 | import { copyText } from "@/lib/utils";
> 20 | import { designsPrompt, INSTALL_CMD, usageSnippet } from "./snippet";
     | ^^^^^^^^^^^^^^^^^^^^^^^^^^^^^^^^^^^^^^^^^^^^^^^^^^^^^^^^^^^^^^^^^^^^^
  21 |
  22 | // Two looks, each with a light and a dark base. The page follows the app theme;
  23 | // the only choice it offers is which look you're editing. Name + value together

The export designsPrompt was not found in module [project]/app/progress-bar/snippet.ts [app-ssr] (ecmascript).
Did you mean to import designPrompt?
All exports of the module are statically known (It doesn't have dynamic exports). So it's known statically that the requested export doesn't exist.

Import traces:
  Client Component Browser:
    ./app/progress-bar/page.tsx [Client Component Browser]
    ./app/progress-bar/page.tsx [Server Component]

  Client Component SSR:
    ./app/progress-bar/page.tsx [Client Component SSR]
    ./app/progress-bar/page.tsx [Server Component] @ http://localhost:4200/_next/static/chunks/0aus_next_dist_00tg.dm._.js:1945
[   12365ms] [ERROR] ./app/progress-bar/page.tsx:20:1
Export designsPrompt doesn't exist in target module
  18 | } from "@/components/progress-inspector";
  19 | import { copyText } from "@/lib/utils";
> 20 | import { designsPrompt, INSTALL_CMD, usageSnippet } from "./snippet";
     | ^^^^^^^^^^^^^^^^^^^^^^^^^^^^^^^^^^^^^^^^^^^^^^^^^^^^^^^^^^^^^^^^^^^^^
  21 |
  22 | // Two looks, each with a light and a dark base. The page follows the app theme;
  23 | // the only choice it offers is which look you're editing. Name + value together

The export designsPrompt was not found in module [project]/app/progress-bar/snippet.ts [app-client] (ecmascript).
Did you mean to import designPrompt?
All exports of the module are statically known (It doesn't have dynamic exports). So it's known statically that the requested export doesn't exist.

Import traces:
  Client Component Browser:
    ./app/progress-bar/page.tsx [Client Component Browser]
    ./app/progress-bar/page.tsx [Server Component]

  Client Component SSR:
    ./app/progress-bar/page.tsx [Client Component SSR]
    ./app/progress-bar/page.tsx [Server Component] @ http://localhost:4200/_next/static/chunks/0aus_next_dist_00tg.dm._.js:1945
[   12365ms] [ERROR] ./app/progress-bar/page.tsx:20:1
Export designsPrompt doesn't exist in target module
  18 | } from "@/components/progress-inspector";
  19 | import { copyText } from "@/lib/utils";
> 20 | import { designsPrompt, INSTALL_CMD, usageSnippet } from "./snippet";
     | ^^^^^^^^^^^^^^^^^^^^^^^^^^^^^^^^^^^^^^^^^^^^^^^^^^^^^^^^^^^^^^^^^^^^^
  21 |
  22 | // Two looks, each with a light and a dark base. The page follows the app theme;
  23 | // the only choice it offers is which look you're editing. Name + value together

The export designsPrompt was not found in module [project]/app/progress-bar/snippet.ts [app-ssr] (ecmascript).
Did you mean to import designPrompt?
All exports of the module are statically known (It doesn't have dynamic exports). So it's known statically that the requested export doesn't exist.

Import traces:
  Client Component Browser:
    ./app/progress-bar/page.tsx [Client Component Browser]
    ./app/progress-bar/page.tsx [Server Component]

  Client Component SSR:
    ./app/progress-bar/page.tsx [Client Component SSR]
    ./app/progress-bar/page.tsx [Server Component] @ http://localhost:4200/_next/static/chunks/0aus_next_dist_00tg.dm._.js:1945
[   12433ms] [ERROR] ./app/progress-bar/page.tsx:20:1
Export designsPrompt doesn't exist in target module
  18 | } from "@/components/progress-inspector";
  19 | import { copyText } from "@/lib/utils";
> 20 | import { designsPrompt, INSTALL_CMD, usageSnippet } from "./snippet";
     | ^^^^^^^^^^^^^^^^^^^^^^^^^^^^^^^^^^^^^^^^^^^^^^^^^^^^^^^^^^^^^^^^^^^^^
  21 |
  22 | // Two looks, each with a light and a dark base. The page follows the app theme;
  23 | // the only choice it offers is which look you're editing. Name + value together

The export designsPrompt was not found in module [project]/app/progress-bar/snippet.ts [app-client] (ecmascript).
Did you mean to import designPrompt?
All exports of the module are statically known (It doesn't have dynamic exports). So it's known statically that the requested export doesn't exist.

Import traces:
  Client Component Browser:
    ./app/progress-bar/page.tsx [Client Component Browser]
    ./app/progress-bar/page.tsx [Server Component]

  Client Component SSR:
    ./app/progress-bar/page.tsx [Client Component SSR]
    ./app/progress-bar/page.tsx [Server Component] @ http://localhost:4200/_next/static/chunks/0aus_next_dist_00tg.dm._.js:1945
[   12433ms] [ERROR] ./app/progress-bar/page.tsx:20:1
Export designsPrompt doesn't exist in target module
  18 | } from "@/components/progress-inspector";
  19 | import { copyText } from "@/lib/utils";
> 20 | import { designsPrompt, INSTALL_CMD, usageSnippet } from "./snippet";
     | ^^^^^^^^^^^^^^^^^^^^^^^^^^^^^^^^^^^^^^^^^^^^^^^^^^^^^^^^^^^^^^^^^^^^^
  21 |
  22 | // Two looks, each with a light and a dark base. The page follows the app theme;
  23 | // the only choice it offers is which look you're editing. Name + value together

The export designsPrompt was not found in module [project]/app/progress-bar/snippet.ts [app-ssr] (ecmascript).
Did you mean to import designPrompt?
All exports of the module are statically known (It doesn't have dynamic exports). So it's known statically that the requested export doesn't exist.

Import traces:
  Client Component Browser:
    ./app/progress-bar/page.tsx [Client Component Browser]
    ./app/progress-bar/page.tsx [Server Component]

  Client Component SSR:
    ./app/progress-bar/page.tsx [Client Component SSR]
    ./app/progress-bar/page.tsx [Server Component] @ http://localhost:4200/_next/static/chunks/0aus_next_dist_00tg.dm._.js:1945
[   12502ms] [ERROR] ./app/progress-bar/page.tsx:20:1
Export designsPrompt doesn't exist in target module
  18 | } from "@/components/progress-inspector";
  19 | import { copyText } from "@/lib/utils";
> 20 | import { designsPrompt, INSTALL_CMD, usageSnippet } from "./snippet";
     | ^^^^^^^^^^^^^^^^^^^^^^^^^^^^^^^^^^^^^^^^^^^^^^^^^^^^^^^^^^^^^^^^^^^^^
  21 |
  22 | // Two looks, each with a light and a dark base. The page follows the app theme;
  23 | // the only choice it offers is which look you're editing. Name + value together

The export designsPrompt was not found in module [project]/app/progress-bar/snippet.ts [app-client] (ecmascript).
Did you mean to import designPrompt?
All exports of the module are statically known (It doesn't have dynamic exports). So it's known statically that the requested export doesn't exist.

Import traces:
  Client Component Browser:
    ./app/progress-bar/page.tsx [Client Component Browser]
    ./app/progress-bar/page.tsx [Server Component]

  Client Component SSR:
    ./app/progress-bar/page.tsx [Client Component SSR]
    ./app/progress-bar/page.tsx [Server Component] @ http://localhost:4200/_next/static/chunks/0aus_next_dist_00tg.dm._.js:1945
[   12502ms] [ERROR] ./app/progress-bar/page.tsx:20:1
Export designsPrompt doesn't exist in target module
  18 | } from "@/components/progress-inspector";
  19 | import { copyText } from "@/lib/utils";
> 20 | import { designsPrompt, INSTALL_CMD, usageSnippet } from "./snippet";
     | ^^^^^^^^^^^^^^^^^^^^^^^^^^^^^^^^^^^^^^^^^^^^^^^^^^^^^^^^^^^^^^^^^^^^^
  21 |
  22 | // Two looks, each with a light and a dark base. The page follows the app theme;
  23 | // the only choice it offers is which look you're editing. Name + value together

The export designsPrompt was not found in module [project]/app/progress-bar/snippet.ts [app-ssr] (ecmascript).
Did you mean to import designPrompt?
All exports of the module are statically known (It doesn't have dynamic exports). So it's known statically that the requested export doesn't exist.

Import traces:
  Client Component Browser:
    ./app/progress-bar/page.tsx [Client Component Browser]
    ./app/progress-bar/page.tsx [Server Component]

  Client Component SSR:
    ./app/progress-bar/page.tsx [Client Component SSR]
    ./app/progress-bar/page.tsx [Server Component] @ http://localhost:4200/_next/static/chunks/0aus_next_dist_00tg.dm._.js:1945
[   12562ms] [LOG] [Fast Refresh] rebuilding @ http://localhost:4200/_next/static/chunks/0aus_next_dist_00tg.dm._.js:1226
[   12633ms] [ERROR] ./app/progress-bar/page.tsx:20:1
Export designsPrompt doesn't exist in target module
  18 | } from "@/components/progress-inspector";
  19 | import { copyText } from "@/lib/utils";
> 20 | import { designsPrompt, INSTALL_CMD, usageSnippet } from "./snippet";
     | ^^^^^^^^^^^^^^^^^^^^^^^^^^^^^^^^^^^^^^^^^^^^^^^^^^^^^^^^^^^^^^^^^^^^^
  21 |
  22 | // Two looks, each with a light and a dark base. The page follows the app theme;
  23 | // the only choice it offers is which look you're editing. Name + value together

The export designsPrompt was not found in module [project]/app/progress-bar/snippet.ts [app-client] (ecmascript).
Did you mean to import designPrompt?
All exports of the module are statically known (It doesn't have dynamic exports). So it's known statically that the requested export doesn't exist.

Import traces:
  Client Component Browser:
    ./app/progress-bar/page.tsx [Client Component Browser]
    ./app/progress-bar/page.tsx [Server Component]

  Client Component SSR:
    ./app/progress-bar/page.tsx [Client Component SSR]
    ./app/progress-bar/page.tsx [Server Component] @ http://localhost:4200/_next/static/chunks/0aus_next_dist_00tg.dm._.js:1945
[   12633ms] [ERROR] ./app/progress-bar/page.tsx:20:1
Export designsPrompt doesn't exist in target module
  18 | } from "@/components/progress-inspector";
  19 | import { copyText } from "@/lib/utils";
> 20 | import { designsPrompt, INSTALL_CMD, usageSnippet } from "./snippet";
     | ^^^^^^^^^^^^^^^^^^^^^^^^^^^^^^^^^^^^^^^^^^^^^^^^^^^^^^^^^^^^^^^^^^^^^
  21 |
  22 | // Two looks, each with a light and a dark base. The page follows the app theme;
  23 | // the only choice it offers is which look you're editing. Name + value together

The export designsPrompt was not found in module [project]/app/progress-bar/snippet.ts [app-ssr] (ecmascript).
Did you mean to import designPrompt?
All exports of the module are statically known (It doesn't have dynamic exports). So it's known statically that the requested export doesn't exist.

Import traces:
  Client Component Browser:
    ./app/progress-bar/page.tsx [Client Component Browser]
    ./app/progress-bar/page.tsx [Server Component]

  Client Component SSR:
    ./app/progress-bar/page.tsx [Client Component SSR]
    ./app/progress-bar/page.tsx [Server Component] @ http://localhost:4200/_next/static/chunks/0aus_next_dist_00tg.dm._.js:1945
[   12698ms] [ERROR] ./app/progress-bar/page.tsx:20:1
Export designsPrompt doesn't exist in target module
  18 | } from "@/components/progress-inspector";
  19 | import { copyText } from "@/lib/utils";
> 20 | import { designsPrompt, INSTALL_CMD, usageSnippet } from "./snippet";
     | ^^^^^^^^^^^^^^^^^^^^^^^^^^^^^^^^^^^^^^^^^^^^^^^^^^^^^^^^^^^^^^^^^^^^^
  21 |
  22 | // Two looks, each with a light and a dark base. The page follows the app theme;
  23 | // the only choice it offers is which look you're editing. Name + value together

The export designsPrompt was not found in module [project]/app/progress-bar/snippet.ts [app-client] (ecmascript).
Did you mean to import designPrompt?
All exports of the module are statically known (It doesn't have dynamic exports). So it's known statically that the requested export doesn't exist.

Import traces:
  Client Component Browser:
    ./app/progress-bar/page.tsx [Client Component Browser]
    ./app/progress-bar/page.tsx [Server Component]

  Client Component SSR:
    ./app/progress-bar/page.tsx [Client Component SSR]
    ./app/progress-bar/page.tsx [Server Component] @ http://localhost:4200/_next/static/chunks/0aus_next_dist_00tg.dm._.js:1945
[   12698ms] [ERROR] ./app/progress-bar/page.tsx:20:1
Export designsPrompt doesn't exist in target module
  18 | } from "@/components/progress-inspector";
  19 | import { copyText } from "@/lib/utils";
> 20 | import { designsPrompt, INSTALL_CMD, usageSnippet } from "./snippet";
     | ^^^^^^^^^^^^^^^^^^^^^^^^^^^^^^^^^^^^^^^^^^^^^^^^^^^^^^^^^^^^^^^^^^^^^
  21 |
  22 | // Two looks, each with a light and a dark base. The page follows the app theme;
  23 | // the only choice it offers is which look you're editing. Name + value together

The export designsPrompt was not found in module [project]/app/progress-bar/snippet.ts [app-ssr] (ecmascript).
Did you mean to import designPrompt?
All exports of the module are statically known (It doesn't have dynamic exports). So it's known statically that the requested export doesn't exist.

Import traces:
  Client Component Browser:
    ./app/progress-bar/page.tsx [Client Component Browser]
    ./app/progress-bar/page.tsx [Server Component]

  Client Component SSR:
    ./app/progress-bar/page.tsx [Client Component SSR]
    ./app/progress-bar/page.tsx [Server Component] @ http://localhost:4200/_next/static/chunks/0aus_next_dist_00tg.dm._.js:1945
[   12765ms] [ERROR] ./app/progress-bar/page.tsx:20:1
Export designsPrompt doesn't exist in target module
  18 | } from "@/components/progress-inspector";
  19 | import { copyText } from "@/lib/utils";
> 20 | import { designsPrompt, INSTALL_CMD, usageSnippet } from "./snippet";
     | ^^^^^^^^^^^^^^^^^^^^^^^^^^^^^^^^^^^^^^^^^^^^^^^^^^^^^^^^^^^^^^^^^^^^^
  21 |
  22 | // Two looks, each with a light and a dark base. The page follows the app theme;
  23 | // the only choice it offers is which look you're editing. Name + value together

The export designsPrompt was not found in module [project]/app/progress-bar/snippet.ts [app-client] (ecmascript).
Did you mean to import designPrompt?
All exports of the module are statically known (It doesn't have dynamic exports). So it's known statically that the requested export doesn't exist.

Import traces:
  Client Component Browser:
    ./app/progress-bar/page.tsx [Client Component Browser]
    ./app/progress-bar/page.tsx [Server Component]

  Client Component SSR:
    ./app/progress-bar/page.tsx [Client Component SSR]
    ./app/progress-bar/page.tsx [Server Component] @ http://localhost:4200/_next/static/chunks/0aus_next_dist_00tg.dm._.js:1945
[   12765ms] [ERROR] ./app/progress-bar/page.tsx:20:1
Export designsPrompt doesn't exist in target module
  18 | } from "@/components/progress-inspector";
  19 | import { copyText } from "@/lib/utils";
> 20 | import { designsPrompt, INSTALL_CMD, usageSnippet } from "./snippet";
     | ^^^^^^^^^^^^^^^^^^^^^^^^^^^^^^^^^^^^^^^^^^^^^^^^^^^^^^^^^^^^^^^^^^^^^
  21 |
  22 | // Two looks, each with a light and a dark base. The page follows the app theme;
  23 | // the only choice it offers is which look you're editing. Name + value together

The export designsPrompt was not found in module [project]/app/progress-bar/snippet.ts [app-ssr] (ecmascript).
Did you mean to import designPrompt?
All exports of the module are statically known (It doesn't have dynamic exports). So it's known statically that the requested export doesn't exist.

Import traces:
  Client Component Browser:
    ./app/progress-bar/page.tsx [Client Component Browser]
    ./app/progress-bar/page.tsx [Server Component]

  Client Component SSR:
    ./app/progress-bar/page.tsx [Client Component SSR]
    ./app/progress-bar/page.tsx [Server Component] @ http://localhost:4200/_next/static/chunks/0aus_next_dist_00tg.dm._.js:1945
[   12832ms] [ERROR] ./app/progress-bar/page.tsx:20:1
Export designsPrompt doesn't exist in target module
  18 | } from "@/components/progress-inspector";
  19 | import { copyText } from "@/lib/utils";
> 20 | import { designsPrompt, INSTALL_CMD, usageSnippet } from "./snippet";
     | ^^^^^^^^^^^^^^^^^^^^^^^^^^^^^^^^^^^^^^^^^^^^^^^^^^^^^^^^^^^^^^^^^^^^^
  21 |
  22 | // Two looks, each with a light and a dark base. The page follows the app theme;
  23 | // the only choice it offers is which look you're editing. Name + value together

The export designsPrompt was not found in module [project]/app/progress-bar/snippet.ts [app-client] (ecmascript).
Did you mean to import designPrompt?
All exports of the module are statically known (It doesn't have dynamic exports). So it's known statically that the requested export doesn't exist.

Import traces:
  Client Component Browser:
    ./app/progress-bar/page.tsx [Client Component Browser]
    ./app/progress-bar/page.tsx [Server Component]

  Client Component SSR:
    ./app/progress-bar/page.tsx [Client Component SSR]
    ./app/progress-bar/page.tsx [Server Component] @ http://localhost:4200/_next/static/chunks/0aus_next_dist_00tg.dm._.js:1945
[   12832ms] [ERROR] ./app/progress-bar/page.tsx:20:1
Export designsPrompt doesn't exist in target module
  18 | } from "@/components/progress-inspector";
  19 | import { copyText } from "@/lib/utils";
> 20 | import { designsPrompt, INSTALL_CMD, usageSnippet } from "./snippet";
     | ^^^^^^^^^^^^^^^^^^^^^^^^^^^^^^^^^^^^^^^^^^^^^^^^^^^^^^^^^^^^^^^^^^^^^
  21 |
  22 | // Two looks, each with a light and a dark base. The page follows the app theme;
  23 | // the only choice it offers is which look you're editing. Name + value together

The export designsPrompt was not found in module [project]/app/progress-bar/snippet.ts [app-ssr] (ecmascript).
Did you mean to import designPrompt?
All exports of the module are statically known (It doesn't have dynamic exports). So it's known statically that the requested export doesn't exist.

Import traces:
  Client Component Browser:
    ./app/progress-bar/page.tsx [Client Component Browser]
    ./app/progress-bar/page.tsx [Server Component]

  Client Component SSR:
    ./app/progress-bar/page.tsx [Client Component SSR]
    ./app/progress-bar/page.tsx [Server Component] @ http://localhost:4200/_next/static/chunks/0aus_next_dist_00tg.dm._.js:1945
[   12900ms] [ERROR] ./app/progress-bar/page.tsx:20:1
Export designsPrompt doesn't exist in target module
  18 | } from "@/components/progress-inspector";
  19 | import { copyText } from "@/lib/utils";
> 20 | import { designsPrompt, INSTALL_CMD, usageSnippet } from "./snippet";
     | ^^^^^^^^^^^^^^^^^^^^^^^^^^^^^^^^^^^^^^^^^^^^^^^^^^^^^^^^^^^^^^^^^^^^^
  21 |
  22 | // Two looks, each with a light and a dark base. The page follows the app theme;
  23 | // the only choice it offers is which look you're editing. Name + value together

The export designsPrompt was not found in module [project]/app/progress-bar/snippet.ts [app-client] (ecmascript).
Did you mean to import designPrompt?
All exports of the module are statically known (It doesn't have dynamic exports). So it's known statically that the requested export doesn't exist.

Import traces:
  Client Component Browser:
    ./app/progress-bar/page.tsx [Client Component Browser]
    ./app/progress-bar/page.tsx [Server Component]

  Client Component SSR:
    ./app/progress-bar/page.tsx [Client Component SSR]
    ./app/progress-bar/page.tsx [Server Component] @ http://localhost:4200/_next/static/chunks/0aus_next_dist_00tg.dm._.js:1945
[   12900ms] [ERROR] ./app/progress-bar/page.tsx:20:1
Export designsPrompt doesn't exist in target module
  18 | } from "@/components/progress-inspector";
  19 | import { copyText } from "@/lib/utils";
> 20 | import { designsPrompt, INSTALL_CMD, usageSnippet } from "./snippet";
     | ^^^^^^^^^^^^^^^^^^^^^^^^^^^^^^^^^^^^^^^^^^^^^^^^^^^^^^^^^^^^^^^^^^^^^
  21 |
  22 | // Two looks, each with a light and a dark base. The page follows the app theme;
  23 | // the only choice it offers is which look you're editing. Name + value together

The export designsPrompt was not found in module [project]/app/progress-bar/snippet.ts [app-ssr] (ecmascript).
Did you mean to import designPrompt?
All exports of the module are statically known (It doesn't have dynamic exports). So it's known statically that the requested export doesn't exist.

Import traces:
  Client Component Browser:
    ./app/progress-bar/page.tsx [Client Component Browser]
    ./app/progress-bar/page.tsx [Server Component]

  Client Component SSR:
    ./app/progress-bar/page.tsx [Client Component SSR]
    ./app/progress-bar/page.tsx [Server Component] @ http://localhost:4200/_next/static/chunks/0aus_next_dist_00tg.dm._.js:1945
[   12966ms] [ERROR] ./app/progress-bar/page.tsx:20:1
Export designsPrompt doesn't exist in target module
  18 | } from "@/components/progress-inspector";
  19 | import { copyText } from "@/lib/utils";
> 20 | import { designsPrompt, INSTALL_CMD, usageSnippet } from "./snippet";
     | ^^^^^^^^^^^^^^^^^^^^^^^^^^^^^^^^^^^^^^^^^^^^^^^^^^^^^^^^^^^^^^^^^^^^^
  21 |
  22 | // Two looks, each with a light and a dark base. The page follows the app theme;
  23 | // the only choice it offers is which look you're editing. Name + value together

The export designsPrompt was not found in module [project]/app/progress-bar/snippet.ts [app-client] (ecmascript).
Did you mean to import designPrompt?
All exports of the module are statically known (It doesn't have dynamic exports). So it's known statically that the requested export doesn't exist.

Import traces:
  Client Component Browser:
    ./app/progress-bar/page.tsx [Client Component Browser]
    ./app/progress-bar/page.tsx [Server Component]

  Client Component SSR:
    ./app/progress-bar/page.tsx [Client Component SSR]
    ./app/progress-bar/page.tsx [Server Component] @ http://localhost:4200/_next/static/chunks/0aus_next_dist_00tg.dm._.js:1945
[   12966ms] [ERROR] ./app/progress-bar/page.tsx:20:1
Export designsPrompt doesn't exist in target module
  18 | } from "@/components/progress-inspector";
  19 | import { copyText } from "@/lib/utils";
> 20 | import { designsPrompt, INSTALL_CMD, usageSnippet } from "./snippet";
     | ^^^^^^^^^^^^^^^^^^^^^^^^^^^^^^^^^^^^^^^^^^^^^^^^^^^^^^^^^^^^^^^^^^^^^
  21 |
  22 | // Two looks, each with a light and a dark base. The page follows the app theme;
  23 | // the only choice it offers is which look you're editing. Name + value together

The export designsPrompt was not found in module [project]/app/progress-bar/snippet.ts [app-ssr] (ecmascript).
Did you mean to import designPrompt?
All exports of the module are statically known (It doesn't have dynamic exports). So it's known statically that the requested export doesn't exist.

Import traces:
  Client Component Browser:
    ./app/progress-bar/page.tsx [Client Component Browser]
    ./app/progress-bar/page.tsx [Server Component]

  Client Component SSR:
    ./app/progress-bar/page.tsx [Client Component SSR]
    ./app/progress-bar/page.tsx [Server Component] @ http://localhost:4200/_next/static/chunks/0aus_next_dist_00tg.dm._.js:1945
[   13031ms] [ERROR] ./app/progress-bar/page.tsx:20:1
Export designsPrompt doesn't exist in target module
  18 | } from "@/components/progress-inspector";
  19 | import { copyText } from "@/lib/utils";
> 20 | import { designsPrompt, INSTALL_CMD, usageSnippet } from "./snippet";
     | ^^^^^^^^^^^^^^^^^^^^^^^^^^^^^^^^^^^^^^^^^^^^^^^^^^^^^^^^^^^^^^^^^^^^^
  21 |
  22 | // Two looks, each with a light and a dark base. The page follows the app theme;
  23 | // the only choice it offers is which look you're editing. Name + value together

The export designsPrompt was not found in module [project]/app/progress-bar/snippet.ts [app-client] (ecmascript).
Did you mean to import designPrompt?
All exports of the module are statically known (It doesn't have dynamic exports). So it's known statically that the requested export doesn't exist.

Import traces:
  Client Component Browser:
    ./app/progress-bar/page.tsx [Client Component Browser]
    ./app/progress-bar/page.tsx [Server Component]

  Client Component SSR:
    ./app/progress-bar/page.tsx [Client Component SSR]
    ./app/progress-bar/page.tsx [Server Component] @ http://localhost:4200/_next/static/chunks/0aus_next_dist_00tg.dm._.js:1945
[   13031ms] [ERROR] ./app/progress-bar/page.tsx:20:1
Export designsPrompt doesn't exist in target module
  18 | } from "@/components/progress-inspector";
  19 | import { copyText } from "@/lib/utils";
> 20 | import { designsPrompt, INSTALL_CMD, usageSnippet } from "./snippet";
     | ^^^^^^^^^^^^^^^^^^^^^^^^^^^^^^^^^^^^^^^^^^^^^^^^^^^^^^^^^^^^^^^^^^^^^
  21 |
  22 | // Two looks, each with a light and a dark base. The page follows the app theme;
  23 | // the only choice it offers is which look you're editing. Name + value together

The export designsPrompt was not found in module [project]/app/progress-bar/snippet.ts [app-ssr] (ecmascript).
Did you mean to import designPrompt?
All exports of the module are statically known (It doesn't have dynamic exports). So it's known statically that the requested export doesn't exist.

Import traces:
  Client Component Browser:
    ./app/progress-bar/page.tsx [Client Component Browser]
    ./app/progress-bar/page.tsx [Server Component]

  Client Component SSR:
    ./app/progress-bar/page.tsx [Client Component SSR]
    ./app/progress-bar/page.tsx [Server Component] @ http://localhost:4200/_next/static/chunks/0aus_next_dist_00tg.dm._.js:1945
[   13098ms] [ERROR] ./app/progress-bar/page.tsx:20:1
Export designsPrompt doesn't exist in target module
  18 | } from "@/components/progress-inspector";
  19 | import { copyText } from "@/lib/utils";
> 20 | import { designsPrompt, INSTALL_CMD, usageSnippet } from "./snippet";
     | ^^^^^^^^^^^^^^^^^^^^^^^^^^^^^^^^^^^^^^^^^^^^^^^^^^^^^^^^^^^^^^^^^^^^^
  21 |
  22 | // Two looks, each with a light and a dark base. The page follows the app theme;
  23 | // the only choice it offers is which look you're editing. Name + value together

The export designsPrompt was not found in module [project]/app/progress-bar/snippet.ts [app-client] (ecmascript).
Did you mean to import designPrompt?
All exports of the module are statically known (It doesn't have dynamic exports). So it's known statically that the requested export doesn't exist.

Import traces:
  Client Component Browser:
    ./app/progress-bar/page.tsx [Client Component Browser]
    ./app/progress-bar/page.tsx [Server Component]

  Client Component SSR:
    ./app/progress-bar/page.tsx [Client Component SSR]
    ./app/progress-bar/page.tsx [Server Component] @ http://localhost:4200/_next/static/chunks/0aus_next_dist_00tg.dm._.js:1945
[   13098ms] [ERROR] ./app/progress-bar/page.tsx:20:1
Export designsPrompt doesn't exist in target module
  18 | } from "@/components/progress-inspector";
  19 | import { copyText } from "@/lib/utils";
> 20 | import { designsPrompt, INSTALL_CMD, usageSnippet } from "./snippet";
     | ^^^^^^^^^^^^^^^^^^^^^^^^^^^^^^^^^^^^^^^^^^^^^^^^^^^^^^^^^^^^^^^^^^^^^
  21 |
  22 | // Two looks, each with a light and a dark base. The page follows the app theme;
  23 | // the only choice it offers is which look you're editing. Name + value together

The export designsPrompt was not found in module [project]/app/progress-bar/snippet.ts [app-ssr] (ecmascript).
Did you mean to import designPrompt?
All exports of the module are statically known (It doesn't have dynamic exports). So it's known statically that the requested export doesn't exist.

Import traces:
  Client Component Browser:
    ./app/progress-bar/page.tsx [Client Component Browser]
    ./app/progress-bar/page.tsx [Server Component]

  Client Component SSR:
    ./app/progress-bar/page.tsx [Client Component SSR]
    ./app/progress-bar/page.tsx [Server Component] @ http://localhost:4200/_next/static/chunks/0aus_next_dist_00tg.dm._.js:1945
[   13164ms] [ERROR] ./app/progress-bar/page.tsx:20:1
Export designsPrompt doesn't exist in target module
  18 | } from "@/components/progress-inspector";
  19 | import { copyText } from "@/lib/utils";
> 20 | import { designsPrompt, INSTALL_CMD, usageSnippet } from "./snippet";
     | ^^^^^^^^^^^^^^^^^^^^^^^^^^^^^^^^^^^^^^^^^^^^^^^^^^^^^^^^^^^^^^^^^^^^^
  21 |
  22 | // Two looks, each with a light and a dark base. The page follows the app theme;
  23 | // the only choice it offers is which look you're editing. Name + value together

The export designsPrompt was not found in module [project]/app/progress-bar/snippet.ts [app-client] (ecmascript).
Did you mean to import designPrompt?
All exports of the module are statically known (It doesn't have dynamic exports). So it's known statically that the requested export doesn't exist.

Import traces:
  Client Component Browser:
    ./app/progress-bar/page.tsx [Client Component Browser]
    ./app/progress-bar/page.tsx [Server Component]

  Client Component SSR:
    ./app/progress-bar/page.tsx [Client Component SSR]
    ./app/progress-bar/page.tsx [Server Component] @ http://localhost:4200/_next/static/chunks/0aus_next_dist_00tg.dm._.js:1945
[   13164ms] [ERROR] ./app/progress-bar/page.tsx:20:1
Export designsPrompt doesn't exist in target module
  18 | } from "@/components/progress-inspector";
  19 | import { copyText } from "@/lib/utils";
> 20 | import { designsPrompt, INSTALL_CMD, usageSnippet } from "./snippet";
     | ^^^^^^^^^^^^^^^^^^^^^^^^^^^^^^^^^^^^^^^^^^^^^^^^^^^^^^^^^^^^^^^^^^^^^
  21 |
  22 | // Two looks, each with a light and a dark base. The page follows the app theme;
  23 | // the only choice it offers is which look you're editing. Name + value together

The export designsPrompt was not found in module [project]/app/progress-bar/snippet.ts [app-ssr] (ecmascript).
Did you mean to import designPrompt?
All exports of the module are statically known (It doesn't have dynamic exports). So it's known statically that the requested export doesn't exist.

Import traces:
  Client Component Browser:
    ./app/progress-bar/page.tsx [Client Component Browser]
    ./app/progress-bar/page.tsx [Server Component]

  Client Component SSR:
    ./app/progress-bar/page.tsx [Client Component SSR]
    ./app/progress-bar/page.tsx [Server Component] @ http://localhost:4200/_next/static/chunks/0aus_next_dist_00tg.dm._.js:1945
[   13233ms] [ERROR] ./app/progress-bar/page.tsx:20:1
Export designsPrompt doesn't exist in target module
  18 | } from "@/components/progress-inspector";
  19 | import { copyText } from "@/lib/utils";
> 20 | import { designsPrompt, INSTALL_CMD, usageSnippet } from "./snippet";
     | ^^^^^^^^^^^^^^^^^^^^^^^^^^^^^^^^^^^^^^^^^^^^^^^^^^^^^^^^^^^^^^^^^^^^^
  21 |
  22 | // Two looks, each with a light and a dark base. The page follows the app theme;
  23 | // the only choice it offers is which look you're editing. Name + value together

The export designsPrompt was not found in module [project]/app/progress-bar/snippet.ts [app-client] (ecmascript).
Did you mean to import designPrompt?
All exports of the module are statically known (It doesn't have dynamic exports). So it's known statically that the requested export doesn't exist.

Import traces:
  Client Component Browser:
    ./app/progress-bar/page.tsx [Client Component Browser]
    ./app/progress-bar/page.tsx [Server Component]

  Client Component SSR:
    ./app/progress-bar/page.tsx [Client Component SSR]
    ./app/progress-bar/page.tsx [Server Component] @ http://localhost:4200/_next/static/chunks/0aus_next_dist_00tg.dm._.js:1945
[   13233ms] [ERROR] ./app/progress-bar/page.tsx:20:1
Export designsPrompt doesn't exist in target module
  18 | } from "@/components/progress-inspector";
  19 | import { copyText } from "@/lib/utils";
> 20 | import { designsPrompt, INSTALL_CMD, usageSnippet } from "./snippet";
     | ^^^^^^^^^^^^^^^^^^^^^^^^^^^^^^^^^^^^^^^^^^^^^^^^^^^^^^^^^^^^^^^^^^^^^
  21 |
  22 | // Two looks, each with a light and a dark base. The page follows the app theme;
  23 | // the only choice it offers is which look you're editing. Name + value together

The export designsPrompt was not found in module [project]/app/progress-bar/snippet.ts [app-ssr] (ecmascript).
Did you mean to import designPrompt?
All exports of the module are statically known (It doesn't have dynamic exports). So it's known statically that the requested export doesn't exist.

Import traces:
  Client Component Browser:
    ./app/progress-bar/page.tsx [Client Component Browser]
    ./app/progress-bar/page.tsx [Server Component]

  Client Component SSR:
    ./app/progress-bar/page.tsx [Client Component SSR]
    ./app/progress-bar/page.tsx [Server Component] @ http://localhost:4200/_next/static/chunks/0aus_next_dist_00tg.dm._.js:1945
[   13297ms] [ERROR] ./app/progress-bar/page.tsx:20:1
Export designsPrompt doesn't exist in target module
  18 | } from "@/components/progress-inspector";
  19 | import { copyText } from "@/lib/utils";
> 20 | import { designsPrompt, INSTALL_CMD, usageSnippet } from "./snippet";
     | ^^^^^^^^^^^^^^^^^^^^^^^^^^^^^^^^^^^^^^^^^^^^^^^^^^^^^^^^^^^^^^^^^^^^^
  21 |
  22 | // Two looks, each with a light and a dark base. The page follows the app theme;
  23 | // the only choice it offers is which look you're editing. Name + value together

The export designsPrompt was not found in module [project]/app/progress-bar/snippet.ts [app-client] (ecmascript).
Did you mean to import designPrompt?
All exports of the module are statically known (It doesn't have dynamic exports). So it's known statically that the requested export doesn't exist.

Import traces:
  Client Component Browser:
    ./app/progress-bar/page.tsx [Client Component Browser]
    ./app/progress-bar/page.tsx [Server Component]

  Client Component SSR:
    ./app/progress-bar/page.tsx [Client Component SSR]
    ./app/progress-bar/page.tsx [Server Component] @ http://localhost:4200/_next/static/chunks/0aus_next_dist_00tg.dm._.js:1945
[   13297ms] [ERROR] ./app/progress-bar/page.tsx:20:1
Export designsPrompt doesn't exist in target module
  18 | } from "@/components/progress-inspector";
  19 | import { copyText } from "@/lib/utils";
> 20 | import { designsPrompt, INSTALL_CMD, usageSnippet } from "./snippet";
     | ^^^^^^^^^^^^^^^^^^^^^^^^^^^^^^^^^^^^^^^^^^^^^^^^^^^^^^^^^^^^^^^^^^^^^
  21 |
  22 | // Two looks, each with a light and a dark base. The page follows the app theme;
  23 | // the only choice it offers is which look you're editing. Name + value together

The export designsPrompt was not found in module [project]/app/progress-bar/snippet.ts [app-ssr] (ecmascript).
Did you mean to import designPrompt?
All exports of the module are statically known (It doesn't have dynamic exports). So it's known statically that the requested export doesn't exist.

Import traces:
  Client Component Browser:
    ./app/progress-bar/page.tsx [Client Component Browser]
    ./app/progress-bar/page.tsx [Server Component]

  Client Component SSR:
    ./app/progress-bar/page.tsx [Client Component SSR]
    ./app/progress-bar/page.tsx [Server Component] @ http://localhost:4200/_next/static/chunks/0aus_next_dist_00tg.dm._.js:1945
[   13364ms] [ERROR] ./app/progress-bar/page.tsx:20:1
Export designsPrompt doesn't exist in target module
  18 | } from "@/components/progress-inspector";
  19 | import { copyText } from "@/lib/utils";
> 20 | import { designsPrompt, INSTALL_CMD, usageSnippet } from "./snippet";
     | ^^^^^^^^^^^^^^^^^^^^^^^^^^^^^^^^^^^^^^^^^^^^^^^^^^^^^^^^^^^^^^^^^^^^^
  21 |
  22 | // Two looks, each with a light and a dark base. The page follows the app theme;
  23 | // the only choice it offers is which look you're editing. Name + value together

The export designsPrompt was not found in module [project]/app/progress-bar/snippet.ts [app-client] (ecmascript).
Did you mean to import designPrompt?
All exports of the module are statically known (It doesn't have dynamic exports). So it's known statically that the requested export doesn't exist.

Import traces:
  Client Component Browser:
    ./app/progress-bar/page.tsx [Client Component Browser]
    ./app/progress-bar/page.tsx [Server Component]

  Client Component SSR:
    ./app/progress-bar/page.tsx [Client Component SSR]
    ./app/progress-bar/page.tsx [Server Component] @ http://localhost:4200/_next/static/chunks/0aus_next_dist_00tg.dm._.js:1945
[   13364ms] [ERROR] ./app/progress-bar/page.tsx:20:1
Export designsPrompt doesn't exist in target module
  18 | } from "@/components/progress-inspector";
  19 | import { copyText } from "@/lib/utils";
> 20 | import { designsPrompt, INSTALL_CMD, usageSnippet } from "./snippet";
     | ^^^^^^^^^^^^^^^^^^^^^^^^^^^^^^^^^^^^^^^^^^^^^^^^^^^^^^^^^^^^^^^^^^^^^
  21 |
  22 | // Two looks, each with a light and a dark base. The page follows the app theme;
  23 | // the only choice it offers is which look you're editing. Name + value together

The export designsPrompt was not found in module [project]/app/progress-bar/snippet.ts [app-ssr] (ecmascript).
Did you mean to import designPrompt?
All exports of the module are statically known (It doesn't have dynamic exports). So it's known statically that the requested export doesn't exist.

Import traces:
  Client Component Browser:
    ./app/progress-bar/page.tsx [Client Component Browser]
    ./app/progress-bar/page.tsx [Server Component]

  Client Component SSR:
    ./app/progress-bar/page.tsx [Client Component SSR]
    ./app/progress-bar/page.tsx [Server Component] @ http://localhost:4200/_next/static/chunks/0aus_next_dist_00tg.dm._.js:1945
[   13433ms] [ERROR] ./app/progress-bar/page.tsx:20:1
Export designsPrompt doesn't exist in target module
  18 | } from "@/components/progress-inspector";
  19 | import { copyText } from "@/lib/utils";
> 20 | import { designsPrompt, INSTALL_CMD, usageSnippet } from "./snippet";
     | ^^^^^^^^^^^^^^^^^^^^^^^^^^^^^^^^^^^^^^^^^^^^^^^^^^^^^^^^^^^^^^^^^^^^^
  21 |
  22 | // Two looks, each with a light and a dark base. The page follows the app theme;
  23 | // the only choice it offers is which look you're editing. Name + value together

The export designsPrompt was not found in module [project]/app/progress-bar/snippet.ts [app-client] (ecmascript).
Did you mean to import designPrompt?
All exports of the module are statically known (It doesn't have dynamic exports). So it's known statically that the requested export doesn't exist.

Import traces:
  Client Component Browser:
    ./app/progress-bar/page.tsx [Client Component Browser]
    ./app/progress-bar/page.tsx [Server Component]

  Client Component SSR:
    ./app/progress-bar/page.tsx [Client Component SSR]
    ./app/progress-bar/page.tsx [Server Component] @ http://localhost:4200/_next/static/chunks/0aus_next_dist_00tg.dm._.js:1945
[   13433ms] [ERROR] ./app/progress-bar/page.tsx:20:1
Export designsPrompt doesn't exist in target module
  18 | } from "@/components/progress-inspector";
  19 | import { copyText } from "@/lib/utils";
> 20 | import { designsPrompt, INSTALL_CMD, usageSnippet } from "./snippet";
     | ^^^^^^^^^^^^^^^^^^^^^^^^^^^^^^^^^^^^^^^^^^^^^^^^^^^^^^^^^^^^^^^^^^^^^
  21 |
  22 | // Two looks, each with a light and a dark base. The page follows the app theme;
  23 | // the only choice it offers is which look you're editing. Name + value together

The export designsPrompt was not found in module [project]/app/progress-bar/snippet.ts [app-ssr] (ecmascript).
Did you mean to import designPrompt?
All exports of the module are statically known (It doesn't have dynamic exports). So it's known statically that the requested export doesn't exist.

Import traces:
  Client Component Browser:
    ./app/progress-bar/page.tsx [Client Component Browser]
    ./app/progress-bar/page.tsx [Server Component]

  Client Component SSR:
    ./app/progress-bar/page.tsx [Client Component SSR]
    ./app/progress-bar/page.tsx [Server Component] @ http://localhost:4200/_next/static/chunks/0aus_next_dist_00tg.dm._.js:1945
[   13501ms] [ERROR] ./app/progress-bar/page.tsx:20:1
Export designsPrompt doesn't exist in target module
  18 | } from "@/components/progress-inspector";
  19 | import { copyText } from "@/lib/utils";
> 20 | import { designsPrompt, INSTALL_CMD, usageSnippet } from "./snippet";
     | ^^^^^^^^^^^^^^^^^^^^^^^^^^^^^^^^^^^^^^^^^^^^^^^^^^^^^^^^^^^^^^^^^^^^^
  21 |
  22 | // Two looks, each with a light and a dark base. The page follows the app theme;
  23 | // the only choice it offers is which look you're editing. Name + value together

The export designsPrompt was not found in module [project]/app/progress-bar/snippet.ts [app-client] (ecmascript).
Did you mean to import designPrompt?
All exports of the module are statically known (It doesn't have dynamic exports). So it's known statically that the requested export doesn't exist.

Import traces:
  Client Component Browser:
    ./app/progress-bar/page.tsx [Client Component Browser]
    ./app/progress-bar/page.tsx [Server Component]

  Client Component SSR:
    ./app/progress-bar/page.tsx [Client Component SSR]
    ./app/progress-bar/page.tsx [Server Component] @ http://localhost:4200/_next/static/chunks/0aus_next_dist_00tg.dm._.js:1945
[   13501ms] [ERROR] ./app/progress-bar/page.tsx:20:1
Export designsPrompt doesn't exist in target module
  18 | } from "@/components/progress-inspector";
  19 | import { copyText } from "@/lib/utils";
> 20 | import { designsPrompt, INSTALL_CMD, usageSnippet } from "./snippet";
     | ^^^^^^^^^^^^^^^^^^^^^^^^^^^^^^^^^^^^^^^^^^^^^^^^^^^^^^^^^^^^^^^^^^^^^
  21 |
  22 | // Two looks, each with a light and a dark base. The page follows the app theme;
  23 | // the only choice it offers is which look you're editing. Name + value together

The export designsPrompt was not found in module [project]/app/progress-bar/snippet.ts [app-ssr] (ecmascript).
Did you mean to import designPrompt?
All exports of the module are statically known (It doesn't have dynamic exports). So it's known statically that the requested export doesn't exist.

Import traces:
  Client Component Browser:
    ./app/progress-bar/page.tsx [Client Component Browser]
    ./app/progress-bar/page.tsx [Server Component]

  Client Component SSR:
    ./app/progress-bar/page.tsx [Client Component SSR]
    ./app/progress-bar/page.tsx [Server Component] @ http://localhost:4200/_next/static/chunks/0aus_next_dist_00tg.dm._.js:1945
[   13568ms] [ERROR] ./app/progress-bar/page.tsx:20:1
Export designsPrompt doesn't exist in target module
  18 | } from "@/components/progress-inspector";
  19 | import { copyText } from "@/lib/utils";
> 20 | import { designsPrompt, INSTALL_CMD, usageSnippet } from "./snippet";
     | ^^^^^^^^^^^^^^^^^^^^^^^^^^^^^^^^^^^^^^^^^^^^^^^^^^^^^^^^^^^^^^^^^^^^^
  21 |
  22 | // Two looks, each with a light and a dark base. The page follows the app theme;
  23 | // the only choice it offers is which look you're editing. Name + value together

The export designsPrompt was not found in module [project]/app/progress-bar/snippet.ts [app-client] (ecmascript).
Did you mean to import designPrompt?
All exports of the module are statically known (It doesn't have dynamic exports). So it's known statically that the requested export doesn't exist.

Import traces:
  Client Component Browser:
    ./app/progress-bar/page.tsx [Client Component Browser]
    ./app/progress-bar/page.tsx [Server Component]

  Client Component SSR:
    ./app/progress-bar/page.tsx [Client Component SSR]
    ./app/progress-bar/page.tsx [Server Component] @ http://localhost:4200/_next/static/chunks/0aus_next_dist_00tg.dm._.js:1945
[   13568ms] [ERROR] ./app/progress-bar/page.tsx:20:1
Export designsPrompt doesn't exist in target module
  18 | } from "@/components/progress-inspector";
  19 | import { copyText } from "@/lib/utils";
> 20 | import { designsPrompt, INSTALL_CMD, usageSnippet } from "./snippet";
     | ^^^^^^^^^^^^^^^^^^^^^^^^^^^^^^^^^^^^^^^^^^^^^^^^^^^^^^^^^^^^^^^^^^^^^
  21 |
  22 | // Two looks, each with a light and a dark base. The page follows the app theme;
  23 | // the only choice it offers is which look you're editing. Name + value together

The export designsPrompt was not found in module [project]/app/progress-bar/snippet.ts [app-ssr] (ecmascript).
Did you mean to import designPrompt?
All exports of the module are statically known (It doesn't have dynamic exports). So it's known statically that the requested export doesn't exist.

Import traces:
  Client Component Browser:
    ./app/progress-bar/page.tsx [Client Component Browser]
    ./app/progress-bar/page.tsx [Server Component]

  Client Component SSR:
    ./app/progress-bar/page.tsx [Client Component SSR]
    ./app/progress-bar/page.tsx [Server Component] @ http://localhost:4200/_next/static/chunks/0aus_next_dist_00tg.dm._.js:1945
[   13636ms] [ERROR] ./app/progress-bar/page.tsx:20:1
Export designsPrompt doesn't exist in target module
  18 | } from "@/components/progress-inspector";
  19 | import { copyText } from "@/lib/utils";
> 20 | import { designsPrompt, INSTALL_CMD, usageSnippet } from "./snippet";
     | ^^^^^^^^^^^^^^^^^^^^^^^^^^^^^^^^^^^^^^^^^^^^^^^^^^^^^^^^^^^^^^^^^^^^^
  21 |
  22 | // Two looks, each with a light and a dark base. The page follows the app theme;
  23 | // the only choice it offers is which look you're editing. Name + value together

The export designsPrompt was not found in module [project]/app/progress-bar/snippet.ts [app-client] (ecmascript).
Did you mean to import designPrompt?
All exports of the module are statically known (It doesn't have dynamic exports). So it's known statically that the requested export doesn't exist.

Import traces:
  Client Component Browser:
    ./app/progress-bar/page.tsx [Client Component Browser]
    ./app/progress-bar/page.tsx [Server Component]

  Client Component SSR:
    ./app/progress-bar/page.tsx [Client Component SSR]
    ./app/progress-bar/page.tsx [Server Component] @ http://localhost:4200/_next/static/chunks/0aus_next_dist_00tg.dm._.js:1945
[   13636ms] [ERROR] ./app/progress-bar/page.tsx:20:1
Export designsPrompt doesn't exist in target module
  18 | } from "@/components/progress-inspector";
  19 | import { copyText } from "@/lib/utils";
> 20 | import { designsPrompt, INSTALL_CMD, usageSnippet } from "./snippet";
     | ^^^^^^^^^^^^^^^^^^^^^^^^^^^^^^^^^^^^^^^^^^^^^^^^^^^^^^^^^^^^^^^^^^^^^
  21 |
  22 | // Two looks, each with a light and a dark base. The page follows the app theme;
  23 | // the only choice it offers is which look you're editing. Name + value together

The export designsPrompt was not found in module [project]/app/progress-bar/snippet.ts [app-ssr] (ecmascript).
Did you mean to import designPrompt?
All exports of the module are statically known (It doesn't have dynamic exports). So it's known statically that the requested export doesn't exist.

Import traces:
  Client Component Browser:
    ./app/progress-bar/page.tsx [Client Component Browser]
    ./app/progress-bar/page.tsx [Server Component]

  Client Component SSR:
    ./app/progress-bar/page.tsx [Client Component SSR]
    ./app/progress-bar/page.tsx [Server Component] @ http://localhost:4200/_next/static/chunks/0aus_next_dist_00tg.dm._.js:1945
[   13703ms] [ERROR] ./app/progress-bar/page.tsx:20:1
Export designsPrompt doesn't exist in target module
  18 | } from "@/components/progress-inspector";
  19 | import { copyText } from "@/lib/utils";
> 20 | import { designsPrompt, INSTALL_CMD, usageSnippet } from "./snippet";
     | ^^^^^^^^^^^^^^^^^^^^^^^^^^^^^^^^^^^^^^^^^^^^^^^^^^^^^^^^^^^^^^^^^^^^^
  21 |
  22 | // Two looks, each with a light and a dark base. The page follows the app theme;
  23 | // the only choice it offers is which look you're editing. Name + value together

The export designsPrompt was not found in module [project]/app/progress-bar/snippet.ts [app-client] (ecmascript).
Did you mean to import designPrompt?
All exports of the module are statically known (It doesn't have dynamic exports). So it's known statically that the requested export doesn't exist.

Import traces:
  Client Component Browser:
    ./app/progress-bar/page.tsx [Client Component Browser]
    ./app/progress-bar/page.tsx [Server Component]

  Client Component SSR:
    ./app/progress-bar/page.tsx [Client Component SSR]
    ./app/progress-bar/page.tsx [Server Component] @ http://localhost:4200/_next/static/chunks/0aus_next_dist_00tg.dm._.js:1945
[   13703ms] [ERROR] ./app/progress-bar/page.tsx:20:1
Export designsPrompt doesn't exist in target module
  18 | } from "@/components/progress-inspector";
  19 | import { copyText } from "@/lib/utils";
> 20 | import { designsPrompt, INSTALL_CMD, usageSnippet } from "./snippet";
     | ^^^^^^^^^^^^^^^^^^^^^^^^^^^^^^^^^^^^^^^^^^^^^^^^^^^^^^^^^^^^^^^^^^^^^
  21 |
  22 | // Two looks, each with a light and a dark base. The page follows the app theme;
  23 | // the only choice it offers is which look you're editing. Name + value together

The export designsPrompt was not found in module [project]/app/progress-bar/snippet.ts [app-ssr] (ecmascript).
Did you mean to import designPrompt?
All exports of the module are statically known (It doesn't have dynamic exports). So it's known statically that the requested export doesn't exist.

Import traces:
  Client Component Browser:
    ./app/progress-bar/page.tsx [Client Component Browser]
    ./app/progress-bar/page.tsx [Server Component]

  Client Component SSR:
    ./app/progress-bar/page.tsx [Client Component SSR]
    ./app/progress-bar/page.tsx [Server Component] @ http://localhost:4200/_next/static/chunks/0aus_next_dist_00tg.dm._.js:1945
[   13771ms] [ERROR] ./app/progress-bar/page.tsx:20:1
Export designsPrompt doesn't exist in target module
  18 | } from "@/components/progress-inspector";
  19 | import { copyText } from "@/lib/utils";
> 20 | import { designsPrompt, INSTALL_CMD, usageSnippet } from "./snippet";
     | ^^^^^^^^^^^^^^^^^^^^^^^^^^^^^^^^^^^^^^^^^^^^^^^^^^^^^^^^^^^^^^^^^^^^^
  21 |
  22 | // Two looks, each with a light and a dark base. The page follows the app theme;
  23 | // the only choice it offers is which look you're editing. Name + value together

The export designsPrompt was not found in module [project]/app/progress-bar/snippet.ts [app-client] (ecmascript).
Did you mean to import designPrompt?
All exports of the module are statically known (It doesn't have dynamic exports). So it's known statically that the requested export doesn't exist.

Import traces:
  Client Component Browser:
    ./app/progress-bar/page.tsx [Client Component Browser]
    ./app/progress-bar/page.tsx [Server Component]

  Client Component SSR:
    ./app/progress-bar/page.tsx [Client Component SSR]
    ./app/progress-bar/page.tsx [Server Component] @ http://localhost:4200/_next/static/chunks/0aus_next_dist_00tg.dm._.js:1945
[   13771ms] [ERROR] ./app/progress-bar/page.tsx:20:1
Export designsPrompt doesn't exist in target module
  18 | } from "@/components/progress-inspector";
  19 | import { copyText } from "@/lib/utils";
> 20 | import { designsPrompt, INSTALL_CMD, usageSnippet } from "./snippet";
     | ^^^^^^^^^^^^^^^^^^^^^^^^^^^^^^^^^^^^^^^^^^^^^^^^^^^^^^^^^^^^^^^^^^^^^
  21 |
  22 | // Two looks, each with a light and a dark base. The page follows the app theme;
  23 | // the only choice it offers is which look you're editing. Name + value together

The export designsPrompt was not found in module [project]/app/progress-bar/snippet.ts [app-ssr] (ecmascript).
Did you mean to import designPrompt?
All exports of the module are statically known (It doesn't have dynamic exports). So it's known statically that the requested export doesn't exist.

Import traces:
  Client Component Browser:
    ./app/progress-bar/page.tsx [Client Component Browser]
    ./app/progress-bar/page.tsx [Server Component]

  Client Component SSR:
    ./app/progress-bar/page.tsx [Client Component SSR]
    ./app/progress-bar/page.tsx [Server Component] @ http://localhost:4200/_next/static/chunks/0aus_next_dist_00tg.dm._.js:1945
[   13838ms] [ERROR] ./app/progress-bar/page.tsx:20:1
Export designsPrompt doesn't exist in target module
  18 | } from "@/components/progress-inspector";
  19 | import { copyText } from "@/lib/utils";
> 20 | import { designsPrompt, INSTALL_CMD, usageSnippet } from "./snippet";
     | ^^^^^^^^^^^^^^^^^^^^^^^^^^^^^^^^^^^^^^^^^^^^^^^^^^^^^^^^^^^^^^^^^^^^^
  21 |
  22 | // Two looks, each with a light and a dark base. The page follows the app theme;
  23 | // the only choice it offers is which look you're editing. Name + value together

The export designsPrompt was not found in module [project]/app/progress-bar/snippet.ts [app-client] (ecmascript).
Did you mean to import designPrompt?
All exports of the module are statically known (It doesn't have dynamic exports). So it's known statically that the requested export doesn't exist.

Import traces:
  Client Component Browser:
    ./app/progress-bar/page.tsx [Client Component Browser]
    ./app/progress-bar/page.tsx [Server Component]

  Client Component SSR:
    ./app/progress-bar/page.tsx [Client Component SSR]
    ./app/progress-bar/page.tsx [Server Component] @ http://localhost:4200/_next/static/chunks/0aus_next_dist_00tg.dm._.js:1945
[   13838ms] [ERROR] ./app/progress-bar/page.tsx:20:1
Export designsPrompt doesn't exist in target module
  18 | } from "@/components/progress-inspector";
  19 | import { copyText } from "@/lib/utils";
> 20 | import { designsPrompt, INSTALL_CMD, usageSnippet } from "./snippet";
     | ^^^^^^^^^^^^^^^^^^^^^^^^^^^^^^^^^^^^^^^^^^^^^^^^^^^^^^^^^^^^^^^^^^^^^
  21 |
  22 | // Two looks, each with a light and a dark base. The page follows the app theme;
  23 | // the only choice it offers is which look you're editing. Name + value together

The export designsPrompt was not found in module [project]/app/progress-bar/snippet.ts [app-ssr] (ecmascript).
Did you mean to import designPrompt?
All exports of the module are statically known (It doesn't have dynamic exports). So it's known statically that the requested export doesn't exist.

Import traces:
  Client Component Browser:
    ./app/progress-bar/page.tsx [Client Component Browser]
    ./app/progress-bar/page.tsx [Server Component]

  Client Component SSR:
    ./app/progress-bar/page.tsx [Client Component SSR]
    ./app/progress-bar/page.tsx [Server Component] @ http://localhost:4200/_next/static/chunks/0aus_next_dist_00tg.dm._.js:1945
[   13904ms] [ERROR] ./app/progress-bar/page.tsx:20:1
Export designsPrompt doesn't exist in target module
  18 | } from "@/components/progress-inspector";
  19 | import { copyText } from "@/lib/utils";
> 20 | import { designsPrompt, INSTALL_CMD, usageSnippet } from "./snippet";
     | ^^^^^^^^^^^^^^^^^^^^^^^^^^^^^^^^^^^^^^^^^^^^^^^^^^^^^^^^^^^^^^^^^^^^^
  21 |
  22 | // Two looks, each with a light and a dark base. The page follows the app theme;
  23 | // the only choice it offers is which look you're editing. Name + value together

The export designsPrompt was not found in module [project]/app/progress-bar/snippet.ts [app-client] (ecmascript).
Did you mean to import designPrompt?
All exports of the module are statically known (It doesn't have dynamic exports). So it's known statically that the requested export doesn't exist.

Import traces:
  Client Component Browser:
    ./app/progress-bar/page.tsx [Client Component Browser]
    ./app/progress-bar/page.tsx [Server Component]

  Client Component SSR:
    ./app/progress-bar/page.tsx [Client Component SSR]
    ./app/progress-bar/page.tsx [Server Component] @ http://localhost:4200/_next/static/chunks/0aus_next_dist_00tg.dm._.js:1945
[   13904ms] [ERROR] ./app/progress-bar/page.tsx:20:1
Export designsPrompt doesn't exist in target module
  18 | } from "@/components/progress-inspector";
  19 | import { copyText } from "@/lib/utils";
> 20 | import { designsPrompt, INSTALL_CMD, usageSnippet } from "./snippet";
     | ^^^^^^^^^^^^^^^^^^^^^^^^^^^^^^^^^^^^^^^^^^^^^^^^^^^^^^^^^^^^^^^^^^^^^
  21 |
  22 | // Two looks, each with a light and a dark base. The page follows the app theme;
  23 | // the only choice it offers is which look you're editing. Name + value together

The export designsPrompt was not found in module [project]/app/progress-bar/snippet.ts [app-ssr] (ecmascript).
Did you mean to import designPrompt?
All exports of the module are statically known (It doesn't have dynamic exports). So it's known statically that the requested export doesn't exist.

Import traces:
  Client Component Browser:
    ./app/progress-bar/page.tsx [Client Component Browser]
    ./app/progress-bar/page.tsx [Server Component]

  Client Component SSR:
    ./app/progress-bar/page.tsx [Client Component SSR]
    ./app/progress-bar/page.tsx [Server Component] @ http://localhost:4200/_next/static/chunks/0aus_next_dist_00tg.dm._.js:1945
[   13972ms] [ERROR] ./app/progress-bar/page.tsx:20:1
Export designsPrompt doesn't exist in target module
  18 | } from "@/components/progress-inspector";
  19 | import { copyText } from "@/lib/utils";
> 20 | import { designsPrompt, INSTALL_CMD, usageSnippet } from "./snippet";
     | ^^^^^^^^^^^^^^^^^^^^^^^^^^^^^^^^^^^^^^^^^^^^^^^^^^^^^^^^^^^^^^^^^^^^^
  21 |
  22 | // Two looks, each with a light and a dark base. The page follows the app theme;
  23 | // the only choice it offers is which look you're editing. Name + value together

The export designsPrompt was not found in module [project]/app/progress-bar/snippet.ts [app-client] (ecmascript).
Did you mean to import designPrompt?
All exports of the module are statically known (It doesn't have dynamic exports). So it's known statically that the requested export doesn't exist.

Import traces:
  Client Component Browser:
    ./app/progress-bar/page.tsx [Client Component Browser]
    ./app/progress-bar/page.tsx [Server Component]

  Client Component SSR:
    ./app/progress-bar/page.tsx [Client Component SSR]
    ./app/progress-bar/page.tsx [Server Component] @ http://localhost:4200/_next/static/chunks/0aus_next_dist_00tg.dm._.js:1945
[   13972ms] [ERROR] ./app/progress-bar/page.tsx:20:1
Export designsPrompt doesn't exist in target module
  18 | } from "@/components/progress-inspector";
  19 | import { copyText } from "@/lib/utils";
> 20 | import { designsPrompt, INSTALL_CMD, usageSnippet } from "./snippet";
     | ^^^^^^^^^^^^^^^^^^^^^^^^^^^^^^^^^^^^^^^^^^^^^^^^^^^^^^^^^^^^^^^^^^^^^
  21 |
  22 | // Two looks, each with a light and a dark base. The page follows the app theme;
  23 | // the only choice it offers is which look you're editing. Name + value together

The export designsPrompt was not found in module [project]/app/progress-bar/snippet.ts [app-ssr] (ecmascript).
Did you mean to import designPrompt?
All exports of the module are statically known (It doesn't have dynamic exports). So it's known statically that the requested export doesn't exist.

Import traces:
  Client Component Browser:
    ./app/progress-bar/page.tsx [Client Component Browser]
    ./app/progress-bar/page.tsx [Server Component]

  Client Component SSR:
    ./app/progress-bar/page.tsx [Client Component SSR]
    ./app/progress-bar/page.tsx [Server Component] @ http://localhost:4200/_next/static/chunks/0aus_next_dist_00tg.dm._.js:1945
[   14040ms] [ERROR] ./app/progress-bar/page.tsx:20:1
Export designsPrompt doesn't exist in target module
  18 | } from "@/components/progress-inspector";
  19 | import { copyText } from "@/lib/utils";
> 20 | import { designsPrompt, INSTALL_CMD, usageSnippet } from "./snippet";
     | ^^^^^^^^^^^^^^^^^^^^^^^^^^^^^^^^^^^^^^^^^^^^^^^^^^^^^^^^^^^^^^^^^^^^^
  21 |
  22 | // Two looks, each with a light and a dark base. The page follows the app theme;
  23 | // the only choice it offers is which look you're editing. Name + value together

The export designsPrompt was not found in module [project]/app/progress-bar/snippet.ts [app-client] (ecmascript).
Did you mean to import designPrompt?
All exports of the module are statically known (It doesn't have dynamic exports). So it's known statically that the requested export doesn't exist.

Import traces:
  Client Component Browser:
    ./app/progress-bar/page.tsx [Client Component Browser]
    ./app/progress-bar/page.tsx [Server Component]

  Client Component SSR:
    ./app/progress-bar/page.tsx [Client Component SSR]
    ./app/progress-bar/page.tsx [Server Component] @ http://localhost:4200/_next/static/chunks/0aus_next_dist_00tg.dm._.js:1945
[   14040ms] [ERROR] ./app/progress-bar/page.tsx:20:1
Export designsPrompt doesn't exist in target module
  18 | } from "@/components/progress-inspector";
  19 | import { copyText } from "@/lib/utils";
> 20 | import { designsPrompt, INSTALL_CMD, usageSnippet } from "./snippet";
     | ^^^^^^^^^^^^^^^^^^^^^^^^^^^^^^^^^^^^^^^^^^^^^^^^^^^^^^^^^^^^^^^^^^^^^
  21 |
  22 | // Two looks, each with a light and a dark base. The page follows the app theme;
  23 | // the only choice it offers is which look you're editing. Name + value together

The export designsPrompt was not found in module [project]/app/progress-bar/snippet.ts [app-ssr] (ecmascript).
Did you mean to import designPrompt?
All exports of the module are statically known (It doesn't have dynamic exports). So it's known statically that the requested export doesn't exist.

Import traces:
  Client Component Browser:
    ./app/progress-bar/page.tsx [Client Component Browser]
    ./app/progress-bar/page.tsx [Server Component]

  Client Component SSR:
    ./app/progress-bar/page.tsx [Client Component SSR]
    ./app/progress-bar/page.tsx [Server Component] @ http://localhost:4200/_next/static/chunks/0aus_next_dist_00tg.dm._.js:1945
[   14105ms] [ERROR] ./app/progress-bar/page.tsx:20:1
Export designsPrompt doesn't exist in target module
  18 | } from "@/components/progress-inspector";
  19 | import { copyText } from "@/lib/utils";
> 20 | import { designsPrompt, INSTALL_CMD, usageSnippet } from "./snippet";
     | ^^^^^^^^^^^^^^^^^^^^^^^^^^^^^^^^^^^^^^^^^^^^^^^^^^^^^^^^^^^^^^^^^^^^^
  21 |
  22 | // Two looks, each with a light and a dark base. The page follows the app theme;
  23 | // the only choice it offers is which look you're editing. Name + value together

The export designsPrompt was not found in module [project]/app/progress-bar/snippet.ts [app-client] (ecmascript).
Did you mean to import designPrompt?
All exports of the module are statically known (It doesn't have dynamic exports). So it's known statically that the requested export doesn't exist.

Import traces:
  Client Component Browser:
    ./app/progress-bar/page.tsx [Client Component Browser]
    ./app/progress-bar/page.tsx [Server Component]

  Client Component SSR:
    ./app/progress-bar/page.tsx [Client Component SSR]
    ./app/progress-bar/page.tsx [Server Component] @ http://localhost:4200/_next/static/chunks/0aus_next_dist_00tg.dm._.js:1945
[   14105ms] [ERROR] ./app/progress-bar/page.tsx:20:1
Export designsPrompt doesn't exist in target module
  18 | } from "@/components/progress-inspector";
  19 | import { copyText } from "@/lib/utils";
> 20 | import { designsPrompt, INSTALL_CMD, usageSnippet } from "./snippet";
     | ^^^^^^^^^^^^^^^^^^^^^^^^^^^^^^^^^^^^^^^^^^^^^^^^^^^^^^^^^^^^^^^^^^^^^
  21 |
  22 | // Two looks, each with a light and a dark base. The page follows the app theme;
  23 | // the only choice it offers is which look you're editing. Name + value together

The export designsPrompt was not found in module [project]/app/progress-bar/snippet.ts [app-ssr] (ecmascript).
Did you mean to import designPrompt?
All exports of the module are statically known (It doesn't have dynamic exports). So it's known statically that the requested export doesn't exist.

Import traces:
  Client Component Browser:
    ./app/progress-bar/page.tsx [Client Component Browser]
    ./app/progress-bar/page.tsx [Server Component]

  Client Component SSR:
    ./app/progress-bar/page.tsx [Client Component SSR]
    ./app/progress-bar/page.tsx [Server Component] @ http://localhost:4200/_next/static/chunks/0aus_next_dist_00tg.dm._.js:1945
[   14170ms] [ERROR] ./app/progress-bar/page.tsx:20:1
Export designsPrompt doesn't exist in target module
  18 | } from "@/components/progress-inspector";
  19 | import { copyText } from "@/lib/utils";
> 20 | import { designsPrompt, INSTALL_CMD, usageSnippet } from "./snippet";
     | ^^^^^^^^^^^^^^^^^^^^^^^^^^^^^^^^^^^^^^^^^^^^^^^^^^^^^^^^^^^^^^^^^^^^^
  21 |
  22 | // Two looks, each with a light and a dark base. The page follows the app theme;
  23 | // the only choice it offers is which look you're editing. Name + value together

The export designsPrompt was not found in module [project]/app/progress-bar/snippet.ts [app-client] (ecmascript).
Did you mean to import designPrompt?
All exports of the module are statically known (It doesn't have dynamic exports). So it's known statically that the requested export doesn't exist.

Import traces:
  Client Component Browser:
    ./app/progress-bar/page.tsx [Client Component Browser]
    ./app/progress-bar/page.tsx [Server Component]

  Client Component SSR:
    ./app/progress-bar/page.tsx [Client Component SSR]
    ./app/progress-bar/page.tsx [Server Component] @ http://localhost:4200/_next/static/chunks/0aus_next_dist_00tg.dm._.js:1945
[   14170ms] [ERROR] ./app/progress-bar/page.tsx:20:1
Export designsPrompt doesn't exist in target module
  18 | } from "@/components/progress-inspector";
  19 | import { copyText } from "@/lib/utils";
> 20 | import { designsPrompt, INSTALL_CMD, usageSnippet } from "./snippet";
     | ^^^^^^^^^^^^^^^^^^^^^^^^^^^^^^^^^^^^^^^^^^^^^^^^^^^^^^^^^^^^^^^^^^^^^
  21 |
  22 | // Two looks, each with a light and a dark base. The page follows the app theme;
  23 | // the only choice it offers is which look you're editing. Name + value together

The export designsPrompt was not found in module [project]/app/progress-bar/snippet.ts [app-ssr] (ecmascript).
Did you mean to import designPrompt?
All exports of the module are statically known (It doesn't have dynamic exports). So it's known statically that the requested export doesn't exist.

Import traces:
  Client Component Browser:
    ./app/progress-bar/page.tsx [Client Component Browser]
    ./app/progress-bar/page.tsx [Server Component]

  Client Component SSR:
    ./app/progress-bar/page.tsx [Client Component SSR]
    ./app/progress-bar/page.tsx [Server Component] @ http://localhost:4200/_next/static/chunks/0aus_next_dist_00tg.dm._.js:1945
[   14236ms] [ERROR] ./app/progress-bar/page.tsx:20:1
Export designsPrompt doesn't exist in target module
  18 | } from "@/components/progress-inspector";
  19 | import { copyText } from "@/lib/utils";
> 20 | import { designsPrompt, INSTALL_CMD, usageSnippet } from "./snippet";
     | ^^^^^^^^^^^^^^^^^^^^^^^^^^^^^^^^^^^^^^^^^^^^^^^^^^^^^^^^^^^^^^^^^^^^^
  21 |
  22 | // Two looks, each with a light and a dark base. The page follows the app theme;
  23 | // the only choice it offers is which look you're editing. Name + value together

The export designsPrompt was not found in module [project]/app/progress-bar/snippet.ts [app-client] (ecmascript).
Did you mean to import designPrompt?
All exports of the module are statically known (It doesn't have dynamic exports). So it's known statically that the requested export doesn't exist.

Import traces:
  Client Component Browser:
    ./app/progress-bar/page.tsx [Client Component Browser]
    ./app/progress-bar/page.tsx [Server Component]

  Client Component SSR:
    ./app/progress-bar/page.tsx [Client Component SSR]
    ./app/progress-bar/page.tsx [Server Component] @ http://localhost:4200/_next/static/chunks/0aus_next_dist_00tg.dm._.js:1945
[   14236ms] [ERROR] ./app/progress-bar/page.tsx:20:1
Export designsPrompt doesn't exist in target module
  18 | } from "@/components/progress-inspector";
  19 | import { copyText } from "@/lib/utils";
> 20 | import { designsPrompt, INSTALL_CMD, usageSnippet } from "./snippet";
     | ^^^^^^^^^^^^^^^^^^^^^^^^^^^^^^^^^^^^^^^^^^^^^^^^^^^^^^^^^^^^^^^^^^^^^
  21 |
  22 | // Two looks, each with a light and a dark base. The page follows the app theme;
  23 | // the only choice it offers is which look you're editing. Name + value together

The export designsPrompt was not found in module [project]/app/progress-bar/snippet.ts [app-ssr] (ecmascript).
Did you mean to import designPrompt?
All exports of the module are statically known (It doesn't have dynamic exports). So it's known statically that the requested export doesn't exist.

Import traces:
  Client Component Browser:
    ./app/progress-bar/page.tsx [Client Component Browser]
    ./app/progress-bar/page.tsx [Server Component]

  Client Component SSR:
    ./app/progress-bar/page.tsx [Client Component SSR]
    ./app/progress-bar/page.tsx [Server Component] @ http://localhost:4200/_next/static/chunks/0aus_next_dist_00tg.dm._.js:1945
[   14303ms] [ERROR] ./app/progress-bar/page.tsx:20:1
Export designsPrompt doesn't exist in target module
  18 | } from "@/components/progress-inspector";
  19 | import { copyText } from "@/lib/utils";
> 20 | import { designsPrompt, INSTALL_CMD, usageSnippet } from "./snippet";
     | ^^^^^^^^^^^^^^^^^^^^^^^^^^^^^^^^^^^^^^^^^^^^^^^^^^^^^^^^^^^^^^^^^^^^^
  21 |
  22 | // Two looks, each with a light and a dark base. The page follows the app theme;
  23 | // the only choice it offers is which look you're editing. Name + value together

The export designsPrompt was not found in module [project]/app/progress-bar/snippet.ts [app-client] (ecmascript).
Did you mean to import designPrompt?
All exports of the module are statically known (It doesn't have dynamic exports). So it's known statically that the requested export doesn't exist.

Import traces:
  Client Component Browser:
    ./app/progress-bar/page.tsx [Client Component Browser]
    ./app/progress-bar/page.tsx [Server Component]

  Client Component SSR:
    ./app/progress-bar/page.tsx [Client Component SSR]
    ./app/progress-bar/page.tsx [Server Component] @ http://localhost:4200/_next/static/chunks/0aus_next_dist_00tg.dm._.js:1945
[   14303ms] [ERROR] ./app/progress-bar/page.tsx:20:1
Export designsPrompt doesn't exist in target module
  18 | } from "@/components/progress-inspector";
  19 | import { copyText } from "@/lib/utils";
> 20 | import { designsPrompt, INSTALL_CMD, usageSnippet } from "./snippet";
     | ^^^^^^^^^^^^^^^^^^^^^^^^^^^^^^^^^^^^^^^^^^^^^^^^^^^^^^^^^^^^^^^^^^^^^
  21 |
  22 | // Two looks, each with a light and a dark base. The page follows the app theme;
  23 | // the only choice it offers is which look you're editing. Name + value together

The export designsPrompt was not found in module [project]/app/progress-bar/snippet.ts [app-ssr] (ecmascript).
Did you mean to import designPrompt?
All exports of the module are statically known (It doesn't have dynamic exports). So it's known statically that the requested export doesn't exist.

Import traces:
  Client Component Browser:
    ./app/progress-bar/page.tsx [Client Component Browser]
    ./app/progress-bar/page.tsx [Server Component]

  Client Component SSR:
    ./app/progress-bar/page.tsx [Client Component SSR]
    ./app/progress-bar/page.tsx [Server Component] @ http://localhost:4200/_next/static/chunks/0aus_next_dist_00tg.dm._.js:1945
[   14373ms] [ERROR] ./app/progress-bar/page.tsx:20:1
Export designsPrompt doesn't exist in target module
  18 | } from "@/components/progress-inspector";
  19 | import { copyText } from "@/lib/utils";
> 20 | import { designsPrompt, INSTALL_CMD, usageSnippet } from "./snippet";
     | ^^^^^^^^^^^^^^^^^^^^^^^^^^^^^^^^^^^^^^^^^^^^^^^^^^^^^^^^^^^^^^^^^^^^^
  21 |
  22 | // Two looks, each with a light and a dark base. The page follows the app theme;
  23 | // the only choice it offers is which look you're editing. Name + value together

The export designsPrompt was not found in module [project]/app/progress-bar/snippet.ts [app-client] (ecmascript).
Did you mean to import designPrompt?
All exports of the module are statically known (It doesn't have dynamic exports). So it's known statically that the requested export doesn't exist.

Import traces:
  Client Component Browser:
    ./app/progress-bar/page.tsx [Client Component Browser]
    ./app/progress-bar/page.tsx [Server Component]

  Client Component SSR:
    ./app/progress-bar/page.tsx [Client Component SSR]
    ./app/progress-bar/page.tsx [Server Component] @ http://localhost:4200/_next/static/chunks/0aus_next_dist_00tg.dm._.js:1945
[   14373ms] [ERROR] ./app/progress-bar/page.tsx:20:1
Export designsPrompt doesn't exist in target module
  18 | } from "@/components/progress-inspector";
  19 | import { copyText } from "@/lib/utils";
> 20 | import { designsPrompt, INSTALL_CMD, usageSnippet } from "./snippet";
     | ^^^^^^^^^^^^^^^^^^^^^^^^^^^^^^^^^^^^^^^^^^^^^^^^^^^^^^^^^^^^^^^^^^^^^
  21 |
  22 | // Two looks, each with a light and a dark base. The page follows the app theme;
  23 | // the only choice it offers is which look you're editing. Name + value together

The export designsPrompt was not found in module [project]/app/progress-bar/snippet.ts [app-ssr] (ecmascript).
Did you mean to import designPrompt?
All exports of the module are statically known (It doesn't have dynamic exports). So it's known statically that the requested export doesn't exist.

Import traces:
  Client Component Browser:
    ./app/progress-bar/page.tsx [Client Component Browser]
    ./app/progress-bar/page.tsx [Server Component]

  Client Component SSR:
    ./app/progress-bar/page.tsx [Client Component SSR]
    ./app/progress-bar/page.tsx [Server Component] @ http://localhost:4200/_next/static/chunks/0aus_next_dist_00tg.dm._.js:1945
[   14440ms] [ERROR] ./app/progress-bar/page.tsx:20:1
Export designsPrompt doesn't exist in target module
  18 | } from "@/components/progress-inspector";
  19 | import { copyText } from "@/lib/utils";
> 20 | import { designsPrompt, INSTALL_CMD, usageSnippet } from "./snippet";
     | ^^^^^^^^^^^^^^^^^^^^^^^^^^^^^^^^^^^^^^^^^^^^^^^^^^^^^^^^^^^^^^^^^^^^^
  21 |
  22 | // Two looks, each with a light and a dark base. The page follows the app theme;
  23 | // the only choice it offers is which look you're editing. Name + value together

The export designsPrompt was not found in module [project]/app/progress-bar/snippet.ts [app-client] (ecmascript).
Did you mean to import designPrompt?
All exports of the module are statically known (It doesn't have dynamic exports). So it's known statically that the requested export doesn't exist.

Import traces:
  Client Component Browser:
    ./app/progress-bar/page.tsx [Client Component Browser]
    ./app/progress-bar/page.tsx [Server Component]

  Client Component SSR:
    ./app/progress-bar/page.tsx [Client Component SSR]
    ./app/progress-bar/page.tsx [Server Component] @ http://localhost:4200/_next/static/chunks/0aus_next_dist_00tg.dm._.js:1945
[   14440ms] [ERROR] ./app/progress-bar/page.tsx:20:1
Export designsPrompt doesn't exist in target module
  18 | } from "@/components/progress-inspector";
  19 | import { copyText } from "@/lib/utils";
> 20 | import { designsPrompt, INSTALL_CMD, usageSnippet } from "./snippet";
     | ^^^^^^^^^^^^^^^^^^^^^^^^^^^^^^^^^^^^^^^^^^^^^^^^^^^^^^^^^^^^^^^^^^^^^
  21 |
  22 | // Two looks, each with a light and a dark base. The page follows the app theme;
  23 | // the only choice it offers is which look you're editing. Name + value together

The export designsPrompt was not found in module [project]/app/progress-bar/snippet.ts [app-ssr] (ecmascript).
Did you mean to import designPrompt?
All exports of the module are statically known (It doesn't have dynamic exports). So it's known statically that the requested export doesn't exist.

Import traces:
  Client Component Browser:
    ./app/progress-bar/page.tsx [Client Component Browser]
    ./app/progress-bar/page.tsx [Server Component]

  Client Component SSR:
    ./app/progress-bar/page.tsx [Client Component SSR]
    ./app/progress-bar/page.tsx [Server Component] @ http://localhost:4200/_next/static/chunks/0aus_next_dist_00tg.dm._.js:1945
[   14506ms] [ERROR] ./app/progress-bar/page.tsx:20:1
Export designsPrompt doesn't exist in target module
  18 | } from "@/components/progress-inspector";
  19 | import { copyText } from "@/lib/utils";
> 20 | import { designsPrompt, INSTALL_CMD, usageSnippet } from "./snippet";
     | ^^^^^^^^^^^^^^^^^^^^^^^^^^^^^^^^^^^^^^^^^^^^^^^^^^^^^^^^^^^^^^^^^^^^^
  21 |
  22 | // Two looks, each with a light and a dark base. The page follows the app theme;
  23 | // the only choice it offers is which look you're editing. Name + value together

The export designsPrompt was not found in module [project]/app/progress-bar/snippet.ts [app-client] (ecmascript).
Did you mean to import designPrompt?
All exports of the module are statically known (It doesn't have dynamic exports). So it's known statically that the requested export doesn't exist.

Import traces:
  Client Component Browser:
    ./app/progress-bar/page.tsx [Client Component Browser]
    ./app/progress-bar/page.tsx [Server Component]

  Client Component SSR:
    ./app/progress-bar/page.tsx [Client Component SSR]
    ./app/progress-bar/page.tsx [Server Component] @ http://localhost:4200/_next/static/chunks/0aus_next_dist_00tg.dm._.js:1945
[   14506ms] [ERROR] ./app/progress-bar/page.tsx:20:1
Export designsPrompt doesn't exist in target module
  18 | } from "@/components/progress-inspector";
  19 | import { copyText } from "@/lib/utils";
> 20 | import { designsPrompt, INSTALL_CMD, usageSnippet } from "./snippet";
     | ^^^^^^^^^^^^^^^^^^^^^^^^^^^^^^^^^^^^^^^^^^^^^^^^^^^^^^^^^^^^^^^^^^^^^
  21 |
  22 | // Two looks, each with a light and a dark base. The page follows the app theme;
  23 | // the only choice it offers is which look you're editing. Name + value together

The export designsPrompt was not found in module [project]/app/progress-bar/snippet.ts [app-ssr] (ecmascript).
Did you mean to import designPrompt?
All exports of the module are statically known (It doesn't have dynamic exports). So it's known statically that the requested export doesn't exist.

Import traces:
  Client Component Browser:
    ./app/progress-bar/page.tsx [Client Component Browser]
    ./app/progress-bar/page.tsx [Server Component]

  Client Component SSR:
    ./app/progress-bar/page.tsx [Client Component SSR]
    ./app/progress-bar/page.tsx [Server Component] @ http://localhost:4200/_next/static/chunks/0aus_next_dist_00tg.dm._.js:1945
[   14572ms] [ERROR] ./app/progress-bar/page.tsx:20:1
Export designsPrompt doesn't exist in target module
  18 | } from "@/components/progress-inspector";
  19 | import { copyText } from "@/lib/utils";
> 20 | import { designsPrompt, INSTALL_CMD, usageSnippet } from "./snippet";
     | ^^^^^^^^^^^^^^^^^^^^^^^^^^^^^^^^^^^^^^^^^^^^^^^^^^^^^^^^^^^^^^^^^^^^^
  21 |
  22 | // Two looks, each with a light and a dark base. The page follows the app theme;
  23 | // the only choice it offers is which look you're editing. Name + value together

The export designsPrompt was not found in module [project]/app/progress-bar/snippet.ts [app-client] (ecmascript).
Did you mean to import designPrompt?
All exports of the module are statically known (It doesn't have dynamic exports). So it's known statically that the requested export doesn't exist.

Import traces:
  Client Component Browser:
    ./app/progress-bar/page.tsx [Client Component Browser]
    ./app/progress-bar/page.tsx [Server Component]

  Client Component SSR:
    ./app/progress-bar/page.tsx [Client Component SSR]
    ./app/progress-bar/page.tsx [Server Component] @ http://localhost:4200/_next/static/chunks/0aus_next_dist_00tg.dm._.js:1945
[   14572ms] [ERROR] ./app/progress-bar/page.tsx:20:1
Export designsPrompt doesn't exist in target module
  18 | } from "@/components/progress-inspector";
  19 | import { copyText } from "@/lib/utils";
> 20 | import { designsPrompt, INSTALL_CMD, usageSnippet } from "./snippet";
     | ^^^^^^^^^^^^^^^^^^^^^^^^^^^^^^^^^^^^^^^^^^^^^^^^^^^^^^^^^^^^^^^^^^^^^
  21 |
  22 | // Two looks, each with a light and a dark base. The page follows the app theme;
  23 | // the only choice it offers is which look you're editing. Name + value together

The export designsPrompt was not found in module [project]/app/progress-bar/snippet.ts [app-ssr] (ecmascript).
Did you mean to import designPrompt?
All exports of the module are statically known (It doesn't have dynamic exports). So it's known statically that the requested export doesn't exist.

Import traces:
  Client Component Browser:
    ./app/progress-bar/page.tsx [Client Component Browser]
    ./app/progress-bar/page.tsx [Server Component]

  Client Component SSR:
    ./app/progress-bar/page.tsx [Client Component SSR]
    ./app/progress-bar/page.tsx [Server Component] @ http://localhost:4200/_next/static/chunks/0aus_next_dist_00tg.dm._.js:1945
[   14639ms] [ERROR] ./app/progress-bar/page.tsx:20:1
Export designsPrompt doesn't exist in target module
  18 | } from "@/components/progress-inspector";
  19 | import { copyText } from "@/lib/utils";
> 20 | import { designsPrompt, INSTALL_CMD, usageSnippet } from "./snippet";
     | ^^^^^^^^^^^^^^^^^^^^^^^^^^^^^^^^^^^^^^^^^^^^^^^^^^^^^^^^^^^^^^^^^^^^^
  21 |
  22 | // Two looks, each with a light and a dark base. The page follows the app theme;
  23 | // the only choice it offers is which look you're editing. Name + value together

The export designsPrompt was not found in module [project]/app/progress-bar/snippet.ts [app-client] (ecmascript).
Did you mean to import designPrompt?
All exports of the module are statically known (It doesn't have dynamic exports). So it's known statically that the requested export doesn't exist.

Import traces:
  Client Component Browser:
    ./app/progress-bar/page.tsx [Client Component Browser]
    ./app/progress-bar/page.tsx [Server Component]

  Client Component SSR:
    ./app/progress-bar/page.tsx [Client Component SSR]
    ./app/progress-bar/page.tsx [Server Component] @ http://localhost:4200/_next/static/chunks/0aus_next_dist_00tg.dm._.js:1945
[   14639ms] [ERROR] ./app/progress-bar/page.tsx:20:1
Export designsPrompt doesn't exist in target module
  18 | } from "@/components/progress-inspector";
  19 | import { copyText } from "@/lib/utils";
> 20 | import { designsPrompt, INSTALL_CMD, usageSnippet } from "./snippet";
     | ^^^^^^^^^^^^^^^^^^^^^^^^^^^^^^^^^^^^^^^^^^^^^^^^^^^^^^^^^^^^^^^^^^^^^
  21 |
  22 | // Two looks, each with a light and a dark base. The page follows the app theme;
  23 | // the only choice it offers is which look you're editing. Name + value together

The export designsPrompt was not found in module [project]/app/progress-bar/snippet.ts [app-ssr] (ecmascript).
Did you mean to import designPrompt?
All exports of the module are statically known (It doesn't have dynamic exports). So it's known statically that the requested export doesn't exist.

Import traces:
  Client Component Browser:
    ./app/progress-bar/page.tsx [Client Component Browser]
    ./app/progress-bar/page.tsx [Server Component]

  Client Component SSR:
    ./app/progress-bar/page.tsx [Client Component SSR]
    ./app/progress-bar/page.tsx [Server Component] @ http://localhost:4200/_next/static/chunks/0aus_next_dist_00tg.dm._.js:1945
[   14703ms] [ERROR] ./app/progress-bar/page.tsx:20:1
Export designsPrompt doesn't exist in target module
  18 | } from "@/components/progress-inspector";
  19 | import { copyText } from "@/lib/utils";
> 20 | import { designsPrompt, INSTALL_CMD, usageSnippet } from "./snippet";
     | ^^^^^^^^^^^^^^^^^^^^^^^^^^^^^^^^^^^^^^^^^^^^^^^^^^^^^^^^^^^^^^^^^^^^^
  21 |
  22 | // Two looks, each with a light and a dark base. The page follows the app theme;
  23 | // the only choice it offers is which look you're editing. Name + value together

The export designsPrompt was not found in module [project]/app/progress-bar/snippet.ts [app-client] (ecmascript).
Did you mean to import designPrompt?
All exports of the module are statically known (It doesn't have dynamic exports). So it's known statically that the requested export doesn't exist.

Import traces:
  Client Component Browser:
    ./app/progress-bar/page.tsx [Client Component Browser]
    ./app/progress-bar/page.tsx [Server Component]

  Client Component SSR:
    ./app/progress-bar/page.tsx [Client Component SSR]
    ./app/progress-bar/page.tsx [Server Component] @ http://localhost:4200/_next/static/chunks/0aus_next_dist_00tg.dm._.js:1945
[   14703ms] [ERROR] ./app/progress-bar/page.tsx:20:1
Export designsPrompt doesn't exist in target module
  18 | } from "@/components/progress-inspector";
  19 | import { copyText } from "@/lib/utils";
> 20 | import { designsPrompt, INSTALL_CMD, usageSnippet } from "./snippet";
     | ^^^^^^^^^^^^^^^^^^^^^^^^^^^^^^^^^^^^^^^^^^^^^^^^^^^^^^^^^^^^^^^^^^^^^
  21 |
  22 | // Two looks, each with a light and a dark base. The page follows the app theme;
  23 | // the only choice it offers is which look you're editing. Name + value together

The export designsPrompt was not found in module [project]/app/progress-bar/snippet.ts [app-ssr] (ecmascript).
Did you mean to import designPrompt?
All exports of the module are statically known (It doesn't have dynamic exports). So it's known statically that the requested export doesn't exist.

Import traces:
  Client Component Browser:
    ./app/progress-bar/page.tsx [Client Component Browser]
    ./app/progress-bar/page.tsx [Server Component]

  Client Component SSR:
    ./app/progress-bar/page.tsx [Client Component SSR]
    ./app/progress-bar/page.tsx [Server Component] @ http://localhost:4200/_next/static/chunks/0aus_next_dist_00tg.dm._.js:1945
[   14767ms] [ERROR] ./app/progress-bar/page.tsx:20:1
Export designsPrompt doesn't exist in target module
  18 | } from "@/components/progress-inspector";
  19 | import { copyText } from "@/lib/utils";
> 20 | import { designsPrompt, INSTALL_CMD, usageSnippet } from "./snippet";
     | ^^^^^^^^^^^^^^^^^^^^^^^^^^^^^^^^^^^^^^^^^^^^^^^^^^^^^^^^^^^^^^^^^^^^^
  21 |
  22 | // Two looks, each with a light and a dark base. The page follows the app theme;
  23 | // the only choice it offers is which look you're editing. Name + value together

The export designsPrompt was not found in module [project]/app/progress-bar/snippet.ts [app-client] (ecmascript).
Did you mean to import designPrompt?
All exports of the module are statically known (It doesn't have dynamic exports). So it's known statically that the requested export doesn't exist.

Import traces:
  Client Component Browser:
    ./app/progress-bar/page.tsx [Client Component Browser]
    ./app/progress-bar/page.tsx [Server Component]

  Client Component SSR:
    ./app/progress-bar/page.tsx [Client Component SSR]
    ./app/progress-bar/page.tsx [Server Component] @ http://localhost:4200/_next/static/chunks/0aus_next_dist_00tg.dm._.js:1945
[   14767ms] [ERROR] ./app/progress-bar/page.tsx:20:1
Export designsPrompt doesn't exist in target module
  18 | } from "@/components/progress-inspector";
  19 | import { copyText } from "@/lib/utils";
> 20 | import { designsPrompt, INSTALL_CMD, usageSnippet } from "./snippet";
     | ^^^^^^^^^^^^^^^^^^^^^^^^^^^^^^^^^^^^^^^^^^^^^^^^^^^^^^^^^^^^^^^^^^^^^
  21 |
  22 | // Two looks, each with a light and a dark base. The page follows the app theme;
  23 | // the only choice it offers is which look you're editing. Name + value together

The export designsPrompt was not found in module [project]/app/progress-bar/snippet.ts [app-ssr] (ecmascript).
Did you mean to import designPrompt?
All exports of the module are statically known (It doesn't have dynamic exports). So it's known statically that the requested export doesn't exist.

Import traces:
  Client Component Browser:
    ./app/progress-bar/page.tsx [Client Component Browser]
    ./app/progress-bar/page.tsx [Server Component]

  Client Component SSR:
    ./app/progress-bar/page.tsx [Client Component SSR]
    ./app/progress-bar/page.tsx [Server Component] @ http://localhost:4200/_next/static/chunks/0aus_next_dist_00tg.dm._.js:1945
[   14833ms] [ERROR] ./app/progress-bar/page.tsx:20:1
Export designsPrompt doesn't exist in target module
  18 | } from "@/components/progress-inspector";
  19 | import { copyText } from "@/lib/utils";
> 20 | import { designsPrompt, INSTALL_CMD, usageSnippet } from "./snippet";
     | ^^^^^^^^^^^^^^^^^^^^^^^^^^^^^^^^^^^^^^^^^^^^^^^^^^^^^^^^^^^^^^^^^^^^^
  21 |
  22 | // Two looks, each with a light and a dark base. The page follows the app theme;
  23 | // the only choice it offers is which look you're editing. Name + value together

The export designsPrompt was not found in module [project]/app/progress-bar/snippet.ts [app-client] (ecmascript).
Did you mean to import designPrompt?
All exports of the module are statically known (It doesn't have dynamic exports). So it's known statically that the requested export doesn't exist.

Import traces:
  Client Component Browser:
    ./app/progress-bar/page.tsx [Client Component Browser]
    ./app/progress-bar/page.tsx [Server Component]

  Client Component SSR:
    ./app/progress-bar/page.tsx [Client Component SSR]
    ./app/progress-bar/page.tsx [Server Component] @ http://localhost:4200/_next/static/chunks/0aus_next_dist_00tg.dm._.js:1945
[   14833ms] [ERROR] ./app/progress-bar/page.tsx:20:1
Export designsPrompt doesn't exist in target module
  18 | } from "@/components/progress-inspector";
  19 | import { copyText } from "@/lib/utils";
> 20 | import { designsPrompt, INSTALL_CMD, usageSnippet } from "./snippet";
     | ^^^^^^^^^^^^^^^^^^^^^^^^^^^^^^^^^^^^^^^^^^^^^^^^^^^^^^^^^^^^^^^^^^^^^
  21 |
  22 | // Two looks, each with a light and a dark base. The page follows the app theme;
  23 | // the only choice it offers is which look you're editing. Name + value together

The export designsPrompt was not found in module [project]/app/progress-bar/snippet.ts [app-ssr] (ecmascript).
Did you mean to import designPrompt?
All exports of the module are statically known (It doesn't have dynamic exports). So it's known statically that the requested export doesn't exist.

Import traces:
  Client Component Browser:
    ./app/progress-bar/page.tsx [Client Component Browser]
    ./app/progress-bar/page.tsx [Server Component]

  Client Component SSR:
    ./app/progress-bar/page.tsx [Client Component SSR]
    ./app/progress-bar/page.tsx [Server Component] @ http://localhost:4200/_next/static/chunks/0aus_next_dist_00tg.dm._.js:1945
[   14896ms] [LOG] [Fast Refresh] rebuilding @ http://localhost:4200/_next/static/chunks/0aus_next_dist_00tg.dm._.js:1226
[   14957ms] [ERROR] ./app/progress-bar/page.tsx:20:1
Export designsPrompt doesn't exist in target module
  18 | } from "@/components/progress-inspector";
  19 | import { copyText } from "@/lib/utils";
> 20 | import { designsPrompt, INSTALL_CMD, usageSnippet } from "./snippet";
     | ^^^^^^^^^^^^^^^^^^^^^^^^^^^^^^^^^^^^^^^^^^^^^^^^^^^^^^^^^^^^^^^^^^^^^
  21 |
  22 | // Two looks, each with a light and a dark base. The page follows the app theme;
  23 | // the only choice it offers is which look you're editing. Name + value together

The export designsPrompt was not found in module [project]/app/progress-bar/snippet.ts [app-client] (ecmascript).
Did you mean to import designPrompt?
All exports of the module are statically known (It doesn't have dynamic exports). So it's known statically that the requested export doesn't exist.

Import traces:
  Client Component Browser:
    ./app/progress-bar/page.tsx [Client Component Browser]
    ./app/progress-bar/page.tsx [Server Component]

  Client Component SSR:
    ./app/progress-bar/page.tsx [Client Component SSR]
    ./app/progress-bar/page.tsx [Server Component] @ http://localhost:4200/_next/static/chunks/0aus_next_dist_00tg.dm._.js:1945
[   14957ms] [ERROR] ./app/progress-bar/page.tsx:20:1
Export designsPrompt doesn't exist in target module
  18 | } from "@/components/progress-inspector";
  19 | import { copyText } from "@/lib/utils";
> 20 | import { designsPrompt, INSTALL_CMD, usageSnippet } from "./snippet";
     | ^^^^^^^^^^^^^^^^^^^^^^^^^^^^^^^^^^^^^^^^^^^^^^^^^^^^^^^^^^^^^^^^^^^^^
  21 |
  22 | // Two looks, each with a light and a dark base. The page follows the app theme;
  23 | // the only choice it offers is which look you're editing. Name + value together

The export designsPrompt was not found in module [project]/app/progress-bar/snippet.ts [app-ssr] (ecmascript).
Did you mean to import designPrompt?
All exports of the module are statically known (It doesn't have dynamic exports). So it's known statically that the requested export doesn't exist.

Import traces:
  Client Component Browser:
    ./app/progress-bar/page.tsx [Client Component Browser]
    ./app/progress-bar/page.tsx [Server Component]

  Client Component SSR:
    ./app/progress-bar/page.tsx [Client Component SSR]
    ./app/progress-bar/page.tsx [Server Component] @ http://localhost:4200/_next/static/chunks/0aus_next_dist_00tg.dm._.js:1945
[   15025ms] [ERROR] ./app/progress-bar/page.tsx:20:1
Export designsPrompt doesn't exist in target module
  18 | } from "@/components/progress-inspector";
  19 | import { copyText } from "@/lib/utils";
> 20 | import { designsPrompt, INSTALL_CMD, usageSnippet } from "./snippet";
     | ^^^^^^^^^^^^^^^^^^^^^^^^^^^^^^^^^^^^^^^^^^^^^^^^^^^^^^^^^^^^^^^^^^^^^
  21 |
  22 | // Two looks, each with a light and a dark base. The page follows the app theme;
  23 | // the only choice it offers is which look you're editing. Name + value together

The export designsPrompt was not found in module [project]/app/progress-bar/snippet.ts [app-client] (ecmascript).
Did you mean to import designPrompt?
All exports of the module are statically known (It doesn't have dynamic exports). So it's known statically that the requested export doesn't exist.

Import traces:
  Client Component Browser:
    ./app/progress-bar/page.tsx [Client Component Browser]
    ./app/progress-bar/page.tsx [Server Component]

  Client Component SSR:
    ./app/progress-bar/page.tsx [Client Component SSR]
    ./app/progress-bar/page.tsx [Server Component] @ http://localhost:4200/_next/static/chunks/0aus_next_dist_00tg.dm._.js:1945
[   15025ms] [ERROR] ./app/progress-bar/page.tsx:20:1
Export designsPrompt doesn't exist in target module
  18 | } from "@/components/progress-inspector";
  19 | import { copyText } from "@/lib/utils";
> 20 | import { designsPrompt, INSTALL_CMD, usageSnippet } from "./snippet";
     | ^^^^^^^^^^^^^^^^^^^^^^^^^^^^^^^^^^^^^^^^^^^^^^^^^^^^^^^^^^^^^^^^^^^^^
  21 |
  22 | // Two looks, each with a light and a dark base. The page follows the app theme;
  23 | // the only choice it offers is which look you're editing. Name + value together

The export designsPrompt was not found in module [project]/app/progress-bar/snippet.ts [app-ssr] (ecmascript).
Did you mean to import designPrompt?
All exports of the module are statically known (It doesn't have dynamic exports). So it's known statically that the requested export doesn't exist.

Import traces:
  Client Component Browser:
    ./app/progress-bar/page.tsx [Client Component Browser]
    ./app/progress-bar/page.tsx [Server Component]

  Client Component SSR:
    ./app/progress-bar/page.tsx [Client Component SSR]
    ./app/progress-bar/page.tsx [Server Component] @ http://localhost:4200/_next/static/chunks/0aus_next_dist_00tg.dm._.js:1945
[   15092ms] [ERROR] ./app/progress-bar/page.tsx:20:1
Export designsPrompt doesn't exist in target module
  18 | } from "@/components/progress-inspector";
  19 | import { copyText } from "@/lib/utils";
> 20 | import { designsPrompt, INSTALL_CMD, usageSnippet } from "./snippet";
     | ^^^^^^^^^^^^^^^^^^^^^^^^^^^^^^^^^^^^^^^^^^^^^^^^^^^^^^^^^^^^^^^^^^^^^
  21 |
  22 | // Two looks, each with a light and a dark base. The page follows the app theme;
  23 | // the only choice it offers is which look you're editing. Name + value together

The export designsPrompt was not found in module [project]/app/progress-bar/snippet.ts [app-client] (ecmascript).
Did you mean to import designPrompt?
All exports of the module are statically known (It doesn't have dynamic exports). So it's known statically that the requested export doesn't exist.

Import traces:
  Client Component Browser:
    ./app/progress-bar/page.tsx [Client Component Browser]
    ./app/progress-bar/page.tsx [Server Component]

  Client Component SSR:
    ./app/progress-bar/page.tsx [Client Component SSR]
    ./app/progress-bar/page.tsx [Server Component] @ http://localhost:4200/_next/static/chunks/0aus_next_dist_00tg.dm._.js:1945
[   15092ms] [ERROR] ./app/progress-bar/page.tsx:20:1
Export designsPrompt doesn't exist in target module
  18 | } from "@/components/progress-inspector";
  19 | import { copyText } from "@/lib/utils";
> 20 | import { designsPrompt, INSTALL_CMD, usageSnippet } from "./snippet";
     | ^^^^^^^^^^^^^^^^^^^^^^^^^^^^^^^^^^^^^^^^^^^^^^^^^^^^^^^^^^^^^^^^^^^^^
  21 |
  22 | // Two looks, each with a light and a dark base. The page follows the app theme;
  23 | // the only choice it offers is which look you're editing. Name + value together

The export designsPrompt was not found in module [project]/app/progress-bar/snippet.ts [app-ssr] (ecmascript).
Did you mean to import designPrompt?
All exports of the module are statically known (It doesn't have dynamic exports). So it's known statically that the requested export doesn't exist.

Import traces:
  Client Component Browser:
    ./app/progress-bar/page.tsx [Client Component Browser]
    ./app/progress-bar/page.tsx [Server Component]

  Client Component SSR:
    ./app/progress-bar/page.tsx [Client Component SSR]
    ./app/progress-bar/page.tsx [Server Component] @ http://localhost:4200/_next/static/chunks/0aus_next_dist_00tg.dm._.js:1945
[   15161ms] [ERROR] ./app/progress-bar/page.tsx:20:1
Export designsPrompt doesn't exist in target module
  18 | } from "@/components/progress-inspector";
  19 | import { copyText } from "@/lib/utils";
> 20 | import { designsPrompt, INSTALL_CMD, usageSnippet } from "./snippet";
     | ^^^^^^^^^^^^^^^^^^^^^^^^^^^^^^^^^^^^^^^^^^^^^^^^^^^^^^^^^^^^^^^^^^^^^
  21 |
  22 | // Two looks, each with a light and a dark base. The page follows the app theme;
  23 | // the only choice it offers is which look you're editing. Name + value together

The export designsPrompt was not found in module [project]/app/progress-bar/snippet.ts [app-client] (ecmascript).
Did you mean to import designPrompt?
All exports of the module are statically known (It doesn't have dynamic exports). So it's known statically that the requested export doesn't exist.

Import traces:
  Client Component Browser:
    ./app/progress-bar/page.tsx [Client Component Browser]
    ./app/progress-bar/page.tsx [Server Component]

  Client Component SSR:
    ./app/progress-bar/page.tsx [Client Component SSR]
    ./app/progress-bar/page.tsx [Server Component] @ http://localhost:4200/_next/static/chunks/0aus_next_dist_00tg.dm._.js:1945
[   15161ms] [ERROR] ./app/progress-bar/page.tsx:20:1
Export designsPrompt doesn't exist in target module
  18 | } from "@/components/progress-inspector";
  19 | import { copyText } from "@/lib/utils";
> 20 | import { designsPrompt, INSTALL_CMD, usageSnippet } from "./snippet";
     | ^^^^^^^^^^^^^^^^^^^^^^^^^^^^^^^^^^^^^^^^^^^^^^^^^^^^^^^^^^^^^^^^^^^^^
  21 |
  22 | // Two looks, each with a light and a dark base. The page follows the app theme;
  23 | // the only choice it offers is which look you're editing. Name + value together

The export designsPrompt was not found in module [project]/app/progress-bar/snippet.ts [app-ssr] (ecmascript).
Did you mean to import designPrompt?
All exports of the module are statically known (It doesn't have dynamic exports). So it's known statically that the requested export doesn't exist.

Import traces:
  Client Component Browser:
    ./app/progress-bar/page.tsx [Client Component Browser]
    ./app/progress-bar/page.tsx [Server Component]

  Client Component SSR:
    ./app/progress-bar/page.tsx [Client Component SSR]
    ./app/progress-bar/page.tsx [Server Component] @ http://localhost:4200/_next/static/chunks/0aus_next_dist_00tg.dm._.js:1945
[   15229ms] [ERROR] ./app/progress-bar/page.tsx:20:1
Export designsPrompt doesn't exist in target module
  18 | } from "@/components/progress-inspector";
  19 | import { copyText } from "@/lib/utils";
> 20 | import { designsPrompt, INSTALL_CMD, usageSnippet } from "./snippet";
     | ^^^^^^^^^^^^^^^^^^^^^^^^^^^^^^^^^^^^^^^^^^^^^^^^^^^^^^^^^^^^^^^^^^^^^
  21 |
  22 | // Two looks, each with a light and a dark base. The page follows the app theme;
  23 | // the only choice it offers is which look you're editing. Name + value together

The export designsPrompt was not found in module [project]/app/progress-bar/snippet.ts [app-client] (ecmascript).
Did you mean to import designPrompt?
All exports of the module are statically known (It doesn't have dynamic exports). So it's known statically that the requested export doesn't exist.

Import traces:
  Client Component Browser:
    ./app/progress-bar/page.tsx [Client Component Browser]
    ./app/progress-bar/page.tsx [Server Component]

  Client Component SSR:
    ./app/progress-bar/page.tsx [Client Component SSR]
    ./app/progress-bar/page.tsx [Server Component] @ http://localhost:4200/_next/static/chunks/0aus_next_dist_00tg.dm._.js:1945
[   15229ms] [ERROR] ./app/progress-bar/page.tsx:20:1
Export designsPrompt doesn't exist in target module
  18 | } from "@/components/progress-inspector";
  19 | import { copyText } from "@/lib/utils";
> 20 | import { designsPrompt, INSTALL_CMD, usageSnippet } from "./snippet";
     | ^^^^^^^^^^^^^^^^^^^^^^^^^^^^^^^^^^^^^^^^^^^^^^^^^^^^^^^^^^^^^^^^^^^^^
  21 |
  22 | // Two looks, each with a light and a dark base. The page follows the app theme;
  23 | // the only choice it offers is which look you're editing. Name + value together

The export designsPrompt was not found in module [project]/app/progress-bar/snippet.ts [app-ssr] (ecmascript).
Did you mean to import designPrompt?
All exports of the module are statically known (It doesn't have dynamic exports). So it's known statically that the requested export doesn't exist.

Import traces:
  Client Component Browser:
    ./app/progress-bar/page.tsx [Client Component Browser]
    ./app/progress-bar/page.tsx [Server Component]

  Client Component SSR:
    ./app/progress-bar/page.tsx [Client Component SSR]
    ./app/progress-bar/page.tsx [Server Component] @ http://localhost:4200/_next/static/chunks/0aus_next_dist_00tg.dm._.js:1945
[   15308ms] [ERROR] ./app/progress-bar/page.tsx:20:1
Export designsPrompt doesn't exist in target module
  18 | } from "@/components/progress-inspector";
  19 | import { copyText } from "@/lib/utils";
> 20 | import { designsPrompt, INSTALL_CMD, usageSnippet } from "./snippet";
     | ^^^^^^^^^^^^^^^^^^^^^^^^^^^^^^^^^^^^^^^^^^^^^^^^^^^^^^^^^^^^^^^^^^^^^
  21 |
  22 | // Two looks, each with a light and a dark base. The page follows the app theme;
  23 | // the only choice it offers is which look you're editing. Name + value together

The export designsPrompt was not found in module [project]/app/progress-bar/snippet.ts [app-client] (ecmascript).
Did you mean to import designPrompt?
All exports of the module are statically known (It doesn't have dynamic exports). So it's known statically that the requested export doesn't exist.

Import traces:
  Client Component Browser:
    ./app/progress-bar/page.tsx [Client Component Browser]
    ./app/progress-bar/page.tsx [Server Component]

  Client Component SSR:
    ./app/progress-bar/page.tsx [Client Component SSR]
    ./app/progress-bar/page.tsx [Server Component] @ http://localhost:4200/_next/static/chunks/0aus_next_dist_00tg.dm._.js:1945
[   15308ms] [ERROR] ./app/progress-bar/page.tsx:20:1
Export designsPrompt doesn't exist in target module
  18 | } from "@/components/progress-inspector";
  19 | import { copyText } from "@/lib/utils";
> 20 | import { designsPrompt, INSTALL_CMD, usageSnippet } from "./snippet";
     | ^^^^^^^^^^^^^^^^^^^^^^^^^^^^^^^^^^^^^^^^^^^^^^^^^^^^^^^^^^^^^^^^^^^^^
  21 |
  22 | // Two looks, each with a light and a dark base. The page follows the app theme;
  23 | // the only choice it offers is which look you're editing. Name + value together

The export designsPrompt was not found in module [project]/app/progress-bar/snippet.ts [app-ssr] (ecmascript).
Did you mean to import designPrompt?
All exports of the module are statically known (It doesn't have dynamic exports). So it's known statically that the requested export doesn't exist.

Import traces:
  Client Component Browser:
    ./app/progress-bar/page.tsx [Client Component Browser]
    ./app/progress-bar/page.tsx [Server Component]

  Client Component SSR:
    ./app/progress-bar/page.tsx [Client Component SSR]
    ./app/progress-bar/page.tsx [Server Component] @ http://localhost:4200/_next/static/chunks/0aus_next_dist_00tg.dm._.js:1945
[   15383ms] [ERROR] ./app/progress-bar/page.tsx:20:1
Export designsPrompt doesn't exist in target module
  18 | } from "@/components/progress-inspector";
  19 | import { copyText } from "@/lib/utils";
> 20 | import { designsPrompt, INSTALL_CMD, usageSnippet } from "./snippet";
     | ^^^^^^^^^^^^^^^^^^^^^^^^^^^^^^^^^^^^^^^^^^^^^^^^^^^^^^^^^^^^^^^^^^^^^
  21 |
  22 | // Two looks, each with a light and a dark base. The page follows the app theme;
  23 | // the only choice it offers is which look you're editing. Name + value together

The export designsPrompt was not found in module [project]/app/progress-bar/snippet.ts [app-client] (ecmascript).
Did you mean to import designPrompt?
All exports of the module are statically known (It doesn't have dynamic exports). So it's known statically that the requested export doesn't exist.

Import traces:
  Client Component Browser:
    ./app/progress-bar/page.tsx [Client Component Browser]
    ./app/progress-bar/page.tsx [Server Component]

  Client Component SSR:
    ./app/progress-bar/page.tsx [Client Component SSR]
    ./app/progress-bar/page.tsx [Server Component] @ http://localhost:4200/_next/static/chunks/0aus_next_dist_00tg.dm._.js:1945
[   15383ms] [ERROR] ./app/progress-bar/page.tsx:20:1
Export designsPrompt doesn't exist in target module
  18 | } from "@/components/progress-inspector";
  19 | import { copyText } from "@/lib/utils";
> 20 | import { designsPrompt, INSTALL_CMD, usageSnippet } from "./snippet";
     | ^^^^^^^^^^^^^^^^^^^^^^^^^^^^^^^^^^^^^^^^^^^^^^^^^^^^^^^^^^^^^^^^^^^^^
  21 |
  22 | // Two looks, each with a light and a dark base. The page follows the app theme;
  23 | // the only choice it offers is which look you're editing. Name + value together

The export designsPrompt was not found in module [project]/app/progress-bar/snippet.ts [app-ssr] (ecmascript).
Did you mean to import designPrompt?
All exports of the module are statically known (It doesn't have dynamic exports). So it's known statically that the requested export doesn't exist.

Import traces:
  Client Component Browser:
    ./app/progress-bar/page.tsx [Client Component Browser]
    ./app/progress-bar/page.tsx [Server Component]

  Client Component SSR:
    ./app/progress-bar/page.tsx [Client Component SSR]
    ./app/progress-bar/page.tsx [Server Component] @ http://localhost:4200/_next/static/chunks/0aus_next_dist_00tg.dm._.js:1945
[   15450ms] [ERROR] ./app/progress-bar/page.tsx:20:1
Export designsPrompt doesn't exist in target module
  18 | } from "@/components/progress-inspector";
  19 | import { copyText } from "@/lib/utils";
> 20 | import { designsPrompt, INSTALL_CMD, usageSnippet } from "./snippet";
     | ^^^^^^^^^^^^^^^^^^^^^^^^^^^^^^^^^^^^^^^^^^^^^^^^^^^^^^^^^^^^^^^^^^^^^
  21 |
  22 | // Two looks, each with a light and a dark base. The page follows the app theme;
  23 | // the only choice it offers is which look you're editing. Name + value together

The export designsPrompt was not found in module [project]/app/progress-bar/snippet.ts [app-client] (ecmascript).
Did you mean to import designPrompt?
All exports of the module are statically known (It doesn't have dynamic exports). So it's known statically that the requested export doesn't exist.

Import traces:
  Client Component Browser:
    ./app/progress-bar/page.tsx [Client Component Browser]
    ./app/progress-bar/page.tsx [Server Component]

  Client Component SSR:
    ./app/progress-bar/page.tsx [Client Component SSR]
    ./app/progress-bar/page.tsx [Server Component] @ http://localhost:4200/_next/static/chunks/0aus_next_dist_00tg.dm._.js:1945
[   15450ms] [ERROR] ./app/progress-bar/page.tsx:20:1
Export designsPrompt doesn't exist in target module
  18 | } from "@/components/progress-inspector";
  19 | import { copyText } from "@/lib/utils";
> 20 | import { designsPrompt, INSTALL_CMD, usageSnippet } from "./snippet";
     | ^^^^^^^^^^^^^^^^^^^^^^^^^^^^^^^^^^^^^^^^^^^^^^^^^^^^^^^^^^^^^^^^^^^^^
  21 |
  22 | // Two looks, each with a light and a dark base. The page follows the app theme;
  23 | // the only choice it offers is which look you're editing. Name + value together

The export designsPrompt was not found in module [project]/app/progress-bar/snippet.ts [app-ssr] (ecmascript).
Did you mean to import designPrompt?
All exports of the module are statically known (It doesn't have dynamic exports). So it's known statically that the requested export doesn't exist.

Import traces:
  Client Component Browser:
    ./app/progress-bar/page.tsx [Client Component Browser]
    ./app/progress-bar/page.tsx [Server Component]

  Client Component SSR:
    ./app/progress-bar/page.tsx [Client Component SSR]
    ./app/progress-bar/page.tsx [Server Component] @ http://localhost:4200/_next/static/chunks/0aus_next_dist_00tg.dm._.js:1945
[   15517ms] [ERROR] ./app/progress-bar/page.tsx:20:1
Export designsPrompt doesn't exist in target module
  18 | } from "@/components/progress-inspector";
  19 | import { copyText } from "@/lib/utils";
> 20 | import { designsPrompt, INSTALL_CMD, usageSnippet } from "./snippet";
     | ^^^^^^^^^^^^^^^^^^^^^^^^^^^^^^^^^^^^^^^^^^^^^^^^^^^^^^^^^^^^^^^^^^^^^
  21 |
  22 | // Two looks, each with a light and a dark base. The page follows the app theme;
  23 | // the only choice it offers is which look you're editing. Name + value together

The export designsPrompt was not found in module [project]/app/progress-bar/snippet.ts [app-client] (ecmascript).
Did you mean to import designPrompt?
All exports of the module are statically known (It doesn't have dynamic exports). So it's known statically that the requested export doesn't exist.

Import traces:
  Client Component Browser:
    ./app/progress-bar/page.tsx [Client Component Browser]
    ./app/progress-bar/page.tsx [Server Component]

  Client Component SSR:
    ./app/progress-bar/page.tsx [Client Component SSR]
    ./app/progress-bar/page.tsx [Server Component] @ http://localhost:4200/_next/static/chunks/0aus_next_dist_00tg.dm._.js:1945
[   15517ms] [ERROR] ./app/progress-bar/page.tsx:20:1
Export designsPrompt doesn't exist in target module
  18 | } from "@/components/progress-inspector";
  19 | import { copyText } from "@/lib/utils";
> 20 | import { designsPrompt, INSTALL_CMD, usageSnippet } from "./snippet";
     | ^^^^^^^^^^^^^^^^^^^^^^^^^^^^^^^^^^^^^^^^^^^^^^^^^^^^^^^^^^^^^^^^^^^^^
  21 |
  22 | // Two looks, each with a light and a dark base. The page follows the app theme;
  23 | // the only choice it offers is which look you're editing. Name + value together

The export designsPrompt was not found in module [project]/app/progress-bar/snippet.ts [app-ssr] (ecmascript).
Did you mean to import designPrompt?
All exports of the module are statically known (It doesn't have dynamic exports). So it's known statically that the requested export doesn't exist.

Import traces:
  Client Component Browser:
    ./app/progress-bar/page.tsx [Client Component Browser]
    ./app/progress-bar/page.tsx [Server Component]

  Client Component SSR:
    ./app/progress-bar/page.tsx [Client Component SSR]
    ./app/progress-bar/page.tsx [Server Component] @ http://localhost:4200/_next/static/chunks/0aus_next_dist_00tg.dm._.js:1945
[   15584ms] [ERROR] ./app/progress-bar/page.tsx:20:1
Export designsPrompt doesn't exist in target module
  18 | } from "@/components/progress-inspector";
  19 | import { copyText } from "@/lib/utils";
> 20 | import { designsPrompt, INSTALL_CMD, usageSnippet } from "./snippet";
     | ^^^^^^^^^^^^^^^^^^^^^^^^^^^^^^^^^^^^^^^^^^^^^^^^^^^^^^^^^^^^^^^^^^^^^
  21 |
  22 | // Two looks, each with a light and a dark base. The page follows the app theme;
  23 | // the only choice it offers is which look you're editing. Name + value together

The export designsPrompt was not found in module [project]/app/progress-bar/snippet.ts [app-client] (ecmascript).
Did you mean to import designPrompt?
All exports of the module are statically known (It doesn't have dynamic exports). So it's known statically that the requested export doesn't exist.

Import traces:
  Client Component Browser:
    ./app/progress-bar/page.tsx [Client Component Browser]
    ./app/progress-bar/page.tsx [Server Component]

  Client Component SSR:
    ./app/progress-bar/page.tsx [Client Component SSR]
    ./app/progress-bar/page.tsx [Server Component] @ http://localhost:4200/_next/static/chunks/0aus_next_dist_00tg.dm._.js:1945
[   15584ms] [ERROR] ./app/progress-bar/page.tsx:20:1
Export designsPrompt doesn't exist in target module
  18 | } from "@/components/progress-inspector";
  19 | import { copyText } from "@/lib/utils";
> 20 | import { designsPrompt, INSTALL_CMD, usageSnippet } from "./snippet";
     | ^^^^^^^^^^^^^^^^^^^^^^^^^^^^^^^^^^^^^^^^^^^^^^^^^^^^^^^^^^^^^^^^^^^^^
  21 |
  22 | // Two looks, each with a light and a dark base. The page follows the app theme;
  23 | // the only choice it offers is which look you're editing. Name + value together

The export designsPrompt was not found in module [project]/app/progress-bar/snippet.ts [app-ssr] (ecmascript).
Did you mean to import designPrompt?
All exports of the module are statically known (It doesn't have dynamic exports). So it's known statically that the requested export doesn't exist.

Import traces:
  Client Component Browser:
    ./app/progress-bar/page.tsx [Client Component Browser]
    ./app/progress-bar/page.tsx [Server Component]

  Client Component SSR:
    ./app/progress-bar/page.tsx [Client Component SSR]
    ./app/progress-bar/page.tsx [Server Component] @ http://localhost:4200/_next/static/chunks/0aus_next_dist_00tg.dm._.js:1945
[   15660ms] [ERROR] ./app/progress-bar/page.tsx:20:1
Export designsPrompt doesn't exist in target module
  18 | } from "@/components/progress-inspector";
  19 | import { copyText } from "@/lib/utils";
> 20 | import { designsPrompt, INSTALL_CMD, usageSnippet } from "./snippet";
     | ^^^^^^^^^^^^^^^^^^^^^^^^^^^^^^^^^^^^^^^^^^^^^^^^^^^^^^^^^^^^^^^^^^^^^
  21 |
  22 | // Two looks, each with a light and a dark base. The page follows the app theme;
  23 | // the only choice it offers is which look you're editing. Name + value together

The export designsPrompt was not found in module [project]/app/progress-bar/snippet.ts [app-client] (ecmascript).
Did you mean to import designPrompt?
All exports of the module are statically known (It doesn't have dynamic exports). So it's known statically that the requested export doesn't exist.

Import traces:
  Client Component Browser:
    ./app/progress-bar/page.tsx [Client Component Browser]
    ./app/progress-bar/page.tsx [Server Component]

  Client Component SSR:
    ./app/progress-bar/page.tsx [Client Component SSR]
    ./app/progress-bar/page.tsx [Server Component] @ http://localhost:4200/_next/static/chunks/0aus_next_dist_00tg.dm._.js:1945
[   15660ms] [ERROR] ./app/progress-bar/page.tsx:20:1
Export designsPrompt doesn't exist in target module
  18 | } from "@/components/progress-inspector";
  19 | import { copyText } from "@/lib/utils";
> 20 | import { designsPrompt, INSTALL_CMD, usageSnippet } from "./snippet";
     | ^^^^^^^^^^^^^^^^^^^^^^^^^^^^^^^^^^^^^^^^^^^^^^^^^^^^^^^^^^^^^^^^^^^^^
  21 |
  22 | // Two looks, each with a light and a dark base. The page follows the app theme;
  23 | // the only choice it offers is which look you're editing. Name + value together

The export designsPrompt was not found in module [project]/app/progress-bar/snippet.ts [app-ssr] (ecmascript).
Did you mean to import designPrompt?
All exports of the module are statically known (It doesn't have dynamic exports). So it's known statically that the requested export doesn't exist.

Import traces:
  Client Component Browser:
    ./app/progress-bar/page.tsx [Client Component Browser]
    ./app/progress-bar/page.tsx [Server Component]

  Client Component SSR:
    ./app/progress-bar/page.tsx [Client Component SSR]
    ./app/progress-bar/page.tsx [Server Component] @ http://localhost:4200/_next/static/chunks/0aus_next_dist_00tg.dm._.js:1945
[   15729ms] [ERROR] ./app/progress-bar/page.tsx:20:1
Export designsPrompt doesn't exist in target module
  18 | } from "@/components/progress-inspector";
  19 | import { copyText } from "@/lib/utils";
> 20 | import { designsPrompt, INSTALL_CMD, usageSnippet } from "./snippet";
     | ^^^^^^^^^^^^^^^^^^^^^^^^^^^^^^^^^^^^^^^^^^^^^^^^^^^^^^^^^^^^^^^^^^^^^
  21 |
  22 | // Two looks, each with a light and a dark base. The page follows the app theme;
  23 | // the only choice it offers is which look you're editing. Name + value together

The export designsPrompt was not found in module [project]/app/progress-bar/snippet.ts [app-client] (ecmascript).
Did you mean to import designPrompt?
All exports of the module are statically known (It doesn't have dynamic exports). So it's known statically that the requested export doesn't exist.

Import traces:
  Client Component Browser:
    ./app/progress-bar/page.tsx [Client Component Browser]
    ./app/progress-bar/page.tsx [Server Component]

  Client Component SSR:
    ./app/progress-bar/page.tsx [Client Component SSR]
    ./app/progress-bar/page.tsx [Server Component] @ http://localhost:4200/_next/static/chunks/0aus_next_dist_00tg.dm._.js:1945
[   15729ms] [ERROR] ./app/progress-bar/page.tsx:20:1
Export designsPrompt doesn't exist in target module
  18 | } from "@/components/progress-inspector";
  19 | import { copyText } from "@/lib/utils";
> 20 | import { designsPrompt, INSTALL_CMD, usageSnippet } from "./snippet";
     | ^^^^^^^^^^^^^^^^^^^^^^^^^^^^^^^^^^^^^^^^^^^^^^^^^^^^^^^^^^^^^^^^^^^^^
  21 |
  22 | // Two looks, each with a light and a dark base. The page follows the app theme;
  23 | // the only choice it offers is which look you're editing. Name + value together

The export designsPrompt was not found in module [project]/app/progress-bar/snippet.ts [app-ssr] (ecmascript).
Did you mean to import designPrompt?
All exports of the module are statically known (It doesn't have dynamic exports). So it's known statically that the requested export doesn't exist.

Import traces:
  Client Component Browser:
    ./app/progress-bar/page.tsx [Client Component Browser]
    ./app/progress-bar/page.tsx [Server Component]

  Client Component SSR:
    ./app/progress-bar/page.tsx [Client Component SSR]
    ./app/progress-bar/page.tsx [Server Component] @ http://localhost:4200/_next/static/chunks/0aus_next_dist_00tg.dm._.js:1945
[   15795ms] [ERROR] ./app/progress-bar/page.tsx:20:1
Export designsPrompt doesn't exist in target module
  18 | } from "@/components/progress-inspector";
  19 | import { copyText } from "@/lib/utils";
> 20 | import { designsPrompt, INSTALL_CMD, usageSnippet } from "./snippet";
     | ^^^^^^^^^^^^^^^^^^^^^^^^^^^^^^^^^^^^^^^^^^^^^^^^^^^^^^^^^^^^^^^^^^^^^
  21 |
  22 | // Two looks, each with a light and a dark base. The page follows the app theme;
  23 | // the only choice it offers is which look you're editing. Name + value together

The export designsPrompt was not found in module [project]/app/progress-bar/snippet.ts [app-client] (ecmascript).
Did you mean to import designPrompt?
All exports of the module are statically known (It doesn't have dynamic exports). So it's known statically that the requested export doesn't exist.

Import traces:
  Client Component Browser:
    ./app/progress-bar/page.tsx [Client Component Browser]
    ./app/progress-bar/page.tsx [Server Component]

  Client Component SSR:
    ./app/progress-bar/page.tsx [Client Component SSR]
    ./app/progress-bar/page.tsx [Server Component] @ http://localhost:4200/_next/static/chunks/0aus_next_dist_00tg.dm._.js:1945
[   15795ms] [ERROR] ./app/progress-bar/page.tsx:20:1
Export designsPrompt doesn't exist in target module
  18 | } from "@/components/progress-inspector";
  19 | import { copyText } from "@/lib/utils";
> 20 | import { designsPrompt, INSTALL_CMD, usageSnippet } from "./snippet";
     | ^^^^^^^^^^^^^^^^^^^^^^^^^^^^^^^^^^^^^^^^^^^^^^^^^^^^^^^^^^^^^^^^^^^^^
  21 |
  22 | // Two looks, each with a light and a dark base. The page follows the app theme;
  23 | // the only choice it offers is which look you're editing. Name + value together

The export designsPrompt was not found in module [project]/app/progress-bar/snippet.ts [app-ssr] (ecmascript).
Did you mean to import designPrompt?
All exports of the module are statically known (It doesn't have dynamic exports). So it's known statically that the requested export doesn't exist.

Import traces:
  Client Component Browser:
    ./app/progress-bar/page.tsx [Client Component Browser]
    ./app/progress-bar/page.tsx [Server Component]

  Client Component SSR:
    ./app/progress-bar/page.tsx [Client Component SSR]
    ./app/progress-bar/page.tsx [Server Component] @ http://localhost:4200/_next/static/chunks/0aus_next_dist_00tg.dm._.js:1945
[   15863ms] [ERROR] ./app/progress-bar/page.tsx:20:1
Export designsPrompt doesn't exist in target module
  18 | } from "@/components/progress-inspector";
  19 | import { copyText } from "@/lib/utils";
> 20 | import { designsPrompt, INSTALL_CMD, usageSnippet } from "./snippet";
     | ^^^^^^^^^^^^^^^^^^^^^^^^^^^^^^^^^^^^^^^^^^^^^^^^^^^^^^^^^^^^^^^^^^^^^
  21 |
  22 | // Two looks, each with a light and a dark base. The page follows the app theme;
  23 | // the only choice it offers is which look you're editing. Name + value together

The export designsPrompt was not found in module [project]/app/progress-bar/snippet.ts [app-client] (ecmascript).
Did you mean to import designPrompt?
All exports of the module are statically known (It doesn't have dynamic exports). So it's known statically that the requested export doesn't exist.

Import traces:
  Client Component Browser:
    ./app/progress-bar/page.tsx [Client Component Browser]
    ./app/progress-bar/page.tsx [Server Component]

  Client Component SSR:
    ./app/progress-bar/page.tsx [Client Component SSR]
    ./app/progress-bar/page.tsx [Server Component] @ http://localhost:4200/_next/static/chunks/0aus_next_dist_00tg.dm._.js:1945
[   15863ms] [ERROR] ./app/progress-bar/page.tsx:20:1
Export designsPrompt doesn't exist in target module
  18 | } from "@/components/progress-inspector";
  19 | import { copyText } from "@/lib/utils";
> 20 | import { designsPrompt, INSTALL_CMD, usageSnippet } from "./snippet";
     | ^^^^^^^^^^^^^^^^^^^^^^^^^^^^^^^^^^^^^^^^^^^^^^^^^^^^^^^^^^^^^^^^^^^^^
  21 |
  22 | // Two looks, each with a light and a dark base. The page follows the app theme;
  23 | // the only choice it offers is which look you're editing. Name + value together

The export designsPrompt was not found in module [project]/app/progress-bar/snippet.ts [app-ssr] (ecmascript).
Did you mean to import designPrompt?
All exports of the module are statically known (It doesn't have dynamic exports). So it's known statically that the requested export doesn't exist.

Import traces:
  Client Component Browser:
    ./app/progress-bar/page.tsx [Client Component Browser]
    ./app/progress-bar/page.tsx [Server Component]

  Client Component SSR:
    ./app/progress-bar/page.tsx [Client Component SSR]
    ./app/progress-bar/page.tsx [Server Component] @ http://localhost:4200/_next/static/chunks/0aus_next_dist_00tg.dm._.js:1945
[   15930ms] [ERROR] ./app/progress-bar/page.tsx:20:1
Export designsPrompt doesn't exist in target module
  18 | } from "@/components/progress-inspector";
  19 | import { copyText } from "@/lib/utils";
> 20 | import { designsPrompt, INSTALL_CMD, usageSnippet } from "./snippet";
     | ^^^^^^^^^^^^^^^^^^^^^^^^^^^^^^^^^^^^^^^^^^^^^^^^^^^^^^^^^^^^^^^^^^^^^
  21 |
  22 | // Two looks, each with a light and a dark base. The page follows the app theme;
  23 | // the only choice it offers is which look you're editing. Name + value together

The export designsPrompt was not found in module [project]/app/progress-bar/snippet.ts [app-client] (ecmascript).
Did you mean to import designPrompt?
All exports of the module are statically known (It doesn't have dynamic exports). So it's known statically that the requested export doesn't exist.

Import traces:
  Client Component Browser:
    ./app/progress-bar/page.tsx [Client Component Browser]
    ./app/progress-bar/page.tsx [Server Component]

  Client Component SSR:
    ./app/progress-bar/page.tsx [Client Component SSR]
    ./app/progress-bar/page.tsx [Server Component] @ http://localhost:4200/_next/static/chunks/0aus_next_dist_00tg.dm._.js:1945
[   15931ms] [ERROR] ./app/progress-bar/page.tsx:20:1
Export designsPrompt doesn't exist in target module
  18 | } from "@/components/progress-inspector";
  19 | import { copyText } from "@/lib/utils";
> 20 | import { designsPrompt, INSTALL_CMD, usageSnippet } from "./snippet";
     | ^^^^^^^^^^^^^^^^^^^^^^^^^^^^^^^^^^^^^^^^^^^^^^^^^^^^^^^^^^^^^^^^^^^^^
  21 |
  22 | // Two looks, each with a light and a dark base. The page follows the app theme;
  23 | // the only choice it offers is which look you're editing. Name + value together

The export designsPrompt was not found in module [project]/app/progress-bar/snippet.ts [app-ssr] (ecmascript).
Did you mean to import designPrompt?
All exports of the module are statically known (It doesn't have dynamic exports). So it's known statically that the requested export doesn't exist.

Import traces:
  Client Component Browser:
    ./app/progress-bar/page.tsx [Client Component Browser]
    ./app/progress-bar/page.tsx [Server Component]

  Client Component SSR:
    ./app/progress-bar/page.tsx [Client Component SSR]
    ./app/progress-bar/page.tsx [Server Component] @ http://localhost:4200/_next/static/chunks/0aus_next_dist_00tg.dm._.js:1945
[   15999ms] [ERROR] ./app/progress-bar/page.tsx:20:1
Export designsPrompt doesn't exist in target module
  18 | } from "@/components/progress-inspector";
  19 | import { copyText } from "@/lib/utils";
> 20 | import { designsPrompt, INSTALL_CMD, usageSnippet } from "./snippet";
     | ^^^^^^^^^^^^^^^^^^^^^^^^^^^^^^^^^^^^^^^^^^^^^^^^^^^^^^^^^^^^^^^^^^^^^
  21 |
  22 | // Two looks, each with a light and a dark base. The page follows the app theme;
  23 | // the only choice it offers is which look you're editing. Name + value together

The export designsPrompt was not found in module [project]/app/progress-bar/snippet.ts [app-client] (ecmascript).
Did you mean to import designPrompt?
All exports of the module are statically known (It doesn't have dynamic exports). So it's known statically that the requested export doesn't exist.

Import traces:
  Client Component Browser:
    ./app/progress-bar/page.tsx [Client Component Browser]
    ./app/progress-bar/page.tsx [Server Component]

  Client Component SSR:
    ./app/progress-bar/page.tsx [Client Component SSR]
    ./app/progress-bar/page.tsx [Server Component] @ http://localhost:4200/_next/static/chunks/0aus_next_dist_00tg.dm._.js:1945
[   15999ms] [ERROR] ./app/progress-bar/page.tsx:20:1
Export designsPrompt doesn't exist in target module
  18 | } from "@/components/progress-inspector";
  19 | import { copyText } from "@/lib/utils";
> 20 | import { designsPrompt, INSTALL_CMD, usageSnippet } from "./snippet";
     | ^^^^^^^^^^^^^^^^^^^^^^^^^^^^^^^^^^^^^^^^^^^^^^^^^^^^^^^^^^^^^^^^^^^^^
  21 |
  22 | // Two looks, each with a light and a dark base. The page follows the app theme;
  23 | // the only choice it offers is which look you're editing. Name + value together

The export designsPrompt was not found in module [project]/app/progress-bar/snippet.ts [app-ssr] (ecmascript).
Did you mean to import designPrompt?
All exports of the module are statically known (It doesn't have dynamic exports). So it's known statically that the requested export doesn't exist.

Import traces:
  Client Component Browser:
    ./app/progress-bar/page.tsx [Client Component Browser]
    ./app/progress-bar/page.tsx [Server Component]

  Client Component SSR:
    ./app/progress-bar/page.tsx [Client Component SSR]
    ./app/progress-bar/page.tsx [Server Component] @ http://localhost:4200/_next/static/chunks/0aus_next_dist_00tg.dm._.js:1945
[   16066ms] [ERROR] ./app/progress-bar/page.tsx:20:1
Export designsPrompt doesn't exist in target module
  18 | } from "@/components/progress-inspector";
  19 | import { copyText } from "@/lib/utils";
> 20 | import { designsPrompt, INSTALL_CMD, usageSnippet } from "./snippet";
     | ^^^^^^^^^^^^^^^^^^^^^^^^^^^^^^^^^^^^^^^^^^^^^^^^^^^^^^^^^^^^^^^^^^^^^
  21 |
  22 | // Two looks, each with a light and a dark base. The page follows the app theme;
  23 | // the only choice it offers is which look you're editing. Name + value together

The export designsPrompt was not found in module [project]/app/progress-bar/snippet.ts [app-client] (ecmascript).
Did you mean to import designPrompt?
All exports of the module are statically known (It doesn't have dynamic exports). So it's known statically that the requested export doesn't exist.

Import traces:
  Client Component Browser:
    ./app/progress-bar/page.tsx [Client Component Browser]
    ./app/progress-bar/page.tsx [Server Component]

  Client Component SSR:
    ./app/progress-bar/page.tsx [Client Component SSR]
    ./app/progress-bar/page.tsx [Server Component] @ http://localhost:4200/_next/static/chunks/0aus_next_dist_00tg.dm._.js:1945
[   16066ms] [ERROR] ./app/progress-bar/page.tsx:20:1
Export designsPrompt doesn't exist in target module
  18 | } from "@/components/progress-inspector";
  19 | import { copyText } from "@/lib/utils";
> 20 | import { designsPrompt, INSTALL_CMD, usageSnippet } from "./snippet";
     | ^^^^^^^^^^^^^^^^^^^^^^^^^^^^^^^^^^^^^^^^^^^^^^^^^^^^^^^^^^^^^^^^^^^^^
  21 |
  22 | // Two looks, each with a light and a dark base. The page follows the app theme;
  23 | // the only choice it offers is which look you're editing. Name + value together

The export designsPrompt was not found in module [project]/app/progress-bar/snippet.ts [app-ssr] (ecmascript).
Did you mean to import designPrompt?
All exports of the module are statically known (It doesn't have dynamic exports). So it's known statically that the requested export doesn't exist.

Import traces:
  Client Component Browser:
    ./app/progress-bar/page.tsx [Client Component Browser]
    ./app/progress-bar/page.tsx [Server Component]

  Client Component SSR:
    ./app/progress-bar/page.tsx [Client Component SSR]
    ./app/progress-bar/page.tsx [Server Component] @ http://localhost:4200/_next/static/chunks/0aus_next_dist_00tg.dm._.js:1945
[   16133ms] [ERROR] ./app/progress-bar/page.tsx:20:1
Export designsPrompt doesn't exist in target module
  18 | } from "@/components/progress-inspector";
  19 | import { copyText } from "@/lib/utils";
> 20 | import { designsPrompt, INSTALL_CMD, usageSnippet } from "./snippet";
     | ^^^^^^^^^^^^^^^^^^^^^^^^^^^^^^^^^^^^^^^^^^^^^^^^^^^^^^^^^^^^^^^^^^^^^
  21 |
  22 | // Two looks, each with a light and a dark base. The page follows the app theme;
  23 | // the only choice it offers is which look you're editing. Name + value together

The export designsPrompt was not found in module [project]/app/progress-bar/snippet.ts [app-client] (ecmascript).
Did you mean to import designPrompt?
All exports of the module are statically known (It doesn't have dynamic exports). So it's known statically that the requested export doesn't exist.

Import traces:
  Client Component Browser:
    ./app/progress-bar/page.tsx [Client Component Browser]
    ./app/progress-bar/page.tsx [Server Component]

  Client Component SSR:
    ./app/progress-bar/page.tsx [Client Component SSR]
    ./app/progress-bar/page.tsx [Server Component] @ http://localhost:4200/_next/static/chunks/0aus_next_dist_00tg.dm._.js:1945
[   16133ms] [ERROR] ./app/progress-bar/page.tsx:20:1
Export designsPrompt doesn't exist in target module
  18 | } from "@/components/progress-inspector";
  19 | import { copyText } from "@/lib/utils";
> 20 | import { designsPrompt, INSTALL_CMD, usageSnippet } from "./snippet";
     | ^^^^^^^^^^^^^^^^^^^^^^^^^^^^^^^^^^^^^^^^^^^^^^^^^^^^^^^^^^^^^^^^^^^^^
  21 |
  22 | // Two looks, each with a light and a dark base. The page follows the app theme;
  23 | // the only choice it offers is which look you're editing. Name + value together

The export designsPrompt was not found in module [project]/app/progress-bar/snippet.ts [app-ssr] (ecmascript).
Did you mean to import designPrompt?
All exports of the module are statically known (It doesn't have dynamic exports). So it's known statically that the requested export doesn't exist.

Import traces:
  Client Component Browser:
    ./app/progress-bar/page.tsx [Client Component Browser]
    ./app/progress-bar/page.tsx [Server Component]

  Client Component SSR:
    ./app/progress-bar/page.tsx [Client Component SSR]
    ./app/progress-bar/page.tsx [Server Component] @ http://localhost:4200/_next/static/chunks/0aus_next_dist_00tg.dm._.js:1945
[   16202ms] [ERROR] ./app/progress-bar/page.tsx:20:1
Export designsPrompt doesn't exist in target module
  18 | } from "@/components/progress-inspector";
  19 | import { copyText } from "@/lib/utils";
> 20 | import { designsPrompt, INSTALL_CMD, usageSnippet } from "./snippet";
     | ^^^^^^^^^^^^^^^^^^^^^^^^^^^^^^^^^^^^^^^^^^^^^^^^^^^^^^^^^^^^^^^^^^^^^
  21 |
  22 | // Two looks, each with a light and a dark base. The page follows the app theme;
  23 | // the only choice it offers is which look you're editing. Name + value together

The export designsPrompt was not found in module [project]/app/progress-bar/snippet.ts [app-client] (ecmascript).
Did you mean to import designPrompt?
All exports of the module are statically known (It doesn't have dynamic exports). So it's known statically that the requested export doesn't exist.

Import traces:
  Client Component Browser:
    ./app/progress-bar/page.tsx [Client Component Browser]
    ./app/progress-bar/page.tsx [Server Component]

  Client Component SSR:
    ./app/progress-bar/page.tsx [Client Component SSR]
    ./app/progress-bar/page.tsx [Server Component] @ http://localhost:4200/_next/static/chunks/0aus_next_dist_00tg.dm._.js:1945
[   16202ms] [ERROR] ./app/progress-bar/page.tsx:20:1
Export designsPrompt doesn't exist in target module
  18 | } from "@/components/progress-inspector";
  19 | import { copyText } from "@/lib/utils";
> 20 | import { designsPrompt, INSTALL_CMD, usageSnippet } from "./snippet";
     | ^^^^^^^^^^^^^^^^^^^^^^^^^^^^^^^^^^^^^^^^^^^^^^^^^^^^^^^^^^^^^^^^^^^^^
  21 |
  22 | // Two looks, each with a light and a dark base. The page follows the app theme;
  23 | // the only choice it offers is which look you're editing. Name + value together

The export designsPrompt was not found in module [project]/app/progress-bar/snippet.ts [app-ssr] (ecmascript).
Did you mean to import designPrompt?
All exports of the module are statically known (It doesn't have dynamic exports). So it's known statically that the requested export doesn't exist.

Import traces:
  Client Component Browser:
    ./app/progress-bar/page.tsx [Client Component Browser]
    ./app/progress-bar/page.tsx [Server Component]

  Client Component SSR:
    ./app/progress-bar/page.tsx [Client Component SSR]
    ./app/progress-bar/page.tsx [Server Component] @ http://localhost:4200/_next/static/chunks/0aus_next_dist_00tg.dm._.js:1945
[   16269ms] [ERROR] ./app/progress-bar/page.tsx:20:1
Export designsPrompt doesn't exist in target module
  18 | } from "@/components/progress-inspector";
  19 | import { copyText } from "@/lib/utils";
> 20 | import { designsPrompt, INSTALL_CMD, usageSnippet } from "./snippet";
     | ^^^^^^^^^^^^^^^^^^^^^^^^^^^^^^^^^^^^^^^^^^^^^^^^^^^^^^^^^^^^^^^^^^^^^
  21 |
  22 | // Two looks, each with a light and a dark base. The page follows the app theme;
  23 | // the only choice it offers is which look you're editing. Name + value together

The export designsPrompt was not found in module [project]/app/progress-bar/snippet.ts [app-client] (ecmascript).
Did you mean to import designPrompt?
All exports of the module are statically known (It doesn't have dynamic exports). So it's known statically that the requested export doesn't exist.

Import traces:
  Client Component Browser:
    ./app/progress-bar/page.tsx [Client Component Browser]
    ./app/progress-bar/page.tsx [Server Component]

  Client Component SSR:
    ./app/progress-bar/page.tsx [Client Component SSR]
    ./app/progress-bar/page.tsx [Server Component] @ http://localhost:4200/_next/static/chunks/0aus_next_dist_00tg.dm._.js:1945
[   16269ms] [ERROR] ./app/progress-bar/page.tsx:20:1
Export designsPrompt doesn't exist in target module
  18 | } from "@/components/progress-inspector";
  19 | import { copyText } from "@/lib/utils";
> 20 | import { designsPrompt, INSTALL_CMD, usageSnippet } from "./snippet";
     | ^^^^^^^^^^^^^^^^^^^^^^^^^^^^^^^^^^^^^^^^^^^^^^^^^^^^^^^^^^^^^^^^^^^^^
  21 |
  22 | // Two looks, each with a light and a dark base. The page follows the app theme;
  23 | // the only choice it offers is which look you're editing. Name + value together

The export designsPrompt was not found in module [project]/app/progress-bar/snippet.ts [app-ssr] (ecmascript).
Did you mean to import designPrompt?
All exports of the module are statically known (It doesn't have dynamic exports). So it's known statically that the requested export doesn't exist.

Import traces:
  Client Component Browser:
    ./app/progress-bar/page.tsx [Client Component Browser]
    ./app/progress-bar/page.tsx [Server Component]

  Client Component SSR:
    ./app/progress-bar/page.tsx [Client Component SSR]
    ./app/progress-bar/page.tsx [Server Component] @ http://localhost:4200/_next/static/chunks/0aus_next_dist_00tg.dm._.js:1945
[   16336ms] [ERROR] ./app/progress-bar/page.tsx:20:1
Export designsPrompt doesn't exist in target module
  18 | } from "@/components/progress-inspector";
  19 | import { copyText } from "@/lib/utils";
> 20 | import { designsPrompt, INSTALL_CMD, usageSnippet } from "./snippet";
     | ^^^^^^^^^^^^^^^^^^^^^^^^^^^^^^^^^^^^^^^^^^^^^^^^^^^^^^^^^^^^^^^^^^^^^
  21 |
  22 | // Two looks, each with a light and a dark base. The page follows the app theme;
  23 | // the only choice it offers is which look you're editing. Name + value together

The export designsPrompt was not found in module [project]/app/progress-bar/snippet.ts [app-client] (ecmascript).
Did you mean to import designPrompt?
All exports of the module are statically known (It doesn't have dynamic exports). So it's known statically that the requested export doesn't exist.

Import traces:
  Client Component Browser:
    ./app/progress-bar/page.tsx [Client Component Browser]
    ./app/progress-bar/page.tsx [Server Component]

  Client Component SSR:
    ./app/progress-bar/page.tsx [Client Component SSR]
    ./app/progress-bar/page.tsx [Server Component] @ http://localhost:4200/_next/static/chunks/0aus_next_dist_00tg.dm._.js:1945
[   16336ms] [ERROR] ./app/progress-bar/page.tsx:20:1
Export designsPrompt doesn't exist in target module
  18 | } from "@/components/progress-inspector";
  19 | import { copyText } from "@/lib/utils";
> 20 | import { designsPrompt, INSTALL_CMD, usageSnippet } from "./snippet";
     | ^^^^^^^^^^^^^^^^^^^^^^^^^^^^^^^^^^^^^^^^^^^^^^^^^^^^^^^^^^^^^^^^^^^^^
  21 |
  22 | // Two looks, each with a light and a dark base. The page follows the app theme;
  23 | // the only choice it offers is which look you're editing. Name + value together

The export designsPrompt was not found in module [project]/app/progress-bar/snippet.ts [app-ssr] (ecmascript).
Did you mean to import designPrompt?
All exports of the module are statically known (It doesn't have dynamic exports). So it's known statically that the requested export doesn't exist.

Import traces:
  Client Component Browser:
    ./app/progress-bar/page.tsx [Client Component Browser]
    ./app/progress-bar/page.tsx [Server Component]

  Client Component SSR:
    ./app/progress-bar/page.tsx [Client Component SSR]
    ./app/progress-bar/page.tsx [Server Component] @ http://localhost:4200/_next/static/chunks/0aus_next_dist_00tg.dm._.js:1945
[   16402ms] [ERROR] ./app/progress-bar/page.tsx:20:1
Export designsPrompt doesn't exist in target module
  18 | } from "@/components/progress-inspector";
  19 | import { copyText } from "@/lib/utils";
> 20 | import { designsPrompt, INSTALL_CMD, usageSnippet } from "./snippet";
     | ^^^^^^^^^^^^^^^^^^^^^^^^^^^^^^^^^^^^^^^^^^^^^^^^^^^^^^^^^^^^^^^^^^^^^
  21 |
  22 | // Two looks, each with a light and a dark base. The page follows the app theme;
  23 | // the only choice it offers is which look you're editing. Name + value together

The export designsPrompt was not found in module [project]/app/progress-bar/snippet.ts [app-client] (ecmascript).
Did you mean to import designPrompt?
All exports of the module are statically known (It doesn't have dynamic exports). So it's known statically that the requested export doesn't exist.

Import traces:
  Client Component Browser:
    ./app/progress-bar/page.tsx [Client Component Browser]
    ./app/progress-bar/page.tsx [Server Component]

  Client Component SSR:
    ./app/progress-bar/page.tsx [Client Component SSR]
    ./app/progress-bar/page.tsx [Server Component] @ http://localhost:4200/_next/static/chunks/0aus_next_dist_00tg.dm._.js:1945
[   16402ms] [ERROR] ./app/progress-bar/page.tsx:20:1
Export designsPrompt doesn't exist in target module
  18 | } from "@/components/progress-inspector";
  19 | import { copyText } from "@/lib/utils";
> 20 | import { designsPrompt, INSTALL_CMD, usageSnippet } from "./snippet";
     | ^^^^^^^^^^^^^^^^^^^^^^^^^^^^^^^^^^^^^^^^^^^^^^^^^^^^^^^^^^^^^^^^^^^^^
  21 |
  22 | // Two looks, each with a light and a dark base. The page follows the app theme;
  23 | // the only choice it offers is which look you're editing. Name + value together

The export designsPrompt was not found in module [project]/app/progress-bar/snippet.ts [app-ssr] (ecmascript).
Did you mean to import designPrompt?
All exports of the module are statically known (It doesn't have dynamic exports). So it's known statically that the requested export doesn't exist.

Import traces:
  Client Component Browser:
    ./app/progress-bar/page.tsx [Client Component Browser]
    ./app/progress-bar/page.tsx [Server Component]

  Client Component SSR:
    ./app/progress-bar/page.tsx [Client Component SSR]
    ./app/progress-bar/page.tsx [Server Component] @ http://localhost:4200/_next/static/chunks/0aus_next_dist_00tg.dm._.js:1945
[   16470ms] [ERROR] ./app/progress-bar/page.tsx:20:1
Export designsPrompt doesn't exist in target module
  18 | } from "@/components/progress-inspector";
  19 | import { copyText } from "@/lib/utils";
> 20 | import { designsPrompt, INSTALL_CMD, usageSnippet } from "./snippet";
     | ^^^^^^^^^^^^^^^^^^^^^^^^^^^^^^^^^^^^^^^^^^^^^^^^^^^^^^^^^^^^^^^^^^^^^
  21 |
  22 | // Two looks, each with a light and a dark base. The page follows the app theme;
  23 | // the only choice it offers is which look you're editing. Name + value together

The export designsPrompt was not found in module [project]/app/progress-bar/snippet.ts [app-client] (ecmascript).
Did you mean to import designPrompt?
All exports of the module are statically known (It doesn't have dynamic exports). So it's known statically that the requested export doesn't exist.

Import traces:
  Client Component Browser:
    ./app/progress-bar/page.tsx [Client Component Browser]
    ./app/progress-bar/page.tsx [Server Component]

  Client Component SSR:
    ./app/progress-bar/page.tsx [Client Component SSR]
    ./app/progress-bar/page.tsx [Server Component] @ http://localhost:4200/_next/static/chunks/0aus_next_dist_00tg.dm._.js:1945
[   16470ms] [ERROR] ./app/progress-bar/page.tsx:20:1
Export designsPrompt doesn't exist in target module
  18 | } from "@/components/progress-inspector";
  19 | import { copyText } from "@/lib/utils";
> 20 | import { designsPrompt, INSTALL_CMD, usageSnippet } from "./snippet";
     | ^^^^^^^^^^^^^^^^^^^^^^^^^^^^^^^^^^^^^^^^^^^^^^^^^^^^^^^^^^^^^^^^^^^^^
  21 |
  22 | // Two looks, each with a light and a dark base. The page follows the app theme;
  23 | // the only choice it offers is which look you're editing. Name + value together

The export designsPrompt was not found in module [project]/app/progress-bar/snippet.ts [app-ssr] (ecmascript).
Did you mean to import designPrompt?
All exports of the module are statically known (It doesn't have dynamic exports). So it's known statically that the requested export doesn't exist.

Import traces:
  Client Component Browser:
    ./app/progress-bar/page.tsx [Client Component Browser]
    ./app/progress-bar/page.tsx [Server Component]

  Client Component SSR:
    ./app/progress-bar/page.tsx [Client Component SSR]
    ./app/progress-bar/page.tsx [Server Component] @ http://localhost:4200/_next/static/chunks/0aus_next_dist_00tg.dm._.js:1945
[   16537ms] [ERROR] ./app/progress-bar/page.tsx:20:1
Export designsPrompt doesn't exist in target module
  18 | } from "@/components/progress-inspector";
  19 | import { copyText } from "@/lib/utils";
> 20 | import { designsPrompt, INSTALL_CMD, usageSnippet } from "./snippet";
     | ^^^^^^^^^^^^^^^^^^^^^^^^^^^^^^^^^^^^^^^^^^^^^^^^^^^^^^^^^^^^^^^^^^^^^
  21 |
  22 | // Two looks, each with a light and a dark base. The page follows the app theme;
  23 | // the only choice it offers is which look you're editing. Name + value together

The export designsPrompt was not found in module [project]/app/progress-bar/snippet.ts [app-client] (ecmascript).
Did you mean to import designPrompt?
All exports of the module are statically known (It doesn't have dynamic exports). So it's known statically that the requested export doesn't exist.

Import traces:
  Client Component Browser:
    ./app/progress-bar/page.tsx [Client Component Browser]
    ./app/progress-bar/page.tsx [Server Component]

  Client Component SSR:
    ./app/progress-bar/page.tsx [Client Component SSR]
    ./app/progress-bar/page.tsx [Server Component] @ http://localhost:4200/_next/static/chunks/0aus_next_dist_00tg.dm._.js:1945
[   16537ms] [ERROR] ./app/progress-bar/page.tsx:20:1
Export designsPrompt doesn't exist in target module
  18 | } from "@/components/progress-inspector";
  19 | import { copyText } from "@/lib/utils";
> 20 | import { designsPrompt, INSTALL_CMD, usageSnippet } from "./snippet";
     | ^^^^^^^^^^^^^^^^^^^^^^^^^^^^^^^^^^^^^^^^^^^^^^^^^^^^^^^^^^^^^^^^^^^^^
  21 |
  22 | // Two looks, each with a light and a dark base. The page follows the app theme;
  23 | // the only choice it offers is which look you're editing. Name + value together

The export designsPrompt was not found in module [project]/app/progress-bar/snippet.ts [app-ssr] (ecmascript).
Did you mean to import designPrompt?
All exports of the module are statically known (It doesn't have dynamic exports). So it's known statically that the requested export doesn't exist.

Import traces:
  Client Component Browser:
    ./app/progress-bar/page.tsx [Client Component Browser]
    ./app/progress-bar/page.tsx [Server Component]

  Client Component SSR:
    ./app/progress-bar/page.tsx [Client Component SSR]
    ./app/progress-bar/page.tsx [Server Component] @ http://localhost:4200/_next/static/chunks/0aus_next_dist_00tg.dm._.js:1945
[   16605ms] [ERROR] ./app/progress-bar/page.tsx:20:1
Export designsPrompt doesn't exist in target module
  18 | } from "@/components/progress-inspector";
  19 | import { copyText } from "@/lib/utils";
> 20 | import { designsPrompt, INSTALL_CMD, usageSnippet } from "./snippet";
     | ^^^^^^^^^^^^^^^^^^^^^^^^^^^^^^^^^^^^^^^^^^^^^^^^^^^^^^^^^^^^^^^^^^^^^
  21 |
  22 | // Two looks, each with a light and a dark base. The page follows the app theme;
  23 | // the only choice it offers is which look you're editing. Name + value together

The export designsPrompt was not found in module [project]/app/progress-bar/snippet.ts [app-client] (ecmascript).
Did you mean to import designPrompt?
All exports of the module are statically known (It doesn't have dynamic exports). So it's known statically that the requested export doesn't exist.

Import traces:
  Client Component Browser:
    ./app/progress-bar/page.tsx [Client Component Browser]
    ./app/progress-bar/page.tsx [Server Component]

  Client Component SSR:
    ./app/progress-bar/page.tsx [Client Component SSR]
    ./app/progress-bar/page.tsx [Server Component] @ http://localhost:4200/_next/static/chunks/0aus_next_dist_00tg.dm._.js:1945
[   16605ms] [ERROR] ./app/progress-bar/page.tsx:20:1
Export designsPrompt doesn't exist in target module
  18 | } from "@/components/progress-inspector";
  19 | import { copyText } from "@/lib/utils";
> 20 | import { designsPrompt, INSTALL_CMD, usageSnippet } from "./snippet";
     | ^^^^^^^^^^^^^^^^^^^^^^^^^^^^^^^^^^^^^^^^^^^^^^^^^^^^^^^^^^^^^^^^^^^^^
  21 |
  22 | // Two looks, each with a light and a dark base. The page follows the app theme;
  23 | // the only choice it offers is which look you're editing. Name + value together

The export designsPrompt was not found in module [project]/app/progress-bar/snippet.ts [app-ssr] (ecmascript).
Did you mean to import designPrompt?
All exports of the module are statically known (It doesn't have dynamic exports). So it's known statically that the requested export doesn't exist.

Import traces:
  Client Component Browser:
    ./app/progress-bar/page.tsx [Client Component Browser]
    ./app/progress-bar/page.tsx [Server Component]

  Client Component SSR:
    ./app/progress-bar/page.tsx [Client Component SSR]
    ./app/progress-bar/page.tsx [Server Component] @ http://localhost:4200/_next/static/chunks/0aus_next_dist_00tg.dm._.js:1945
[   16674ms] [ERROR] ./app/progress-bar/page.tsx:20:1
Export designsPrompt doesn't exist in target module
  18 | } from "@/components/progress-inspector";
  19 | import { copyText } from "@/lib/utils";
> 20 | import { designsPrompt, INSTALL_CMD, usageSnippet } from "./snippet";
     | ^^^^^^^^^^^^^^^^^^^^^^^^^^^^^^^^^^^^^^^^^^^^^^^^^^^^^^^^^^^^^^^^^^^^^
  21 |
  22 | // Two looks, each with a light and a dark base. The page follows the app theme;
  23 | // the only choice it offers is which look you're editing. Name + value together

The export designsPrompt was not found in module [project]/app/progress-bar/snippet.ts [app-client] (ecmascript).
Did you mean to import designPrompt?
All exports of the module are statically known (It doesn't have dynamic exports). So it's known statically that the requested export doesn't exist.

Import traces:
  Client Component Browser:
    ./app/progress-bar/page.tsx [Client Component Browser]
    ./app/progress-bar/page.tsx [Server Component]

  Client Component SSR:
    ./app/progress-bar/page.tsx [Client Component SSR]
    ./app/progress-bar/page.tsx [Server Component] @ http://localhost:4200/_next/static/chunks/0aus_next_dist_00tg.dm._.js:1945
[   16674ms] [ERROR] ./app/progress-bar/page.tsx:20:1
Export designsPrompt doesn't exist in target module
  18 | } from "@/components/progress-inspector";
  19 | import { copyText } from "@/lib/utils";
> 20 | import { designsPrompt, INSTALL_CMD, usageSnippet } from "./snippet";
     | ^^^^^^^^^^^^^^^^^^^^^^^^^^^^^^^^^^^^^^^^^^^^^^^^^^^^^^^^^^^^^^^^^^^^^
  21 |
  22 | // Two looks, each with a light and a dark base. The page follows the app theme;
  23 | // the only choice it offers is which look you're editing. Name + value together

The export designsPrompt was not found in module [project]/app/progress-bar/snippet.ts [app-ssr] (ecmascript).
Did you mean to import designPrompt?
All exports of the module are statically known (It doesn't have dynamic exports). So it's known statically that the requested export doesn't exist.

Import traces:
  Client Component Browser:
    ./app/progress-bar/page.tsx [Client Component Browser]
    ./app/progress-bar/page.tsx [Server Component]

  Client Component SSR:
    ./app/progress-bar/page.tsx [Client Component SSR]
    ./app/progress-bar/page.tsx [Server Component] @ http://localhost:4200/_next/static/chunks/0aus_next_dist_00tg.dm._.js:1945
[   16749ms] [ERROR] ./app/progress-bar/page.tsx:20:1
Export designsPrompt doesn't exist in target module
  18 | } from "@/components/progress-inspector";
  19 | import { copyText } from "@/lib/utils";
> 20 | import { designsPrompt, INSTALL_CMD, usageSnippet } from "./snippet";
     | ^^^^^^^^^^^^^^^^^^^^^^^^^^^^^^^^^^^^^^^^^^^^^^^^^^^^^^^^^^^^^^^^^^^^^
  21 |
  22 | // Two looks, each with a light and a dark base. The page follows the app theme;
  23 | // the only choice it offers is which look you're editing. Name + value together

The export designsPrompt was not found in module [project]/app/progress-bar/snippet.ts [app-client] (ecmascript).
Did you mean to import designPrompt?
All exports of the module are statically known (It doesn't have dynamic exports). So it's known statically that the requested export doesn't exist.

Import traces:
  Client Component Browser:
    ./app/progress-bar/page.tsx [Client Component Browser]
    ./app/progress-bar/page.tsx [Server Component]

  Client Component SSR:
    ./app/progress-bar/page.tsx [Client Component SSR]
    ./app/progress-bar/page.tsx [Server Component] @ http://localhost:4200/_next/static/chunks/0aus_next_dist_00tg.dm._.js:1945
[   16749ms] [ERROR] ./app/progress-bar/page.tsx:20:1
Export designsPrompt doesn't exist in target module
  18 | } from "@/components/progress-inspector";
  19 | import { copyText } from "@/lib/utils";
> 20 | import { designsPrompt, INSTALL_CMD, usageSnippet } from "./snippet";
     | ^^^^^^^^^^^^^^^^^^^^^^^^^^^^^^^^^^^^^^^^^^^^^^^^^^^^^^^^^^^^^^^^^^^^^
  21 |
  22 | // Two looks, each with a light and a dark base. The page follows the app theme;
  23 | // the only choice it offers is which look you're editing. Name + value together

The export designsPrompt was not found in module [project]/app/progress-bar/snippet.ts [app-ssr] (ecmascript).
Did you mean to import designPrompt?
All exports of the module are statically known (It doesn't have dynamic exports). So it's known statically that the requested export doesn't exist.

Import traces:
  Client Component Browser:
    ./app/progress-bar/page.tsx [Client Component Browser]
    ./app/progress-bar/page.tsx [Server Component]

  Client Component SSR:
    ./app/progress-bar/page.tsx [Client Component SSR]
    ./app/progress-bar/page.tsx [Server Component] @ http://localhost:4200/_next/static/chunks/0aus_next_dist_00tg.dm._.js:1945
[   16820ms] [ERROR] ./app/progress-bar/page.tsx:20:1
Export designsPrompt doesn't exist in target module
  18 | } from "@/components/progress-inspector";
  19 | import { copyText } from "@/lib/utils";
> 20 | import { designsPrompt, INSTALL_CMD, usageSnippet } from "./snippet";
     | ^^^^^^^^^^^^^^^^^^^^^^^^^^^^^^^^^^^^^^^^^^^^^^^^^^^^^^^^^^^^^^^^^^^^^
  21 |
  22 | // Two looks, each with a light and a dark base. The page follows the app theme;
  23 | // the only choice it offers is which look you're editing. Name + value together

The export designsPrompt was not found in module [project]/app/progress-bar/snippet.ts [app-client] (ecmascript).
Did you mean to import designPrompt?
All exports of the module are statically known (It doesn't have dynamic exports). So it's known statically that the requested export doesn't exist.

Import traces:
  Client Component Browser:
    ./app/progress-bar/page.tsx [Client Component Browser]
    ./app/progress-bar/page.tsx [Server Component]

  Client Component SSR:
    ./app/progress-bar/page.tsx [Client Component SSR]
    ./app/progress-bar/page.tsx [Server Component] @ http://localhost:4200/_next/static/chunks/0aus_next_dist_00tg.dm._.js:1945
[   16820ms] [ERROR] ./app/progress-bar/page.tsx:20:1
Export designsPrompt doesn't exist in target module
  18 | } from "@/components/progress-inspector";
  19 | import { copyText } from "@/lib/utils";
> 20 | import { designsPrompt, INSTALL_CMD, usageSnippet } from "./snippet";
     | ^^^^^^^^^^^^^^^^^^^^^^^^^^^^^^^^^^^^^^^^^^^^^^^^^^^^^^^^^^^^^^^^^^^^^
  21 |
  22 | // Two looks, each with a light and a dark base. The page follows the app theme;
  23 | // the only choice it offers is which look you're editing. Name + value together

The export designsPrompt was not found in module [project]/app/progress-bar/snippet.ts [app-ssr] (ecmascript).
Did you mean to import designPrompt?
All exports of the module are statically known (It doesn't have dynamic exports). So it's known statically that the requested export doesn't exist.

Import traces:
  Client Component Browser:
    ./app/progress-bar/page.tsx [Client Component Browser]
    ./app/progress-bar/page.tsx [Server Component]

  Client Component SSR:
    ./app/progress-bar/page.tsx [Client Component SSR]
    ./app/progress-bar/page.tsx [Server Component] @ http://localhost:4200/_next/static/chunks/0aus_next_dist_00tg.dm._.js:1945
[   16889ms] [ERROR] ./app/progress-bar/page.tsx:20:1
Export designsPrompt doesn't exist in target module
  18 | } from "@/components/progress-inspector";
  19 | import { copyText } from "@/lib/utils";
> 20 | import { designsPrompt, INSTALL_CMD, usageSnippet } from "./snippet";
     | ^^^^^^^^^^^^^^^^^^^^^^^^^^^^^^^^^^^^^^^^^^^^^^^^^^^^^^^^^^^^^^^^^^^^^
  21 |
  22 | // Two looks, each with a light and a dark base. The page follows the app theme;
  23 | // the only choice it offers is which look you're editing. Name + value together

The export designsPrompt was not found in module [project]/app/progress-bar/snippet.ts [app-client] (ecmascript).
Did you mean to import designPrompt?
All exports of the module are statically known (It doesn't have dynamic exports). So it's known statically that the requested export doesn't exist.

Import traces:
  Client Component Browser:
    ./app/progress-bar/page.tsx [Client Component Browser]
    ./app/progress-bar/page.tsx [Server Component]

  Client Component SSR:
    ./app/progress-bar/page.tsx [Client Component SSR]
    ./app/progress-bar/page.tsx [Server Component] @ http://localhost:4200/_next/static/chunks/0aus_next_dist_00tg.dm._.js:1945
[   16889ms] [ERROR] ./app/progress-bar/page.tsx:20:1
Export designsPrompt doesn't exist in target module
  18 | } from "@/components/progress-inspector";
  19 | import { copyText } from "@/lib/utils";
> 20 | import { designsPrompt, INSTALL_CMD, usageSnippet } from "./snippet";
     | ^^^^^^^^^^^^^^^^^^^^^^^^^^^^^^^^^^^^^^^^^^^^^^^^^^^^^^^^^^^^^^^^^^^^^
  21 |
  22 | // Two looks, each with a light and a dark base. The page follows the app theme;
  23 | // the only choice it offers is which look you're editing. Name + value together

The export designsPrompt was not found in module [project]/app/progress-bar/snippet.ts [app-ssr] (ecmascript).
Did you mean to import designPrompt?
All exports of the module are statically known (It doesn't have dynamic exports). So it's known statically that the requested export doesn't exist.

Import traces:
  Client Component Browser:
    ./app/progress-bar/page.tsx [Client Component Browser]
    ./app/progress-bar/page.tsx [Server Component]

  Client Component SSR:
    ./app/progress-bar/page.tsx [Client Component SSR]
    ./app/progress-bar/page.tsx [Server Component] @ http://localhost:4200/_next/static/chunks/0aus_next_dist_00tg.dm._.js:1945
[   16956ms] [ERROR] ./app/progress-bar/page.tsx:20:1
Export designsPrompt doesn't exist in target module
  18 | } from "@/components/progress-inspector";
  19 | import { copyText } from "@/lib/utils";
> 20 | import { designsPrompt, INSTALL_CMD, usageSnippet } from "./snippet";
     | ^^^^^^^^^^^^^^^^^^^^^^^^^^^^^^^^^^^^^^^^^^^^^^^^^^^^^^^^^^^^^^^^^^^^^
  21 |
  22 | // Two looks, each with a light and a dark base. The page follows the app theme;
  23 | // the only choice it offers is which look you're editing. Name + value together

The export designsPrompt was not found in module [project]/app/progress-bar/snippet.ts [app-client] (ecmascript).
Did you mean to import designPrompt?
All exports of the module are statically known (It doesn't have dynamic exports). So it's known statically that the requested export doesn't exist.

Import traces:
  Client Component Browser:
    ./app/progress-bar/page.tsx [Client Component Browser]
    ./app/progress-bar/page.tsx [Server Component]

  Client Component SSR:
    ./app/progress-bar/page.tsx [Client Component SSR]
    ./app/progress-bar/page.tsx [Server Component] @ http://localhost:4200/_next/static/chunks/0aus_next_dist_00tg.dm._.js:1945
[   16956ms] [ERROR] ./app/progress-bar/page.tsx:20:1
Export designsPrompt doesn't exist in target module
  18 | } from "@/components/progress-inspector";
  19 | import { copyText } from "@/lib/utils";
> 20 | import { designsPrompt, INSTALL_CMD, usageSnippet } from "./snippet";
     | ^^^^^^^^^^^^^^^^^^^^^^^^^^^^^^^^^^^^^^^^^^^^^^^^^^^^^^^^^^^^^^^^^^^^^
  21 |
  22 | // Two looks, each with a light and a dark base. The page follows the app theme;
  23 | // the only choice it offers is which look you're editing. Name + value together

The export designsPrompt was not found in module [project]/app/progress-bar/snippet.ts [app-ssr] (ecmascript).
Did you mean to import designPrompt?
All exports of the module are statically known (It doesn't have dynamic exports). So it's known statically that the requested export doesn't exist.

Import traces:
  Client Component Browser:
    ./app/progress-bar/page.tsx [Client Component Browser]
    ./app/progress-bar/page.tsx [Server Component]

  Client Component SSR:
    ./app/progress-bar/page.tsx [Client Component SSR]
    ./app/progress-bar/page.tsx [Server Component] @ http://localhost:4200/_next/static/chunks/0aus_next_dist_00tg.dm._.js:1945
[   17022ms] [ERROR] ./app/progress-bar/page.tsx:20:1
Export designsPrompt doesn't exist in target module
  18 | } from "@/components/progress-inspector";
  19 | import { copyText } from "@/lib/utils";
> 20 | import { designsPrompt, INSTALL_CMD, usageSnippet } from "./snippet";
     | ^^^^^^^^^^^^^^^^^^^^^^^^^^^^^^^^^^^^^^^^^^^^^^^^^^^^^^^^^^^^^^^^^^^^^
  21 |
  22 | // Two looks, each with a light and a dark base. The page follows the app theme;
  23 | // the only choice it offers is which look you're editing. Name + value together

The export designsPrompt was not found in module [project]/app/progress-bar/snippet.ts [app-client] (ecmascript).
Did you mean to import designPrompt?
All exports of the module are statically known (It doesn't have dynamic exports). So it's known statically that the requested export doesn't exist.

Import traces:
  Client Component Browser:
    ./app/progress-bar/page.tsx [Client Component Browser]
    ./app/progress-bar/page.tsx [Server Component]

  Client Component SSR:
    ./app/progress-bar/page.tsx [Client Component SSR]
    ./app/progress-bar/page.tsx [Server Component] @ http://localhost:4200/_next/static/chunks/0aus_next_dist_00tg.dm._.js:1945
[   17022ms] [ERROR] ./app/progress-bar/page.tsx:20:1
Export designsPrompt doesn't exist in target module
  18 | } from "@/components/progress-inspector";
  19 | import { copyText } from "@/lib/utils";
> 20 | import { designsPrompt, INSTALL_CMD, usageSnippet } from "./snippet";
     | ^^^^^^^^^^^^^^^^^^^^^^^^^^^^^^^^^^^^^^^^^^^^^^^^^^^^^^^^^^^^^^^^^^^^^
  21 |
  22 | // Two looks, each with a light and a dark base. The page follows the app theme;
  23 | // the only choice it offers is which look you're editing. Name + value together

The export designsPrompt was not found in module [project]/app/progress-bar/snippet.ts [app-ssr] (ecmascript).
Did you mean to import designPrompt?
All exports of the module are statically known (It doesn't have dynamic exports). So it's known statically that the requested export doesn't exist.

Import traces:
  Client Component Browser:
    ./app/progress-bar/page.tsx [Client Component Browser]
    ./app/progress-bar/page.tsx [Server Component]

  Client Component SSR:
    ./app/progress-bar/page.tsx [Client Component SSR]
    ./app/progress-bar/page.tsx [Server Component] @ http://localhost:4200/_next/static/chunks/0aus_next_dist_00tg.dm._.js:1945
[   17090ms] [ERROR] ./app/progress-bar/page.tsx:20:1
Export designsPrompt doesn't exist in target module
  18 | } from "@/components/progress-inspector";
  19 | import { copyText } from "@/lib/utils";
> 20 | import { designsPrompt, INSTALL_CMD, usageSnippet } from "./snippet";
     | ^^^^^^^^^^^^^^^^^^^^^^^^^^^^^^^^^^^^^^^^^^^^^^^^^^^^^^^^^^^^^^^^^^^^^
  21 |
  22 | // Two looks, each with a light and a dark base. The page follows the app theme;
  23 | // the only choice it offers is which look you're editing. Name + value together

The export designsPrompt was not found in module [project]/app/progress-bar/snippet.ts [app-client] (ecmascript).
Did you mean to import designPrompt?
All exports of the module are statically known (It doesn't have dynamic exports). So it's known statically that the requested export doesn't exist.

Import traces:
  Client Component Browser:
    ./app/progress-bar/page.tsx [Client Component Browser]
    ./app/progress-bar/page.tsx [Server Component]

  Client Component SSR:
    ./app/progress-bar/page.tsx [Client Component SSR]
    ./app/progress-bar/page.tsx [Server Component] @ http://localhost:4200/_next/static/chunks/0aus_next_dist_00tg.dm._.js:1945
[   17090ms] [ERROR] ./app/progress-bar/page.tsx:20:1
Export designsPrompt doesn't exist in target module
  18 | } from "@/components/progress-inspector";
  19 | import { copyText } from "@/lib/utils";
> 20 | import { designsPrompt, INSTALL_CMD, usageSnippet } from "./snippet";
     | ^^^^^^^^^^^^^^^^^^^^^^^^^^^^^^^^^^^^^^^^^^^^^^^^^^^^^^^^^^^^^^^^^^^^^
  21 |
  22 | // Two looks, each with a light and a dark base. The page follows the app theme;
  23 | // the only choice it offers is which look you're editing. Name + value together

The export designsPrompt was not found in module [project]/app/progress-bar/snippet.ts [app-ssr] (ecmascript).
Did you mean to import designPrompt?
All exports of the module are statically known (It doesn't have dynamic exports). So it's known statically that the requested export doesn't exist.

Import traces:
  Client Component Browser:
    ./app/progress-bar/page.tsx [Client Component Browser]
    ./app/progress-bar/page.tsx [Server Component]

  Client Component SSR:
    ./app/progress-bar/page.tsx [Client Component SSR]
    ./app/progress-bar/page.tsx [Server Component] @ http://localhost:4200/_next/static/chunks/0aus_next_dist_00tg.dm._.js:1945
[   17156ms] [ERROR] ./app/progress-bar/page.tsx:20:1
Export designsPrompt doesn't exist in target module
  18 | } from "@/components/progress-inspector";
  19 | import { copyText } from "@/lib/utils";
> 20 | import { designsPrompt, INSTALL_CMD, usageSnippet } from "./snippet";
     | ^^^^^^^^^^^^^^^^^^^^^^^^^^^^^^^^^^^^^^^^^^^^^^^^^^^^^^^^^^^^^^^^^^^^^
  21 |
  22 | // Two looks, each with a light and a dark base. The page follows the app theme;
  23 | // the only choice it offers is which look you're editing. Name + value together

The export designsPrompt was not found in module [project]/app/progress-bar/snippet.ts [app-client] (ecmascript).
Did you mean to import designPrompt?
All exports of the module are statically known (It doesn't have dynamic exports). So it's known statically that the requested export doesn't exist.

Import traces:
  Client Component Browser:
    ./app/progress-bar/page.tsx [Client Component Browser]
    ./app/progress-bar/page.tsx [Server Component]

  Client Component SSR:
    ./app/progress-bar/page.tsx [Client Component SSR]
    ./app/progress-bar/page.tsx [Server Component] @ http://localhost:4200/_next/static/chunks/0aus_next_dist_00tg.dm._.js:1945
[   17156ms] [ERROR] ./app/progress-bar/page.tsx:20:1
Export designsPrompt doesn't exist in target module
  18 | } from "@/components/progress-inspector";
  19 | import { copyText } from "@/lib/utils";
> 20 | import { designsPrompt, INSTALL_CMD, usageSnippet } from "./snippet";
     | ^^^^^^^^^^^^^^^^^^^^^^^^^^^^^^^^^^^^^^^^^^^^^^^^^^^^^^^^^^^^^^^^^^^^^
  21 |
  22 | // Two looks, each with a light and a dark base. The page follows the app theme;
  23 | // the only choice it offers is which look you're editing. Name + value together

The export designsPrompt was not found in module [project]/app/progress-bar/snippet.ts [app-ssr] (ecmascript).
Did you mean to import designPrompt?
All exports of the module are statically known (It doesn't have dynamic exports). So it's known statically that the requested export doesn't exist.

Import traces:
  Client Component Browser:
    ./app/progress-bar/page.tsx [Client Component Browser]
    ./app/progress-bar/page.tsx [Server Component]

  Client Component SSR:
    ./app/progress-bar/page.tsx [Client Component SSR]
    ./app/progress-bar/page.tsx [Server Component] @ http://localhost:4200/_next/static/chunks/0aus_next_dist_00tg.dm._.js:1945
[   17217ms] [LOG] [Fast Refresh] rebuilding @ http://localhost:4200/_next/static/chunks/0aus_next_dist_00tg.dm._.js:1226
[   17297ms] [ERROR] ./app/progress-bar/page.tsx:20:1
Export designsPrompt doesn't exist in target module
  18 | } from "@/components/progress-inspector";
  19 | import { copyText } from "@/lib/utils";
> 20 | import { designsPrompt, INSTALL_CMD, usageSnippet } from "./snippet";
     | ^^^^^^^^^^^^^^^^^^^^^^^^^^^^^^^^^^^^^^^^^^^^^^^^^^^^^^^^^^^^^^^^^^^^^
  21 |
  22 | // Two looks, each with a light and a dark base. The page follows the app theme;
  23 | // the only choice it offers is which look you're editing. Name + value together

The export designsPrompt was not found in module [project]/app/progress-bar/snippet.ts [app-client] (ecmascript).
Did you mean to import designPrompt?
All exports of the module are statically known (It doesn't have dynamic exports). So it's known statically that the requested export doesn't exist.

Import traces:
  Client Component Browser:
    ./app/progress-bar/page.tsx [Client Component Browser]
    ./app/progress-bar/page.tsx [Server Component]

  Client Component SSR:
    ./app/progress-bar/page.tsx [Client Component SSR]
    ./app/progress-bar/page.tsx [Server Component] @ http://localhost:4200/_next/static/chunks/0aus_next_dist_00tg.dm._.js:1945
[   17298ms] [ERROR] ./app/progress-bar/page.tsx:20:1
Export designsPrompt doesn't exist in target module
  18 | } from "@/components/progress-inspector";
  19 | import { copyText } from "@/lib/utils";
> 20 | import { designsPrompt, INSTALL_CMD, usageSnippet } from "./snippet";
     | ^^^^^^^^^^^^^^^^^^^^^^^^^^^^^^^^^^^^^^^^^^^^^^^^^^^^^^^^^^^^^^^^^^^^^
  21 |
  22 | // Two looks, each with a light and a dark base. The page follows the app theme;
  23 | // the only choice it offers is which look you're editing. Name + value together

The export designsPrompt was not found in module [project]/app/progress-bar/snippet.ts [app-ssr] (ecmascript).
Did you mean to import designPrompt?
All exports of the module are statically known (It doesn't have dynamic exports). So it's known statically that the requested export doesn't exist.

Import traces:
  Client Component Browser:
    ./app/progress-bar/page.tsx [Client Component Browser]
    ./app/progress-bar/page.tsx [Server Component]

  Client Component SSR:
    ./app/progress-bar/page.tsx [Client Component SSR]
    ./app/progress-bar/page.tsx [Server Component] @ http://localhost:4200/_next/static/chunks/0aus_next_dist_00tg.dm._.js:1945
[   17365ms] [ERROR] ./app/progress-bar/page.tsx:20:1
Export designsPrompt doesn't exist in target module
  18 | } from "@/components/progress-inspector";
  19 | import { copyText } from "@/lib/utils";
> 20 | import { designsPrompt, INSTALL_CMD, usageSnippet } from "./snippet";
     | ^^^^^^^^^^^^^^^^^^^^^^^^^^^^^^^^^^^^^^^^^^^^^^^^^^^^^^^^^^^^^^^^^^^^^
  21 |
  22 | // Two looks, each with a light and a dark base. The page follows the app theme;
  23 | // the only choice it offers is which look you're editing. Name + value together

The export designsPrompt was not found in module [project]/app/progress-bar/snippet.ts [app-client] (ecmascript).
Did you mean to import designPrompt?
All exports of the module are statically known (It doesn't have dynamic exports). So it's known statically that the requested export doesn't exist.

Import traces:
  Client Component Browser:
    ./app/progress-bar/page.tsx [Client Component Browser]
    ./app/progress-bar/page.tsx [Server Component]

  Client Component SSR:
    ./app/progress-bar/page.tsx [Client Component SSR]
    ./app/progress-bar/page.tsx [Server Component] @ http://localhost:4200/_next/static/chunks/0aus_next_dist_00tg.dm._.js:1945
[   17365ms] [ERROR] ./app/progress-bar/page.tsx:20:1
Export designsPrompt doesn't exist in target module
  18 | } from "@/components/progress-inspector";
  19 | import { copyText } from "@/lib/utils";
> 20 | import { designsPrompt, INSTALL_CMD, usageSnippet } from "./snippet";
     | ^^^^^^^^^^^^^^^^^^^^^^^^^^^^^^^^^^^^^^^^^^^^^^^^^^^^^^^^^^^^^^^^^^^^^
  21 |
  22 | // Two looks, each with a light and a dark base. The page follows the app theme;
  23 | // the only choice it offers is which look you're editing. Name + value together

The export designsPrompt was not found in module [project]/app/progress-bar/snippet.ts [app-ssr] (ecmascript).
Did you mean to import designPrompt?
All exports of the module are statically known (It doesn't have dynamic exports). So it's known statically that the requested export doesn't exist.

Import traces:
  Client Component Browser:
    ./app/progress-bar/page.tsx [Client Component Browser]
    ./app/progress-bar/page.tsx [Server Component]

  Client Component SSR:
    ./app/progress-bar/page.tsx [Client Component SSR]
    ./app/progress-bar/page.tsx [Server Component] @ http://localhost:4200/_next/static/chunks/0aus_next_dist_00tg.dm._.js:1945
[   17433ms] [ERROR] ./app/progress-bar/page.tsx:20:1
Export designsPrompt doesn't exist in target module
  18 | } from "@/components/progress-inspector";
  19 | import { copyText } from "@/lib/utils";
> 20 | import { designsPrompt, INSTALL_CMD, usageSnippet } from "./snippet";
     | ^^^^^^^^^^^^^^^^^^^^^^^^^^^^^^^^^^^^^^^^^^^^^^^^^^^^^^^^^^^^^^^^^^^^^
  21 |
  22 | // Two looks, each with a light and a dark base. The page follows the app theme;
  23 | // the only choice it offers is which look you're editing. Name + value together

The export designsPrompt was not found in module [project]/app/progress-bar/snippet.ts [app-client] (ecmascript).
Did you mean to import designPrompt?
All exports of the module are statically known (It doesn't have dynamic exports). So it's known statically that the requested export doesn't exist.

Import traces:
  Client Component Browser:
    ./app/progress-bar/page.tsx [Client Component Browser]
    ./app/progress-bar/page.tsx [Server Component]

  Client Component SSR:
    ./app/progress-bar/page.tsx [Client Component SSR]
    ./app/progress-bar/page.tsx [Server Component] @ http://localhost:4200/_next/static/chunks/0aus_next_dist_00tg.dm._.js:1945
[   17433ms] [ERROR] ./app/progress-bar/page.tsx:20:1
Export designsPrompt doesn't exist in target module
  18 | } from "@/components/progress-inspector";
  19 | import { copyText } from "@/lib/utils";
> 20 | import { designsPrompt, INSTALL_CMD, usageSnippet } from "./snippet";
     | ^^^^^^^^^^^^^^^^^^^^^^^^^^^^^^^^^^^^^^^^^^^^^^^^^^^^^^^^^^^^^^^^^^^^^
  21 |
  22 | // Two looks, each with a light and a dark base. The page follows the app theme;
  23 | // the only choice it offers is which look you're editing. Name + value together

The export designsPrompt was not found in module [project]/app/progress-bar/snippet.ts [app-ssr] (ecmascript).
Did you mean to import designPrompt?
All exports of the module are statically known (It doesn't have dynamic exports). So it's known statically that the requested export doesn't exist.

Import traces:
  Client Component Browser:
    ./app/progress-bar/page.tsx [Client Component Browser]
    ./app/progress-bar/page.tsx [Server Component]

  Client Component SSR:
    ./app/progress-bar/page.tsx [Client Component SSR]
    ./app/progress-bar/page.tsx [Server Component] @ http://localhost:4200/_next/static/chunks/0aus_next_dist_00tg.dm._.js:1945
[   17499ms] [ERROR] ./app/progress-bar/page.tsx:20:1
Export designsPrompt doesn't exist in target module
  18 | } from "@/components/progress-inspector";
  19 | import { copyText } from "@/lib/utils";
> 20 | import { designsPrompt, INSTALL_CMD, usageSnippet } from "./snippet";
     | ^^^^^^^^^^^^^^^^^^^^^^^^^^^^^^^^^^^^^^^^^^^^^^^^^^^^^^^^^^^^^^^^^^^^^
  21 |
  22 | // Two looks, each with a light and a dark base. The page follows the app theme;
  23 | // the only choice it offers is which look you're editing. Name + value together

The export designsPrompt was not found in module [project]/app/progress-bar/snippet.ts [app-client] (ecmascript).
Did you mean to import designPrompt?
All exports of the module are statically known (It doesn't have dynamic exports). So it's known statically that the requested export doesn't exist.

Import traces:
  Client Component Browser:
    ./app/progress-bar/page.tsx [Client Component Browser]
    ./app/progress-bar/page.tsx [Server Component]

  Client Component SSR:
    ./app/progress-bar/page.tsx [Client Component SSR]
    ./app/progress-bar/page.tsx [Server Component] @ http://localhost:4200/_next/static/chunks/0aus_next_dist_00tg.dm._.js:1945
[   17499ms] [ERROR] ./app/progress-bar/page.tsx:20:1
Export designsPrompt doesn't exist in target module
  18 | } from "@/components/progress-inspector";
  19 | import { copyText } from "@/lib/utils";
> 20 | import { designsPrompt, INSTALL_CMD, usageSnippet } from "./snippet";
     | ^^^^^^^^^^^^^^^^^^^^^^^^^^^^^^^^^^^^^^^^^^^^^^^^^^^^^^^^^^^^^^^^^^^^^
  21 |
  22 | // Two looks, each with a light and a dark base. The page follows the app theme;
  23 | // the only choice it offers is which look you're editing. Name + value together

The export designsPrompt was not found in module [project]/app/progress-bar/snippet.ts [app-ssr] (ecmascript).
Did you mean to import designPrompt?
All exports of the module are statically known (It doesn't have dynamic exports). So it's known statically that the requested export doesn't exist.

Import traces:
  Client Component Browser:
    ./app/progress-bar/page.tsx [Client Component Browser]
    ./app/progress-bar/page.tsx [Server Component]

  Client Component SSR:
    ./app/progress-bar/page.tsx [Client Component SSR]
    ./app/progress-bar/page.tsx [Server Component] @ http://localhost:4200/_next/static/chunks/0aus_next_dist_00tg.dm._.js:1945
[   17561ms] [LOG] [Fast Refresh] rebuilding @ http://localhost:4200/_next/static/chunks/0aus_next_dist_00tg.dm._.js:1226
[   17634ms] [ERROR] ./app/progress-bar/page.tsx:20:1
Export designsPrompt doesn't exist in target module
  18 | } from "@/components/progress-inspector";
  19 | import { copyText } from "@/lib/utils";
> 20 | import { designsPrompt, INSTALL_CMD, usageSnippet } from "./snippet";
     | ^^^^^^^^^^^^^^^^^^^^^^^^^^^^^^^^^^^^^^^^^^^^^^^^^^^^^^^^^^^^^^^^^^^^^
  21 |
  22 | // Two looks, each with a light and a dark base. The page follows the app theme;
  23 | // the only choice it offers is which look you're editing. Name + value together

The export designsPrompt was not found in module [project]/app/progress-bar/snippet.ts [app-client] (ecmascript).
Did you mean to import designPrompt?
All exports of the module are statically known (It doesn't have dynamic exports). So it's known statically that the requested export doesn't exist.

Import traces:
  Client Component Browser:
    ./app/progress-bar/page.tsx [Client Component Browser]
    ./app/progress-bar/page.tsx [Server Component]

  Client Component SSR:
    ./app/progress-bar/page.tsx [Client Component SSR]
    ./app/progress-bar/page.tsx [Server Component] @ http://localhost:4200/_next/static/chunks/0aus_next_dist_00tg.dm._.js:1945
[   17634ms] [ERROR] ./app/progress-bar/page.tsx:20:1
Export designsPrompt doesn't exist in target module
  18 | } from "@/components/progress-inspector";
  19 | import { copyText } from "@/lib/utils";
> 20 | import { designsPrompt, INSTALL_CMD, usageSnippet } from "./snippet";
     | ^^^^^^^^^^^^^^^^^^^^^^^^^^^^^^^^^^^^^^^^^^^^^^^^^^^^^^^^^^^^^^^^^^^^^
  21 |
  22 | // Two looks, each with a light and a dark base. The page follows the app theme;
  23 | // the only choice it offers is which look you're editing. Name + value together

The export designsPrompt was not found in module [project]/app/progress-bar/snippet.ts [app-ssr] (ecmascript).
Did you mean to import designPrompt?
All exports of the module are statically known (It doesn't have dynamic exports). So it's known statically that the requested export doesn't exist.

Import traces:
  Client Component Browser:
    ./app/progress-bar/page.tsx [Client Component Browser]
    ./app/progress-bar/page.tsx [Server Component]

  Client Component SSR:
    ./app/progress-bar/page.tsx [Client Component SSR]
    ./app/progress-bar/page.tsx [Server Component] @ http://localhost:4200/_next/static/chunks/0aus_next_dist_00tg.dm._.js:1945
[   17701ms] [ERROR] ./app/progress-bar/page.tsx:20:1
Export designsPrompt doesn't exist in target module
  18 | } from "@/components/progress-inspector";
  19 | import { copyText } from "@/lib/utils";
> 20 | import { designsPrompt, INSTALL_CMD, usageSnippet } from "./snippet";
     | ^^^^^^^^^^^^^^^^^^^^^^^^^^^^^^^^^^^^^^^^^^^^^^^^^^^^^^^^^^^^^^^^^^^^^
  21 |
  22 | // Two looks, each with a light and a dark base. The page follows the app theme;
  23 | // the only choice it offers is which look you're editing. Name + value together

The export designsPrompt was not found in module [project]/app/progress-bar/snippet.ts [app-client] (ecmascript).
Did you mean to import designPrompt?
All exports of the module are statically known (It doesn't have dynamic exports). So it's known statically that the requested export doesn't exist.

Import traces:
  Client Component Browser:
    ./app/progress-bar/page.tsx [Client Component Browser]
    ./app/progress-bar/page.tsx [Server Component]

  Client Component SSR:
    ./app/progress-bar/page.tsx [Client Component SSR]
    ./app/progress-bar/page.tsx [Server Component] @ http://localhost:4200/_next/static/chunks/0aus_next_dist_00tg.dm._.js:1945
[   17701ms] [ERROR] ./app/progress-bar/page.tsx:20:1
Export designsPrompt doesn't exist in target module
  18 | } from "@/components/progress-inspector";
  19 | import { copyText } from "@/lib/utils";
> 20 | import { designsPrompt, INSTALL_CMD, usageSnippet } from "./snippet";
     | ^^^^^^^^^^^^^^^^^^^^^^^^^^^^^^^^^^^^^^^^^^^^^^^^^^^^^^^^^^^^^^^^^^^^^
  21 |
  22 | // Two looks, each with a light and a dark base. The page follows the app theme;
  23 | // the only choice it offers is which look you're editing. Name + value together

The export designsPrompt was not found in module [project]/app/progress-bar/snippet.ts [app-ssr] (ecmascript).
Did you mean to import designPrompt?
All exports of the module are statically known (It doesn't have dynamic exports). So it's known statically that the requested export doesn't exist.

Import traces:
  Client Component Browser:
    ./app/progress-bar/page.tsx [Client Component Browser]
    ./app/progress-bar/page.tsx [Server Component]

  Client Component SSR:
    ./app/progress-bar/page.tsx [Client Component SSR]
    ./app/progress-bar/page.tsx [Server Component] @ http://localhost:4200/_next/static/chunks/0aus_next_dist_00tg.dm._.js:1945
[   17768ms] [ERROR] ./app/progress-bar/page.tsx:20:1
Export designsPrompt doesn't exist in target module
  18 | } from "@/components/progress-inspector";
  19 | import { copyText } from "@/lib/utils";
> 20 | import { designsPrompt, INSTALL_CMD, usageSnippet } from "./snippet";
     | ^^^^^^^^^^^^^^^^^^^^^^^^^^^^^^^^^^^^^^^^^^^^^^^^^^^^^^^^^^^^^^^^^^^^^
  21 |
  22 | // Two looks, each with a light and a dark base. The page follows the app theme;
  23 | // the only choice it offers is which look you're editing. Name + value together

The export designsPrompt was not found in module [project]/app/progress-bar/snippet.ts [app-client] (ecmascript).
Did you mean to import designPrompt?
All exports of the module are statically known (It doesn't have dynamic exports). So it's known statically that the requested export doesn't exist.

Import traces:
  Client Component Browser:
    ./app/progress-bar/page.tsx [Client Component Browser]
    ./app/progress-bar/page.tsx [Server Component]

  Client Component SSR:
    ./app/progress-bar/page.tsx [Client Component SSR]
    ./app/progress-bar/page.tsx [Server Component] @ http://localhost:4200/_next/static/chunks/0aus_next_dist_00tg.dm._.js:1945
[   17768ms] [ERROR] ./app/progress-bar/page.tsx:20:1
Export designsPrompt doesn't exist in target module
  18 | } from "@/components/progress-inspector";
  19 | import { copyText } from "@/lib/utils";
> 20 | import { designsPrompt, INSTALL_CMD, usageSnippet } from "./snippet";
     | ^^^^^^^^^^^^^^^^^^^^^^^^^^^^^^^^^^^^^^^^^^^^^^^^^^^^^^^^^^^^^^^^^^^^^
  21 |
  22 | // Two looks, each with a light and a dark base. The page follows the app theme;
  23 | // the only choice it offers is which look you're editing. Name + value together

The export designsPrompt was not found in module [project]/app/progress-bar/snippet.ts [app-ssr] (ecmascript).
Did you mean to import designPrompt?
All exports of the module are statically known (It doesn't have dynamic exports). So it's known statically that the requested export doesn't exist.

Import traces:
  Client Component Browser:
    ./app/progress-bar/page.tsx [Client Component Browser]
    ./app/progress-bar/page.tsx [Server Component]

  Client Component SSR:
    ./app/progress-bar/page.tsx [Client Component SSR]
    ./app/progress-bar/page.tsx [Server Component] @ http://localhost:4200/_next/static/chunks/0aus_next_dist_00tg.dm._.js:1945
[   17835ms] [ERROR] ./app/progress-bar/page.tsx:20:1
Export designsPrompt doesn't exist in target module
  18 | } from "@/components/progress-inspector";
  19 | import { copyText } from "@/lib/utils";
> 20 | import { designsPrompt, INSTALL_CMD, usageSnippet } from "./snippet";
     | ^^^^^^^^^^^^^^^^^^^^^^^^^^^^^^^^^^^^^^^^^^^^^^^^^^^^^^^^^^^^^^^^^^^^^
  21 |
  22 | // Two looks, each with a light and a dark base. The page follows the app theme;
  23 | // the only choice it offers is which look you're editing. Name + value together

The export designsPrompt was not found in module [project]/app/progress-bar/snippet.ts [app-client] (ecmascript).
Did you mean to import designPrompt?
All exports of the module are statically known (It doesn't have dynamic exports). So it's known statically that the requested export doesn't exist.

Import traces:
  Client Component Browser:
    ./app/progress-bar/page.tsx [Client Component Browser]
    ./app/progress-bar/page.tsx [Server Component]

  Client Component SSR:
    ./app/progress-bar/page.tsx [Client Component SSR]
    ./app/progress-bar/page.tsx [Server Component] @ http://localhost:4200/_next/static/chunks/0aus_next_dist_00tg.dm._.js:1945
[   17835ms] [ERROR] ./app/progress-bar/page.tsx:20:1
Export designsPrompt doesn't exist in target module
  18 | } from "@/components/progress-inspector";
  19 | import { copyText } from "@/lib/utils";
> 20 | import { designsPrompt, INSTALL_CMD, usageSnippet } from "./snippet";
     | ^^^^^^^^^^^^^^^^^^^^^^^^^^^^^^^^^^^^^^^^^^^^^^^^^^^^^^^^^^^^^^^^^^^^^
  21 |
  22 | // Two looks, each with a light and a dark base. The page follows the app theme;
  23 | // the only choice it offers is which look you're editing. Name + value together

The export designsPrompt was not found in module [project]/app/progress-bar/snippet.ts [app-ssr] (ecmascript).
Did you mean to import designPrompt?
All exports of the module are statically known (It doesn't have dynamic exports). So it's known statically that the requested export doesn't exist.

Import traces:
  Client Component Browser:
    ./app/progress-bar/page.tsx [Client Component Browser]
    ./app/progress-bar/page.tsx [Server Component]

  Client Component SSR:
    ./app/progress-bar/page.tsx [Client Component SSR]
    ./app/progress-bar/page.tsx [Server Component] @ http://localhost:4200/_next/static/chunks/0aus_next_dist_00tg.dm._.js:1945
[   17903ms] [ERROR] ./app/progress-bar/page.tsx:20:1
Export designsPrompt doesn't exist in target module
  18 | } from "@/components/progress-inspector";
  19 | import { copyText } from "@/lib/utils";
> 20 | import { designsPrompt, INSTALL_CMD, usageSnippet } from "./snippet";
     | ^^^^^^^^^^^^^^^^^^^^^^^^^^^^^^^^^^^^^^^^^^^^^^^^^^^^^^^^^^^^^^^^^^^^^
  21 |
  22 | // Two looks, each with a light and a dark base. The page follows the app theme;
  23 | // the only choice it offers is which look you're editing. Name + value together

The export designsPrompt was not found in module [project]/app/progress-bar/snippet.ts [app-client] (ecmascript).
Did you mean to import designPrompt?
All exports of the module are statically known (It doesn't have dynamic exports). So it's known statically that the requested export doesn't exist.

Import traces:
  Client Component Browser:
    ./app/progress-bar/page.tsx [Client Component Browser]
    ./app/progress-bar/page.tsx [Server Component]

  Client Component SSR:
    ./app/progress-bar/page.tsx [Client Component SSR]
    ./app/progress-bar/page.tsx [Server Component] @ http://localhost:4200/_next/static/chunks/0aus_next_dist_00tg.dm._.js:1945
[   17903ms] [ERROR] ./app/progress-bar/page.tsx:20:1
Export designsPrompt doesn't exist in target module
  18 | } from "@/components/progress-inspector";
  19 | import { copyText } from "@/lib/utils";
> 20 | import { designsPrompt, INSTALL_CMD, usageSnippet } from "./snippet";
     | ^^^^^^^^^^^^^^^^^^^^^^^^^^^^^^^^^^^^^^^^^^^^^^^^^^^^^^^^^^^^^^^^^^^^^
  21 |
  22 | // Two looks, each with a light and a dark base. The page follows the app theme;
  23 | // the only choice it offers is which look you're editing. Name + value together

The export designsPrompt was not found in module [project]/app/progress-bar/snippet.ts [app-ssr] (ecmascript).
Did you mean to import designPrompt?
All exports of the module are statically known (It doesn't have dynamic exports). So it's known statically that the requested export doesn't exist.

Import traces:
  Client Component Browser:
    ./app/progress-bar/page.tsx [Client Component Browser]
    ./app/progress-bar/page.tsx [Server Component]

  Client Component SSR:
    ./app/progress-bar/page.tsx [Client Component SSR]
    ./app/progress-bar/page.tsx [Server Component] @ http://localhost:4200/_next/static/chunks/0aus_next_dist_00tg.dm._.js:1945
[   17968ms] [ERROR] ./app/progress-bar/page.tsx:20:1
Export designsPrompt doesn't exist in target module
  18 | } from "@/components/progress-inspector";
  19 | import { copyText } from "@/lib/utils";
> 20 | import { designsPrompt, INSTALL_CMD, usageSnippet } from "./snippet";
     | ^^^^^^^^^^^^^^^^^^^^^^^^^^^^^^^^^^^^^^^^^^^^^^^^^^^^^^^^^^^^^^^^^^^^^
  21 |
  22 | // Two looks, each with a light and a dark base. The page follows the app theme;
  23 | // the only choice it offers is which look you're editing. Name + value together

The export designsPrompt was not found in module [project]/app/progress-bar/snippet.ts [app-client] (ecmascript).
Did you mean to import designPrompt?
All exports of the module are statically known (It doesn't have dynamic exports). So it's known statically that the requested export doesn't exist.

Import traces:
  Client Component Browser:
    ./app/progress-bar/page.tsx [Client Component Browser]
    ./app/progress-bar/page.tsx [Server Component]

  Client Component SSR:
    ./app/progress-bar/page.tsx [Client Component SSR]
    ./app/progress-bar/page.tsx [Server Component] @ http://localhost:4200/_next/static/chunks/0aus_next_dist_00tg.dm._.js:1945
[   17968ms] [ERROR] ./app/progress-bar/page.tsx:20:1
Export designsPrompt doesn't exist in target module
  18 | } from "@/components/progress-inspector";
  19 | import { copyText } from "@/lib/utils";
> 20 | import { designsPrompt, INSTALL_CMD, usageSnippet } from "./snippet";
     | ^^^^^^^^^^^^^^^^^^^^^^^^^^^^^^^^^^^^^^^^^^^^^^^^^^^^^^^^^^^^^^^^^^^^^
  21 |
  22 | // Two looks, each with a light and a dark base. The page follows the app theme;
  23 | // the only choice it offers is which look you're editing. Name + value together

The export designsPrompt was not found in module [project]/app/progress-bar/snippet.ts [app-ssr] (ecmascript).
Did you mean to import designPrompt?
All exports of the module are statically known (It doesn't have dynamic exports). So it's known statically that the requested export doesn't exist.

Import traces:
  Client Component Browser:
    ./app/progress-bar/page.tsx [Client Component Browser]
    ./app/progress-bar/page.tsx [Server Component]

  Client Component SSR:
    ./app/progress-bar/page.tsx [Client Component SSR]
    ./app/progress-bar/page.tsx [Server Component] @ http://localhost:4200/_next/static/chunks/0aus_next_dist_00tg.dm._.js:1945
[   18033ms] [ERROR] ./app/progress-bar/page.tsx:20:1
Export designsPrompt doesn't exist in target module
  18 | } from "@/components/progress-inspector";
  19 | import { copyText } from "@/lib/utils";
> 20 | import { designsPrompt, INSTALL_CMD, usageSnippet } from "./snippet";
     | ^^^^^^^^^^^^^^^^^^^^^^^^^^^^^^^^^^^^^^^^^^^^^^^^^^^^^^^^^^^^^^^^^^^^^
  21 |
  22 | // Two looks, each with a light and a dark base. The page follows the app theme;
  23 | // the only choice it offers is which look you're editing. Name + value together

The export designsPrompt was not found in module [project]/app/progress-bar/snippet.ts [app-client] (ecmascript).
Did you mean to import designPrompt?
All exports of the module are statically known (It doesn't have dynamic exports). So it's known statically that the requested export doesn't exist.

Import traces:
  Client Component Browser:
    ./app/progress-bar/page.tsx [Client Component Browser]
    ./app/progress-bar/page.tsx [Server Component]

  Client Component SSR:
    ./app/progress-bar/page.tsx [Client Component SSR]
    ./app/progress-bar/page.tsx [Server Component] @ http://localhost:4200/_next/static/chunks/0aus_next_dist_00tg.dm._.js:1945
[   18033ms] [ERROR] ./app/progress-bar/page.tsx:20:1
Export designsPrompt doesn't exist in target module
  18 | } from "@/components/progress-inspector";
  19 | import { copyText } from "@/lib/utils";
> 20 | import { designsPrompt, INSTALL_CMD, usageSnippet } from "./snippet";
     | ^^^^^^^^^^^^^^^^^^^^^^^^^^^^^^^^^^^^^^^^^^^^^^^^^^^^^^^^^^^^^^^^^^^^^
  21 |
  22 | // Two looks, each with a light and a dark base. The page follows the app theme;
  23 | // the only choice it offers is which look you're editing. Name + value together

The export designsPrompt was not found in module [project]/app/progress-bar/snippet.ts [app-ssr] (ecmascript).
Did you mean to import designPrompt?
All exports of the module are statically known (It doesn't have dynamic exports). So it's known statically that the requested export doesn't exist.

Import traces:
  Client Component Browser:
    ./app/progress-bar/page.tsx [Client Component Browser]
    ./app/progress-bar/page.tsx [Server Component]

  Client Component SSR:
    ./app/progress-bar/page.tsx [Client Component SSR]
    ./app/progress-bar/page.tsx [Server Component] @ http://localhost:4200/_next/static/chunks/0aus_next_dist_00tg.dm._.js:1945
[   18101ms] [ERROR] ./app/progress-bar/page.tsx:20:1
Export designsPrompt doesn't exist in target module
  18 | } from "@/components/progress-inspector";
  19 | import { copyText } from "@/lib/utils";
> 20 | import { designsPrompt, INSTALL_CMD, usageSnippet } from "./snippet";
     | ^^^^^^^^^^^^^^^^^^^^^^^^^^^^^^^^^^^^^^^^^^^^^^^^^^^^^^^^^^^^^^^^^^^^^
  21 |
  22 | // Two looks, each with a light and a dark base. The page follows the app theme;
  23 | // the only choice it offers is which look you're editing. Name + value together

The export designsPrompt was not found in module [project]/app/progress-bar/snippet.ts [app-client] (ecmascript).
Did you mean to import designPrompt?
All exports of the module are statically known (It doesn't have dynamic exports). So it's known statically that the requested export doesn't exist.

Import traces:
  Client Component Browser:
    ./app/progress-bar/page.tsx [Client Component Browser]
    ./app/progress-bar/page.tsx [Server Component]

  Client Component SSR:
    ./app/progress-bar/page.tsx [Client Component SSR]
    ./app/progress-bar/page.tsx [Server Component] @ http://localhost:4200/_next/static/chunks/0aus_next_dist_00tg.dm._.js:1945
[   18102ms] [ERROR] ./app/progress-bar/page.tsx:20:1
Export designsPrompt doesn't exist in target module
  18 | } from "@/components/progress-inspector";
  19 | import { copyText } from "@/lib/utils";
> 20 | import { designsPrompt, INSTALL_CMD, usageSnippet } from "./snippet";
     | ^^^^^^^^^^^^^^^^^^^^^^^^^^^^^^^^^^^^^^^^^^^^^^^^^^^^^^^^^^^^^^^^^^^^^
  21 |
  22 | // Two looks, each with a light and a dark base. The page follows the app theme;
  23 | // the only choice it offers is which look you're editing. Name + value together

The export designsPrompt was not found in module [project]/app/progress-bar/snippet.ts [app-ssr] (ecmascript).
Did you mean to import designPrompt?
All exports of the module are statically known (It doesn't have dynamic exports). So it's known statically that the requested export doesn't exist.

Import traces:
  Client Component Browser:
    ./app/progress-bar/page.tsx [Client Component Browser]
    ./app/progress-bar/page.tsx [Server Component]

  Client Component SSR:
    ./app/progress-bar/page.tsx [Client Component SSR]
    ./app/progress-bar/page.tsx [Server Component] @ http://localhost:4200/_next/static/chunks/0aus_next_dist_00tg.dm._.js:1945
[   18168ms] [ERROR] ./app/progress-bar/page.tsx:20:1
Export designsPrompt doesn't exist in target module
  18 | } from "@/components/progress-inspector";
  19 | import { copyText } from "@/lib/utils";
> 20 | import { designsPrompt, INSTALL_CMD, usageSnippet } from "./snippet";
     | ^^^^^^^^^^^^^^^^^^^^^^^^^^^^^^^^^^^^^^^^^^^^^^^^^^^^^^^^^^^^^^^^^^^^^
  21 |
  22 | // Two looks, each with a light and a dark base. The page follows the app theme;
  23 | // the only choice it offers is which look you're editing. Name + value together

The export designsPrompt was not found in module [project]/app/progress-bar/snippet.ts [app-client] (ecmascript).
Did you mean to import designPrompt?
All exports of the module are statically known (It doesn't have dynamic exports). So it's known statically that the requested export doesn't exist.

Import traces:
  Client Component Browser:
    ./app/progress-bar/page.tsx [Client Component Browser]
    ./app/progress-bar/page.tsx [Server Component]

  Client Component SSR:
    ./app/progress-bar/page.tsx [Client Component SSR]
    ./app/progress-bar/page.tsx [Server Component] @ http://localhost:4200/_next/static/chunks/0aus_next_dist_00tg.dm._.js:1945
[   18168ms] [ERROR] ./app/progress-bar/page.tsx:20:1
Export designsPrompt doesn't exist in target module
  18 | } from "@/components/progress-inspector";
  19 | import { copyText } from "@/lib/utils";
> 20 | import { designsPrompt, INSTALL_CMD, usageSnippet } from "./snippet";
     | ^^^^^^^^^^^^^^^^^^^^^^^^^^^^^^^^^^^^^^^^^^^^^^^^^^^^^^^^^^^^^^^^^^^^^
  21 |
  22 | // Two looks, each with a light and a dark base. The page follows the app theme;
  23 | // the only choice it offers is which look you're editing. Name + value together

The export designsPrompt was not found in module [project]/app/progress-bar/snippet.ts [app-ssr] (ecmascript).
Did you mean to import designPrompt?
All exports of the module are statically known (It doesn't have dynamic exports). So it's known statically that the requested export doesn't exist.

Import traces:
  Client Component Browser:
    ./app/progress-bar/page.tsx [Client Component Browser]
    ./app/progress-bar/page.tsx [Server Component]

  Client Component SSR:
    ./app/progress-bar/page.tsx [Client Component SSR]
    ./app/progress-bar/page.tsx [Server Component] @ http://localhost:4200/_next/static/chunks/0aus_next_dist_00tg.dm._.js:1945
[   18236ms] [ERROR] ./app/progress-bar/page.tsx:20:1
Export designsPrompt doesn't exist in target module
  18 | } from "@/components/progress-inspector";
  19 | import { copyText } from "@/lib/utils";
> 20 | import { designsPrompt, INSTALL_CMD, usageSnippet } from "./snippet";
     | ^^^^^^^^^^^^^^^^^^^^^^^^^^^^^^^^^^^^^^^^^^^^^^^^^^^^^^^^^^^^^^^^^^^^^
  21 |
  22 | // Two looks, each with a light and a dark base. The page follows the app theme;
  23 | // the only choice it offers is which look you're editing. Name + value together

The export designsPrompt was not found in module [project]/app/progress-bar/snippet.ts [app-client] (ecmascript).
Did you mean to import designPrompt?
All exports of the module are statically known (It doesn't have dynamic exports). So it's known statically that the requested export doesn't exist.

Import traces:
  Client Component Browser:
    ./app/progress-bar/page.tsx [Client Component Browser]
    ./app/progress-bar/page.tsx [Server Component]

  Client Component SSR:
    ./app/progress-bar/page.tsx [Client Component SSR]
    ./app/progress-bar/page.tsx [Server Component] @ http://localhost:4200/_next/static/chunks/0aus_next_dist_00tg.dm._.js:1945
[   18236ms] [ERROR] ./app/progress-bar/page.tsx:20:1
Export designsPrompt doesn't exist in target module
  18 | } from "@/components/progress-inspector";
  19 | import { copyText } from "@/lib/utils";
> 20 | import { designsPrompt, INSTALL_CMD, usageSnippet } from "./snippet";
     | ^^^^^^^^^^^^^^^^^^^^^^^^^^^^^^^^^^^^^^^^^^^^^^^^^^^^^^^^^^^^^^^^^^^^^
  21 |
  22 | // Two looks, each with a light and a dark base. The page follows the app theme;
  23 | // the only choice it offers is which look you're editing. Name + value together

The export designsPrompt was not found in module [project]/app/progress-bar/snippet.ts [app-ssr] (ecmascript).
Did you mean to import designPrompt?
All exports of the module are statically known (It doesn't have dynamic exports). So it's known statically that the requested export doesn't exist.

Import traces:
  Client Component Browser:
    ./app/progress-bar/page.tsx [Client Component Browser]
    ./app/progress-bar/page.tsx [Server Component]

  Client Component SSR:
    ./app/progress-bar/page.tsx [Client Component SSR]
    ./app/progress-bar/page.tsx [Server Component] @ http://localhost:4200/_next/static/chunks/0aus_next_dist_00tg.dm._.js:1945
[   18302ms] [ERROR] ./app/progress-bar/page.tsx:20:1
Export designsPrompt doesn't exist in target module
  18 | } from "@/components/progress-inspector";
  19 | import { copyText } from "@/lib/utils";
> 20 | import { designsPrompt, INSTALL_CMD, usageSnippet } from "./snippet";
     | ^^^^^^^^^^^^^^^^^^^^^^^^^^^^^^^^^^^^^^^^^^^^^^^^^^^^^^^^^^^^^^^^^^^^^
  21 |
  22 | // Two looks, each with a light and a dark base. The page follows the app theme;
  23 | // the only choice it offers is which look you're editing. Name + value together

The export designsPrompt was not found in module [project]/app/progress-bar/snippet.ts [app-client] (ecmascript).
Did you mean to import designPrompt?
All exports of the module are statically known (It doesn't have dynamic exports). So it's known statically that the requested export doesn't exist.

Import traces:
  Client Component Browser:
    ./app/progress-bar/page.tsx [Client Component Browser]
    ./app/progress-bar/page.tsx [Server Component]

  Client Component SSR:
    ./app/progress-bar/page.tsx [Client Component SSR]
    ./app/progress-bar/page.tsx [Server Component] @ http://localhost:4200/_next/static/chunks/0aus_next_dist_00tg.dm._.js:1945
[   18302ms] [ERROR] ./app/progress-bar/page.tsx:20:1
Export designsPrompt doesn't exist in target module
  18 | } from "@/components/progress-inspector";
  19 | import { copyText } from "@/lib/utils";
> 20 | import { designsPrompt, INSTALL_CMD, usageSnippet } from "./snippet";
     | ^^^^^^^^^^^^^^^^^^^^^^^^^^^^^^^^^^^^^^^^^^^^^^^^^^^^^^^^^^^^^^^^^^^^^
  21 |
  22 | // Two looks, each with a light and a dark base. The page follows the app theme;
  23 | // the only choice it offers is which look you're editing. Name + value together

The export designsPrompt was not found in module [project]/app/progress-bar/snippet.ts [app-ssr] (ecmascript).
Did you mean to import designPrompt?
All exports of the module are statically known (It doesn't have dynamic exports). So it's known statically that the requested export doesn't exist.

Import traces:
  Client Component Browser:
    ./app/progress-bar/page.tsx [Client Component Browser]
    ./app/progress-bar/page.tsx [Server Component]

  Client Component SSR:
    ./app/progress-bar/page.tsx [Client Component SSR]
    ./app/progress-bar/page.tsx [Server Component] @ http://localhost:4200/_next/static/chunks/0aus_next_dist_00tg.dm._.js:1945
[   18367ms] [ERROR] ./app/progress-bar/page.tsx:20:1
Export designsPrompt doesn't exist in target module
  18 | } from "@/components/progress-inspector";
  19 | import { copyText } from "@/lib/utils";
> 20 | import { designsPrompt, INSTALL_CMD, usageSnippet } from "./snippet";
     | ^^^^^^^^^^^^^^^^^^^^^^^^^^^^^^^^^^^^^^^^^^^^^^^^^^^^^^^^^^^^^^^^^^^^^
  21 |
  22 | // Two looks, each with a light and a dark base. The page follows the app theme;
  23 | // the only choice it offers is which look you're editing. Name + value together

The export designsPrompt was not found in module [project]/app/progress-bar/snippet.ts [app-client] (ecmascript).
Did you mean to import designPrompt?
All exports of the module are statically known (It doesn't have dynamic exports). So it's known statically that the requested export doesn't exist.

Import traces:
  Client Component Browser:
    ./app/progress-bar/page.tsx [Client Component Browser]
    ./app/progress-bar/page.tsx [Server Component]

  Client Component SSR:
    ./app/progress-bar/page.tsx [Client Component SSR]
    ./app/progress-bar/page.tsx [Server Component] @ http://localhost:4200/_next/static/chunks/0aus_next_dist_00tg.dm._.js:1945
[   18367ms] [ERROR] ./app/progress-bar/page.tsx:20:1
Export designsPrompt doesn't exist in target module
  18 | } from "@/components/progress-inspector";
  19 | import { copyText } from "@/lib/utils";
> 20 | import { designsPrompt, INSTALL_CMD, usageSnippet } from "./snippet";
     | ^^^^^^^^^^^^^^^^^^^^^^^^^^^^^^^^^^^^^^^^^^^^^^^^^^^^^^^^^^^^^^^^^^^^^
  21 |
  22 | // Two looks, each with a light and a dark base. The page follows the app theme;
  23 | // the only choice it offers is which look you're editing. Name + value together

The export designsPrompt was not found in module [project]/app/progress-bar/snippet.ts [app-ssr] (ecmascript).
Did you mean to import designPrompt?
All exports of the module are statically known (It doesn't have dynamic exports). So it's known statically that the requested export doesn't exist.

Import traces:
  Client Component Browser:
    ./app/progress-bar/page.tsx [Client Component Browser]
    ./app/progress-bar/page.tsx [Server Component]

  Client Component SSR:
    ./app/progress-bar/page.tsx [Client Component SSR]
    ./app/progress-bar/page.tsx [Server Component] @ http://localhost:4200/_next/static/chunks/0aus_next_dist_00tg.dm._.js:1945
[   18434ms] [ERROR] ./app/progress-bar/page.tsx:20:1
Export designsPrompt doesn't exist in target module
  18 | } from "@/components/progress-inspector";
  19 | import { copyText } from "@/lib/utils";
> 20 | import { designsPrompt, INSTALL_CMD, usageSnippet } from "./snippet";
     | ^^^^^^^^^^^^^^^^^^^^^^^^^^^^^^^^^^^^^^^^^^^^^^^^^^^^^^^^^^^^^^^^^^^^^
  21 |
  22 | // Two looks, each with a light and a dark base. The page follows the app theme;
  23 | // the only choice it offers is which look you're editing. Name + value together

The export designsPrompt was not found in module [project]/app/progress-bar/snippet.ts [app-client] (ecmascript).
Did you mean to import designPrompt?
All exports of the module are statically known (It doesn't have dynamic exports). So it's known statically that the requested export doesn't exist.

Import traces:
  Client Component Browser:
    ./app/progress-bar/page.tsx [Client Component Browser]
    ./app/progress-bar/page.tsx [Server Component]

  Client Component SSR:
    ./app/progress-bar/page.tsx [Client Component SSR]
    ./app/progress-bar/page.tsx [Server Component] @ http://localhost:4200/_next/static/chunks/0aus_next_dist_00tg.dm._.js:1945
[   18434ms] [ERROR] ./app/progress-bar/page.tsx:20:1
Export designsPrompt doesn't exist in target module
  18 | } from "@/components/progress-inspector";
  19 | import { copyText } from "@/lib/utils";
> 20 | import { designsPrompt, INSTALL_CMD, usageSnippet } from "./snippet";
     | ^^^^^^^^^^^^^^^^^^^^^^^^^^^^^^^^^^^^^^^^^^^^^^^^^^^^^^^^^^^^^^^^^^^^^
  21 |
  22 | // Two looks, each with a light and a dark base. The page follows the app theme;
  23 | // the only choice it offers is which look you're editing. Name + value together

The export designsPrompt was not found in module [project]/app/progress-bar/snippet.ts [app-ssr] (ecmascript).
Did you mean to import designPrompt?
All exports of the module are statically known (It doesn't have dynamic exports). So it's known statically that the requested export doesn't exist.

Import traces:
  Client Component Browser:
    ./app/progress-bar/page.tsx [Client Component Browser]
    ./app/progress-bar/page.tsx [Server Component]

  Client Component SSR:
    ./app/progress-bar/page.tsx [Client Component SSR]
    ./app/progress-bar/page.tsx [Server Component] @ http://localhost:4200/_next/static/chunks/0aus_next_dist_00tg.dm._.js:1945
[   18504ms] [ERROR] ./app/progress-bar/page.tsx:20:1
Export designsPrompt doesn't exist in target module
  18 | } from "@/components/progress-inspector";
  19 | import { copyText } from "@/lib/utils";
> 20 | import { designsPrompt, INSTALL_CMD, usageSnippet } from "./snippet";
     | ^^^^^^^^^^^^^^^^^^^^^^^^^^^^^^^^^^^^^^^^^^^^^^^^^^^^^^^^^^^^^^^^^^^^^
  21 |
  22 | // Two looks, each with a light and a dark base. The page follows the app theme;
  23 | // the only choice it offers is which look you're editing. Name + value together

The export designsPrompt was not found in module [project]/app/progress-bar/snippet.ts [app-client] (ecmascript).
Did you mean to import designPrompt?
All exports of the module are statically known (It doesn't have dynamic exports). So it's known statically that the requested export doesn't exist.

Import traces:
  Client Component Browser:
    ./app/progress-bar/page.tsx [Client Component Browser]
    ./app/progress-bar/page.tsx [Server Component]

  Client Component SSR:
    ./app/progress-bar/page.tsx [Client Component SSR]
    ./app/progress-bar/page.tsx [Server Component] @ http://localhost:4200/_next/static/chunks/0aus_next_dist_00tg.dm._.js:1945
[   18504ms] [ERROR] ./app/progress-bar/page.tsx:20:1
Export designsPrompt doesn't exist in target module
  18 | } from "@/components/progress-inspector";
  19 | import { copyText } from "@/lib/utils";
> 20 | import { designsPrompt, INSTALL_CMD, usageSnippet } from "./snippet";
     | ^^^^^^^^^^^^^^^^^^^^^^^^^^^^^^^^^^^^^^^^^^^^^^^^^^^^^^^^^^^^^^^^^^^^^
  21 |
  22 | // Two looks, each with a light and a dark base. The page follows the app theme;
  23 | // the only choice it offers is which look you're editing. Name + value together

The export designsPrompt was not found in module [project]/app/progress-bar/snippet.ts [app-ssr] (ecmascript).
Did you mean to import designPrompt?
All exports of the module are statically known (It doesn't have dynamic exports). So it's known statically that the requested export doesn't exist.

Import traces:
  Client Component Browser:
    ./app/progress-bar/page.tsx [Client Component Browser]
    ./app/progress-bar/page.tsx [Server Component]

  Client Component SSR:
    ./app/progress-bar/page.tsx [Client Component SSR]
    ./app/progress-bar/page.tsx [Server Component] @ http://localhost:4200/_next/static/chunks/0aus_next_dist_00tg.dm._.js:1945
[   18571ms] [ERROR] ./app/progress-bar/page.tsx:20:1
Export designsPrompt doesn't exist in target module
  18 | } from "@/components/progress-inspector";
  19 | import { copyText } from "@/lib/utils";
> 20 | import { designsPrompt, INSTALL_CMD, usageSnippet } from "./snippet";
     | ^^^^^^^^^^^^^^^^^^^^^^^^^^^^^^^^^^^^^^^^^^^^^^^^^^^^^^^^^^^^^^^^^^^^^
  21 |
  22 | // Two looks, each with a light and a dark base. The page follows the app theme;
  23 | // the only choice it offers is which look you're editing. Name + value together

The export designsPrompt was not found in module [project]/app/progress-bar/snippet.ts [app-client] (ecmascript).
Did you mean to import designPrompt?
All exports of the module are statically known (It doesn't have dynamic exports). So it's known statically that the requested export doesn't exist.

Import traces:
  Client Component Browser:
    ./app/progress-bar/page.tsx [Client Component Browser]
    ./app/progress-bar/page.tsx [Server Component]

  Client Component SSR:
    ./app/progress-bar/page.tsx [Client Component SSR]
    ./app/progress-bar/page.tsx [Server Component] @ http://localhost:4200/_next/static/chunks/0aus_next_dist_00tg.dm._.js:1945
[   18571ms] [ERROR] ./app/progress-bar/page.tsx:20:1
Export designsPrompt doesn't exist in target module
  18 | } from "@/components/progress-inspector";
  19 | import { copyText } from "@/lib/utils";
> 20 | import { designsPrompt, INSTALL_CMD, usageSnippet } from "./snippet";
     | ^^^^^^^^^^^^^^^^^^^^^^^^^^^^^^^^^^^^^^^^^^^^^^^^^^^^^^^^^^^^^^^^^^^^^
  21 |
  22 | // Two looks, each with a light and a dark base. The page follows the app theme;
  23 | // the only choice it offers is which look you're editing. Name + value together

The export designsPrompt was not found in module [project]/app/progress-bar/snippet.ts [app-ssr] (ecmascript).
Did you mean to import designPrompt?
All exports of the module are statically known (It doesn't have dynamic exports). So it's known statically that the requested export doesn't exist.

Import traces:
  Client Component Browser:
    ./app/progress-bar/page.tsx [Client Component Browser]
    ./app/progress-bar/page.tsx [Server Component]

  Client Component SSR:
    ./app/progress-bar/page.tsx [Client Component SSR]
    ./app/progress-bar/page.tsx [Server Component] @ http://localhost:4200/_next/static/chunks/0aus_next_dist_00tg.dm._.js:1945
[   18637ms] [ERROR] ./app/progress-bar/page.tsx:20:1
Export designsPrompt doesn't exist in target module
  18 | } from "@/components/progress-inspector";
  19 | import { copyText } from "@/lib/utils";
> 20 | import { designsPrompt, INSTALL_CMD, usageSnippet } from "./snippet";
     | ^^^^^^^^^^^^^^^^^^^^^^^^^^^^^^^^^^^^^^^^^^^^^^^^^^^^^^^^^^^^^^^^^^^^^
  21 |
  22 | // Two looks, each with a light and a dark base. The page follows the app theme;
  23 | // the only choice it offers is which look you're editing. Name + value together

The export designsPrompt was not found in module [project]/app/progress-bar/snippet.ts [app-client] (ecmascript).
Did you mean to import designPrompt?
All exports of the module are statically known (It doesn't have dynamic exports). So it's known statically that the requested export doesn't exist.

Import traces:
  Client Component Browser:
    ./app/progress-bar/page.tsx [Client Component Browser]
    ./app/progress-bar/page.tsx [Server Component]

  Client Component SSR:
    ./app/progress-bar/page.tsx [Client Component SSR]
    ./app/progress-bar/page.tsx [Server Component] @ http://localhost:4200/_next/static/chunks/0aus_next_dist_00tg.dm._.js:1945
[   18637ms] [ERROR] ./app/progress-bar/page.tsx:20:1
Export designsPrompt doesn't exist in target module
  18 | } from "@/components/progress-inspector";
  19 | import { copyText } from "@/lib/utils";
> 20 | import { designsPrompt, INSTALL_CMD, usageSnippet } from "./snippet";
     | ^^^^^^^^^^^^^^^^^^^^^^^^^^^^^^^^^^^^^^^^^^^^^^^^^^^^^^^^^^^^^^^^^^^^^
  21 |
  22 | // Two looks, each with a light and a dark base. The page follows the app theme;
  23 | // the only choice it offers is which look you're editing. Name + value together

The export designsPrompt was not found in module [project]/app/progress-bar/snippet.ts [app-ssr] (ecmascript).
Did you mean to import designPrompt?
All exports of the module are statically known (It doesn't have dynamic exports). So it's known statically that the requested export doesn't exist.

Import traces:
  Client Component Browser:
    ./app/progress-bar/page.tsx [Client Component Browser]
    ./app/progress-bar/page.tsx [Server Component]

  Client Component SSR:
    ./app/progress-bar/page.tsx [Client Component SSR]
    ./app/progress-bar/page.tsx [Server Component] @ http://localhost:4200/_next/static/chunks/0aus_next_dist_00tg.dm._.js:1945
[   18728ms] [ERROR] ./app/progress-bar/page.tsx:20:1
Export designsPrompt doesn't exist in target module
  18 | } from "@/components/progress-inspector";
  19 | import { copyText } from "@/lib/utils";
> 20 | import { designsPrompt, INSTALL_CMD, usageSnippet } from "./snippet";
     | ^^^^^^^^^^^^^^^^^^^^^^^^^^^^^^^^^^^^^^^^^^^^^^^^^^^^^^^^^^^^^^^^^^^^^
  21 |
  22 | // Two looks, each with a light and a dark base. The page follows the app theme;
  23 | // the only choice it offers is which look you're editing. Name + value together

The export designsPrompt was not found in module [project]/app/progress-bar/snippet.ts [app-client] (ecmascript).
Did you mean to import designPrompt?
All exports of the module are statically known (It doesn't have dynamic exports). So it's known statically that the requested export doesn't exist.

Import traces:
  Client Component Browser:
    ./app/progress-bar/page.tsx [Client Component Browser]
    ./app/progress-bar/page.tsx [Server Component]

  Client Component SSR:
    ./app/progress-bar/page.tsx [Client Component SSR]
    ./app/progress-bar/page.tsx [Server Component] @ http://localhost:4200/_next/static/chunks/0aus_next_dist_00tg.dm._.js:1945
[   18728ms] [ERROR] ./app/progress-bar/page.tsx:20:1
Export designsPrompt doesn't exist in target module
  18 | } from "@/components/progress-inspector";
  19 | import { copyText } from "@/lib/utils";
> 20 | import { designsPrompt, INSTALL_CMD, usageSnippet } from "./snippet";
     | ^^^^^^^^^^^^^^^^^^^^^^^^^^^^^^^^^^^^^^^^^^^^^^^^^^^^^^^^^^^^^^^^^^^^^
  21 |
  22 | // Two looks, each with a light and a dark base. The page follows the app theme;
  23 | // the only choice it offers is which look you're editing. Name + value together

The export designsPrompt was not found in module [project]/app/progress-bar/snippet.ts [app-ssr] (ecmascript).
Did you mean to import designPrompt?
All exports of the module are statically known (It doesn't have dynamic exports). So it's known statically that the requested export doesn't exist.

Import traces:
  Client Component Browser:
    ./app/progress-bar/page.tsx [Client Component Browser]
    ./app/progress-bar/page.tsx [Server Component]

  Client Component SSR:
    ./app/progress-bar/page.tsx [Client Component SSR]
    ./app/progress-bar/page.tsx [Server Component] @ http://localhost:4200/_next/static/chunks/0aus_next_dist_00tg.dm._.js:1945
[   18830ms] [LOG] [Fast Refresh] rebuilding @ http://localhost:4200/_next/static/chunks/0aus_next_dist_00tg.dm._.js:1226
[   19065ms] [LOG] [Fast Refresh] done in 282ms @ http://localhost:4200/_next/static/chunks/0aus_next_dist_00tg.dm._.js:1226
[   19264ms] [LOG] [Fast Refresh] rebuilding @ http://localhost:4200/_next/static/chunks/0aus_next_dist_00tg.dm._.js:1226
[   19281ms] [LOG] [Fast Refresh] done in 117ms @ http://localhost:4200/_next/static/chunks/0aus_next_dist_00tg.dm._.js:1226
[   20259ms] [INFO] %cDownload the React DevTools for a better development experience: https://react.dev/link/react-devtools font-weight:bold @ http://localhost:4200/_next/static/chunks/0aus_next_dist_0dxyg_i._.js:2431
[   20298ms] [LOG] [HMR] connected @ http://localhost:4200/_next/static/chunks/0aus_next_dist_0dxyg_i._.js:2431
[   20494ms] [LOG] [Fast Refresh] rebuilding @ http://localhost:4200/_next/static/chunks/0aus_next_dist_0dxyg_i._.js:2431
[   21003ms] [LOG] [Fast Refresh] done in 610ms @ http://localhost:4200/_next/static/chunks/0aus_next_dist_0dxyg_i._.js:2431
[   21859ms] [LOG] [Fast Refresh] rebuilding @ http://localhost:4200/_next/static/chunks/0aus_next_dist_0dxyg_i._.js:2431
[   22591ms] [LOG] [Fast Refresh] done in 833ms @ http://localhost:4200/_next/static/chunks/0aus_next_dist_0dxyg_i._.js:2431
[   22757ms] [WARNING] Please ensure that the container has a non-static position, like 'relative', 'fixed', or 'absolute' to ensure scroll offset is calculated correctly. @ http://localhost:4200/_next/static/chunks/0aus_next_dist_0dxyg_i._.js:2431
[   23287ms] [LOG] [Fast Refresh] rebuilding @ http://localhost:4200/_next/static/chunks/0aus_next_dist_0dxyg_i._.js:2431
[   23483ms] [LOG] [Fast Refresh] done in 299ms @ http://localhost:4200/_next/static/chunks/0aus_next_dist_0dxyg_i._.js:2431
[   23656ms] [LOG] [Fast Refresh] rebuilding @ http://localhost:4200/_next/static/chunks/0aus_next_dist_0dxyg_i._.js:2431
[   23684ms] [LOG] [Fast Refresh] done in 128ms @ http://localhost:4200/_next/static/chunks/0aus_next_dist_0dxyg_i._.js:2431
