[     183ms] [LOG] [Fast Refresh] rebuilding @ http://localhost:4200/_next/static/chunks/0aus_next_dist_0dxyg_i._.js:2431
[     324ms] [LOG] [Fast Refresh] done in 242ms @ http://localhost:4200/_next/static/chunks/0aus_next_dist_0dxyg_i._.js:2431
[     425ms] [LOG] [Fast Refresh] rebuilding @ http://localhost:4200/_next/static/chunks/0aus_next_dist_0dxyg_i._.js:2431
[     591ms] [INFO] %cDownload the React DevTools for a better development experience: https://react.dev/link/react-devtools font-weight:bold @ http://localhost:4200/_next/static/chunks/0aus_next_dist_0dxyg_i._.js:2431
[     610ms] [LOG] [HMR] connected @ http://localhost:4200/_next/static/chunks/0aus_next_dist_0dxyg_i._.js:2431
[     867ms] [LOG] [Fast Refresh] rebuilding @ http://localhost:4200/_next/static/chunks/0aus_next_dist_0dxyg_i._.js:2431
[    1078ms] [LOG] [Fast Refresh] done in 312ms @ http://localhost:4200/_next/static/chunks/0aus_next_dist_0dxyg_i._.js:2431
[  205467ms] [LOG] [Fast Refresh] rebuilding @ http://localhost:4200/_next/static/chunks/0aus_next_dist_0dxyg_i._.js:2431
[  206554ms] [LOG] [Fast Refresh] done in 1181ms @ http://localhost:4200/_next/static/chunks/0aus_next_dist_0dxyg_i._.js:2431
[  207061ms] [LOG] [Fast Refresh] rebuilding @ http://localhost:4200/_next/static/chunks/0aus_next_dist_0dxyg_i._.js:2431
[  207348ms] [LOG] [Fast Refresh] done in 389ms @ http://localhost:4200/_next/static/chunks/0aus_next_dist_0dxyg_i._.js:2431
[  210984ms] [LOG] [Fast Refresh] rebuilding @ http://localhost:4200/_next/static/chunks/0aus_next_dist_0dxyg_i._.js:2431
[  211324ms] [LOG] [Fast Refresh] done in 425ms @ http://localhost:4200/_next/static/chunks/0aus_next_dist_0dxyg_i._.js:2431
[  245173ms] [LOG] [Fast Refresh] rebuilding @ http://localhost:4200/_next/static/chunks/0aus_next_dist_0dxyg_i._.js:2431
[  245601ms] [LOG] [Fast Refresh] done in 527ms @ http://localhost:4200/_next/static/chunks/0aus_next_dist_0dxyg_i._.js:2431
[  323486ms] [LOG] [Fast Refresh] rebuilding @ http://localhost:4200/_next/static/chunks/0aus_next_dist_0dxyg_i._.js:2431
[  325109ms] [LOG] [Fast Refresh] done in 1718ms @ http://localhost:4200/_next/static/chunks/0aus_next_dist_0dxyg_i._.js:2431
[  325257ms] [LOG] [Fast Refresh] rebuilding @ http://localhost:4200/_next/static/chunks/0aus_next_dist_0dxyg_i._.js:2431
[  325281ms] [LOG] [Fast Refresh] done in 125ms @ http://localhost:4200/_next/static/chunks/0aus_next_dist_0dxyg_i._.js:2431
[  330794ms] [LOG] [Fast Refresh] rebuilding @ http://localhost:4200/_next/static/chunks/0aus_next_dist_0dxyg_i._.js:2431
[  331078ms] [LOG] [Fast Refresh] done in 367ms @ http://localhost:4200/_next/static/chunks/0aus_next_dist_0dxyg_i._.js:2431
[  455918ms] [LOG] [Fast Refresh] rebuilding @ http://localhost:4200/_next/static/chunks/0aus_next_dist_0dxyg_i._.js:2431
[  456181ms] [LOG] [Fast Refresh] done in 343ms @ http://localhost:4200/_next/static/chunks/0aus_next_dist_0dxyg_i._.js:2431
[  461440ms] [LOG] [Fast Refresh] rebuilding @ http://localhost:4200/_next/static/chunks/0aus_next_dist_0dxyg_i._.js:2431
[  461461ms] [LOG] [Fast Refresh] done in 121ms @ http://localhost:4200/_next/static/chunks/0aus_next_dist_0dxyg_i._.js:2431
[  462628ms] [LOG] [Fast Refresh] rebuilding @ http://localhost:4200/_next/static/chunks/0aus_next_dist_0dxyg_i._.js:2431
[  462866ms] [LOG] [Fast Refresh] done in 314ms @ http://localhost:4200/_next/static/chunks/0aus_next_dist_0dxyg_i._.js:2431
[  525748ms] [LOG] [Fast Refresh] rebuilding @ http://localhost:4200/_next/static/chunks/0aus_next_dist_0dxyg_i._.js:2431
[  525998ms] [LOG] [Fast Refresh] done in 329ms @ http://localhost:4200/_next/static/chunks/0aus_next_dist_0dxyg_i._.js:2431
[  528646ms] [LOG] [Fast Refresh] rebuilding @ http://localhost:4200/_next/static/chunks/0aus_next_dist_0dxyg_i._.js:2431
[  528907ms] [LOG] [Fast Refresh] done in 358ms @ http://localhost:4200/_next/static/chunks/0aus_next_dist_0dxyg_i._.js:2431
[  571869ms] [LOG] [Fast Refresh] rebuilding @ http://localhost:4200/_next/static/chunks/0aus_next_dist_0dxyg_i._.js:2431
[  572242ms] [LOG] [Fast Refresh] done in 472ms @ http://localhost:4200/_next/static/chunks/0aus_next_dist_0dxyg_i._.js:2431
[  575975ms] [LOG] [Fast Refresh] rebuilding @ http://localhost:4200/_next/static/chunks/0aus_next_dist_0dxyg_i._.js:2431
[  576155ms] [LOG] [Fast Refresh] done in 258ms @ http://localhost:4200/_next/static/chunks/0aus_next_dist_0dxyg_i._.js:2431
[  648714ms] [LOG] [Fast Refresh] rebuilding @ http://localhost:4200/_next/static/chunks/0aus_next_dist_0dxyg_i._.js:2431
[  648984ms] [LOG] [Fast Refresh] done in 349ms @ http://localhost:4200/_next/static/chunks/0aus_next_dist_0dxyg_i._.js:2431
[  696707ms] [LOG] [Fast Refresh] rebuilding @ http://localhost:4200/_next/static/chunks/0aus_next_dist_0dxyg_i._.js:2431
[  696757ms] [LOG] [Fast Refresh] done in 151ms @ http://localhost:4200/_next/static/chunks/0aus_next_dist_0dxyg_i._.js:2431
[ 1190456ms] [LOG] [Fast Refresh] rebuilding @ http://localhost:4200/_next/static/chunks/0aus_next_dist_0dxyg_i._.js:2431
[ 1190746ms] [LOG] [Fast Refresh] done in 391ms @ http://localhost:4200/_next/static/chunks/0aus_next_dist_0dxyg_i._.js:2431
[ 1195016ms] [LOG] [Fast Refresh] rebuilding @ http://localhost:4200/_next/static/chunks/0aus_next_dist_0dxyg_i._.js:2431
[ 1195233ms] [LOG] [Fast Refresh] done in 293ms @ http://localhost:4200/_next/static/chunks/0aus_next_dist_0dxyg_i._.js:2431
[ 1200033ms] [LOG] [Fast Refresh] rebuilding @ http://localhost:4200/_next/static/chunks/0aus_next_dist_0dxyg_i._.js:2431
[ 1200198ms] [LOG] [Fast Refresh] done in 240ms @ http://localhost:4200/_next/static/chunks/0aus_next_dist_0dxyg_i._.js:2431
[ 1205709ms] [LOG] [Fast Refresh] rebuilding @ http://localhost:4200/_next/static/chunks/0aus_next_dist_0dxyg_i._.js:2431
[ 1205891ms] [ERROR] React has detected a change in the order of Hooks called by %s. This will lead to bugs and errors if not fixed. For more information, read the Rules of Hooks: https://react.dev/link/rules-of-hooks

   Previous render            Next render
   ------------------------------------------------------
%s   ^^^^^^^^^^^^^^^^^^^^^^^^^^^^^^^^^^^^^^^^^^^^^^^^^^^^^^
 CleanCodeCard 1. useRef                     useRef
2. useRef                     useRef
3. useRef                     useRef
4. useRef                     useRef
5. useLayoutEffect            useLayoutEffect
6. undefined                  useLayoutEffect
 @ http://localhost:4200/_next/static/chunks/0aus_next_dist_0dxyg_i._.js:3272
[ 1205982ms] Error: Rendered more hooks than during the previous render.
    at updateWorkInProgressHook (http://localhost:4200/_next/static/chunks/0aus_next_dist_compiled_react-dom_0v6ubys._.js:4734:23)
    at updateEffectImpl (http://localhost:4200/_next/static/chunks/0aus_next_dist_compiled_react-dom_0v6ubys._.js:5297:20)
    at Object.useLayoutEffect (http://localhost:4200/_next/static/chunks/0aus_next_dist_compiled_react-dom_0v6ubys._.js:15457:20)
    at exports.useLayoutEffect (http://localhost:4200/_next/static/chunks/0aus_next_dist_compiled_0da0l5i._.js:1739:36)
    at useGSAP (http://localhost:4200/_next/static/chunks/node_modules__pnpm_04nkdq~._.js:4547:5)
    at CleanCodeCard (http://localhost:4200/_next/static/chunks/components_bento-4_0bws17~._.js?id=%255Bproject%255D%252Fcomponents%252Fbento-4%252Fclean-code-card.tsx+%255Bapp-client%255D+%2528ecmascript%2529:127:270)
    at Object.react_stack_bottom_frame (http://localhost:4200/_next/static/chunks/0aus_next_dist_compiled_react-dom_0v6ubys._.js:15037:24)
    at renderWithHooks (http://localhost:4200/_next/static/chunks/0aus_next_dist_compiled_react-dom_0v6ubys._.js:4620:24)
    at updateFunctionComponent (http://localhost:4200/_next/static/chunks/0aus_next_dist_compiled_react-dom_0v6ubys._.js:6081:21)
    at beginWork (http://localhost:4200/_next/static/chunks/0aus_next_dist_compiled_react-dom_0v6ubys._.js:6691:24)
    at runWithFiberInDEV (http://localhost:4200/_next/static/chunks/0aus_next_dist_compiled_react-dom_0v6ubys._.js:965:74)
    at performUnitOfWork (http://localhost:4200/_next/static/chunks/0aus_next_dist_compiled_react-dom_0v6ubys._.js:9555:97)
    at workLoopSync (http://localhost:4200/_next/static/chunks/0aus_next_dist_compiled_react-dom_0v6ubys._.js:9449:40)
    at renderRootSync (http://localhost:4200/_next/static/chunks/0aus_next_dist_compiled_react-dom_0v6ubys._.js:9433:13)
    at performWorkOnRoot (http://localhost:4200/_next/static/chunks/0aus_next_dist_compiled_react-dom_0v6ubys._.js:9098:47)
    at performSyncWorkOnRoot (http://localhost:4200/_next/static/chunks/0aus_next_dist_compiled_react-dom_0v6ubys._.js:10263:9)
    at flushSyncWorkAcrossRoots_impl (http://localhost:4200/_next/static/chunks/0aus_next_dist_compiled_react-dom_0v6ubys._.js:10179:316)
    at flushSyncWork$1 (http://localhost:4200/_next/static/chunks/0aus_next_dist_compiled_react-dom_0v6ubys._.js:9230:86)
    at Object.scheduleRefresh (http://localhost:4200/_next/static/chunks/0aus_next_dist_compiled_react-dom_0v6ubys._.js:299:13)
    at http://localhost:4200/_next/static/chunks/0aus_next_dist_compiled_0da0l5i._.js:391:33
    at Set.forEach (<anonymous>)
    at Object.performReactRefresh (http://localhost:4200/_next/static/chunks/0aus_next_dist_compiled_0da0l5i._.js:384:38)
    at applyUpdate (http://localhost:4200/_next/static/chunks/0aus_next_dist_compiled_0da0l5i._.js:878:31)
    at http://localhost:4200/_next/static/chunks/0aus_next_dist_compiled_0da0l5i._.js:886:13
[ 1205968ms] [LOG] [Fast Refresh] done in 276ms @ http://localhost:4200/_next/static/chunks/0aus_next_dist_0dxyg_i._.js:2431
[ 1206139ms] [LOG] [Fast Refresh] rebuilding @ http://localhost:4200/_next/static/chunks/0aus_next_dist_0dxyg_i._.js:2431
[ 1206937ms] [LOG] [Fast Refresh] done in 900ms @ http://localhost:4200/_next/static/chunks/0aus_next_dist_0dxyg_i._.js:2431
[ 1209698ms] [LOG] [Fast Refresh] rebuilding @ http://localhost:4200/_next/static/chunks/0aus_next_dist_0dxyg_i._.js:2431
[ 1210018ms] [LOG] [Fast Refresh] done in 415ms @ http://localhost:4200/_next/static/chunks/0aus_next_dist_0dxyg_i._.js:2431
[ 1210269ms] [LOG] [Fast Refresh] rebuilding @ http://localhost:4200/_next/static/chunks/0aus_next_dist_0dxyg_i._.js:2431
[ 1210307ms] [LOG] [Fast Refresh] done in 139ms @ http://localhost:4200/_next/static/chunks/0aus_next_dist_0dxyg_i._.js:2431
[ 1210708ms] [INFO] %cDownload the React DevTools for a better development experience: https://react.dev/link/react-devtools font-weight:bold @ http://localhost:4200/_next/static/chunks/0aus_next_dist_0dxyg_i._.js:2431
[ 1210791ms] [LOG] [HMR] connected @ http://localhost:4200/_next/static/chunks/0aus_next_dist_0dxyg_i._.js:2431
[ 1215795ms] [LOG] [Fast Refresh] rebuilding @ http://localhost:4200/_next/static/chunks/0aus_next_dist_0dxyg_i._.js:2431
[ 1216163ms] [LOG] [Fast Refresh] done in 376ms @ http://localhost:4200/_next/static/chunks/0aus_next_dist_0dxyg_i._.js:2431
[ 1219600ms] [LOG] [Fast Refresh] rebuilding @ http://localhost:4200/_next/static/chunks/0aus_next_dist_0dxyg_i._.js:2431
[ 1221511ms] [LOG] [Fast Refresh] done in 1977ms @ http://localhost:4200/_next/static/chunks/0aus_next_dist_0dxyg_i._.js:2431
[ 1222848ms] [LOG] [Fast Refresh] rebuilding @ http://localhost:4200/_next/static/chunks/0aus_next_dist_0dxyg_i._.js:2431
[ 1222931ms] [LOG] [Fast Refresh] done in 183ms @ http://localhost:4200/_next/static/chunks/0aus_next_dist_0dxyg_i._.js:2431
[ 1227993ms] [LOG] [Fast Refresh] rebuilding @ http://localhost:4200/_next/static/chunks/0aus_next_dist_0dxyg_i._.js:2431
[ 1229901ms] [LOG] [Fast Refresh] done in 2005ms @ http://localhost:4200/_next/static/chunks/0aus_next_dist_0dxyg_i._.js:2431
[ 1341802ms] [LOG] [Fast Refresh] rebuilding @ http://localhost:4200/_next/static/chunks/0aus_next_dist_0dxyg_i._.js:2431
[ 1342967ms] [LOG] [Fast Refresh] done in 543ms @ http://localhost:4200/_next/static/chunks/0aus_next_dist_0dxyg_i._.js:2431
[ 1343065ms] [LOG] [Fast Refresh] rebuilding @ http://localhost:4200/_next/static/chunks/0aus_next_dist_0dxyg_i._.js:2431
[ 1343298ms] [WARNING] [HMR] Invalid message: {"isTrusted":true}
TypeError: Cannot convert undefined or null to object
    at Object.keys (<anonymous>)
    at extractModulesFromTurbopackMessage (http://localhost:4200/_next/static/chunks/0aus_next_dist_client_02k4~6y._.js:13631:39)
    at TurbopackHmr.onTurbopackMessage (http://localhost:4200/_next/static/chunks/0aus_next_dist_client_02k4~6y._.js:13578:32)
    at processMessage (http://localhost:4200/_next/static/chunks/0aus_next_dist_client_02k4~6y._.js:13936:30)
    at WebSocket.handleMessage (http://localhost:4200/_next/static/chunks/0aus_next_dist_client_02k4~6y._.js:13335:52) @ http://localhost:4200/_next/static/chunks/0aus_next_dist_0dxyg_i._.js:2431
[ 1343298ms] [LOG] [Fast Refresh] done in 329ms @ http://localhost:4200/_next/static/chunks/0aus_next_dist_0dxyg_i._.js:2431
[ 1343528ms] [LOG] [Fast Refresh] rebuilding @ http://localhost:4200/_next/static/chunks/0aus_next_dist_0dxyg_i._.js:2431
[ 1343748ms] [LOG] [Fast Refresh] done in 321ms @ http://localhost:4200/_next/static/chunks/0aus_next_dist_0dxyg_i._.js:2431
[ 1343902ms] [LOG] [Fast Refresh] rebuilding @ http://localhost:4200/_next/static/chunks/0aus_next_dist_0dxyg_i._.js:2431
[ 1343903ms] [LOG] [Fast Refresh] done in 101ms @ http://localhost:4200/_next/static/chunks/0aus_next_dist_0dxyg_i._.js:2431
[ 1346380ms] [LOG] [Fast Refresh] rebuilding @ http://localhost:4200/_next/static/chunks/0aus_next_dist_0dxyg_i._.js:2431
[ 1346504ms] [LOG] [Fast Refresh] done in 225ms @ http://localhost:4200/_next/static/chunks/0aus_next_dist_0dxyg_i._.js:2431
[ 1350393ms] [LOG] [Fast Refresh] rebuilding @ http://localhost:4200/_next/static/chunks/0aus_next_dist_0dxyg_i._.js:2431
[ 1351905ms] [LOG] [Fast Refresh] done in 1612ms @ http://localhost:4200/_next/static/chunks/0aus_next_dist_0dxyg_i._.js:2431
[ 1364514ms] [LOG] [Fast Refresh] rebuilding @ http://localhost:4200/_next/static/chunks/0aus_next_dist_0dxyg_i._.js:2431
[ 1364664ms] [LOG] [Fast Refresh] done in 252ms @ http://localhost:4200/_next/static/chunks/0aus_next_dist_0dxyg_i._.js:2431
[ 1454195ms] [ERROR] WebSocket connection to 'ws://localhost:4200/_next/webpack-hmr?id=QycdkpCplzGFW_cL5vS1M' failed: Error in connection establishment: net::ERR_CONNECTION_REFUSED @ http://localhost:4200/_next/static/chunks/0aus_next_dist_client_02k4~6y._.js:13299
[ 1455198ms] [ERROR] WebSocket connection to 'ws://localhost:4200/_next/webpack-hmr?id=QycdkpCplzGFW_cL5vS1M' failed: Error in connection establishment: net::ERR_CONNECTION_REFUSED @ http://localhost:4200/_next/static/chunks/0aus_next_dist_client_02k4~6y._.js:13299
[ 1456201ms] [ERROR] WebSocket connection to 'ws://localhost:4200/_next/webpack-hmr?id=QycdkpCplzGFW_cL5vS1M' failed: Error in connection establishment: net::ERR_CONNECTION_REFUSED @ http://localhost:4200/_next/static/chunks/0aus_next_dist_client_02k4~6y._.js:13299
[ 1457203ms] [ERROR] WebSocket connection to 'ws://localhost:4200/_next/webpack-hmr?id=QycdkpCplzGFW_cL5vS1M' failed: Error in connection establishment: net::ERR_CONNECTION_REFUSED @ http://localhost:4200/_next/static/chunks/0aus_next_dist_client_02k4~6y._.js:13299
[ 1458209ms] [ERROR] WebSocket connection to 'ws://localhost:4200/_next/webpack-hmr?id=QycdkpCplzGFW_cL5vS1M' failed: Error in connection establishment: net::ERR_CONNECTION_REFUSED @ http://localhost:4200/_next/static/chunks/0aus_next_dist_client_02k4~6y._.js:13299
[ 1463216ms] [ERROR] WebSocket connection to 'ws://localhost:4200/_next/webpack-hmr?id=QycdkpCplzGFW_cL5vS1M' failed: Error in connection establishment: net::ERR_CONNECTION_REFUSED @ http://localhost:4200/_next/static/chunks/0aus_next_dist_client_02k4~6y._.js:13299
[ 1470481ms] [ERROR] WebSocket connection to 'ws://localhost:4200/_next/webpack-hmr?id=QycdkpCplzGFW_cL5vS1M' failed: Error in connection establishment: net::ERR_CONNECTION_REFUSED @ http://localhost:4200/_next/static/chunks/0aus_next_dist_client_02k4~6y._.js:13299
[ 1475496ms] [ERROR] WebSocket connection to 'ws://localhost:4200/_next/webpack-hmr?id=QycdkpCplzGFW_cL5vS1M' failed: Error in connection establishment: net::ERR_CONNECTION_REFUSED @ http://localhost:4200/_next/static/chunks/0aus_next_dist_client_02k4~6y._.js:13299
[ 1480526ms] [ERROR] WebSocket connection to 'ws://localhost:4200/_next/webpack-hmr?id=QycdkpCplzGFW_cL5vS1M' failed: Error in connection establishment: net::ERR_CONNECTION_REFUSED @ http://localhost:4200/_next/static/chunks/0aus_next_dist_client_02k4~6y._.js:13299
[ 1485603ms] [ERROR] WebSocket connection to 'ws://localhost:4200/_next/webpack-hmr?id=QycdkpCplzGFW_cL5vS1M' failed: Error in connection establishment: net::ERR_CONNECTION_REFUSED @ http://localhost:4200/_next/static/chunks/0aus_next_dist_client_02k4~6y._.js:13299
[ 1490646ms] [ERROR] WebSocket connection to 'ws://localhost:4200/_next/webpack-hmr?id=QycdkpCplzGFW_cL5vS1M' failed: Error in connection establishment: net::ERR_CONNECTION_REFUSED @ http://localhost:4200/_next/static/chunks/0aus_next_dist_client_02k4~6y._.js:13299
[ 1495958ms] [ERROR] WebSocket connection to 'ws://localhost:4200/_next/webpack-hmr?id=QycdkpCplzGFW_cL5vS1M' failed: Error in connection establishment: net::ERR_CONNECTION_REFUSED @ http://localhost:4200/_next/static/chunks/0aus_next_dist_client_02k4~6y._.js:13299
[ 1500509ms] [ERROR] Failed to load resource: net::ERR_CONNECTION_REFUSED @ http://localhost:4200/icon-light.png:0
[11422547ms] [INFO] %cDownload the React DevTools for a better development experience: https://react.dev/link/react-devtools font-weight:bold @ http://localhost:4200/_next/static/chunks/0aus_next_dist_0dxyg_i._.js:2431
[11422571ms] [LOG] [HMR] connected @ http://localhost:4200/_next/static/chunks/0aus_next_dist_0dxyg_i._.js:2431
[11599509ms] [LOG] [Fast Refresh] rebuilding @ http://localhost:4200/_next/static/chunks/0aus_next_dist_0dxyg_i._.js:2431
[11599513ms] [LOG] [Fast Refresh] done in 104ms @ http://localhost:4200/_next/static/chunks/0aus_next_dist_0dxyg_i._.js:2431
[11599775ms] [LOG] [Fast Refresh] rebuilding @ http://localhost:4200/_next/static/chunks/0aus_next_dist_0dxyg_i._.js:2431
[11599882ms] [LOG] [Fast Refresh] done in 207ms @ http://localhost:4200/_next/static/chunks/0aus_next_dist_0dxyg_i._.js:2431
[11671317ms] [LOG] [Fast Refresh] rebuilding @ http://localhost:4200/_next/static/chunks/0aus_next_dist_0dxyg_i._.js:2431
[11671341ms] [ERROR] ./registry/default/components/bento-04/bento-04.tsx:14:1
Module not found: Can't resolve '@/components/bento-04/accelerate-card'
  12 | import FutureForwardCard from "@/components/bento-04/future-forward-card"
  13 | import CleanCodeCard from "@/components/bento-04/clean-code-card"
> 14 | import AccelerateCard from "@/components/bento-04/accelerate-card"
     | ^^^^^^^^^^^^^^^^^^^^^^^^^^^^^^^^^^^^^^^^^^^^^^^^^^^^^^^^^^^^^^^^^^
  15 | import DottedFrame from "@/components/bento-04/dotted-frame"
  16 | import IconHolo from "@/components/bento-04/icon-holo"
  17 |

Import map: aliased to relative './components/bento-04/accelerate-card' inside of [project]/

Import traces:
  Client Component Browser:
    ./registry/default/components/bento-04/bento-04.tsx [Client Component Browser]
    ./components/showcase/featured-components.tsx [Client Component Browser]
    ./app/page.tsx [Client Component Browser]
    ./app/page.tsx [Server Component]

  Client Component SSR:
    ./registry/default/components/bento-04/bento-04.tsx [Client Component SSR]
    ./components/showcase/featured-components.tsx [Client Component SSR]
    ./app/page.tsx [Client Component SSR]
    ./app/page.tsx [Server Component]

https://nextjs.org/docs/messages/module-not-found @ http://localhost:4200/_next/static/chunks/0aus_next_dist_0dxyg_i._.js:3272
[11671342ms] [ERROR] ./registry/default/components/bento-04/bento-04.tsx:13:1
Module not found: Can't resolve '@/components/bento-04/clean-code-card'
  11 | import WebDesignCard from "@/components/bento-04/web-design-card"
  12 | import FutureForwardCard from "@/components/bento-04/future-forward-card"
> 13 | import CleanCodeCard from "@/components/bento-04/clean-code-card"
     | ^^^^^^^^^^^^^^^^^^^^^^^^^^^^^^^^^^^^^^^^^^^^^^^^^^^^^^^^^^^^^^^^^
  14 | import AccelerateCard from "@/components/bento-04/accelerate-card"
  15 | import DottedFrame from "@/components/bento-04/dotted-frame"
  16 | import IconHolo from "@/components/bento-04/icon-holo"

Import map: aliased to relative './components/bento-04/clean-code-card' inside of [project]/

Import traces:
  Client Component Browser:
    ./registry/default/components/bento-04/bento-04.tsx [Client Component Browser]
    ./components/showcase/featured-components.tsx [Client Component Browser]
    ./app/page.tsx [Client Component Browser]
    ./app/page.tsx [Server Component]

  Client Component SSR:
    ./registry/default/components/bento-04/bento-04.tsx [Client Component SSR]
    ./components/showcase/featured-components.tsx [Client Component SSR]
    ./app/page.tsx [Client Component SSR]
    ./app/page.tsx [Server Component]

https://nextjs.org/docs/messages/module-not-found @ http://localhost:4200/_next/static/chunks/0aus_next_dist_0dxyg_i._.js:3272
[11671342ms] [ERROR] ./registry/default/components/bento-04/bento-04.tsx:15:1
Module not found: Can't resolve '@/components/bento-04/dotted-frame'
  13 | import CleanCodeCard from "@/components/bento-04/clean-code-card"
  14 | import AccelerateCard from "@/components/bento-04/accelerate-card"
> 15 | import DottedFrame from "@/components/bento-04/dotted-frame"
     | ^^^^^^^^^^^^^^^^^^^^^^^^^^^^^^^^^^^^^^^^^^^^^^^^^^^^^^^^^^^^
  16 | import IconHolo from "@/components/bento-04/icon-holo"
  17 |
  18 | const rise = "animate-brand-item motion-reduce:!animate-none motion-reduce:!opacity-100"

Import map: aliased to relative './components/bento-04/dotted-frame' inside of [project]/

Import traces:
  Client Component Browser:
    ./registry/default/components/bento-04/bento-04.tsx [Client Component Browser]
    ./components/showcase/featured-components.tsx [Client Component Browser]
    ./app/page.tsx [Client Component Browser]
    ./app/page.tsx [Server Component]

  Client Component SSR:
    ./registry/default/components/bento-04/bento-04.tsx [Client Component SSR]
    ./components/showcase/featured-components.tsx [Client Component SSR]
    ./app/page.tsx [Client Component SSR]
    ./app/page.tsx [Server Component]

https://nextjs.org/docs/messages/module-not-found @ http://localhost:4200/_next/static/chunks/0aus_next_dist_0dxyg_i._.js:3272
[11671342ms] [ERROR] ./registry/default/components/bento-04/bento-04.tsx:12:1
Module not found: Can't resolve '@/components/bento-04/future-forward-card'
  10 |
  11 | import WebDesignCard from "@/components/bento-04/web-design-card"
> 12 | import FutureForwardCard from "@/components/bento-04/future-forward-card"
     | ^^^^^^^^^^^^^^^^^^^^^^^^^^^^^^^^^^^^^^^^^^^^^^^^^^^^^^^^^^^^^^^^^^^^^^^^^
  13 | import CleanCodeCard from "@/components/bento-04/clean-code-card"
  14 | import AccelerateCard from "@/components/bento-04/accelerate-card"
  15 | import DottedFrame from "@/components/bento-04/dotted-frame"

Import map: aliased to relative './components/bento-04/future-forward-card' inside of [project]/

Import traces:
  Client Component Browser:
    ./registry/default/components/bento-04/bento-04.tsx [Client Component Browser]
    ./components/showcase/featured-components.tsx [Client Component Browser]
    ./app/page.tsx [Client Component Browser]
    ./app/page.tsx [Server Component]

  Client Component SSR:
    ./registry/default/components/bento-04/bento-04.tsx [Client Component SSR]
    ./components/showcase/featured-components.tsx [Client Component SSR]
    ./app/page.tsx [Client Component SSR]
    ./app/page.tsx [Server Component]

https://nextjs.org/docs/messages/module-not-found @ http://localhost:4200/_next/static/chunks/0aus_next_dist_0dxyg_i._.js:3272
[11671342ms] [ERROR] ./registry/default/components/bento-04/bento-04.tsx:16:1
Module not found: Can't resolve '@/components/bento-04/icon-holo'
  14 | import AccelerateCard from "@/components/bento-04/accelerate-card"
  15 | import DottedFrame from "@/components/bento-04/dotted-frame"
> 16 | import IconHolo from "@/components/bento-04/icon-holo"
     | ^^^^^^^^^^^^^^^^^^^^^^^^^^^^^^^^^^^^^^^^^^^^^^^^^^^^^^
  17 |
  18 | const rise = "animate-brand-item motion-reduce:!animate-none motion-reduce:!opacity-100"
  19 |

Import map: aliased to relative './components/bento-04/icon-holo' inside of [project]/

Import traces:
  Client Component Browser:
    ./registry/default/components/bento-04/bento-04.tsx [Client Component Browser]
    ./components/showcase/featured-components.tsx [Client Component Browser]
    ./app/page.tsx [Client Component Browser]
    ./app/page.tsx [Server Component]

  Client Component SSR:
    ./registry/default/components/bento-04/bento-04.tsx [Client Component SSR]
    ./components/showcase/featured-components.tsx [Client Component SSR]
    ./app/page.tsx [Client Component SSR]
    ./app/page.tsx [Server Component]

https://nextjs.org/docs/messages/module-not-found @ http://localhost:4200/_next/static/chunks/0aus_next_dist_0dxyg_i._.js:3272
[11671342ms] [ERROR] ./registry/default/components/bento-04/bento-04.tsx:11:1
Module not found: Can't resolve '@/components/bento-04/web-design-card'
   9 | // pass `heading={null}` to drop it and use your own.
  10 |
> 11 | import WebDesignCard from "@/components/bento-04/web-design-card"
     | ^^^^^^^^^^^^^^^^^^^^^^^^^^^^^^^^^^^^^^^^^^^^^^^^^^^^^^^^^^^^^^^^^
  12 | import FutureForwardCard from "@/components/bento-04/future-forward-card"
  13 | import CleanCodeCard from "@/components/bento-04/clean-code-card"
  14 | import AccelerateCard from "@/components/bento-04/accelerate-card"

Import map: aliased to relative './components/bento-04/web-design-card' inside of [project]/

Import traces:
  Client Component Browser:
    ./registry/default/components/bento-04/bento-04.tsx [Client Component Browser]
    ./components/showcase/featured-components.tsx [Client Component Browser]
    ./app/page.tsx [Client Component Browser]
    ./app/page.tsx [Server Component]

  Client Component SSR:
    ./registry/default/components/bento-04/bento-04.tsx [Client Component SSR]
    ./components/showcase/featured-components.tsx [Client Component SSR]
    ./app/page.tsx [Client Component SSR]
    ./app/page.tsx [Server Component]

https://nextjs.org/docs/messages/module-not-found @ http://localhost:4200/_next/static/chunks/0aus_next_dist_0dxyg_i._.js:3272
[11671589ms] [LOG] [Fast Refresh] rebuilding @ http://localhost:4200/_next/static/chunks/0aus_next_dist_0dxyg_i._.js:2431
[11671589ms] [ERROR] ./registry/default/components/bento-04/bento-04.tsx:14:1
Module not found: Can't resolve '@/components/bento-04/accelerate-card'
  12 | import FutureForwardCard from "@/components/bento-04/future-forward-card"
  13 | import CleanCodeCard from "@/components/bento-04/clean-code-card"
> 14 | import AccelerateCard from "@/components/bento-04/accelerate-card"
     | ^^^^^^^^^^^^^^^^^^^^^^^^^^^^^^^^^^^^^^^^^^^^^^^^^^^^^^^^^^^^^^^^^^
  15 | import DottedFrame from "@/components/bento-04/dotted-frame"
  16 | import IconHolo from "@/components/bento-04/icon-holo"
  17 |

Import map: aliased to relative './components/bento-04/accelerate-card' inside of [project]/

Import traces:
  Client Component Browser:
    ./registry/default/components/bento-04/bento-04.tsx [Client Component Browser]
    ./components/showcase/featured-components.tsx [Client Component Browser]
    ./app/page.tsx [Client Component Browser]
    ./app/page.tsx [Server Component]

  Client Component SSR:
    ./registry/default/components/bento-04/bento-04.tsx [Client Component SSR]
    ./components/showcase/featured-components.tsx [Client Component SSR]
    ./app/page.tsx [Client Component SSR]
    ./app/page.tsx [Server Component]

https://nextjs.org/docs/messages/module-not-found @ http://localhost:4200/_next/static/chunks/0aus_next_dist_0dxyg_i._.js:3272
[11671590ms] [ERROR] ./registry/default/components/bento-04/bento-04.tsx:13:1
Module not found: Can't resolve '@/components/bento-04/clean-code-card'
  11 | import WebDesignCard from "@/components/bento-04/web-design-card"
  12 | import FutureForwardCard from "@/components/bento-04/future-forward-card"
> 13 | import CleanCodeCard from "@/components/bento-04/clean-code-card"
     | ^^^^^^^^^^^^^^^^^^^^^^^^^^^^^^^^^^^^^^^^^^^^^^^^^^^^^^^^^^^^^^^^^
  14 | import AccelerateCard from "@/components/bento-04/accelerate-card"
  15 | import DottedFrame from "@/components/bento-04/dotted-frame"
  16 | import IconHolo from "@/components/bento-04/icon-holo"

Import map: aliased to relative './components/bento-04/clean-code-card' inside of [project]/

Import traces:
  Client Component Browser:
    ./registry/default/components/bento-04/bento-04.tsx [Client Component Browser]
    ./components/showcase/featured-components.tsx [Client Component Browser]
    ./app/page.tsx [Client Component Browser]
    ./app/page.tsx [Server Component]

  Client Component SSR:
    ./registry/default/components/bento-04/bento-04.tsx [Client Component SSR]
    ./components/showcase/featured-components.tsx [Client Component SSR]
    ./app/page.tsx [Client Component SSR]
    ./app/page.tsx [Server Component]

https://nextjs.org/docs/messages/module-not-found @ http://localhost:4200/_next/static/chunks/0aus_next_dist_0dxyg_i._.js:3272
[11671590ms] [ERROR] ./registry/default/components/bento-04/bento-04.tsx:15:1
Module not found: Can't resolve '@/components/bento-04/dotted-frame'
  13 | import CleanCodeCard from "@/components/bento-04/clean-code-card"
  14 | import AccelerateCard from "@/components/bento-04/accelerate-card"
> 15 | import DottedFrame from "@/components/bento-04/dotted-frame"
     | ^^^^^^^^^^^^^^^^^^^^^^^^^^^^^^^^^^^^^^^^^^^^^^^^^^^^^^^^^^^^
  16 | import IconHolo from "@/components/bento-04/icon-holo"
  17 |
  18 | const rise = "animate-brand-item motion-reduce:!animate-none motion-reduce:!opacity-100"

Import map: aliased to relative './components/bento-04/dotted-frame' inside of [project]/

Import traces:
  Client Component Browser:
    ./registry/default/components/bento-04/bento-04.tsx [Client Component Browser]
    ./components/showcase/featured-components.tsx [Client Component Browser]
    ./app/page.tsx [Client Component Browser]
    ./app/page.tsx [Server Component]

  Client Component SSR:
    ./registry/default/components/bento-04/bento-04.tsx [Client Component SSR]
    ./components/showcase/featured-components.tsx [Client Component SSR]
    ./app/page.tsx [Client Component SSR]
    ./app/page.tsx [Server Component]

https://nextjs.org/docs/messages/module-not-found @ http://localhost:4200/_next/static/chunks/0aus_next_dist_0dxyg_i._.js:3272
[11671590ms] [ERROR] ./registry/default/components/bento-04/bento-04.tsx:12:1
Module not found: Can't resolve '@/components/bento-04/future-forward-card'
  10 |
  11 | import WebDesignCard from "@/components/bento-04/web-design-card"
> 12 | import FutureForwardCard from "@/components/bento-04/future-forward-card"
     | ^^^^^^^^^^^^^^^^^^^^^^^^^^^^^^^^^^^^^^^^^^^^^^^^^^^^^^^^^^^^^^^^^^^^^^^^^
  13 | import CleanCodeCard from "@/components/bento-04/clean-code-card"
  14 | import AccelerateCard from "@/components/bento-04/accelerate-card"
  15 | import DottedFrame from "@/components/bento-04/dotted-frame"

Import map: aliased to relative './components/bento-04/future-forward-card' inside of [project]/

Import traces:
  Client Component Browser:
    ./registry/default/components/bento-04/bento-04.tsx [Client Component Browser]
    ./components/showcase/featured-components.tsx [Client Component Browser]
    ./app/page.tsx [Client Component Browser]
    ./app/page.tsx [Server Component]

  Client Component SSR:
    ./registry/default/components/bento-04/bento-04.tsx [Client Component SSR]
    ./components/showcase/featured-components.tsx [Client Component SSR]
    ./app/page.tsx [Client Component SSR]
    ./app/page.tsx [Server Component]

https://nextjs.org/docs/messages/module-not-found @ http://localhost:4200/_next/static/chunks/0aus_next_dist_0dxyg_i._.js:3272
[11671590ms] [ERROR] ./registry/default/components/bento-04/bento-04.tsx:16:1
Module not found: Can't resolve '@/components/bento-04/icon-holo'
  14 | import AccelerateCard from "@/components/bento-04/accelerate-card"
  15 | import DottedFrame from "@/components/bento-04/dotted-frame"
> 16 | import IconHolo from "@/components/bento-04/icon-holo"
     | ^^^^^^^^^^^^^^^^^^^^^^^^^^^^^^^^^^^^^^^^^^^^^^^^^^^^^^
  17 |
  18 | const rise = "animate-brand-item motion-reduce:!animate-none motion-reduce:!opacity-100"
  19 |

Import map: aliased to relative './components/bento-04/icon-holo' inside of [project]/

Import traces:
  Client Component Browser:
    ./registry/default/components/bento-04/bento-04.tsx [Client Component Browser]
    ./components/showcase/featured-components.tsx [Client Component Browser]
    ./app/page.tsx [Client Component Browser]
    ./app/page.tsx [Server Component]

  Client Component SSR:
    ./registry/default/components/bento-04/bento-04.tsx [Client Component SSR]
    ./components/showcase/featured-components.tsx [Client Component SSR]
    ./app/page.tsx [Client Component SSR]
    ./app/page.tsx [Server Component]

https://nextjs.org/docs/messages/module-not-found @ http://localhost:4200/_next/static/chunks/0aus_next_dist_0dxyg_i._.js:3272
[11671590ms] [ERROR] ./registry/default/components/bento-04/bento-04.tsx:11:1
Module not found: Can't resolve '@/components/bento-04/web-design-card'
   9 | // pass `heading={null}` to drop it and use your own.
  10 |
> 11 | import WebDesignCard from "@/components/bento-04/web-design-card"
     | ^^^^^^^^^^^^^^^^^^^^^^^^^^^^^^^^^^^^^^^^^^^^^^^^^^^^^^^^^^^^^^^^^
  12 | import FutureForwardCard from "@/components/bento-04/future-forward-card"
  13 | import CleanCodeCard from "@/components/bento-04/clean-code-card"
  14 | import AccelerateCard from "@/components/bento-04/accelerate-card"

Import map: aliased to relative './components/bento-04/web-design-card' inside of [project]/

Import traces:
  Client Component Browser:
    ./registry/default/components/bento-04/bento-04.tsx [Client Component Browser]
    ./components/showcase/featured-components.tsx [Client Component Browser]
    ./app/page.tsx [Client Component Browser]
    ./app/page.tsx [Server Component]

  Client Component SSR:
    ./registry/default/components/bento-04/bento-04.tsx [Client Component SSR]
    ./components/showcase/featured-components.tsx [Client Component SSR]
    ./app/page.tsx [Client Component SSR]
    ./app/page.tsx [Server Component]

https://nextjs.org/docs/messages/module-not-found @ http://localhost:4200/_next/static/chunks/0aus_next_dist_0dxyg_i._.js:3272
[11671634ms] [ERROR] ./registry/default/components/bento-04/bento-04.tsx:14:1
Module not found: Can't resolve '@/components/bento-04/accelerate-card'
  12 | import FutureForwardCard from "@/components/bento-04/future-forward-card"
  13 | import CleanCodeCard from "@/components/bento-04/clean-code-card"
> 14 | import AccelerateCard from "@/components/bento-04/accelerate-card"
     | ^^^^^^^^^^^^^^^^^^^^^^^^^^^^^^^^^^^^^^^^^^^^^^^^^^^^^^^^^^^^^^^^^^
  15 | import DottedFrame from "@/components/bento-04/dotted-frame"
  16 | import IconHolo from "@/components/bento-04/icon-holo"
  17 |

Import map: aliased to relative './components/bento-04/accelerate-card' inside of [project]/

Import traces:
  Client Component Browser:
    ./registry/default/components/bento-04/bento-04.tsx [Client Component Browser]
    ./components/showcase/featured-components.tsx [Client Component Browser]
    ./app/page.tsx [Client Component Browser]
    ./app/page.tsx [Server Component]

  Client Component SSR:
    ./registry/default/components/bento-04/bento-04.tsx [Client Component SSR]
    ./components/showcase/featured-components.tsx [Client Component SSR]
    ./app/page.tsx [Client Component SSR]
    ./app/page.tsx [Server Component]

https://nextjs.org/docs/messages/module-not-found @ http://localhost:4200/_next/static/chunks/0aus_next_dist_0dxyg_i._.js:3272
[11671635ms] [ERROR] ./registry/default/components/bento-04/bento-04.tsx:13:1
Module not found: Can't resolve '@/components/bento-04/clean-code-card'
  11 | import WebDesignCard from "@/components/bento-04/web-design-card"
  12 | import FutureForwardCard from "@/components/bento-04/future-forward-card"
> 13 | import CleanCodeCard from "@/components/bento-04/clean-code-card"
     | ^^^^^^^^^^^^^^^^^^^^^^^^^^^^^^^^^^^^^^^^^^^^^^^^^^^^^^^^^^^^^^^^^
  14 | import AccelerateCard from "@/components/bento-04/accelerate-card"
  15 | import DottedFrame from "@/components/bento-04/dotted-frame"
  16 | import IconHolo from "@/components/bento-04/icon-holo"

Import map: aliased to relative './components/bento-04/clean-code-card' inside of [project]/

Import traces:
  Client Component Browser:
    ./registry/default/components/bento-04/bento-04.tsx [Client Component Browser]
    ./components/showcase/featured-components.tsx [Client Component Browser]
    ./app/page.tsx [Client Component Browser]
    ./app/page.tsx [Server Component]

  Client Component SSR:
    ./registry/default/components/bento-04/bento-04.tsx [Client Component SSR]
    ./components/showcase/featured-components.tsx [Client Component SSR]
    ./app/page.tsx [Client Component SSR]
    ./app/page.tsx [Server Component]

https://nextjs.org/docs/messages/module-not-found @ http://localhost:4200/_next/static/chunks/0aus_next_dist_0dxyg_i._.js:3272
[11671635ms] [ERROR] ./registry/default/components/bento-04/bento-04.tsx:15:1
Module not found: Can't resolve '@/components/bento-04/dotted-frame'
  13 | import CleanCodeCard from "@/components/bento-04/clean-code-card"
  14 | import AccelerateCard from "@/components/bento-04/accelerate-card"
> 15 | import DottedFrame from "@/components/bento-04/dotted-frame"
     | ^^^^^^^^^^^^^^^^^^^^^^^^^^^^^^^^^^^^^^^^^^^^^^^^^^^^^^^^^^^^
  16 | import IconHolo from "@/components/bento-04/icon-holo"
  17 |
  18 | const rise = "animate-brand-item motion-reduce:!animate-none motion-reduce:!opacity-100"

Import map: aliased to relative './components/bento-04/dotted-frame' inside of [project]/

Import traces:
  Client Component Browser:
    ./registry/default/components/bento-04/bento-04.tsx [Client Component Browser]
    ./components/showcase/featured-components.tsx [Client Component Browser]
    ./app/page.tsx [Client Component Browser]
    ./app/page.tsx [Server Component]

  Client Component SSR:
    ./registry/default/components/bento-04/bento-04.tsx [Client Component SSR]
    ./components/showcase/featured-components.tsx [Client Component SSR]
    ./app/page.tsx [Client Component SSR]
    ./app/page.tsx [Server Component]

https://nextjs.org/docs/messages/module-not-found @ http://localhost:4200/_next/static/chunks/0aus_next_dist_0dxyg_i._.js:3272
[11671635ms] [ERROR] ./registry/default/components/bento-04/bento-04.tsx:12:1
Module not found: Can't resolve '@/components/bento-04/future-forward-card'
  10 |
  11 | import WebDesignCard from "@/components/bento-04/web-design-card"
> 12 | import FutureForwardCard from "@/components/bento-04/future-forward-card"
     | ^^^^^^^^^^^^^^^^^^^^^^^^^^^^^^^^^^^^^^^^^^^^^^^^^^^^^^^^^^^^^^^^^^^^^^^^^
  13 | import CleanCodeCard from "@/components/bento-04/clean-code-card"
  14 | import AccelerateCard from "@/components/bento-04/accelerate-card"
  15 | import DottedFrame from "@/components/bento-04/dotted-frame"

Import map: aliased to relative './components/bento-04/future-forward-card' inside of [project]/

Import traces:
  Client Component Browser:
    ./registry/default/components/bento-04/bento-04.tsx [Client Component Browser]
    ./components/showcase/featured-components.tsx [Client Component Browser]
    ./app/page.tsx [Client Component Browser]
    ./app/page.tsx [Server Component]

  Client Component SSR:
    ./registry/default/components/bento-04/bento-04.tsx [Client Component SSR]
    ./components/showcase/featured-components.tsx [Client Component SSR]
    ./app/page.tsx [Client Component SSR]
    ./app/page.tsx [Server Component]

https://nextjs.org/docs/messages/module-not-found @ http://localhost:4200/_next/static/chunks/0aus_next_dist_0dxyg_i._.js:3272
[11671635ms] [ERROR] ./registry/default/components/bento-04/bento-04.tsx:16:1
Module not found: Can't resolve '@/components/bento-04/icon-holo'
  14 | import AccelerateCard from "@/components/bento-04/accelerate-card"
  15 | import DottedFrame from "@/components/bento-04/dotted-frame"
> 16 | import IconHolo from "@/components/bento-04/icon-holo"
     | ^^^^^^^^^^^^^^^^^^^^^^^^^^^^^^^^^^^^^^^^^^^^^^^^^^^^^^
  17 |
  18 | const rise = "animate-brand-item motion-reduce:!animate-none motion-reduce:!opacity-100"
  19 |

Import map: aliased to relative './components/bento-04/icon-holo' inside of [project]/

Import traces:
  Client Component Browser:
    ./registry/default/components/bento-04/bento-04.tsx [Client Component Browser]
    ./components/showcase/featured-components.tsx [Client Component Browser]
    ./app/page.tsx [Client Component Browser]
    ./app/page.tsx [Server Component]

  Client Component SSR:
    ./registry/default/components/bento-04/bento-04.tsx [Client Component SSR]
    ./components/showcase/featured-components.tsx [Client Component SSR]
    ./app/page.tsx [Client Component SSR]
    ./app/page.tsx [Server Component]

https://nextjs.org/docs/messages/module-not-found @ http://localhost:4200/_next/static/chunks/0aus_next_dist_0dxyg_i._.js:3272
[11671635ms] [ERROR] ./registry/default/components/bento-04/bento-04.tsx:11:1
Module not found: Can't resolve '@/components/bento-04/web-design-card'
   9 | // pass `heading={null}` to drop it and use your own.
  10 |
> 11 | import WebDesignCard from "@/components/bento-04/web-design-card"
     | ^^^^^^^^^^^^^^^^^^^^^^^^^^^^^^^^^^^^^^^^^^^^^^^^^^^^^^^^^^^^^^^^^
  12 | import FutureForwardCard from "@/components/bento-04/future-forward-card"
  13 | import CleanCodeCard from "@/components/bento-04/clean-code-card"
  14 | import AccelerateCard from "@/components/bento-04/accelerate-card"

Import map: aliased to relative './components/bento-04/web-design-card' inside of [project]/

Import traces:
  Client Component Browser:
    ./registry/default/components/bento-04/bento-04.tsx [Client Component Browser]
    ./components/showcase/featured-components.tsx [Client Component Browser]
    ./app/page.tsx [Client Component Browser]
    ./app/page.tsx [Server Component]

  Client Component SSR:
    ./registry/default/components/bento-04/bento-04.tsx [Client Component SSR]
    ./components/showcase/featured-components.tsx [Client Component SSR]
    ./app/page.tsx [Client Component SSR]
    ./app/page.tsx [Server Component]

https://nextjs.org/docs/messages/module-not-found @ http://localhost:4200/_next/static/chunks/0aus_next_dist_0dxyg_i._.js:3272
[11671701ms] [LOG] [Fast Refresh] rebuilding @ http://localhost:4200/_next/static/chunks/0aus_next_dist_0dxyg_i._.js:2431
[11704803ms] [ERROR] ./registry/default/components/bento-04/bento-04.tsx:14:1
Module not found: Can't resolve '@/components/bento-04/accelerate-card'
  12 | import FutureForwardCard from "@/components/bento-04/future-forward-card"
  13 | import CleanCodeCard from "@/components/bento-04/clean-code-card"
> 14 | import AccelerateCard from "@/components/bento-04/accelerate-card"
     | ^^^^^^^^^^^^^^^^^^^^^^^^^^^^^^^^^^^^^^^^^^^^^^^^^^^^^^^^^^^^^^^^^^
  15 | import DottedFrame from "@/components/bento-04/dotted-frame"
  16 | import IconHolo from "@/components/bento-04/icon-holo"
  17 |

Import map: aliased to relative './components/bento-04/accelerate-card' inside of [project]/

Import traces:
  Client Component Browser:
    ./registry/default/components/bento-04/bento-04.tsx [Client Component Browser]
    ./components/showcase/featured-components.tsx [Client Component Browser]
    ./app/page.tsx [Client Component Browser]
    ./app/page.tsx [Server Component]

  Client Component SSR:
    ./registry/default/components/bento-04/bento-04.tsx [Client Component SSR]
    ./components/showcase/featured-components.tsx [Client Component SSR]
    ./app/page.tsx [Client Component SSR]
    ./app/page.tsx [Server Component]

https://nextjs.org/docs/messages/module-not-found @ http://localhost:4200/_next/static/chunks/0aus_next_dist_0dxyg_i._.js:3272
[11704804ms] [ERROR] ./registry/default/components/bento-04/bento-04.tsx:13:1
Module not found: Can't resolve '@/components/bento-04/clean-code-card'
  11 | import WebDesignCard from "@/components/bento-04/web-design-card"
  12 | import FutureForwardCard from "@/components/bento-04/future-forward-card"
> 13 | import CleanCodeCard from "@/components/bento-04/clean-code-card"
     | ^^^^^^^^^^^^^^^^^^^^^^^^^^^^^^^^^^^^^^^^^^^^^^^^^^^^^^^^^^^^^^^^^
  14 | import AccelerateCard from "@/components/bento-04/accelerate-card"
  15 | import DottedFrame from "@/components/bento-04/dotted-frame"
  16 | import IconHolo from "@/components/bento-04/icon-holo"

Import map: aliased to relative './components/bento-04/clean-code-card' inside of [project]/

Import traces:
  Client Component Browser:
    ./registry/default/components/bento-04/bento-04.tsx [Client Component Browser]
    ./components/showcase/featured-components.tsx [Client Component Browser]
    ./app/page.tsx [Client Component Browser]
    ./app/page.tsx [Server Component]

  Client Component SSR:
    ./registry/default/components/bento-04/bento-04.tsx [Client Component SSR]
    ./components/showcase/featured-components.tsx [Client Component SSR]
    ./app/page.tsx [Client Component SSR]
    ./app/page.tsx [Server Component]

https://nextjs.org/docs/messages/module-not-found @ http://localhost:4200/_next/static/chunks/0aus_next_dist_0dxyg_i._.js:3272
[11704804ms] [ERROR] ./registry/default/components/bento-04/bento-04.tsx:15:1
Module not found: Can't resolve '@/components/bento-04/dotted-frame'
  13 | import CleanCodeCard from "@/components/bento-04/clean-code-card"
  14 | import AccelerateCard from "@/components/bento-04/accelerate-card"
> 15 | import DottedFrame from "@/components/bento-04/dotted-frame"
     | ^^^^^^^^^^^^^^^^^^^^^^^^^^^^^^^^^^^^^^^^^^^^^^^^^^^^^^^^^^^^
  16 | import IconHolo from "@/components/bento-04/icon-holo"
  17 |
  18 | const rise = "animate-brand-item motion-reduce:!animate-none motion-reduce:!opacity-100"

Import map: aliased to relative './components/bento-04/dotted-frame' inside of [project]/

Import traces:
  Client Component Browser:
    ./registry/default/components/bento-04/bento-04.tsx [Client Component Browser]
    ./components/showcase/featured-components.tsx [Client Component Browser]
    ./app/page.tsx [Client Component Browser]
    ./app/page.tsx [Server Component]

  Client Component SSR:
    ./registry/default/components/bento-04/bento-04.tsx [Client Component SSR]
    ./components/showcase/featured-components.tsx [Client Component SSR]
    ./app/page.tsx [Client Component SSR]
    ./app/page.tsx [Server Component]

https://nextjs.org/docs/messages/module-not-found @ http://localhost:4200/_next/static/chunks/0aus_next_dist_0dxyg_i._.js:3272
[11704804ms] [ERROR] ./registry/default/components/bento-04/bento-04.tsx:12:1
Module not found: Can't resolve '@/components/bento-04/future-forward-card'
  10 |
  11 | import WebDesignCard from "@/components/bento-04/web-design-card"
> 12 | import FutureForwardCard from "@/components/bento-04/future-forward-card"
     | ^^^^^^^^^^^^^^^^^^^^^^^^^^^^^^^^^^^^^^^^^^^^^^^^^^^^^^^^^^^^^^^^^^^^^^^^^
  13 | import CleanCodeCard from "@/components/bento-04/clean-code-card"
  14 | import AccelerateCard from "@/components/bento-04/accelerate-card"
  15 | import DottedFrame from "@/components/bento-04/dotted-frame"

Import map: aliased to relative './components/bento-04/future-forward-card' inside of [project]/

Import traces:
  Client Component Browser:
    ./registry/default/components/bento-04/bento-04.tsx [Client Component Browser]
    ./components/showcase/featured-components.tsx [Client Component Browser]
    ./app/page.tsx [Client Component Browser]
    ./app/page.tsx [Server Component]

  Client Component SSR:
    ./registry/default/components/bento-04/bento-04.tsx [Client Component SSR]
    ./components/showcase/featured-components.tsx [Client Component SSR]
    ./app/page.tsx [Client Component SSR]
    ./app/page.tsx [Server Component]

https://nextjs.org/docs/messages/module-not-found @ http://localhost:4200/_next/static/chunks/0aus_next_dist_0dxyg_i._.js:3272
[11704804ms] [ERROR] ./registry/default/components/bento-04/bento-04.tsx:16:1
Module not found: Can't resolve '@/components/bento-04/icon-holo'
  14 | import AccelerateCard from "@/components/bento-04/accelerate-card"
  15 | import DottedFrame from "@/components/bento-04/dotted-frame"
> 16 | import IconHolo from "@/components/bento-04/icon-holo"
     | ^^^^^^^^^^^^^^^^^^^^^^^^^^^^^^^^^^^^^^^^^^^^^^^^^^^^^^
  17 |
  18 | const rise = "animate-brand-item motion-reduce:!animate-none motion-reduce:!opacity-100"
  19 |

Import map: aliased to relative './components/bento-04/icon-holo' inside of [project]/

Import traces:
  Client Component Browser:
    ./registry/default/components/bento-04/bento-04.tsx [Client Component Browser]
    ./components/showcase/featured-components.tsx [Client Component Browser]
    ./app/page.tsx [Client Component Browser]
    ./app/page.tsx [Server Component]

  Client Component SSR:
    ./registry/default/components/bento-04/bento-04.tsx [Client Component SSR]
    ./components/showcase/featured-components.tsx [Client Component SSR]
    ./app/page.tsx [Client Component SSR]
    ./app/page.tsx [Server Component]

https://nextjs.org/docs/messages/module-not-found @ http://localhost:4200/_next/static/chunks/0aus_next_dist_0dxyg_i._.js:3272
[11704804ms] [ERROR] ./registry/default/components/bento-04/bento-04.tsx:11:1
Module not found: Can't resolve '@/components/bento-04/web-design-card'
   9 | // pass `heading={null}` to drop it and use your own.
  10 |
> 11 | import WebDesignCard from "@/components/bento-04/web-design-card"
     | ^^^^^^^^^^^^^^^^^^^^^^^^^^^^^^^^^^^^^^^^^^^^^^^^^^^^^^^^^^^^^^^^^
  12 | import FutureForwardCard from "@/components/bento-04/future-forward-card"
  13 | import CleanCodeCard from "@/components/bento-04/clean-code-card"
  14 | import AccelerateCard from "@/components/bento-04/accelerate-card"

Import map: aliased to relative './components/bento-04/web-design-card' inside of [project]/

Import traces:
  Client Component Browser:
    ./registry/default/components/bento-04/bento-04.tsx [Client Component Browser]
    ./components/showcase/featured-components.tsx [Client Component Browser]
    ./app/page.tsx [Client Component Browser]
    ./app/page.tsx [Server Component]

  Client Component SSR:
    ./registry/default/components/bento-04/bento-04.tsx [Client Component SSR]
    ./components/showcase/featured-components.tsx [Client Component SSR]
    ./app/page.tsx [Client Component SSR]
    ./app/page.tsx [Server Component]

https://nextjs.org/docs/messages/module-not-found @ http://localhost:4200/_next/static/chunks/0aus_next_dist_0dxyg_i._.js:3272
[11704857ms] [LOG] [Fast Refresh] rebuilding @ http://localhost:4200/_next/static/chunks/0aus_next_dist_0dxyg_i._.js:2431
[11705078ms] [ERROR] ./registry/default/components/bento-04/bento-04.tsx:14:1
Module not found: Can't resolve '@/components/bento-04/accelerate-card'
  12 | import FutureForwardCard from "@/components/bento-04/future-forward-card"
  13 | import CleanCodeCard from "@/components/bento-04/clean-code-card"
> 14 | import AccelerateCard from "@/components/bento-04/accelerate-card"
     | ^^^^^^^^^^^^^^^^^^^^^^^^^^^^^^^^^^^^^^^^^^^^^^^^^^^^^^^^^^^^^^^^^^
  15 | import DottedFrame from "@/components/bento-04/dotted-frame"
  16 | import IconHolo from "@/components/bento-04/icon-holo"
  17 |

Import map: aliased to relative './components/bento-04/accelerate-card' inside of [project]/

Import traces:
  Client Component Browser:
    ./registry/default/components/bento-04/bento-04.tsx [Client Component Browser]
    ./components/showcase/featured-components.tsx [Client Component Browser]
    ./app/page.tsx [Client Component Browser]
    ./app/page.tsx [Server Component]

  Client Component SSR:
    ./registry/default/components/bento-04/bento-04.tsx [Client Component SSR]
    ./components/showcase/featured-components.tsx [Client Component SSR]
    ./app/page.tsx [Client Component SSR]
    ./app/page.tsx [Server Component]

https://nextjs.org/docs/messages/module-not-found @ http://localhost:4200/_next/static/chunks/0aus_next_dist_0dxyg_i._.js:3272
[11705078ms] [ERROR] ./registry/default/components/bento-04/bento-04.tsx:13:1
Module not found: Can't resolve '@/components/bento-04/clean-code-card'
  11 | import WebDesignCard from "@/components/bento-04/web-design-card"
  12 | import FutureForwardCard from "@/components/bento-04/future-forward-card"
> 13 | import CleanCodeCard from "@/components/bento-04/clean-code-card"
     | ^^^^^^^^^^^^^^^^^^^^^^^^^^^^^^^^^^^^^^^^^^^^^^^^^^^^^^^^^^^^^^^^^
  14 | import AccelerateCard from "@/components/bento-04/accelerate-card"
  15 | import DottedFrame from "@/components/bento-04/dotted-frame"
  16 | import IconHolo from "@/components/bento-04/icon-holo"

Import map: aliased to relative './components/bento-04/clean-code-card' inside of [project]/

Import traces:
  Client Component Browser:
    ./registry/default/components/bento-04/bento-04.tsx [Client Component Browser]
    ./components/showcase/featured-components.tsx [Client Component Browser]
    ./app/page.tsx [Client Component Browser]
    ./app/page.tsx [Server Component]

  Client Component SSR:
    ./registry/default/components/bento-04/bento-04.tsx [Client Component SSR]
    ./components/showcase/featured-components.tsx [Client Component SSR]
    ./app/page.tsx [Client Component SSR]
    ./app/page.tsx [Server Component]

https://nextjs.org/docs/messages/module-not-found @ http://localhost:4200/_next/static/chunks/0aus_next_dist_0dxyg_i._.js:3272
[11705078ms] [ERROR] ./registry/default/components/bento-04/bento-04.tsx:15:1
Module not found: Can't resolve '@/components/bento-04/dotted-frame'
  13 | import CleanCodeCard from "@/components/bento-04/clean-code-card"
  14 | import AccelerateCard from "@/components/bento-04/accelerate-card"
> 15 | import DottedFrame from "@/components/bento-04/dotted-frame"
     | ^^^^^^^^^^^^^^^^^^^^^^^^^^^^^^^^^^^^^^^^^^^^^^^^^^^^^^^^^^^^
  16 | import IconHolo from "@/components/bento-04/icon-holo"
  17 |
  18 | const rise = "animate-brand-item motion-reduce:!animate-none motion-reduce:!opacity-100"

Import map: aliased to relative './components/bento-04/dotted-frame' inside of [project]/

Import traces:
  Client Component Browser:
    ./registry/default/components/bento-04/bento-04.tsx [Client Component Browser]
    ./components/showcase/featured-components.tsx [Client Component Browser]
    ./app/page.tsx [Client Component Browser]
    ./app/page.tsx [Server Component]

  Client Component SSR:
    ./registry/default/components/bento-04/bento-04.tsx [Client Component SSR]
    ./components/showcase/featured-components.tsx [Client Component SSR]
    ./app/page.tsx [Client Component SSR]
    ./app/page.tsx [Server Component]

https://nextjs.org/docs/messages/module-not-found @ http://localhost:4200/_next/static/chunks/0aus_next_dist_0dxyg_i._.js:3272
[11705078ms] [ERROR] ./registry/default/components/bento-04/bento-04.tsx:12:1
Module not found: Can't resolve '@/components/bento-04/future-forward-card'
  10 |
  11 | import WebDesignCard from "@/components/bento-04/web-design-card"
> 12 | import FutureForwardCard from "@/components/bento-04/future-forward-card"
     | ^^^^^^^^^^^^^^^^^^^^^^^^^^^^^^^^^^^^^^^^^^^^^^^^^^^^^^^^^^^^^^^^^^^^^^^^^
  13 | import CleanCodeCard from "@/components/bento-04/clean-code-card"
  14 | import AccelerateCard from "@/components/bento-04/accelerate-card"
  15 | import DottedFrame from "@/components/bento-04/dotted-frame"

Import map: aliased to relative './components/bento-04/future-forward-card' inside of [project]/

Import traces:
  Client Component Browser:
    ./registry/default/components/bento-04/bento-04.tsx [Client Component Browser]
    ./components/showcase/featured-components.tsx [Client Component Browser]
    ./app/page.tsx [Client Component Browser]
    ./app/page.tsx [Server Component]

  Client Component SSR:
    ./registry/default/components/bento-04/bento-04.tsx [Client Component SSR]
    ./components/showcase/featured-components.tsx [Client Component SSR]
    ./app/page.tsx [Client Component SSR]
    ./app/page.tsx [Server Component]

https://nextjs.org/docs/messages/module-not-found @ http://localhost:4200/_next/static/chunks/0aus_next_dist_0dxyg_i._.js:3272
[11705078ms] [ERROR] ./registry/default/components/bento-04/bento-04.tsx:16:1
Module not found: Can't resolve '@/components/bento-04/icon-holo'
  14 | import AccelerateCard from "@/components/bento-04/accelerate-card"
  15 | import DottedFrame from "@/components/bento-04/dotted-frame"
> 16 | import IconHolo from "@/components/bento-04/icon-holo"
     | ^^^^^^^^^^^^^^^^^^^^^^^^^^^^^^^^^^^^^^^^^^^^^^^^^^^^^^
  17 |
  18 | const rise = "animate-brand-item motion-reduce:!animate-none motion-reduce:!opacity-100"
  19 |

Import map: aliased to relative './components/bento-04/icon-holo' inside of [project]/

Import traces:
  Client Component Browser:
    ./registry/default/components/bento-04/bento-04.tsx [Client Component Browser]
    ./components/showcase/featured-components.tsx [Client Component Browser]
    ./app/page.tsx [Client Component Browser]
    ./app/page.tsx [Server Component]

  Client Component SSR:
    ./registry/default/components/bento-04/bento-04.tsx [Client Component SSR]
    ./components/showcase/featured-components.tsx [Client Component SSR]
    ./app/page.tsx [Client Component SSR]
    ./app/page.tsx [Server Component]

https://nextjs.org/docs/messages/module-not-found @ http://localhost:4200/_next/static/chunks/0aus_next_dist_0dxyg_i._.js:3272
[11705078ms] [ERROR] ./registry/default/components/bento-04/bento-04.tsx:11:1
Module not found: Can't resolve '@/components/bento-04/web-design-card'
   9 | // pass `heading={null}` to drop it and use your own.
  10 |
> 11 | import WebDesignCard from "@/components/bento-04/web-design-card"
     | ^^^^^^^^^^^^^^^^^^^^^^^^^^^^^^^^^^^^^^^^^^^^^^^^^^^^^^^^^^^^^^^^^
  12 | import FutureForwardCard from "@/components/bento-04/future-forward-card"
  13 | import CleanCodeCard from "@/components/bento-04/clean-code-card"
  14 | import AccelerateCard from "@/components/bento-04/accelerate-card"

Import map: aliased to relative './components/bento-04/web-design-card' inside of [project]/

Import traces:
  Client Component Browser:
    ./registry/default/components/bento-04/bento-04.tsx [Client Component Browser]
    ./components/showcase/featured-components.tsx [Client Component Browser]
    ./app/page.tsx [Client Component Browser]
    ./app/page.tsx [Server Component]

  Client Component SSR:
    ./registry/default/components/bento-04/bento-04.tsx [Client Component SSR]
    ./components/showcase/featured-components.tsx [Client Component SSR]
    ./app/page.tsx [Client Component SSR]
    ./app/page.tsx [Server Component]

https://nextjs.org/docs/messages/module-not-found @ http://localhost:4200/_next/static/chunks/0aus_next_dist_0dxyg_i._.js:3272
[11705135ms] [LOG] [Fast Refresh] rebuilding @ http://localhost:4200/_next/static/chunks/0aus_next_dist_0dxyg_i._.js:2431
[11705307ms] [LOG] [Fast Refresh] rebuilding @ http://localhost:4200/_next/static/chunks/0aus_next_dist_0dxyg_i._.js:2431
[11705414ms] [ERROR] ./registry/default/components/bento-04/bento-04.tsx:14:1
Module not found: Can't resolve '@/components/bento-04/accelerate-card'
  12 | import FutureForwardCard from "@/components/bento-04/future-forward-card"
  13 | import CleanCodeCard from "@/components/bento-04/clean-code-card"
> 14 | import AccelerateCard from "@/components/bento-04/accelerate-card"
     | ^^^^^^^^^^^^^^^^^^^^^^^^^^^^^^^^^^^^^^^^^^^^^^^^^^^^^^^^^^^^^^^^^^
  15 | import DottedFrame from "@/components/bento-04/dotted-frame"
  16 | import IconHolo from "@/components/bento-04/icon-holo"
  17 |

Import map: aliased to relative './components/bento-04/accelerate-card' inside of [project]/

Import traces:
  Client Component Browser:
    ./registry/default/components/bento-04/bento-04.tsx [Client Component Browser]
    ./components/showcase/featured-components.tsx [Client Component Browser]
    ./app/page.tsx [Client Component Browser]
    ./app/page.tsx [Server Component]

  Client Component SSR:
    ./registry/default/components/bento-04/bento-04.tsx [Client Component SSR]
    ./components/showcase/featured-components.tsx [Client Component SSR]
    ./app/page.tsx [Client Component SSR]
    ./app/page.tsx [Server Component]

https://nextjs.org/docs/messages/module-not-found @ http://localhost:4200/_next/static/chunks/0aus_next_dist_0dxyg_i._.js:3272
[11705414ms] [ERROR] ./registry/default/components/bento-04/bento-04.tsx:13:1
Module not found: Can't resolve '@/components/bento-04/clean-code-card'
  11 | import WebDesignCard from "@/components/bento-04/web-design-card"
  12 | import FutureForwardCard from "@/components/bento-04/future-forward-card"
> 13 | import CleanCodeCard from "@/components/bento-04/clean-code-card"
     | ^^^^^^^^^^^^^^^^^^^^^^^^^^^^^^^^^^^^^^^^^^^^^^^^^^^^^^^^^^^^^^^^^
  14 | import AccelerateCard from "@/components/bento-04/accelerate-card"
  15 | import DottedFrame from "@/components/bento-04/dotted-frame"
  16 | import IconHolo from "@/components/bento-04/icon-holo"

Import map: aliased to relative './components/bento-04/clean-code-card' inside of [project]/

Import traces:
  Client Component Browser:
    ./registry/default/components/bento-04/bento-04.tsx [Client Component Browser]
    ./components/showcase/featured-components.tsx [Client Component Browser]
    ./app/page.tsx [Client Component Browser]
    ./app/page.tsx [Server Component]

  Client Component SSR:
    ./registry/default/components/bento-04/bento-04.tsx [Client Component SSR]
    ./components/showcase/featured-components.tsx [Client Component SSR]
    ./app/page.tsx [Client Component SSR]
    ./app/page.tsx [Server Component]

https://nextjs.org/docs/messages/module-not-found @ http://localhost:4200/_next/static/chunks/0aus_next_dist_0dxyg_i._.js:3272
[11705414ms] [ERROR] ./registry/default/components/bento-04/bento-04.tsx:15:1
Module not found: Can't resolve '@/components/bento-04/dotted-frame'
  13 | import CleanCodeCard from "@/components/bento-04/clean-code-card"
  14 | import AccelerateCard from "@/components/bento-04/accelerate-card"
> 15 | import DottedFrame from "@/components/bento-04/dotted-frame"
     | ^^^^^^^^^^^^^^^^^^^^^^^^^^^^^^^^^^^^^^^^^^^^^^^^^^^^^^^^^^^^
  16 | import IconHolo from "@/components/bento-04/icon-holo"
  17 |
  18 | const rise = "animate-brand-item motion-reduce:!animate-none motion-reduce:!opacity-100"

Import map: aliased to relative './components/bento-04/dotted-frame' inside of [project]/

Import traces:
  Client Component Browser:
    ./registry/default/components/bento-04/bento-04.tsx [Client Component Browser]
    ./components/showcase/featured-components.tsx [Client Component Browser]
    ./app/page.tsx [Client Component Browser]
    ./app/page.tsx [Server Component]

  Client Component SSR:
    ./registry/default/components/bento-04/bento-04.tsx [Client Component SSR]
    ./components/showcase/featured-components.tsx [Client Component SSR]
    ./app/page.tsx [Client Component SSR]
    ./app/page.tsx [Server Component]

https://nextjs.org/docs/messages/module-not-found @ http://localhost:4200/_next/static/chunks/0aus_next_dist_0dxyg_i._.js:3272
[11705414ms] [ERROR] ./registry/default/components/bento-04/bento-04.tsx:12:1
Module not found: Can't resolve '@/components/bento-04/future-forward-card'
  10 |
  11 | import WebDesignCard from "@/components/bento-04/web-design-card"
> 12 | import FutureForwardCard from "@/components/bento-04/future-forward-card"
     | ^^^^^^^^^^^^^^^^^^^^^^^^^^^^^^^^^^^^^^^^^^^^^^^^^^^^^^^^^^^^^^^^^^^^^^^^^
  13 | import CleanCodeCard from "@/components/bento-04/clean-code-card"
  14 | import AccelerateCard from "@/components/bento-04/accelerate-card"
  15 | import DottedFrame from "@/components/bento-04/dotted-frame"

Import map: aliased to relative './components/bento-04/future-forward-card' inside of [project]/

Import traces:
  Client Component Browser:
    ./registry/default/components/bento-04/bento-04.tsx [Client Component Browser]
    ./components/showcase/featured-components.tsx [Client Component Browser]
    ./app/page.tsx [Client Component Browser]
    ./app/page.tsx [Server Component]

  Client Component SSR:
    ./registry/default/components/bento-04/bento-04.tsx [Client Component SSR]
    ./components/showcase/featured-components.tsx [Client Component SSR]
    ./app/page.tsx [Client Component SSR]
    ./app/page.tsx [Server Component]

https://nextjs.org/docs/messages/module-not-found @ http://localhost:4200/_next/static/chunks/0aus_next_dist_0dxyg_i._.js:3272
[11705414ms] [ERROR] ./registry/default/components/bento-04/bento-04.tsx:16:1
Module not found: Can't resolve '@/components/bento-04/icon-holo'
  14 | import AccelerateCard from "@/components/bento-04/accelerate-card"
  15 | import DottedFrame from "@/components/bento-04/dotted-frame"
> 16 | import IconHolo from "@/components/bento-04/icon-holo"
     | ^^^^^^^^^^^^^^^^^^^^^^^^^^^^^^^^^^^^^^^^^^^^^^^^^^^^^^
  17 |
  18 | const rise = "animate-brand-item motion-reduce:!animate-none motion-reduce:!opacity-100"
  19 |

Import map: aliased to relative './components/bento-04/icon-holo' inside of [project]/

Import traces:
  Client Component Browser:
    ./registry/default/components/bento-04/bento-04.tsx [Client Component Browser]
    ./components/showcase/featured-components.tsx [Client Component Browser]
    ./app/page.tsx [Client Component Browser]
    ./app/page.tsx [Server Component]

  Client Component SSR:
    ./registry/default/components/bento-04/bento-04.tsx [Client Component SSR]
    ./components/showcase/featured-components.tsx [Client Component SSR]
    ./app/page.tsx [Client Component SSR]
    ./app/page.tsx [Server Component]

https://nextjs.org/docs/messages/module-not-found @ http://localhost:4200/_next/static/chunks/0aus_next_dist_0dxyg_i._.js:3272
[11705414ms] [ERROR] ./registry/default/components/bento-04/bento-04.tsx:11:1
Module not found: Can't resolve '@/components/bento-04/web-design-card'
   9 | // pass `heading={null}` to drop it and use your own.
  10 |
> 11 | import WebDesignCard from "@/components/bento-04/web-design-card"
     | ^^^^^^^^^^^^^^^^^^^^^^^^^^^^^^^^^^^^^^^^^^^^^^^^^^^^^^^^^^^^^^^^^
  12 | import FutureForwardCard from "@/components/bento-04/future-forward-card"
  13 | import CleanCodeCard from "@/components/bento-04/clean-code-card"
  14 | import AccelerateCard from "@/components/bento-04/accelerate-card"

Import map: aliased to relative './components/bento-04/web-design-card' inside of [project]/

Import traces:
  Client Component Browser:
    ./registry/default/components/bento-04/bento-04.tsx [Client Component Browser]
    ./components/showcase/featured-components.tsx [Client Component Browser]
    ./app/page.tsx [Client Component Browser]
    ./app/page.tsx [Server Component]

  Client Component SSR:
    ./registry/default/components/bento-04/bento-04.tsx [Client Component SSR]
    ./components/showcase/featured-components.tsx [Client Component SSR]
    ./app/page.tsx [Client Component SSR]
    ./app/page.tsx [Server Component]

https://nextjs.org/docs/messages/module-not-found @ http://localhost:4200/_next/static/chunks/0aus_next_dist_0dxyg_i._.js:3272
[11723119ms] [ERROR] WebSocket connection to 'ws://localhost:4200/_next/webpack-hmr?id=gqQD-85dTZRxubj_Tnkh9' failed: Error in connection establishment: net::ERR_CONNECTION_REFUSED @ http://localhost:4200/_next/static/chunks/0aus_next_dist_client_02k4~6y._.js:13299
[11724122ms] [ERROR] WebSocket connection to 'ws://localhost:4200/_next/webpack-hmr?id=gqQD-85dTZRxubj_Tnkh9' failed: Error in connection establishment: net::ERR_CONNECTION_REFUSED @ http://localhost:4200/_next/static/chunks/0aus_next_dist_client_02k4~6y._.js:13299
[11725124ms] [ERROR] WebSocket connection to 'ws://localhost:4200/_next/webpack-hmr?id=gqQD-85dTZRxubj_Tnkh9' failed: Error in connection establishment: net::ERR_CONNECTION_REFUSED @ http://localhost:4200/_next/static/chunks/0aus_next_dist_client_02k4~6y._.js:13299
[11726127ms] [ERROR] WebSocket connection to 'ws://localhost:4200/_next/webpack-hmr?id=gqQD-85dTZRxubj_Tnkh9' failed: Error in connection establishment: net::ERR_CONNECTION_REFUSED @ http://localhost:4200/_next/static/chunks/0aus_next_dist_client_02k4~6y._.js:13299
[11727130ms] [ERROR] WebSocket connection to 'ws://localhost:4200/_next/webpack-hmr?id=gqQD-85dTZRxubj_Tnkh9' failed: Error in connection establishment: net::ERR_CONNECTION_REFUSED @ http://localhost:4200/_next/static/chunks/0aus_next_dist_client_02k4~6y._.js:13299
[11734554ms] [LOG] [HMR] connected @ http://localhost:4200/_next/static/chunks/0aus_next_dist_0dxyg_i._.js:2431
[11736459ms] [INFO] %cDownload the React DevTools for a better development experience: https://react.dev/link/react-devtools font-weight:bold @ http://localhost:4200/_next/static/chunks/0aus_next_dist_0dxyg_i._.js:2431
[11736503ms] [LOG] [HMR] connected @ http://localhost:4200/_next/static/chunks/0aus_next_dist_0dxyg_i._.js:2431
[11737190ms] [ERROR] ./registry/default/components/bento-04/bento-04.tsx:14:1
Module not found: Can't resolve '@/components/bento-04/accelerate-card'
  12 | import FutureForwardCard from "@/components/bento-04/future-forward-card"
  13 | import CleanCodeCard from "@/components/bento-04/clean-code-card"
> 14 | import AccelerateCard from "@/components/bento-04/accelerate-card"
     | ^^^^^^^^^^^^^^^^^^^^^^^^^^^^^^^^^^^^^^^^^^^^^^^^^^^^^^^^^^^^^^^^^^
  15 | import DottedFrame from "@/components/bento-04/dotted-frame"
  16 | import IconHolo from "@/components/bento-04/icon-holo"
  17 |

Import map: aliased to relative './components/bento-04/accelerate-card' inside of [project]/

Import traces:
  Client Component Browser:
    ./registry/default/components/bento-04/bento-04.tsx [Client Component Browser]
    ./components/showcase/featured-components.tsx [Client Component Browser]
    ./app/page.tsx [Client Component Browser]
    ./app/page.tsx [Server Component]

  Client Component SSR:
    ./registry/default/components/bento-04/bento-04.tsx [Client Component SSR]
    ./components/showcase/featured-components.tsx [Client Component SSR]
    ./app/page.tsx [Client Component SSR]
    ./app/page.tsx [Server Component]

https://nextjs.org/docs/messages/module-not-found @ http://localhost:4200/_next/static/chunks/0aus_next_dist_0dxyg_i._.js:3272
[11737191ms] [ERROR] ./registry/default/components/bento-04/bento-04.tsx:13:1
Module not found: Can't resolve '@/components/bento-04/clean-code-card'
  11 | import WebDesignCard from "@/components/bento-04/web-design-card"
  12 | import FutureForwardCard from "@/components/bento-04/future-forward-card"
> 13 | import CleanCodeCard from "@/components/bento-04/clean-code-card"
     | ^^^^^^^^^^^^^^^^^^^^^^^^^^^^^^^^^^^^^^^^^^^^^^^^^^^^^^^^^^^^^^^^^
  14 | import AccelerateCard from "@/components/bento-04/accelerate-card"
  15 | import DottedFrame from "@/components/bento-04/dotted-frame"
  16 | import IconHolo from "@/components/bento-04/icon-holo"

Import map: aliased to relative './components/bento-04/clean-code-card' inside of [project]/

Import traces:
  Client Component Browser:
    ./registry/default/components/bento-04/bento-04.tsx [Client Component Browser]
    ./components/showcase/featured-components.tsx [Client Component Browser]
    ./app/page.tsx [Client Component Browser]
    ./app/page.tsx [Server Component]

  Client Component SSR:
    ./registry/default/components/bento-04/bento-04.tsx [Client Component SSR]
    ./components/showcase/featured-components.tsx [Client Component SSR]
    ./app/page.tsx [Client Component SSR]
    ./app/page.tsx [Server Component]

https://nextjs.org/docs/messages/module-not-found @ http://localhost:4200/_next/static/chunks/0aus_next_dist_0dxyg_i._.js:3272
[11737191ms] [ERROR] ./registry/default/components/bento-04/bento-04.tsx:15:1
Module not found: Can't resolve '@/components/bento-04/dotted-frame'
  13 | import CleanCodeCard from "@/components/bento-04/clean-code-card"
  14 | import AccelerateCard from "@/components/bento-04/accelerate-card"
> 15 | import DottedFrame from "@/components/bento-04/dotted-frame"
     | ^^^^^^^^^^^^^^^^^^^^^^^^^^^^^^^^^^^^^^^^^^^^^^^^^^^^^^^^^^^^
  16 | import IconHolo from "@/components/bento-04/icon-holo"
  17 |
  18 | const rise = "animate-brand-item motion-reduce:!animate-none motion-reduce:!opacity-100"

Import map: aliased to relative './components/bento-04/dotted-frame' inside of [project]/

Import traces:
  Client Component Browser:
    ./registry/default/components/bento-04/bento-04.tsx [Client Component Browser]
    ./components/showcase/featured-components.tsx [Client Component Browser]
    ./app/page.tsx [Client Component Browser]
    ./app/page.tsx [Server Component]

  Client Component SSR:
    ./registry/default/components/bento-04/bento-04.tsx [Client Component SSR]
    ./components/showcase/featured-components.tsx [Client Component SSR]
    ./app/page.tsx [Client Component SSR]
    ./app/page.tsx [Server Component]

https://nextjs.org/docs/messages/module-not-found @ http://localhost:4200/_next/static/chunks/0aus_next_dist_0dxyg_i._.js:3272
[11737191ms] [ERROR] ./registry/default/components/bento-04/bento-04.tsx:12:1
Module not found: Can't resolve '@/components/bento-04/future-forward-card'
  10 |
  11 | import WebDesignCard from "@/components/bento-04/web-design-card"
> 12 | import FutureForwardCard from "@/components/bento-04/future-forward-card"
     | ^^^^^^^^^^^^^^^^^^^^^^^^^^^^^^^^^^^^^^^^^^^^^^^^^^^^^^^^^^^^^^^^^^^^^^^^^
  13 | import CleanCodeCard from "@/components/bento-04/clean-code-card"
  14 | import AccelerateCard from "@/components/bento-04/accelerate-card"
  15 | import DottedFrame from "@/components/bento-04/dotted-frame"

Import map: aliased to relative './components/bento-04/future-forward-card' inside of [project]/

Import traces:
  Client Component Browser:
    ./registry/default/components/bento-04/bento-04.tsx [Client Component Browser]
    ./components/showcase/featured-components.tsx [Client Component Browser]
    ./app/page.tsx [Client Component Browser]
    ./app/page.tsx [Server Component]

  Client Component SSR:
    ./registry/default/components/bento-04/bento-04.tsx [Client Component SSR]
    ./components/showcase/featured-components.tsx [Client Component SSR]
    ./app/page.tsx [Client Component SSR]
    ./app/page.tsx [Server Component]

https://nextjs.org/docs/messages/module-not-found @ http://localhost:4200/_next/static/chunks/0aus_next_dist_0dxyg_i._.js:3272
[11737191ms] [ERROR] ./registry/default/components/bento-04/bento-04.tsx:16:1
Module not found: Can't resolve '@/components/bento-04/icon-holo'
  14 | import AccelerateCard from "@/components/bento-04/accelerate-card"
  15 | import DottedFrame from "@/components/bento-04/dotted-frame"
> 16 | import IconHolo from "@/components/bento-04/icon-holo"
     | ^^^^^^^^^^^^^^^^^^^^^^^^^^^^^^^^^^^^^^^^^^^^^^^^^^^^^^
  17 |
  18 | const rise = "animate-brand-item motion-reduce:!animate-none motion-reduce:!opacity-100"
  19 |

Import map: aliased to relative './components/bento-04/icon-holo' inside of [project]/

Import traces:
  Client Component Browser:
    ./registry/default/components/bento-04/bento-04.tsx [Client Component Browser]
    ./components/showcase/featured-components.tsx [Client Component Browser]
    ./app/page.tsx [Client Component Browser]
    ./app/page.tsx [Server Component]

  Client Component SSR:
    ./registry/default/components/bento-04/bento-04.tsx [Client Component SSR]
    ./components/showcase/featured-components.tsx [Client Component SSR]
    ./app/page.tsx [Client Component SSR]
    ./app/page.tsx [Server Component]

https://nextjs.org/docs/messages/module-not-found @ http://localhost:4200/_next/static/chunks/0aus_next_dist_0dxyg_i._.js:3272
[11737191ms] [ERROR] ./registry/default/components/bento-04/bento-04.tsx:11:1
Module not found: Can't resolve '@/components/bento-04/web-design-card'
   9 | // pass `heading={null}` to drop it and use your own.
  10 |
> 11 | import WebDesignCard from "@/components/bento-04/web-design-card"
     | ^^^^^^^^^^^^^^^^^^^^^^^^^^^^^^^^^^^^^^^^^^^^^^^^^^^^^^^^^^^^^^^^^
  12 | import FutureForwardCard from "@/components/bento-04/future-forward-card"
  13 | import CleanCodeCard from "@/components/bento-04/clean-code-card"
  14 | import AccelerateCard from "@/components/bento-04/accelerate-card"

Import map: aliased to relative './components/bento-04/web-design-card' inside of [project]/

Import traces:
  Client Component Browser:
    ./registry/default/components/bento-04/bento-04.tsx [Client Component Browser]
    ./components/showcase/featured-components.tsx [Client Component Browser]
    ./app/page.tsx [Client Component Browser]
    ./app/page.tsx [Server Component]

  Client Component SSR:
    ./registry/default/components/bento-04/bento-04.tsx [Client Component SSR]
    ./components/showcase/featured-components.tsx [Client Component SSR]
    ./app/page.tsx [Client Component SSR]
    ./app/page.tsx [Server Component]

https://nextjs.org/docs/messages/module-not-found @ http://localhost:4200/_next/static/chunks/0aus_next_dist_0dxyg_i._.js:3272
[11737232ms] [ERROR] ./registry/default/components/bento-04/bento-04.tsx:14:1
Module not found: Can't resolve '@/components/bento-04/accelerate-card'
  12 | import FutureForwardCard from "@/components/bento-04/future-forward-card"
  13 | import CleanCodeCard from "@/components/bento-04/clean-code-card"
> 14 | import AccelerateCard from "@/components/bento-04/accelerate-card"
     | ^^^^^^^^^^^^^^^^^^^^^^^^^^^^^^^^^^^^^^^^^^^^^^^^^^^^^^^^^^^^^^^^^^
  15 | import DottedFrame from "@/components/bento-04/dotted-frame"
  16 | import IconHolo from "@/components/bento-04/icon-holo"
  17 |

Import map: aliased to relative './components/bento-04/accelerate-card' inside of [project]/

Import traces:
  Client Component Browser:
    ./registry/default/components/bento-04/bento-04.tsx [Client Component Browser]
    ./components/showcase/featured-components.tsx [Client Component Browser]
    ./app/page.tsx [Client Component Browser]
    ./app/page.tsx [Server Component]

  Client Component SSR:
    ./registry/default/components/bento-04/bento-04.tsx [Client Component SSR]
    ./components/showcase/featured-components.tsx [Client Component SSR]
    ./app/page.tsx [Client Component SSR]
    ./app/page.tsx [Server Component]

https://nextjs.org/docs/messages/module-not-found @ http://localhost:4200/_next/static/chunks/0aus_next_dist_0dxyg_i._.js:3272
[11737233ms] [ERROR] ./registry/default/components/bento-04/bento-04.tsx:13:1
Module not found: Can't resolve '@/components/bento-04/clean-code-card'
  11 | import WebDesignCard from "@/components/bento-04/web-design-card"
  12 | import FutureForwardCard from "@/components/bento-04/future-forward-card"
> 13 | import CleanCodeCard from "@/components/bento-04/clean-code-card"
     | ^^^^^^^^^^^^^^^^^^^^^^^^^^^^^^^^^^^^^^^^^^^^^^^^^^^^^^^^^^^^^^^^^
  14 | import AccelerateCard from "@/components/bento-04/accelerate-card"
  15 | import DottedFrame from "@/components/bento-04/dotted-frame"
  16 | import IconHolo from "@/components/bento-04/icon-holo"

Import map: aliased to relative './components/bento-04/clean-code-card' inside of [project]/

Import traces:
  Client Component Browser:
    ./registry/default/components/bento-04/bento-04.tsx [Client Component Browser]
    ./components/showcase/featured-components.tsx [Client Component Browser]
    ./app/page.tsx [Client Component Browser]
    ./app/page.tsx [Server Component]

  Client Component SSR:
    ./registry/default/components/bento-04/bento-04.tsx [Client Component SSR]
    ./components/showcase/featured-components.tsx [Client Component SSR]
    ./app/page.tsx [Client Component SSR]
    ./app/page.tsx [Server Component]

https://nextjs.org/docs/messages/module-not-found @ http://localhost:4200/_next/static/chunks/0aus_next_dist_0dxyg_i._.js:3272
[11737233ms] [ERROR] ./registry/default/components/bento-04/bento-04.tsx:15:1
Module not found: Can't resolve '@/components/bento-04/dotted-frame'
  13 | import CleanCodeCard from "@/components/bento-04/clean-code-card"
  14 | import AccelerateCard from "@/components/bento-04/accelerate-card"
> 15 | import DottedFrame from "@/components/bento-04/dotted-frame"
     | ^^^^^^^^^^^^^^^^^^^^^^^^^^^^^^^^^^^^^^^^^^^^^^^^^^^^^^^^^^^^
  16 | import IconHolo from "@/components/bento-04/icon-holo"
  17 |
  18 | const rise = "animate-brand-item motion-reduce:!animate-none motion-reduce:!opacity-100"

Import map: aliased to relative './components/bento-04/dotted-frame' inside of [project]/

Import traces:
  Client Component Browser:
    ./registry/default/components/bento-04/bento-04.tsx [Client Component Browser]
    ./components/showcase/featured-components.tsx [Client Component Browser]
    ./app/page.tsx [Client Component Browser]
    ./app/page.tsx [Server Component]

  Client Component SSR:
    ./registry/default/components/bento-04/bento-04.tsx [Client Component SSR]
    ./components/showcase/featured-components.tsx [Client Component SSR]
    ./app/page.tsx [Client Component SSR]
    ./app/page.tsx [Server Component]

https://nextjs.org/docs/messages/module-not-found @ http://localhost:4200/_next/static/chunks/0aus_next_dist_0dxyg_i._.js:3272
[11737233ms] [ERROR] ./registry/default/components/bento-04/bento-04.tsx:12:1
Module not found: Can't resolve '@/components/bento-04/future-forward-card'
  10 |
  11 | import WebDesignCard from "@/components/bento-04/web-design-card"
> 12 | import FutureForwardCard from "@/components/bento-04/future-forward-card"
     | ^^^^^^^^^^^^^^^^^^^^^^^^^^^^^^^^^^^^^^^^^^^^^^^^^^^^^^^^^^^^^^^^^^^^^^^^^
  13 | import CleanCodeCard from "@/components/bento-04/clean-code-card"
  14 | import AccelerateCard from "@/components/bento-04/accelerate-card"
  15 | import DottedFrame from "@/components/bento-04/dotted-frame"

Import map: aliased to relative './components/bento-04/future-forward-card' inside of [project]/

Import traces:
  Client Component Browser:
    ./registry/default/components/bento-04/bento-04.tsx [Client Component Browser]
    ./components/showcase/featured-components.tsx [Client Component Browser]
    ./app/page.tsx [Client Component Browser]
    ./app/page.tsx [Server Component]

  Client Component SSR:
    ./registry/default/components/bento-04/bento-04.tsx [Client Component SSR]
    ./components/showcase/featured-components.tsx [Client Component SSR]
    ./app/page.tsx [Client Component SSR]
    ./app/page.tsx [Server Component]

https://nextjs.org/docs/messages/module-not-found @ http://localhost:4200/_next/static/chunks/0aus_next_dist_0dxyg_i._.js:3272
[11737233ms] [ERROR] ./registry/default/components/bento-04/bento-04.tsx:16:1
Module not found: Can't resolve '@/components/bento-04/icon-holo'
  14 | import AccelerateCard from "@/components/bento-04/accelerate-card"
  15 | import DottedFrame from "@/components/bento-04/dotted-frame"
> 16 | import IconHolo from "@/components/bento-04/icon-holo"
     | ^^^^^^^^^^^^^^^^^^^^^^^^^^^^^^^^^^^^^^^^^^^^^^^^^^^^^^
  17 |
  18 | const rise = "animate-brand-item motion-reduce:!animate-none motion-reduce:!opacity-100"
  19 |

Import map: aliased to relative './components/bento-04/icon-holo' inside of [project]/

Import traces:
  Client Component Browser:
    ./registry/default/components/bento-04/bento-04.tsx [Client Component Browser]
    ./components/showcase/featured-components.tsx [Client Component Browser]
    ./app/page.tsx [Client Component Browser]
    ./app/page.tsx [Server Component]

  Client Component SSR:
    ./registry/default/components/bento-04/bento-04.tsx [Client Component SSR]
    ./components/showcase/featured-components.tsx [Client Component SSR]
    ./app/page.tsx [Client Component SSR]
    ./app/page.tsx [Server Component]

https://nextjs.org/docs/messages/module-not-found @ http://localhost:4200/_next/static/chunks/0aus_next_dist_0dxyg_i._.js:3272
[11737233ms] [ERROR] ./registry/default/components/bento-04/bento-04.tsx:11:1
Module not found: Can't resolve '@/components/bento-04/web-design-card'
   9 | // pass `heading={null}` to drop it and use your own.
  10 |
> 11 | import WebDesignCard from "@/components/bento-04/web-design-card"
     | ^^^^^^^^^^^^^^^^^^^^^^^^^^^^^^^^^^^^^^^^^^^^^^^^^^^^^^^^^^^^^^^^^
  12 | import FutureForwardCard from "@/components/bento-04/future-forward-card"
  13 | import CleanCodeCard from "@/components/bento-04/clean-code-card"
  14 | import AccelerateCard from "@/components/bento-04/accelerate-card"

Import map: aliased to relative './components/bento-04/web-design-card' inside of [project]/

Import traces:
  Client Component Browser:
    ./registry/default/components/bento-04/bento-04.tsx [Client Component Browser]
    ./components/showcase/featured-components.tsx [Client Component Browser]
    ./app/page.tsx [Client Component Browser]
    ./app/page.tsx [Server Component]

  Client Component SSR:
    ./registry/default/components/bento-04/bento-04.tsx [Client Component SSR]
    ./components/showcase/featured-components.tsx [Client Component SSR]
    ./app/page.tsx [Client Component SSR]
    ./app/page.tsx [Server Component]

https://nextjs.org/docs/messages/module-not-found @ http://localhost:4200/_next/static/chunks/0aus_next_dist_0dxyg_i._.js:3272
[11737297ms] [LOG] [Fast Refresh] rebuilding @ http://localhost:4200/_next/static/chunks/0aus_next_dist_0dxyg_i._.js:2431
[11737709ms] [ERROR] ./registry/default/components/bento-04/bento-04.tsx:14:1
Module not found: Can't resolve '@/components/bento-04/accelerate-card'
  12 | import FutureForwardCard from "@/components/bento-04/future-forward-card"
  13 | import CleanCodeCard from "@/components/bento-04/clean-code-card"
> 14 | import AccelerateCard from "@/components/bento-04/accelerate-card"
     | ^^^^^^^^^^^^^^^^^^^^^^^^^^^^^^^^^^^^^^^^^^^^^^^^^^^^^^^^^^^^^^^^^^
  15 | import DottedFrame from "@/components/bento-04/dotted-frame"
  16 | import IconHolo from "@/components/bento-04/icon-holo"
  17 |

Import map: aliased to relative './components/bento-04/accelerate-card' inside of [project]/

Import traces:
  Client Component Browser:
    ./registry/default/components/bento-04/bento-04.tsx [Client Component Browser]
    ./components/showcase/featured-components.tsx [Client Component Browser]
    ./app/page.tsx [Client Component Browser]
    ./app/page.tsx [Server Component]

  Client Component SSR:
    ./registry/default/components/bento-04/bento-04.tsx [Client Component SSR]
    ./components/showcase/featured-components.tsx [Client Component SSR]
    ./app/page.tsx [Client Component SSR]
    ./app/page.tsx [Server Component]

https://nextjs.org/docs/messages/module-not-found @ http://localhost:4200/_next/static/chunks/0aus_next_dist_0dxyg_i._.js:3272
[11737709ms] [ERROR] ./registry/default/components/bento-04/bento-04.tsx:13:1
Module not found: Can't resolve '@/components/bento-04/clean-code-card'
  11 | import WebDesignCard from "@/components/bento-04/web-design-card"
  12 | import FutureForwardCard from "@/components/bento-04/future-forward-card"
> 13 | import CleanCodeCard from "@/components/bento-04/clean-code-card"
     | ^^^^^^^^^^^^^^^^^^^^^^^^^^^^^^^^^^^^^^^^^^^^^^^^^^^^^^^^^^^^^^^^^
  14 | import AccelerateCard from "@/components/bento-04/accelerate-card"
  15 | import DottedFrame from "@/components/bento-04/dotted-frame"
  16 | import IconHolo from "@/components/bento-04/icon-holo"

Import map: aliased to relative './components/bento-04/clean-code-card' inside of [project]/

Import traces:
  Client Component Browser:
    ./registry/default/components/bento-04/bento-04.tsx [Client Component Browser]
    ./components/showcase/featured-components.tsx [Client Component Browser]
    ./app/page.tsx [Client Component Browser]
    ./app/page.tsx [Server Component]

  Client Component SSR:
    ./registry/default/components/bento-04/bento-04.tsx [Client Component SSR]
    ./components/showcase/featured-components.tsx [Client Component SSR]
    ./app/page.tsx [Client Component SSR]
    ./app/page.tsx [Server Component]

https://nextjs.org/docs/messages/module-not-found @ http://localhost:4200/_next/static/chunks/0aus_next_dist_0dxyg_i._.js:3272
[11737709ms] [ERROR] ./registry/default/components/bento-04/bento-04.tsx:15:1
Module not found: Can't resolve '@/components/bento-04/dotted-frame'
  13 | import CleanCodeCard from "@/components/bento-04/clean-code-card"
  14 | import AccelerateCard from "@/components/bento-04/accelerate-card"
> 15 | import DottedFrame from "@/components/bento-04/dotted-frame"
     | ^^^^^^^^^^^^^^^^^^^^^^^^^^^^^^^^^^^^^^^^^^^^^^^^^^^^^^^^^^^^
  16 | import IconHolo from "@/components/bento-04/icon-holo"
  17 |
  18 | const rise = "animate-brand-item motion-reduce:!animate-none motion-reduce:!opacity-100"

Import map: aliased to relative './components/bento-04/dotted-frame' inside of [project]/

Import traces:
  Client Component Browser:
    ./registry/default/components/bento-04/bento-04.tsx [Client Component Browser]
    ./components/showcase/featured-components.tsx [Client Component Browser]
    ./app/page.tsx [Client Component Browser]
    ./app/page.tsx [Server Component]

  Client Component SSR:
    ./registry/default/components/bento-04/bento-04.tsx [Client Component SSR]
    ./components/showcase/featured-components.tsx [Client Component SSR]
    ./app/page.tsx [Client Component SSR]
    ./app/page.tsx [Server Component]

https://nextjs.org/docs/messages/module-not-found @ http://localhost:4200/_next/static/chunks/0aus_next_dist_0dxyg_i._.js:3272
[11737710ms] [ERROR] ./registry/default/components/bento-04/bento-04.tsx:12:1
Module not found: Can't resolve '@/components/bento-04/future-forward-card'
  10 |
  11 | import WebDesignCard from "@/components/bento-04/web-design-card"
> 12 | import FutureForwardCard from "@/components/bento-04/future-forward-card"
     | ^^^^^^^^^^^^^^^^^^^^^^^^^^^^^^^^^^^^^^^^^^^^^^^^^^^^^^^^^^^^^^^^^^^^^^^^^
  13 | import CleanCodeCard from "@/components/bento-04/clean-code-card"
  14 | import AccelerateCard from "@/components/bento-04/accelerate-card"
  15 | import DottedFrame from "@/components/bento-04/dotted-frame"

Import map: aliased to relative './components/bento-04/future-forward-card' inside of [project]/

Import traces:
  Client Component Browser:
    ./registry/default/components/bento-04/bento-04.tsx [Client Component Browser]
    ./components/showcase/featured-components.tsx [Client Component Browser]
    ./app/page.tsx [Client Component Browser]
    ./app/page.tsx [Server Component]

  Client Component SSR:
    ./registry/default/components/bento-04/bento-04.tsx [Client Component SSR]
    ./components/showcase/featured-components.tsx [Client Component SSR]
    ./app/page.tsx [Client Component SSR]
    ./app/page.tsx [Server Component]

https://nextjs.org/docs/messages/module-not-found @ http://localhost:4200/_next/static/chunks/0aus_next_dist_0dxyg_i._.js:3272
[11737710ms] [ERROR] ./registry/default/components/bento-04/bento-04.tsx:16:1
Module not found: Can't resolve '@/components/bento-04/icon-holo'
  14 | import AccelerateCard from "@/components/bento-04/accelerate-card"
  15 | import DottedFrame from "@/components/bento-04/dotted-frame"
> 16 | import IconHolo from "@/components/bento-04/icon-holo"
     | ^^^^^^^^^^^^^^^^^^^^^^^^^^^^^^^^^^^^^^^^^^^^^^^^^^^^^^
  17 |
  18 | const rise = "animate-brand-item motion-reduce:!animate-none motion-reduce:!opacity-100"
  19 |

Import map: aliased to relative './components/bento-04/icon-holo' inside of [project]/

Import traces:
  Client Component Browser:
    ./registry/default/components/bento-04/bento-04.tsx [Client Component Browser]
    ./components/showcase/featured-components.tsx [Client Component Browser]
    ./app/page.tsx [Client Component Browser]
    ./app/page.tsx [Server Component]

  Client Component SSR:
    ./registry/default/components/bento-04/bento-04.tsx [Client Component SSR]
    ./components/showcase/featured-components.tsx [Client Component SSR]
    ./app/page.tsx [Client Component SSR]
    ./app/page.tsx [Server Component]

https://nextjs.org/docs/messages/module-not-found @ http://localhost:4200/_next/static/chunks/0aus_next_dist_0dxyg_i._.js:3272
[11737710ms] [ERROR] ./registry/default/components/bento-04/bento-04.tsx:11:1
Module not found: Can't resolve '@/components/bento-04/web-design-card'
   9 | // pass `heading={null}` to drop it and use your own.
  10 |
> 11 | import WebDesignCard from "@/components/bento-04/web-design-card"
     | ^^^^^^^^^^^^^^^^^^^^^^^^^^^^^^^^^^^^^^^^^^^^^^^^^^^^^^^^^^^^^^^^^
  12 | import FutureForwardCard from "@/components/bento-04/future-forward-card"
  13 | import CleanCodeCard from "@/components/bento-04/clean-code-card"
  14 | import AccelerateCard from "@/components/bento-04/accelerate-card"

Import map: aliased to relative './components/bento-04/web-design-card' inside of [project]/

Import traces:
  Client Component Browser:
    ./registry/default/components/bento-04/bento-04.tsx [Client Component Browser]
    ./components/showcase/featured-components.tsx [Client Component Browser]
    ./app/page.tsx [Client Component Browser]
    ./app/page.tsx [Server Component]

  Client Component SSR:
    ./registry/default/components/bento-04/bento-04.tsx [Client Component SSR]
    ./components/showcase/featured-components.tsx [Client Component SSR]
    ./app/page.tsx [Client Component SSR]
    ./app/page.tsx [Server Component]

https://nextjs.org/docs/messages/module-not-found @ http://localhost:4200/_next/static/chunks/0aus_next_dist_0dxyg_i._.js:3272
[11806714ms] [LOG] [Fast Refresh] rebuilding @ http://localhost:4200/_next/static/chunks/0aus_next_dist_0dxyg_i._.js:2431
[11809028ms] [ERROR] ./registry/default/components/bento-04/bento-04.tsx:14:1
Module not found: Can't resolve '@/components/bento-04/accelerate-card'
  12 | import FutureForwardCard from "@/components/bento-04/future-forward-card"
  13 | import CleanCodeCard from "@/components/bento-04/clean-code-card"
> 14 | import AccelerateCard from "@/components/bento-04/accelerate-card"
     | ^^^^^^^^^^^^^^^^^^^^^^^^^^^^^^^^^^^^^^^^^^^^^^^^^^^^^^^^^^^^^^^^^^
  15 | import DottedFrame from "@/components/bento-04/dotted-frame"
  16 | import IconHolo from "@/components/bento-04/icon-holo"
  17 |

Import map: aliased to relative './components/bento-04/accelerate-card' inside of [project]/

Import traces:
  Client Component Browser:
    ./registry/default/components/bento-04/bento-04.tsx [Client Component Browser]
    ./components/showcase/featured-components.tsx [Client Component Browser]
    ./app/page.tsx [Client Component Browser]
    ./app/page.tsx [Server Component]

  Client Component SSR:
    ./registry/default/components/bento-04/bento-04.tsx [Client Component SSR]
    ./components/showcase/featured-components.tsx [Client Component SSR]
    ./app/page.tsx [Client Component SSR]
    ./app/page.tsx [Server Component]

https://nextjs.org/docs/messages/module-not-found @ http://localhost:4200/_next/static/chunks/0aus_next_dist_0dxyg_i._.js:3272
[11809029ms] [ERROR] ./registry/default/components/bento-04/bento-04.tsx:13:1
Module not found: Can't resolve '@/components/bento-04/clean-code-card'
  11 | import WebDesignCard from "@/components/bento-04/web-design-card"
  12 | import FutureForwardCard from "@/components/bento-04/future-forward-card"
> 13 | import CleanCodeCard from "@/components/bento-04/clean-code-card"
     | ^^^^^^^^^^^^^^^^^^^^^^^^^^^^^^^^^^^^^^^^^^^^^^^^^^^^^^^^^^^^^^^^^
  14 | import AccelerateCard from "@/components/bento-04/accelerate-card"
  15 | import DottedFrame from "@/components/bento-04/dotted-frame"
  16 | import IconHolo from "@/components/bento-04/icon-holo"

Import map: aliased to relative './components/bento-04/clean-code-card' inside of [project]/

Import traces:
  Client Component Browser:
    ./registry/default/components/bento-04/bento-04.tsx [Client Component Browser]
    ./components/showcase/featured-components.tsx [Client Component Browser]
    ./app/page.tsx [Client Component Browser]
    ./app/page.tsx [Server Component]

  Client Component SSR:
    ./registry/default/components/bento-04/bento-04.tsx [Client Component SSR]
    ./components/showcase/featured-components.tsx [Client Component SSR]
    ./app/page.tsx [Client Component SSR]
    ./app/page.tsx [Server Component]

https://nextjs.org/docs/messages/module-not-found @ http://localhost:4200/_next/static/chunks/0aus_next_dist_0dxyg_i._.js:3272
[11809029ms] [ERROR] ./registry/default/components/bento-04/bento-04.tsx:15:1
Module not found: Can't resolve '@/components/bento-04/dotted-frame'
  13 | import CleanCodeCard from "@/components/bento-04/clean-code-card"
  14 | import AccelerateCard from "@/components/bento-04/accelerate-card"
> 15 | import DottedFrame from "@/components/bento-04/dotted-frame"
     | ^^^^^^^^^^^^^^^^^^^^^^^^^^^^^^^^^^^^^^^^^^^^^^^^^^^^^^^^^^^^
  16 | import IconHolo from "@/components/bento-04/icon-holo"
  17 |
  18 | const rise = "animate-brand-item motion-reduce:!animate-none motion-reduce:!opacity-100"

Import map: aliased to relative './components/bento-04/dotted-frame' inside of [project]/

Import traces:
  Client Component Browser:
    ./registry/default/components/bento-04/bento-04.tsx [Client Component Browser]
    ./components/showcase/featured-components.tsx [Client Component Browser]
    ./app/page.tsx [Client Component Browser]
    ./app/page.tsx [Server Component]

  Client Component SSR:
    ./registry/default/components/bento-04/bento-04.tsx [Client Component SSR]
    ./components/showcase/featured-components.tsx [Client Component SSR]
    ./app/page.tsx [Client Component SSR]
    ./app/page.tsx [Server Component]

https://nextjs.org/docs/messages/module-not-found @ http://localhost:4200/_next/static/chunks/0aus_next_dist_0dxyg_i._.js:3272
[11809029ms] [ERROR] ./registry/default/components/bento-04/bento-04.tsx:12:1
Module not found: Can't resolve '@/components/bento-04/future-forward-card'
  10 |
  11 | import WebDesignCard from "@/components/bento-04/web-design-card"
> 12 | import FutureForwardCard from "@/components/bento-04/future-forward-card"
     | ^^^^^^^^^^^^^^^^^^^^^^^^^^^^^^^^^^^^^^^^^^^^^^^^^^^^^^^^^^^^^^^^^^^^^^^^^
  13 | import CleanCodeCard from "@/components/bento-04/clean-code-card"
  14 | import AccelerateCard from "@/components/bento-04/accelerate-card"
  15 | import DottedFrame from "@/components/bento-04/dotted-frame"

Import map: aliased to relative './components/bento-04/future-forward-card' inside of [project]/

Import traces:
  Client Component Browser:
    ./registry/default/components/bento-04/bento-04.tsx [Client Component Browser]
    ./components/showcase/featured-components.tsx [Client Component Browser]
    ./app/page.tsx [Client Component Browser]
    ./app/page.tsx [Server Component]

  Client Component SSR:
    ./registry/default/components/bento-04/bento-04.tsx [Client Component SSR]
    ./components/showcase/featured-components.tsx [Client Component SSR]
    ./app/page.tsx [Client Component SSR]
    ./app/page.tsx [Server Component]

https://nextjs.org/docs/messages/module-not-found @ http://localhost:4200/_next/static/chunks/0aus_next_dist_0dxyg_i._.js:3272
[11809029ms] [ERROR] ./registry/default/components/bento-04/bento-04.tsx:16:1
Module not found: Can't resolve '@/components/bento-04/icon-holo'
  14 | import AccelerateCard from "@/components/bento-04/accelerate-card"
  15 | import DottedFrame from "@/components/bento-04/dotted-frame"
> 16 | import IconHolo from "@/components/bento-04/icon-holo"
     | ^^^^^^^^^^^^^^^^^^^^^^^^^^^^^^^^^^^^^^^^^^^^^^^^^^^^^^
  17 |
  18 | const rise = "animate-brand-item motion-reduce:!animate-none motion-reduce:!opacity-100"
  19 |

Import map: aliased to relative './components/bento-04/icon-holo' inside of [project]/

Import traces:
  Client Component Browser:
    ./registry/default/components/bento-04/bento-04.tsx [Client Component Browser]
    ./components/showcase/featured-components.tsx [Client Component Browser]
    ./app/page.tsx [Client Component Browser]
    ./app/page.tsx [Server Component]

  Client Component SSR:
    ./registry/default/components/bento-04/bento-04.tsx [Client Component SSR]
    ./components/showcase/featured-components.tsx [Client Component SSR]
    ./app/page.tsx [Client Component SSR]
    ./app/page.tsx [Server Component]

https://nextjs.org/docs/messages/module-not-found @ http://localhost:4200/_next/static/chunks/0aus_next_dist_0dxyg_i._.js:3272
[11809029ms] [ERROR] ./registry/default/components/bento-04/bento-04.tsx:11:1
Module not found: Can't resolve '@/components/bento-04/web-design-card'
   9 | // pass `heading={null}` to drop it and use your own.
  10 |
> 11 | import WebDesignCard from "@/components/bento-04/web-design-card"
     | ^^^^^^^^^^^^^^^^^^^^^^^^^^^^^^^^^^^^^^^^^^^^^^^^^^^^^^^^^^^^^^^^^
  12 | import FutureForwardCard from "@/components/bento-04/future-forward-card"
  13 | import CleanCodeCard from "@/components/bento-04/clean-code-card"
  14 | import AccelerateCard from "@/components/bento-04/accelerate-card"

Import map: aliased to relative './components/bento-04/web-design-card' inside of [project]/

Import traces:
  Client Component Browser:
    ./registry/default/components/bento-04/bento-04.tsx [Client Component Browser]
    ./components/showcase/featured-components.tsx [Client Component Browser]
    ./app/page.tsx [Client Component Browser]
    ./app/page.tsx [Server Component]

  Client Component SSR:
    ./registry/default/components/bento-04/bento-04.tsx [Client Component SSR]
    ./components/showcase/featured-components.tsx [Client Component SSR]
    ./app/page.tsx [Client Component SSR]
    ./app/page.tsx [Server Component]

https://nextjs.org/docs/messages/module-not-found @ http://localhost:4200/_next/static/chunks/0aus_next_dist_0dxyg_i._.js:3272
[11819063ms] [LOG] [Fast Refresh] rebuilding @ http://localhost:4200/_next/static/chunks/0aus_next_dist_0dxyg_i._.js:2431
[11819316ms] [ERROR] ./registry/default/components/bento-04/bento-04.tsx:14:1
Module not found: Can't resolve '@/components/bento-04/accelerate-card'
  12 | import FutureForwardCard from "@/components/bento-04/future-forward-card"
  13 | import CleanCodeCard from "@/components/bento-04/clean-code-card"
> 14 | import AccelerateCard from "@/components/bento-04/accelerate-card"
     | ^^^^^^^^^^^^^^^^^^^^^^^^^^^^^^^^^^^^^^^^^^^^^^^^^^^^^^^^^^^^^^^^^^
  15 | import DottedFrame from "@/components/bento-04/dotted-frame"
  16 | import IconHolo from "@/components/bento-04/icon-holo"
  17 |

Import map: aliased to relative './components/bento-04/accelerate-card' inside of [project]/

Import traces:
  Client Component Browser:
    ./registry/default/components/bento-04/bento-04.tsx [Client Component Browser]
    ./components/showcase/featured-components.tsx [Client Component Browser]
    ./app/page.tsx [Client Component Browser]
    ./app/page.tsx [Server Component]

  Client Component SSR:
    ./registry/default/components/bento-04/bento-04.tsx [Client Component SSR]
    ./components/showcase/featured-components.tsx [Client Component SSR]
    ./app/page.tsx [Client Component SSR]
    ./app/page.tsx [Server Component]

https://nextjs.org/docs/messages/module-not-found @ http://localhost:4200/_next/static/chunks/0aus_next_dist_0dxyg_i._.js:3272
[11819317ms] [ERROR] ./registry/default/components/bento-04/bento-04.tsx:13:1
Module not found: Can't resolve '@/components/bento-04/clean-code-card'
  11 | import WebDesignCard from "@/components/bento-04/web-design-card"
  12 | import FutureForwardCard from "@/components/bento-04/future-forward-card"
> 13 | import CleanCodeCard from "@/components/bento-04/clean-code-card"
     | ^^^^^^^^^^^^^^^^^^^^^^^^^^^^^^^^^^^^^^^^^^^^^^^^^^^^^^^^^^^^^^^^^
  14 | import AccelerateCard from "@/components/bento-04/accelerate-card"
  15 | import DottedFrame from "@/components/bento-04/dotted-frame"
  16 | import IconHolo from "@/components/bento-04/icon-holo"

Import map: aliased to relative './components/bento-04/clean-code-card' inside of [project]/

Import traces:
  Client Component Browser:
    ./registry/default/components/bento-04/bento-04.tsx [Client Component Browser]
    ./components/showcase/featured-components.tsx [Client Component Browser]
    ./app/page.tsx [Client Component Browser]
    ./app/page.tsx [Server Component]

  Client Component SSR:
    ./registry/default/components/bento-04/bento-04.tsx [Client Component SSR]
    ./components/showcase/featured-components.tsx [Client Component SSR]
    ./app/page.tsx [Client Component SSR]
    ./app/page.tsx [Server Component]

https://nextjs.org/docs/messages/module-not-found @ http://localhost:4200/_next/static/chunks/0aus_next_dist_0dxyg_i._.js:3272
[11819317ms] [ERROR] ./registry/default/components/bento-04/bento-04.tsx:15:1
Module not found: Can't resolve '@/components/bento-04/dotted-frame'
  13 | import CleanCodeCard from "@/components/bento-04/clean-code-card"
  14 | import AccelerateCard from "@/components/bento-04/accelerate-card"
> 15 | import DottedFrame from "@/components/bento-04/dotted-frame"
     | ^^^^^^^^^^^^^^^^^^^^^^^^^^^^^^^^^^^^^^^^^^^^^^^^^^^^^^^^^^^^
  16 | import IconHolo from "@/components/bento-04/icon-holo"
  17 |
  18 | const rise = "animate-brand-item motion-reduce:!animate-none motion-reduce:!opacity-100"

Import map: aliased to relative './components/bento-04/dotted-frame' inside of [project]/

Import traces:
  Client Component Browser:
    ./registry/default/components/bento-04/bento-04.tsx [Client Component Browser]
    ./components/showcase/featured-components.tsx [Client Component Browser]
    ./app/page.tsx [Client Component Browser]
    ./app/page.tsx [Server Component]

  Client Component SSR:
    ./registry/default/components/bento-04/bento-04.tsx [Client Component SSR]
    ./components/showcase/featured-components.tsx [Client Component SSR]
    ./app/page.tsx [Client Component SSR]
    ./app/page.tsx [Server Component]

https://nextjs.org/docs/messages/module-not-found @ http://localhost:4200/_next/static/chunks/0aus_next_dist_0dxyg_i._.js:3272
[11819317ms] [ERROR] ./registry/default/components/bento-04/bento-04.tsx:12:1
Module not found: Can't resolve '@/components/bento-04/future-forward-card'
  10 |
  11 | import WebDesignCard from "@/components/bento-04/web-design-card"
> 12 | import FutureForwardCard from "@/components/bento-04/future-forward-card"
     | ^^^^^^^^^^^^^^^^^^^^^^^^^^^^^^^^^^^^^^^^^^^^^^^^^^^^^^^^^^^^^^^^^^^^^^^^^
  13 | import CleanCodeCard from "@/components/bento-04/clean-code-card"
  14 | import AccelerateCard from "@/components/bento-04/accelerate-card"
  15 | import DottedFrame from "@/components/bento-04/dotted-frame"

Import map: aliased to relative './components/bento-04/future-forward-card' inside of [project]/

Import traces:
  Client Component Browser:
    ./registry/default/components/bento-04/bento-04.tsx [Client Component Browser]
    ./components/showcase/featured-components.tsx [Client Component Browser]
    ./app/page.tsx [Client Component Browser]
    ./app/page.tsx [Server Component]

  Client Component SSR:
    ./registry/default/components/bento-04/bento-04.tsx [Client Component SSR]
    ./components/showcase/featured-components.tsx [Client Component SSR]
    ./app/page.tsx [Client Component SSR]
    ./app/page.tsx [Server Component]

https://nextjs.org/docs/messages/module-not-found @ http://localhost:4200/_next/static/chunks/0aus_next_dist_0dxyg_i._.js:3272
[11819317ms] [ERROR] ./registry/default/components/bento-04/bento-04.tsx:16:1
Module not found: Can't resolve '@/components/bento-04/icon-holo'
  14 | import AccelerateCard from "@/components/bento-04/accelerate-card"
  15 | import DottedFrame from "@/components/bento-04/dotted-frame"
> 16 | import IconHolo from "@/components/bento-04/icon-holo"
     | ^^^^^^^^^^^^^^^^^^^^^^^^^^^^^^^^^^^^^^^^^^^^^^^^^^^^^^
  17 |
  18 | const rise = "animate-brand-item motion-reduce:!animate-none motion-reduce:!opacity-100"
  19 |

Import map: aliased to relative './components/bento-04/icon-holo' inside of [project]/

Import traces:
  Client Component Browser:
    ./registry/default/components/bento-04/bento-04.tsx [Client Component Browser]
    ./components/showcase/featured-components.tsx [Client Component Browser]
    ./app/page.tsx [Client Component Browser]
    ./app/page.tsx [Server Component]

  Client Component SSR:
    ./registry/default/components/bento-04/bento-04.tsx [Client Component SSR]
    ./components/showcase/featured-components.tsx [Client Component SSR]
    ./app/page.tsx [Client Component SSR]
    ./app/page.tsx [Server Component]

https://nextjs.org/docs/messages/module-not-found @ http://localhost:4200/_next/static/chunks/0aus_next_dist_0dxyg_i._.js:3272
[11819317ms] [ERROR] ./registry/default/components/bento-04/bento-04.tsx:11:1
Module not found: Can't resolve '@/components/bento-04/web-design-card'
   9 | // pass `heading={null}` to drop it and use your own.
  10 |
> 11 | import WebDesignCard from "@/components/bento-04/web-design-card"
     | ^^^^^^^^^^^^^^^^^^^^^^^^^^^^^^^^^^^^^^^^^^^^^^^^^^^^^^^^^^^^^^^^^
  12 | import FutureForwardCard from "@/components/bento-04/future-forward-card"
  13 | import CleanCodeCard from "@/components/bento-04/clean-code-card"
  14 | import AccelerateCard from "@/components/bento-04/accelerate-card"

Import map: aliased to relative './components/bento-04/web-design-card' inside of [project]/

Import traces:
  Client Component Browser:
    ./registry/default/components/bento-04/bento-04.tsx [Client Component Browser]
    ./components/showcase/featured-components.tsx [Client Component Browser]
    ./app/page.tsx [Client Component Browser]
    ./app/page.tsx [Server Component]

  Client Component SSR:
    ./registry/default/components/bento-04/bento-04.tsx [Client Component SSR]
    ./components/showcase/featured-components.tsx [Client Component SSR]
    ./app/page.tsx [Client Component SSR]
    ./app/page.tsx [Server Component]

https://nextjs.org/docs/messages/module-not-found @ http://localhost:4200/_next/static/chunks/0aus_next_dist_0dxyg_i._.js:3272
[11820771ms] [LOG] [Fast Refresh] rebuilding @ http://localhost:4200/_next/static/chunks/0aus_next_dist_0dxyg_i._.js:2431
[11820971ms] [ERROR] ./registry/default/components/bento-04/bento-04.tsx:14:1
Module not found: Can't resolve '@/components/bento-04/accelerate-card'
  12 | import FutureForwardCard from "@/components/bento-04/future-forward-card"
  13 | import CleanCodeCard from "@/components/bento-04/clean-code-card"
> 14 | import AccelerateCard from "@/components/bento-04/accelerate-card"
     | ^^^^^^^^^^^^^^^^^^^^^^^^^^^^^^^^^^^^^^^^^^^^^^^^^^^^^^^^^^^^^^^^^^
  15 | import DottedFrame from "@/components/bento-04/dotted-frame"
  16 | import IconHolo from "@/components/bento-04/icon-holo"
  17 |

Import map: aliased to relative './components/bento-04/accelerate-card' inside of [project]/

Import traces:
  Client Component Browser:
    ./registry/default/components/bento-04/bento-04.tsx [Client Component Browser]
    ./components/showcase/featured-components.tsx [Client Component Browser]
    ./app/page.tsx [Client Component Browser]
    ./app/page.tsx [Server Component]

  Client Component SSR:
    ./registry/default/components/bento-04/bento-04.tsx [Client Component SSR]
    ./components/showcase/featured-components.tsx [Client Component SSR]
    ./app/page.tsx [Client Component SSR]
    ./app/page.tsx [Server Component]

https://nextjs.org/docs/messages/module-not-found @ http://localhost:4200/_next/static/chunks/0aus_next_dist_0dxyg_i._.js:3272
[11820971ms] [ERROR] ./registry/default/components/bento-04/bento-04.tsx:13:1
Module not found: Can't resolve '@/components/bento-04/clean-code-card'
  11 | import WebDesignCard from "@/components/bento-04/web-design-card"
  12 | import FutureForwardCard from "@/components/bento-04/future-forward-card"
> 13 | import CleanCodeCard from "@/components/bento-04/clean-code-card"
     | ^^^^^^^^^^^^^^^^^^^^^^^^^^^^^^^^^^^^^^^^^^^^^^^^^^^^^^^^^^^^^^^^^
  14 | import AccelerateCard from "@/components/bento-04/accelerate-card"
  15 | import DottedFrame from "@/components/bento-04/dotted-frame"
  16 | import IconHolo from "@/components/bento-04/icon-holo"

Import map: aliased to relative './components/bento-04/clean-code-card' inside of [project]/

Import traces:
  Client Component Browser:
    ./registry/default/components/bento-04/bento-04.tsx [Client Component Browser]
    ./components/showcase/featured-components.tsx [Client Component Browser]
    ./app/page.tsx [Client Component Browser]
    ./app/page.tsx [Server Component]

  Client Component SSR:
    ./registry/default/components/bento-04/bento-04.tsx [Client Component SSR]
    ./components/showcase/featured-components.tsx [Client Component SSR]
    ./app/page.tsx [Client Component SSR]
    ./app/page.tsx [Server Component]

https://nextjs.org/docs/messages/module-not-found @ http://localhost:4200/_next/static/chunks/0aus_next_dist_0dxyg_i._.js:3272
[11820971ms] [ERROR] ./registry/default/components/bento-04/bento-04.tsx:15:1
Module not found: Can't resolve '@/components/bento-04/dotted-frame'
  13 | import CleanCodeCard from "@/components/bento-04/clean-code-card"
  14 | import AccelerateCard from "@/components/bento-04/accelerate-card"
> 15 | import DottedFrame from "@/components/bento-04/dotted-frame"
     | ^^^^^^^^^^^^^^^^^^^^^^^^^^^^^^^^^^^^^^^^^^^^^^^^^^^^^^^^^^^^
  16 | import IconHolo from "@/components/bento-04/icon-holo"
  17 |
  18 | const rise = "animate-brand-item motion-reduce:!animate-none motion-reduce:!opacity-100"

Import map: aliased to relative './components/bento-04/dotted-frame' inside of [project]/

Import traces:
  Client Component Browser:
    ./registry/default/components/bento-04/bento-04.tsx [Client Component Browser]
    ./components/showcase/featured-components.tsx [Client Component Browser]
    ./app/page.tsx [Client Component Browser]
    ./app/page.tsx [Server Component]

  Client Component SSR:
    ./registry/default/components/bento-04/bento-04.tsx [Client Component SSR]
    ./components/showcase/featured-components.tsx [Client Component SSR]
    ./app/page.tsx [Client Component SSR]
    ./app/page.tsx [Server Component]

https://nextjs.org/docs/messages/module-not-found @ http://localhost:4200/_next/static/chunks/0aus_next_dist_0dxyg_i._.js:3272
[11820971ms] [ERROR] ./registry/default/components/bento-04/bento-04.tsx:12:1
Module not found: Can't resolve '@/components/bento-04/future-forward-card'
  10 |
  11 | import WebDesignCard from "@/components/bento-04/web-design-card"
> 12 | import FutureForwardCard from "@/components/bento-04/future-forward-card"
     | ^^^^^^^^^^^^^^^^^^^^^^^^^^^^^^^^^^^^^^^^^^^^^^^^^^^^^^^^^^^^^^^^^^^^^^^^^
  13 | import CleanCodeCard from "@/components/bento-04/clean-code-card"
  14 | import AccelerateCard from "@/components/bento-04/accelerate-card"
  15 | import DottedFrame from "@/components/bento-04/dotted-frame"

Import map: aliased to relative './components/bento-04/future-forward-card' inside of [project]/

Import traces:
  Client Component Browser:
    ./registry/default/components/bento-04/bento-04.tsx [Client Component Browser]
    ./components/showcase/featured-components.tsx [Client Component Browser]
    ./app/page.tsx [Client Component Browser]
    ./app/page.tsx [Server Component]

  Client Component SSR:
    ./registry/default/components/bento-04/bento-04.tsx [Client Component SSR]
    ./components/showcase/featured-components.tsx [Client Component SSR]
    ./app/page.tsx [Client Component SSR]
    ./app/page.tsx [Server Component]

https://nextjs.org/docs/messages/module-not-found @ http://localhost:4200/_next/static/chunks/0aus_next_dist_0dxyg_i._.js:3272
[11820972ms] [ERROR] ./registry/default/components/bento-04/bento-04.tsx:16:1
Module not found: Can't resolve '@/components/bento-04/icon-holo'
  14 | import AccelerateCard from "@/components/bento-04/accelerate-card"
  15 | import DottedFrame from "@/components/bento-04/dotted-frame"
> 16 | import IconHolo from "@/components/bento-04/icon-holo"
     | ^^^^^^^^^^^^^^^^^^^^^^^^^^^^^^^^^^^^^^^^^^^^^^^^^^^^^^
  17 |
  18 | const rise = "animate-brand-item motion-reduce:!animate-none motion-reduce:!opacity-100"
  19 |

Import map: aliased to relative './components/bento-04/icon-holo' inside of [project]/

Import traces:
  Client Component Browser:
    ./registry/default/components/bento-04/bento-04.tsx [Client Component Browser]
    ./components/showcase/featured-components.tsx [Client Component Browser]
    ./app/page.tsx [Client Component Browser]
    ./app/page.tsx [Server Component]

  Client Component SSR:
    ./registry/default/components/bento-04/bento-04.tsx [Client Component SSR]
    ./components/showcase/featured-components.tsx [Client Component SSR]
    ./app/page.tsx [Client Component SSR]
    ./app/page.tsx [Server Component]

https://nextjs.org/docs/messages/module-not-found @ http://localhost:4200/_next/static/chunks/0aus_next_dist_0dxyg_i._.js:3272
[11820972ms] [ERROR] ./registry/default/components/bento-04/bento-04.tsx:11:1
Module not found: Can't resolve '@/components/bento-04/web-design-card'
   9 | // pass `heading={null}` to drop it and use your own.
  10 |
> 11 | import WebDesignCard from "@/components/bento-04/web-design-card"
     | ^^^^^^^^^^^^^^^^^^^^^^^^^^^^^^^^^^^^^^^^^^^^^^^^^^^^^^^^^^^^^^^^^
  12 | import FutureForwardCard from "@/components/bento-04/future-forward-card"
  13 | import CleanCodeCard from "@/components/bento-04/clean-code-card"
  14 | import AccelerateCard from "@/components/bento-04/accelerate-card"

Import map: aliased to relative './components/bento-04/web-design-card' inside of [project]/

Import traces:
  Client Component Browser:
    ./registry/default/components/bento-04/bento-04.tsx [Client Component Browser]
    ./components/showcase/featured-components.tsx [Client Component Browser]
    ./app/page.tsx [Client Component Browser]
    ./app/page.tsx [Server Component]

  Client Component SSR:
    ./registry/default/components/bento-04/bento-04.tsx [Client Component SSR]
    ./components/showcase/featured-components.tsx [Client Component SSR]
    ./app/page.tsx [Client Component SSR]
    ./app/page.tsx [Server Component]

https://nextjs.org/docs/messages/module-not-found @ http://localhost:4200/_next/static/chunks/0aus_next_dist_0dxyg_i._.js:3272
[11827657ms] [LOG] [Fast Refresh] rebuilding @ http://localhost:4200/_next/static/chunks/0aus_next_dist_0dxyg_i._.js:2431
[11830797ms] [LOG] [Fast Refresh] done in 3231ms @ http://localhost:4200/_next/static/chunks/0aus_next_dist_0dxyg_i._.js:2431
[11832514ms] [LOG] [Fast Refresh] rebuilding @ http://localhost:4200/_next/static/chunks/0aus_next_dist_0dxyg_i._.js:2431
[11832578ms] [LOG] [Fast Refresh] done in 166ms @ http://localhost:4200/_next/static/chunks/0aus_next_dist_0dxyg_i._.js:2431
[11834721ms] [LOG] [Fast Refresh] rebuilding @ http://localhost:4200/_next/static/chunks/0aus_next_dist_0dxyg_i._.js:2431
[11835380ms] [LOG] [Fast Refresh] done in 759ms @ http://localhost:4200/_next/static/chunks/0aus_next_dist_0dxyg_i._.js:2431
[11841018ms] [LOG] [Fast Refresh] rebuilding @ http://localhost:4200/_next/static/chunks/0aus_next_dist_0dxyg_i._.js:2431
[11841119ms] [LOG] [Fast Refresh] done in 202ms @ http://localhost:4200/_next/static/chunks/0aus_next_dist_0dxyg_i._.js:2431
[11988195ms] [LOG] [Fast Refresh] rebuilding @ http://localhost:4200/_next/static/chunks/0aus_next_dist_0dxyg_i._.js:2431
[11988261ms] [LOG] [Fast Refresh] done in 167ms @ http://localhost:4200/_next/static/chunks/0aus_next_dist_0dxyg_i._.js:2431
[12068613ms] [LOG] [Fast Refresh] rebuilding @ http://localhost:4200/_next/static/chunks/0aus_next_dist_0dxyg_i._.js:2431
[12073269ms] [LOG] [Fast Refresh] done in 4744ms @ http://localhost:4200/_next/static/chunks/0aus_next_dist_0dxyg_i._.js:2431
[12073886ms] [LOG] [Fast Refresh] rebuilding @ http://localhost:4200/_next/static/chunks/0aus_next_dist_0dxyg_i._.js:2431
[12073942ms] [LOG] [Fast Refresh] done in 157ms @ http://localhost:4200/_next/static/chunks/0aus_next_dist_0dxyg_i._.js:2431
[12074043ms] [LOG] [Fast Refresh] rebuilding @ http://localhost:4200/_next/static/chunks/0aus_next_dist_0dxyg_i._.js:2431
[12074153ms] [LOG] [Fast Refresh] done in 210ms @ http://localhost:4200/_next/static/chunks/0aus_next_dist_0dxyg_i._.js:2431
[12075885ms] [LOG] [Fast Refresh] rebuilding @ http://localhost:4200/_next/static/chunks/0aus_next_dist_0dxyg_i._.js:2431
[12079018ms] [ERROR] ./registry/default/components/bento-04.tsx:14:1
Module not found: Can't resolve './accelerate-card'
  12 | import FutureForwardCard from "./future-forward-card"
  13 | import CleanCodeCard from "./clean-code-card"
> 14 | import AccelerateCard from "./accelerate-card"
     | ^^^^^^^^^^^^^^^^^^^^^^^^^^^^^^^^^^^^^^^^^^^^^^
  15 | import DottedFrame from "./dotted-frame"
  16 | import IconHolo from "./icon-holo"
  17 |

Import traces:
  Client Component Browser:
    ./registry/default/components/bento-04.tsx [Client Component Browser]
    ./components/showcase/featured-components.tsx [Client Component Browser]
    ./app/page.tsx [Client Component Browser]
    ./app/page.tsx [Server Component]

  Client Component SSR:
    ./registry/default/components/bento-04.tsx [Client Component SSR]
    ./components/showcase/featured-components.tsx [Client Component SSR]
    ./app/page.tsx [Client Component SSR]
    ./app/page.tsx [Server Component]

https://nextjs.org/docs/messages/module-not-found @ http://localhost:4200/_next/static/chunks/0aus_next_dist_0dxyg_i._.js:3272
[12079019ms] [ERROR] ./registry/default/components/bento-04.tsx:13:1
Module not found: Can't resolve './clean-code-card'
  11 | import WebDesignCard from "./web-design-card"
  12 | import FutureForwardCard from "./future-forward-card"
> 13 | import CleanCodeCard from "./clean-code-card"
     | ^^^^^^^^^^^^^^^^^^^^^^^^^^^^^^^^^^^^^^^^^^^^^
  14 | import AccelerateCard from "./accelerate-card"
  15 | import DottedFrame from "./dotted-frame"
  16 | import IconHolo from "./icon-holo"

Import traces:
  Client Component Browser:
    ./registry/default/components/bento-04.tsx [Client Component Browser]
    ./components/showcase/featured-components.tsx [Client Component Browser]
    ./app/page.tsx [Client Component Browser]
    ./app/page.tsx [Server Component]

  Client Component SSR:
    ./registry/default/components/bento-04.tsx [Client Component SSR]
    ./components/showcase/featured-components.tsx [Client Component SSR]
    ./app/page.tsx [Client Component SSR]
    ./app/page.tsx [Server Component]

https://nextjs.org/docs/messages/module-not-found @ http://localhost:4200/_next/static/chunks/0aus_next_dist_0dxyg_i._.js:3272
[12079019ms] [ERROR] ./registry/default/components/bento-04.tsx:15:1
Module not found: Can't resolve './dotted-frame'
  13 | import CleanCodeCard from "./clean-code-card"
  14 | import AccelerateCard from "./accelerate-card"
> 15 | import DottedFrame from "./dotted-frame"
     | ^^^^^^^^^^^^^^^^^^^^^^^^^^^^^^^^^^^^^^^^
  16 | import IconHolo from "./icon-holo"
  17 |
  18 | const rise = "animate-brand-item motion-reduce:!animate-none motion-reduce:!opacity-100"

Import traces:
  Client Component Browser:
    ./registry/default/components/bento-04.tsx [Client Component Browser]
    ./components/showcase/featured-components.tsx [Client Component Browser]
    ./app/page.tsx [Client Component Browser]
    ./app/page.tsx [Server Component]

  Client Component SSR:
    ./registry/default/components/bento-04.tsx [Client Component SSR]
    ./components/showcase/featured-components.tsx [Client Component SSR]
    ./app/page.tsx [Client Component SSR]
    ./app/page.tsx [Server Component]

https://nextjs.org/docs/messages/module-not-found @ http://localhost:4200/_next/static/chunks/0aus_next_dist_0dxyg_i._.js:3272
[12079019ms] [ERROR] ./registry/default/components/bento-04.tsx:12:1
Module not found: Can't resolve './future-forward-card'
  10 |
  11 | import WebDesignCard from "./web-design-card"
> 12 | import FutureForwardCard from "./future-forward-card"
     | ^^^^^^^^^^^^^^^^^^^^^^^^^^^^^^^^^^^^^^^^^^^^^^^^^^^^^
  13 | import CleanCodeCard from "./clean-code-card"
  14 | import AccelerateCard from "./accelerate-card"
  15 | import DottedFrame from "./dotted-frame"

Import traces:
  Client Component Browser:
    ./registry/default/components/bento-04.tsx [Client Component Browser]
    ./components/showcase/featured-components.tsx [Client Component Browser]
    ./app/page.tsx [Client Component Browser]
    ./app/page.tsx [Server Component]

  Client Component SSR:
    ./registry/default/components/bento-04.tsx [Client Component SSR]
    ./components/showcase/featured-components.tsx [Client Component SSR]
    ./app/page.tsx [Client Component SSR]
    ./app/page.tsx [Server Component]

https://nextjs.org/docs/messages/module-not-found @ http://localhost:4200/_next/static/chunks/0aus_next_dist_0dxyg_i._.js:3272
[12079019ms] [ERROR] ./registry/default/components/bento-04.tsx:16:1
Module not found: Can't resolve './icon-holo'
  14 | import AccelerateCard from "./accelerate-card"
  15 | import DottedFrame from "./dotted-frame"
> 16 | import IconHolo from "./icon-holo"
     | ^^^^^^^^^^^^^^^^^^^^^^^^^^^^^^^^^^
  17 |
  18 | const rise = "animate-brand-item motion-reduce:!animate-none motion-reduce:!opacity-100"
  19 |

Import traces:
  Client Component Browser:
    ./registry/default/components/bento-04.tsx [Client Component Browser]
    ./components/showcase/featured-components.tsx [Client Component Browser]
    ./app/page.tsx [Client Component Browser]
    ./app/page.tsx [Server Component]

  Client Component SSR:
    ./registry/default/components/bento-04.tsx [Client Component SSR]
    ./components/showcase/featured-components.tsx [Client Component SSR]
    ./app/page.tsx [Client Component SSR]
    ./app/page.tsx [Server Component]

https://nextjs.org/docs/messages/module-not-found @ http://localhost:4200/_next/static/chunks/0aus_next_dist_0dxyg_i._.js:3272
[12079019ms] [ERROR] ./registry/default/components/bento-04.tsx:11:1
Module not found: Can't resolve './web-design-card'
   9 | // pass `heading={null}` to drop it and use your own.
  10 |
> 11 | import WebDesignCard from "./web-design-card"
     | ^^^^^^^^^^^^^^^^^^^^^^^^^^^^^^^^^^^^^^^^^^^^^
  12 | import FutureForwardCard from "./future-forward-card"
  13 | import CleanCodeCard from "./clean-code-card"
  14 | import AccelerateCard from "./accelerate-card"

Import traces:
  Client Component Browser:
    ./registry/default/components/bento-04.tsx [Client Component Browser]
    ./components/showcase/featured-components.tsx [Client Component Browser]
    ./app/page.tsx [Client Component Browser]
    ./app/page.tsx [Server Component]

  Client Component SSR:
    ./registry/default/components/bento-04.tsx [Client Component SSR]
    ./components/showcase/featured-components.tsx [Client Component SSR]
    ./app/page.tsx [Client Component SSR]
    ./app/page.tsx [Server Component]

https://nextjs.org/docs/messages/module-not-found @ http://localhost:4200/_next/static/chunks/0aus_next_dist_0dxyg_i._.js:3272
[12079410ms] [ERROR] Failed to load resource: the server responded with a status of 500 (Internal Server Error) @ http://localhost:4200/bento-4?_rsc=13923:0
[12079470ms] [ERROR] ./registry/default/components/bento-04.tsx:14:1
Module not found: Can't resolve './accelerate-card'
  12 | import FutureForwardCard from "./future-forward-card"
  13 | import CleanCodeCard from "./clean-code-card"
> 14 | import AccelerateCard from "./accelerate-card"
     | ^^^^^^^^^^^^^^^^^^^^^^^^^^^^^^^^^^^^^^^^^^^^^^
  15 | import DottedFrame from "./dotted-frame"
  16 | import IconHolo from "./icon-holo"
  17 |

Import traces:
  Client Component Browser:
    ./registry/default/components/bento-04.tsx [Client Component Browser]
    ./components/showcase/featured-components.tsx [Client Component Browser]
    ./app/page.tsx [Client Component Browser]
    ./app/page.tsx [Server Component]

  Client Component SSR:
    ./registry/default/components/bento-04.tsx [Client Component SSR]
    ./components/showcase/featured-components.tsx [Client Component SSR]
    ./app/page.tsx [Client Component SSR]
    ./app/page.tsx [Server Component]

https://nextjs.org/docs/messages/module-not-found @ http://localhost:4200/_next/static/chunks/0aus_next_dist_0dxyg_i._.js:3272
[12079470ms] [ERROR] ./registry/default/components/bento-04.tsx:13:1
Module not found: Can't resolve './clean-code-card'
  11 | import WebDesignCard from "./web-design-card"
  12 | import FutureForwardCard from "./future-forward-card"
> 13 | import CleanCodeCard from "./clean-code-card"
     | ^^^^^^^^^^^^^^^^^^^^^^^^^^^^^^^^^^^^^^^^^^^^^
  14 | import AccelerateCard from "./accelerate-card"
  15 | import DottedFrame from "./dotted-frame"
  16 | import IconHolo from "./icon-holo"

Import traces:
  Client Component Browser:
    ./registry/default/components/bento-04.tsx [Client Component Browser]
    ./components/showcase/featured-components.tsx [Client Component Browser]
    ./app/page.tsx [Client Component Browser]
    ./app/page.tsx [Server Component]

  Client Component SSR:
    ./registry/default/components/bento-04.tsx [Client Component SSR]
    ./components/showcase/featured-components.tsx [Client Component SSR]
    ./app/page.tsx [Client Component SSR]
    ./app/page.tsx [Server Component]

https://nextjs.org/docs/messages/module-not-found @ http://localhost:4200/_next/static/chunks/0aus_next_dist_0dxyg_i._.js:3272
[12079470ms] [ERROR] ./registry/default/components/bento-04.tsx:15:1
Module not found: Can't resolve './dotted-frame'
  13 | import CleanCodeCard from "./clean-code-card"
  14 | import AccelerateCard from "./accelerate-card"
> 15 | import DottedFrame from "./dotted-frame"
     | ^^^^^^^^^^^^^^^^^^^^^^^^^^^^^^^^^^^^^^^^
  16 | import IconHolo from "./icon-holo"
  17 |
  18 | const rise = "animate-brand-item motion-reduce:!animate-none motion-reduce:!opacity-100"

Import traces:
  Client Component Browser:
    ./registry/default/components/bento-04.tsx [Client Component Browser]
    ./components/showcase/featured-components.tsx [Client Component Browser]
    ./app/page.tsx [Client Component Browser]
    ./app/page.tsx [Server Component]

  Client Component SSR:
    ./registry/default/components/bento-04.tsx [Client Component SSR]
    ./components/showcase/featured-components.tsx [Client Component SSR]
    ./app/page.tsx [Client Component SSR]
    ./app/page.tsx [Server Component]

https://nextjs.org/docs/messages/module-not-found @ http://localhost:4200/_next/static/chunks/0aus_next_dist_0dxyg_i._.js:3272
[12079470ms] [ERROR] ./registry/default/components/bento-04.tsx:12:1
Module not found: Can't resolve './future-forward-card'
  10 |
  11 | import WebDesignCard from "./web-design-card"
> 12 | import FutureForwardCard from "./future-forward-card"
     | ^^^^^^^^^^^^^^^^^^^^^^^^^^^^^^^^^^^^^^^^^^^^^^^^^^^^^
  13 | import CleanCodeCard from "./clean-code-card"
  14 | import AccelerateCard from "./accelerate-card"
  15 | import DottedFrame from "./dotted-frame"

Import traces:
  Client Component Browser:
    ./registry/default/components/bento-04.tsx [Client Component Browser]
    ./components/showcase/featured-components.tsx [Client Component Browser]
    ./app/page.tsx [Client Component Browser]
    ./app/page.tsx [Server Component]

  Client Component SSR:
    ./registry/default/components/bento-04.tsx [Client Component SSR]
    ./components/showcase/featured-components.tsx [Client Component SSR]
    ./app/page.tsx [Client Component SSR]
    ./app/page.tsx [Server Component]

https://nextjs.org/docs/messages/module-not-found @ http://localhost:4200/_next/static/chunks/0aus_next_dist_0dxyg_i._.js:3272
[12079470ms] [ERROR] ./registry/default/components/bento-04.tsx:16:1
Module not found: Can't resolve './icon-holo'
  14 | import AccelerateCard from "./accelerate-card"
  15 | import DottedFrame from "./dotted-frame"
> 16 | import IconHolo from "./icon-holo"
     | ^^^^^^^^^^^^^^^^^^^^^^^^^^^^^^^^^^
  17 |
  18 | const rise = "animate-brand-item motion-reduce:!animate-none motion-reduce:!opacity-100"
  19 |

Import traces:
  Client Component Browser:
    ./registry/default/components/bento-04.tsx [Client Component Browser]
    ./components/showcase/featured-components.tsx [Client Component Browser]
    ./app/page.tsx [Client Component Browser]
    ./app/page.tsx [Server Component]

  Client Component SSR:
    ./registry/default/components/bento-04.tsx [Client Component SSR]
    ./components/showcase/featured-components.tsx [Client Component SSR]
    ./app/page.tsx [Client Component SSR]
    ./app/page.tsx [Server Component]

https://nextjs.org/docs/messages/module-not-found @ http://localhost:4200/_next/static/chunks/0aus_next_dist_0dxyg_i._.js:3272
[12079470ms] [ERROR] ./registry/default/components/bento-04.tsx:11:1
Module not found: Can't resolve './web-design-card'
   9 | // pass `heading={null}` to drop it and use your own.
  10 |
> 11 | import WebDesignCard from "./web-design-card"
     | ^^^^^^^^^^^^^^^^^^^^^^^^^^^^^^^^^^^^^^^^^^^^^
  12 | import FutureForwardCard from "./future-forward-card"
  13 | import CleanCodeCard from "./clean-code-card"
  14 | import AccelerateCard from "./accelerate-card"

Import traces:
  Client Component Browser:
    ./registry/default/components/bento-04.tsx [Client Component Browser]
    ./components/showcase/featured-components.tsx [Client Component Browser]
    ./app/page.tsx [Client Component Browser]
    ./app/page.tsx [Server Component]

  Client Component SSR:
    ./registry/default/components/bento-04.tsx [Client Component SSR]
    ./components/showcase/featured-components.tsx [Client Component SSR]
    ./app/page.tsx [Client Component SSR]
    ./app/page.tsx [Server Component]

https://nextjs.org/docs/messages/module-not-found @ http://localhost:4200/_next/static/chunks/0aus_next_dist_0dxyg_i._.js:3272
[12079485ms] [LOG] [Fast Refresh] rebuilding @ http://localhost:4200/_next/static/chunks/0aus_next_dist_0dxyg_i._.js:2431
[12079552ms] [ERROR] Failed to load resource: the server responded with a status of 500 (Internal Server Error) @ http://localhost:4200/bento-4?_rsc=13923:0
[12079607ms] [ERROR] Failed to load resource: the server responded with a status of 500 (Internal Server Error) @ http://localhost:4200/bento-4:0
[12079719ms] [INFO] %cDownload the React DevTools for a better development experience: https://react.dev/link/react-devtools font-weight:bold @ http://localhost:4200/_next/static/chunks/0e-u_react-dom_0037m-m._.js:15305
[12079767ms] Error: ./registry/default/components/bento-04.tsx:14:1
Module not found: Can't resolve './accelerate-card'
  12 | import FutureForwardCard from "./future-forward-card"
  13 | import CleanCodeCard from "./clean-code-card"
> 14 | import AccelerateCard from "./accelerate-card"
     | ^^^^^^^^^^^^^^^^^^^^^^^^^^^^^^^^^^^^^^^^^^^^^^
  15 | import DottedFrame from "./dotted-frame"
  16 | import IconHolo from "./icon-holo"
  17 |



Import traces:
  Client Component Browser:
    ./registry/default/components/bento-04.tsx [Client Component Browser]
    ./components/showcase/featured-components.tsx [Client Component Browser]
    ./app/page.tsx [Client Component Browser]
    ./app/page.tsx [Server Component]

  Client Component SSR:
    ./registry/default/components/bento-04.tsx [Client Component SSR]
    ./components/showcase/featured-components.tsx [Client Component SSR]
    ./app/page.tsx [Client Component SSR]
    ./app/page.tsx [Server Component]

https://nextjs.org/docs/messages/module-not-found


    at <unknown> (Error: ./registry/default/components/bento-04.tsx:14:1)
    at <unknown> (https://nextjs.org/docs/messages/module-not-found)
    at Object.getCompilationErrors (file:///Users/godwinjanarthan/Documents/Projects/d2studio-ui/node_modules/.pnpm/next@16.2.4_@babel+core@7.28.4_react-dom@19.2.5_react@19.2.5__react@19.2.5/node_modules/next/dist/server/dev/hot-reloader-turbopack.js:1186:59)
    at DevBundlerService.getCompilationError (file:///Users/godwinjanarthan/Documents/Projects/d2studio-ui/node_modules/.pnpm/next@16.2.4_@babel+core@7.28.4_react-dom@19.2.5_react@19.2.5__react@19.2.5/node_modules/next/dist/server/lib/dev-bundler-service.js:44:55)
    at DevServer.getCompilationError (file:///Users/godwinjanarthan/Documents/Projects/d2studio-ui/node_modules/.pnpm/next@16.2.4_@babel+core@7.28.4_react-dom@19.2.5_react@19.2.5__react@19.2.5/node_modules/next/dist/server/dev/next-dev-server.js:719:42)
    at DevServer.findPageComponents (file:///Users/godwinjanarthan/Documents/Projects/d2studio-ui/node_modules/.pnpm/next@16.2.4_@babel+core@7.28.4_react-dom@19.2.5_react@19.2.5__react@19.2.5/node_modules/next/dist/server/dev/next-dev-server.js:689:43)
    at async DevServer.renderErrorToResponseImpl (file:///Users/godwinjanarthan/Documents/Projects/d2studio-ui/node_modules/.pnpm/next@16.2.4_@babel+core@7.28.4_react-dom@19.2.5_react@19.2.5__react@19.2.5/node_modules/next/dist/server/base-server.js:1745:26)
[12079792ms] [LOG] [HMR] connected @ http://localhost:4200/_next/static/chunks/0aus_next_dist_00tg.dm._.js:1226
[12079817ms] [ERROR] ./registry/default/components/bento-04.tsx:14:1
Module not found: Can't resolve './accelerate-card'
  12 | import FutureForwardCard from "./future-forward-card"
  13 | import CleanCodeCard from "./clean-code-card"
> 14 | import AccelerateCard from "./accelerate-card"
     | ^^^^^^^^^^^^^^^^^^^^^^^^^^^^^^^^^^^^^^^^^^^^^^
  15 | import DottedFrame from "./dotted-frame"
  16 | import IconHolo from "./icon-holo"
  17 |

Import traces:
  Client Component Browser:
    ./registry/default/components/bento-04.tsx [Client Component Browser]
    ./components/showcase/featured-components.tsx [Client Component Browser]
    ./app/page.tsx [Client Component Browser]
    ./app/page.tsx [Server Component]

  Client Component SSR:
    ./registry/default/components/bento-04.tsx [Client Component SSR]
    ./components/showcase/featured-components.tsx [Client Component SSR]
    ./app/page.tsx [Client Component SSR]
    ./app/page.tsx [Server Component]

https://nextjs.org/docs/messages/module-not-found @ http://localhost:4200/_next/static/chunks/0aus_next_dist_00tg.dm._.js:1945
[12079817ms] [ERROR] ./registry/default/components/bento-04.tsx:13:1
Module not found: Can't resolve './clean-code-card'
  11 | import WebDesignCard from "./web-design-card"
  12 | import FutureForwardCard from "./future-forward-card"
> 13 | import CleanCodeCard from "./clean-code-card"
     | ^^^^^^^^^^^^^^^^^^^^^^^^^^^^^^^^^^^^^^^^^^^^^
  14 | import AccelerateCard from "./accelerate-card"
  15 | import DottedFrame from "./dotted-frame"
  16 | import IconHolo from "./icon-holo"

Import traces:
  Client Component Browser:
    ./registry/default/components/bento-04.tsx [Client Component Browser]
    ./components/showcase/featured-components.tsx [Client Component Browser]
    ./app/page.tsx [Client Component Browser]
    ./app/page.tsx [Server Component]

  Client Component SSR:
    ./registry/default/components/bento-04.tsx [Client Component SSR]
    ./components/showcase/featured-components.tsx [Client Component SSR]
    ./app/page.tsx [Client Component SSR]
    ./app/page.tsx [Server Component]

https://nextjs.org/docs/messages/module-not-found @ http://localhost:4200/_next/static/chunks/0aus_next_dist_00tg.dm._.js:1945
[12079817ms] [ERROR] ./registry/default/components/bento-04.tsx:15:1
Module not found: Can't resolve './dotted-frame'
  13 | import CleanCodeCard from "./clean-code-card"
  14 | import AccelerateCard from "./accelerate-card"
> 15 | import DottedFrame from "./dotted-frame"
     | ^^^^^^^^^^^^^^^^^^^^^^^^^^^^^^^^^^^^^^^^
  16 | import IconHolo from "./icon-holo"
  17 |
  18 | const rise = "animate-brand-item motion-reduce:!animate-none motion-reduce:!opacity-100"

Import traces:
  Client Component Browser:
    ./registry/default/components/bento-04.tsx [Client Component Browser]
    ./components/showcase/featured-components.tsx [Client Component Browser]
    ./app/page.tsx [Client Component Browser]
    ./app/page.tsx [Server Component]

  Client Component SSR:
    ./registry/default/components/bento-04.tsx [Client Component SSR]
    ./components/showcase/featured-components.tsx [Client Component SSR]
    ./app/page.tsx [Client Component SSR]
    ./app/page.tsx [Server Component]

https://nextjs.org/docs/messages/module-not-found @ http://localhost:4200/_next/static/chunks/0aus_next_dist_00tg.dm._.js:1945
[12079817ms] [ERROR] ./registry/default/components/bento-04.tsx:12:1
Module not found: Can't resolve './future-forward-card'
  10 |
  11 | import WebDesignCard from "./web-design-card"
> 12 | import FutureForwardCard from "./future-forward-card"
     | ^^^^^^^^^^^^^^^^^^^^^^^^^^^^^^^^^^^^^^^^^^^^^^^^^^^^^
  13 | import CleanCodeCard from "./clean-code-card"
  14 | import AccelerateCard from "./accelerate-card"
  15 | import DottedFrame from "./dotted-frame"

Import traces:
  Client Component Browser:
    ./registry/default/components/bento-04.tsx [Client Component Browser]
    ./components/showcase/featured-components.tsx [Client Component Browser]
    ./app/page.tsx [Client Component Browser]
    ./app/page.tsx [Server Component]

  Client Component SSR:
    ./registry/default/components/bento-04.tsx [Client Component SSR]
    ./components/showcase/featured-components.tsx [Client Component SSR]
    ./app/page.tsx [Client Component SSR]
    ./app/page.tsx [Server Component]

https://nextjs.org/docs/messages/module-not-found @ http://localhost:4200/_next/static/chunks/0aus_next_dist_00tg.dm._.js:1945
[12079817ms] [ERROR] ./registry/default/components/bento-04.tsx:16:1
Module not found: Can't resolve './icon-holo'
  14 | import AccelerateCard from "./accelerate-card"
  15 | import DottedFrame from "./dotted-frame"
> 16 | import IconHolo from "./icon-holo"
     | ^^^^^^^^^^^^^^^^^^^^^^^^^^^^^^^^^^
  17 |
  18 | const rise = "animate-brand-item motion-reduce:!animate-none motion-reduce:!opacity-100"
  19 |

Import traces:
  Client Component Browser:
    ./registry/default/components/bento-04.tsx [Client Component Browser]
    ./components/showcase/featured-components.tsx [Client Component Browser]
    ./app/page.tsx [Client Component Browser]
    ./app/page.tsx [Server Component]

  Client Component SSR:
    ./registry/default/components/bento-04.tsx [Client Component SSR]
    ./components/showcase/featured-components.tsx [Client Component SSR]
    ./app/page.tsx [Client Component SSR]
    ./app/page.tsx [Server Component]

https://nextjs.org/docs/messages/module-not-found @ http://localhost:4200/_next/static/chunks/0aus_next_dist_00tg.dm._.js:1945
[12079817ms] [ERROR] ./registry/default/components/bento-04.tsx:11:1
Module not found: Can't resolve './web-design-card'
   9 | // pass `heading={null}` to drop it and use your own.
  10 |
> 11 | import WebDesignCard from "./web-design-card"
     | ^^^^^^^^^^^^^^^^^^^^^^^^^^^^^^^^^^^^^^^^^^^^^
  12 | import FutureForwardCard from "./future-forward-card"
  13 | import CleanCodeCard from "./clean-code-card"
  14 | import AccelerateCard from "./accelerate-card"

Import traces:
  Client Component Browser:
    ./registry/default/components/bento-04.tsx [Client Component Browser]
    ./components/showcase/featured-components.tsx [Client Component Browser]
    ./app/page.tsx [Client Component Browser]
    ./app/page.tsx [Server Component]

  Client Component SSR:
    ./registry/default/components/bento-04.tsx [Client Component SSR]
    ./components/showcase/featured-components.tsx [Client Component SSR]
    ./app/page.tsx [Client Component SSR]
    ./app/page.tsx [Server Component]

https://nextjs.org/docs/messages/module-not-found @ http://localhost:4200/_next/static/chunks/0aus_next_dist_00tg.dm._.js:1945
[12079869ms] [ERROR] ./registry/default/components/bento-04.tsx:14:1
Module not found: Can't resolve './accelerate-card'
  12 | import FutureForwardCard from "./future-forward-card"
  13 | import CleanCodeCard from "./clean-code-card"
> 14 | import AccelerateCard from "./accelerate-card"
     | ^^^^^^^^^^^^^^^^^^^^^^^^^^^^^^^^^^^^^^^^^^^^^^
  15 | import DottedFrame from "./dotted-frame"
  16 | import IconHolo from "./icon-holo"
  17 |

Import traces:
  Client Component Browser:
    ./registry/default/components/bento-04.tsx [Client Component Browser]
    ./components/showcase/featured-components.tsx [Client Component Browser]
    ./app/page.tsx [Client Component Browser]
    ./app/page.tsx [Server Component]

  Client Component SSR:
    ./registry/default/components/bento-04.tsx [Client Component SSR]
    ./components/showcase/featured-components.tsx [Client Component SSR]
    ./app/page.tsx [Client Component SSR]
    ./app/page.tsx [Server Component]

https://nextjs.org/docs/messages/module-not-found @ http://localhost:4200/_next/static/chunks/0aus_next_dist_00tg.dm._.js:1945
[12079869ms] [ERROR] ./registry/default/components/bento-04.tsx:13:1
Module not found: Can't resolve './clean-code-card'
  11 | import WebDesignCard from "./web-design-card"
  12 | import FutureForwardCard from "./future-forward-card"
> 13 | import CleanCodeCard from "./clean-code-card"
     | ^^^^^^^^^^^^^^^^^^^^^^^^^^^^^^^^^^^^^^^^^^^^^
  14 | import AccelerateCard from "./accelerate-card"
  15 | import DottedFrame from "./dotted-frame"
  16 | import IconHolo from "./icon-holo"

Import traces:
  Client Component Browser:
    ./registry/default/components/bento-04.tsx [Client Component Browser]
    ./components/showcase/featured-components.tsx [Client Component Browser]
    ./app/page.tsx [Client Component Browser]
    ./app/page.tsx [Server Component]

  Client Component SSR:
    ./registry/default/components/bento-04.tsx [Client Component SSR]
    ./components/showcase/featured-components.tsx [Client Component SSR]
    ./app/page.tsx [Client Component SSR]
    ./app/page.tsx [Server Component]

https://nextjs.org/docs/messages/module-not-found @ http://localhost:4200/_next/static/chunks/0aus_next_dist_00tg.dm._.js:1945
[12079869ms] [ERROR] ./registry/default/components/bento-04.tsx:15:1
Module not found: Can't resolve './dotted-frame'
  13 | import CleanCodeCard from "./clean-code-card"
  14 | import AccelerateCard from "./accelerate-card"
> 15 | import DottedFrame from "./dotted-frame"
     | ^^^^^^^^^^^^^^^^^^^^^^^^^^^^^^^^^^^^^^^^
  16 | import IconHolo from "./icon-holo"
  17 |
  18 | const rise = "animate-brand-item motion-reduce:!animate-none motion-reduce:!opacity-100"

Import traces:
  Client Component Browser:
    ./registry/default/components/bento-04.tsx [Client Component Browser]
    ./components/showcase/featured-components.tsx [Client Component Browser]
    ./app/page.tsx [Client Component Browser]
    ./app/page.tsx [Server Component]

  Client Component SSR:
    ./registry/default/components/bento-04.tsx [Client Component SSR]
    ./components/showcase/featured-components.tsx [Client Component SSR]
    ./app/page.tsx [Client Component SSR]
    ./app/page.tsx [Server Component]

https://nextjs.org/docs/messages/module-not-found @ http://localhost:4200/_next/static/chunks/0aus_next_dist_00tg.dm._.js:1945
[12079870ms] [ERROR] ./registry/default/components/bento-04.tsx:12:1
Module not found: Can't resolve './future-forward-card'
  10 |
  11 | import WebDesignCard from "./web-design-card"
> 12 | import FutureForwardCard from "./future-forward-card"
     | ^^^^^^^^^^^^^^^^^^^^^^^^^^^^^^^^^^^^^^^^^^^^^^^^^^^^^
  13 | import CleanCodeCard from "./clean-code-card"
  14 | import AccelerateCard from "./accelerate-card"
  15 | import DottedFrame from "./dotted-frame"

Import traces:
  Client Component Browser:
    ./registry/default/components/bento-04.tsx [Client Component Browser]
    ./components/showcase/featured-components.tsx [Client Component Browser]
    ./app/page.tsx [Client Component Browser]
    ./app/page.tsx [Server Component]

  Client Component SSR:
    ./registry/default/components/bento-04.tsx [Client Component SSR]
    ./components/showcase/featured-components.tsx [Client Component SSR]
    ./app/page.tsx [Client Component SSR]
    ./app/page.tsx [Server Component]

https://nextjs.org/docs/messages/module-not-found @ http://localhost:4200/_next/static/chunks/0aus_next_dist_00tg.dm._.js:1945
[12079870ms] [ERROR] ./registry/default/components/bento-04.tsx:16:1
Module not found: Can't resolve './icon-holo'
  14 | import AccelerateCard from "./accelerate-card"
  15 | import DottedFrame from "./dotted-frame"
> 16 | import IconHolo from "./icon-holo"
     | ^^^^^^^^^^^^^^^^^^^^^^^^^^^^^^^^^^
  17 |
  18 | const rise = "animate-brand-item motion-reduce:!animate-none motion-reduce:!opacity-100"
  19 |

Import traces:
  Client Component Browser:
    ./registry/default/components/bento-04.tsx [Client Component Browser]
    ./components/showcase/featured-components.tsx [Client Component Browser]
    ./app/page.tsx [Client Component Browser]
    ./app/page.tsx [Server Component]

  Client Component SSR:
    ./registry/default/components/bento-04.tsx [Client Component SSR]
    ./components/showcase/featured-components.tsx [Client Component SSR]
    ./app/page.tsx [Client Component SSR]
    ./app/page.tsx [Server Component]

https://nextjs.org/docs/messages/module-not-found @ http://localhost:4200/_next/static/chunks/0aus_next_dist_00tg.dm._.js:1945
[12079870ms] [ERROR] ./registry/default/components/bento-04.tsx:11:1
Module not found: Can't resolve './web-design-card'
   9 | // pass `heading={null}` to drop it and use your own.
  10 |
> 11 | import WebDesignCard from "./web-design-card"
     | ^^^^^^^^^^^^^^^^^^^^^^^^^^^^^^^^^^^^^^^^^^^^^
  12 | import FutureForwardCard from "./future-forward-card"
  13 | import CleanCodeCard from "./clean-code-card"
  14 | import AccelerateCard from "./accelerate-card"

Import traces:
  Client Component Browser:
    ./registry/default/components/bento-04.tsx [Client Component Browser]
    ./components/showcase/featured-components.tsx [Client Component Browser]
    ./app/page.tsx [Client Component Browser]
    ./app/page.tsx [Server Component]

  Client Component SSR:
    ./registry/default/components/bento-04.tsx [Client Component SSR]
    ./components/showcase/featured-components.tsx [Client Component SSR]
    ./app/page.tsx [Client Component SSR]
    ./app/page.tsx [Server Component]

https://nextjs.org/docs/messages/module-not-found @ http://localhost:4200/_next/static/chunks/0aus_next_dist_00tg.dm._.js:1945
[12088221ms] [LOG] [Fast Refresh] rebuilding @ http://localhost:4200/_next/static/chunks/0aus_next_dist_00tg.dm._.js:1226
[12089240ms] [WARNING] [Fast Refresh] performing full reload because your application had an unrecoverable error @ http://localhost:4200/_next/static/chunks/0aus_next_dist_00tg.dm._.js:1226
[12089254ms] [LOG] [Fast Refresh] done in 1121ms @ http://localhost:4200/_next/static/chunks/0aus_next_dist_00tg.dm._.js:1226
[12089568ms] [LOG] [Fast Refresh] rebuilding @ http://localhost:4200/_next/static/chunks/0aus_next_dist_00tg.dm._.js:1226
[12089592ms] [LOG] [Fast Refresh] done in 125ms @ http://localhost:4200/_next/static/chunks/0aus_next_dist_00tg.dm._.js:1226
[12089835ms] [LOG] [Fast Refresh] rebuilding @ http://localhost:4200/_next/static/chunks/0aus_next_dist_00tg.dm._.js:1226
[12089861ms] [LOG] [Fast Refresh] done in 127ms @ http://localhost:4200/_next/static/chunks/0aus_next_dist_00tg.dm._.js:1226
[12090048ms] [INFO] %cDownload the React DevTools for a better development experience: https://react.dev/link/react-devtools font-weight:bold @ http://localhost:4200/_next/static/chunks/0aus_next_dist_0dxyg_i._.js:2431
[12090077ms] [LOG] [HMR] connected @ http://localhost:4200/_next/static/chunks/0aus_next_dist_0dxyg_i._.js:2431
[12090382ms] [LOG] [Fast Refresh] rebuilding @ http://localhost:4200/_next/static/chunks/0aus_next_dist_0dxyg_i._.js:2431
[12090553ms] [LOG] [Fast Refresh] done in 272ms @ http://localhost:4200/_next/static/chunks/0aus_next_dist_0dxyg_i._.js:2431
[12100457ms] [LOG] [Fast Refresh] rebuilding @ http://localhost:4200/_next/static/chunks/0aus_next_dist_0dxyg_i._.js:2431
[12100921ms] [LOG] [Fast Refresh] done in 565ms @ http://localhost:4200/_next/static/chunks/0aus_next_dist_0dxyg_i._.js:2431
[12101223ms] [LOG] [Fast Refresh] rebuilding @ http://localhost:4200/_next/static/chunks/0aus_next_dist_0dxyg_i._.js:2431
[12101256ms] [LOG] [Fast Refresh] done in 134ms @ http://localhost:4200/_next/static/chunks/0aus_next_dist_0dxyg_i._.js:2431
[12135864ms] [LOG] [Fast Refresh] rebuilding @ http://localhost:4200/_next/static/chunks/0aus_next_dist_0dxyg_i._.js:2431
[12136225ms] [LOG] [Fast Refresh] done in 462ms @ http://localhost:4200/_next/static/chunks/0aus_next_dist_0dxyg_i._.js:2431
[12149100ms] [LOG] [Fast Refresh] rebuilding @ http://localhost:4200/_next/static/chunks/0aus_next_dist_0dxyg_i._.js:2431
[12149369ms] [LOG] [Fast Refresh] done in 371ms @ http://localhost:4200/_next/static/chunks/0aus_next_dist_0dxyg_i._.js:2431
[12169596ms] [LOG] [Fast Refresh] rebuilding @ http://localhost:4200/_next/static/chunks/0aus_next_dist_0dxyg_i._.js:2431
[12170163ms] [LOG] [Fast Refresh] done in 667ms @ http://localhost:4200/_next/static/chunks/0aus_next_dist_0dxyg_i._.js:2431
[12170612ms] [LOG] [Fast Refresh] rebuilding @ http://localhost:4200/_next/static/chunks/0aus_next_dist_0dxyg_i._.js:2431
[12170654ms] [LOG] [Fast Refresh] done in 143ms @ http://localhost:4200/_next/static/chunks/0aus_next_dist_0dxyg_i._.js:2431
[12170933ms] [LOG] [Fast Refresh] rebuilding @ http://localhost:4200/_next/static/chunks/0aus_next_dist_0dxyg_i._.js:2431
[12170988ms] [LOG] [Fast Refresh] done in 155ms @ http://localhost:4200/_next/static/chunks/0aus_next_dist_0dxyg_i._.js:2431
[12178969ms] [LOG] [Fast Refresh] rebuilding @ http://localhost:4200/_next/static/chunks/0aus_next_dist_0dxyg_i._.js:2431
[12179312ms] [LOG] [Fast Refresh] done in 444ms @ http://localhost:4200/_next/static/chunks/0aus_next_dist_0dxyg_i._.js:2431
[12206603ms] [LOG] [Fast Refresh] rebuilding @ http://localhost:4200/_next/static/chunks/0aus_next_dist_0dxyg_i._.js:2431
[12206843ms] [LOG] [Fast Refresh] done in 340ms @ http://localhost:4200/_next/static/chunks/0aus_next_dist_0dxyg_i._.js:2431
[16759825ms] [LOG] [HMR] connected @ http://localhost:4200/_next/static/chunks/0aus_next_dist_0dxyg_i._.js:2431
