[      10ms] [ERROR] ./app/globals.css:11981:25
Parsing CSS source code failed
  11979 |   }
  11980 |   .\[\@media\(hover\:hover\)and\(pointer\:fine\)\]\:block {
> 11981 |     @media (hover:hover)and(pointer:fine) {
        |                         ^
  11982 |       display: block;
  11983 |     }
  11984 |   }

Unexpected token Function("and")

Generated code of PostCSS transform of file content of app/globals.css:
./app/globals.css:11981:25
  11979 |   }
  11980 |   .\[\@media\(hover\:hover\)and\(pointer\:fine\)\]\:block {
> 11981 |     @media (hover:hover)and(pointer:fine) {
        |                         ^
  11982 |       display: block;
  11983 |     }
  11984 |   }

Import trace:
  Client Component Browser:
    ./app/globals.css [Client Component Browser]
    ./app/layout.tsx [Server Component] @ http://localhost:4200/_next/static/chunks/0aus_next_dist_00tg.dm._.js:1945
[      70ms] [ERROR] Failed to load resource: the server responded with a status of 500 (Internal Server Error) @ http://localhost:4200/bento-4:0
[      87ms] [INFO] %cDownload the React DevTools for a better development experience: https://react.dev/link/react-devtools font-weight:bold @ http://localhost:4200/_next/static/chunks/0e-u_react-dom_0037m-m._.js:15305
[      93ms] Error: ./app/globals.css:11981:25
Parsing CSS source code failed
  11979 |   }
  11980 |   .\[\@media\(hover\:hover\)and\(pointer\:fine\)\]\:block {
> 11981 |     @media (hover:hover)and(pointer:fine) {
        |                         ^
  11982 |       display: block;
  11983 |     }
  11984 |   }

Unexpected token Function("and")

Generated code of PostCSS transform of file content of app/globals.css:
./app/globals.css:11981:25
  11979 |   }
  11980 |   .\[\@media\(hover\:hover\)and\(pointer\:fine\)\]\:block {
> 11981 |     @media (hover:hover)and(pointer:fine) {
        |                         ^
  11982 |       display: block;
  11983 |     }
  11984 |   }

Import trace:
  Client Component Browser:
    ./app/globals.css [Client Component Browser]
    ./app/layout.tsx [Server Component]


    at <unknown> (Error: ./app/globals.css:11981:25)
    at <unknown> (./app/globals.css:11981:25)
    at Object.getCompilationErrors (file:///Users/godwinjanarthan/Documents/Projects/d2studio-ui/node_modules/.pnpm/next@16.2.4_@babel+core@7.28.4_react-dom@19.2.5_react@19.2.5__react@19.2.5/node_modules/next/dist/server/dev/hot-reloader-turbopack.js:1186:59)
    at DevBundlerService.getCompilationError (file:///Users/godwinjanarthan/Documents/Projects/d2studio-ui/node_modules/.pnpm/next@16.2.4_@babel+core@7.28.4_react-dom@19.2.5_react@19.2.5__react@19.2.5/node_modules/next/dist/server/lib/dev-bundler-service.js:44:55)
    at DevServer.getCompilationError (file:///Users/godwinjanarthan/Documents/Projects/d2studio-ui/node_modules/.pnpm/next@16.2.4_@babel+core@7.28.4_react-dom@19.2.5_react@19.2.5__react@19.2.5/node_modules/next/dist/server/dev/next-dev-server.js:719:42)
    at DevServer.findPageComponents (file:///Users/godwinjanarthan/Documents/Projects/d2studio-ui/node_modules/.pnpm/next@16.2.4_@babel+core@7.28.4_react-dom@19.2.5_react@19.2.5__react@19.2.5/node_modules/next/dist/server/dev/next-dev-server.js:689:43)
    at async DevServer.renderErrorToResponseImpl (file:///Users/godwinjanarthan/Documents/Projects/d2studio-ui/node_modules/.pnpm/next@16.2.4_@babel+core@7.28.4_react-dom@19.2.5_react@19.2.5__react@19.2.5/node_modules/next/dist/server/base-server.js:1745:26)
[     101ms] [LOG] [HMR] connected @ http://localhost:4200/_next/static/chunks/0aus_next_dist_00tg.dm._.js:1226
[     109ms] [ERROR] ./app/globals.css:11981:25
Parsing CSS source code failed
  11979 |   }
  11980 |   .\[\@media\(hover\:hover\)and\(pointer\:fine\)\]\:block {
> 11981 |     @media (hover:hover)and(pointer:fine) {
        |                         ^
  11982 |       display: block;
  11983 |     }
  11984 |   }

Unexpected token Function("and")

Generated code of PostCSS transform of file content of app/globals.css:
./app/globals.css:11981:25
  11979 |   }
  11980 |   .\[\@media\(hover\:hover\)and\(pointer\:fine\)\]\:block {
> 11981 |     @media (hover:hover)and(pointer:fine) {
        |                         ^
  11982 |       display: block;
  11983 |     }
  11984 |   }

Import trace:
  Client Component Browser:
    ./app/globals.css [Client Component Browser]
    ./app/layout.tsx [Server Component] @ http://localhost:4200/_next/static/chunks/0aus_next_dist_00tg.dm._.js:1945
[     109ms] [ERROR] ./app/globals.css:11981:25
Parsing CSS source code failed
  11979 |   }
  11980 |   .\[\@media\(hover\:hover\)and\(pointer\:fine\)\]\:block {
> 11981 |     @media (hover:hover)and(pointer:fine) {
        |                         ^
  11982 |       display: block;
  11983 |     }
  11984 |   }

Unexpected token Function("and")

Generated code of PostCSS transform of file content of app/globals.css:
./app/globals.css:11981:25
  11979 |   }
  11980 |   .\[\@media\(hover\:hover\)and\(pointer\:fine\)\]\:block {
> 11981 |     @media (hover:hover)and(pointer:fine) {
        |                         ^
  11982 |       display: block;
  11983 |     }
  11984 |   }

Import trace:
  Client Component Browser:
    ./app/globals.css [Client Component Browser]
    ./app/layout.tsx [Server Component] @ http://localhost:4200/_next/static/chunks/0aus_next_dist_00tg.dm._.js:1945
[     401ms] [ERROR] ./app/globals.css:11981:25
Parsing CSS source code failed
  11979 |   }
  11980 |   .\[\@media\(hover\:hover\)and\(pointer\:fine\)\]\:block {
> 11981 |     @media (hover:hover)and(pointer:fine) {
        |                         ^
  11982 |       display: block;
  11983 |     }
  11984 |   }

Unexpected token Function("and")

Generated code of PostCSS transform of file content of app/globals.css:
./app/globals.css:11981:25
  11979 |   }
  11980 |   .\[\@media\(hover\:hover\)and\(pointer\:fine\)\]\:block {
> 11981 |     @media (hover:hover)and(pointer:fine) {
        |                         ^
  11982 |       display: block;
  11983 |     }
  11984 |   }

Import trace:
  Client Component Browser:
    ./app/globals.css [Client Component Browser]
    ./app/layout.tsx [Server Component] @ http://localhost:4200/_next/static/chunks/0aus_next_dist_00tg.dm._.js:1945
[     464ms] [ERROR] ./app/globals.css:11981:25
Parsing CSS source code failed
  11979 |   }
  11980 |   .\[\@media\(hover\:hover\)and\(pointer\:fine\)\]\:block {
> 11981 |     @media (hover:hover)and(pointer:fine) {
        |                         ^
  11982 |       display: block;
  11983 |     }
  11984 |   }

Unexpected token Function("and")

Generated code of PostCSS transform of file content of app/globals.css:
./app/globals.css:11981:25
  11979 |   }
  11980 |   .\[\@media\(hover\:hover\)and\(pointer\:fine\)\]\:block {
> 11981 |     @media (hover:hover)and(pointer:fine) {
        |                         ^
  11982 |       display: block;
  11983 |     }
  11984 |   }

Import trace:
  Client Component Browser:
    ./app/globals.css [Client Component Browser]
    ./app/layout.tsx [Server Component] @ http://localhost:4200/_next/static/chunks/0aus_next_dist_00tg.dm._.js:1945
[     526ms] [ERROR] ./app/globals.css:11981:25
Parsing CSS source code failed
  11979 |   }
  11980 |   .\[\@media\(hover\:hover\)and\(pointer\:fine\)\]\:block {
> 11981 |     @media (hover:hover)and(pointer:fine) {
        |                         ^
  11982 |       display: block;
  11983 |     }
  11984 |   }

Unexpected token Function("and")

Generated code of PostCSS transform of file content of app/globals.css:
./app/globals.css:11981:25
  11979 |   }
  11980 |   .\[\@media\(hover\:hover\)and\(pointer\:fine\)\]\:block {
> 11981 |     @media (hover:hover)and(pointer:fine) {
        |                         ^
  11982 |       display: block;
  11983 |     }
  11984 |   }

Import trace:
  Client Component Browser:
    ./app/globals.css [Client Component Browser]
    ./app/layout.tsx [Server Component] @ http://localhost:4200/_next/static/chunks/0aus_next_dist_00tg.dm._.js:1945
[     588ms] [ERROR] ./app/globals.css:11981:25
Parsing CSS source code failed
  11979 |   }
  11980 |   .\[\@media\(hover\:hover\)and\(pointer\:fine\)\]\:block {
> 11981 |     @media (hover:hover)and(pointer:fine) {
        |                         ^
  11982 |       display: block;
  11983 |     }
  11984 |   }

Unexpected token Function("and")

Generated code of PostCSS transform of file content of app/globals.css:
./app/globals.css:11981:25
  11979 |   }
  11980 |   .\[\@media\(hover\:hover\)and\(pointer\:fine\)\]\:block {
> 11981 |     @media (hover:hover)and(pointer:fine) {
        |                         ^
  11982 |       display: block;
  11983 |     }
  11984 |   }

Import trace:
  Client Component Browser:
    ./app/globals.css [Client Component Browser]
    ./app/layout.tsx [Server Component] @ http://localhost:4200/_next/static/chunks/0aus_next_dist_00tg.dm._.js:1945
[     650ms] [ERROR] ./app/globals.css:11981:25
Parsing CSS source code failed
  11979 |   }
  11980 |   .\[\@media\(hover\:hover\)and\(pointer\:fine\)\]\:block {
> 11981 |     @media (hover:hover)and(pointer:fine) {
        |                         ^
  11982 |       display: block;
  11983 |     }
  11984 |   }

Unexpected token Function("and")

Generated code of PostCSS transform of file content of app/globals.css:
./app/globals.css:11981:25
  11979 |   }
  11980 |   .\[\@media\(hover\:hover\)and\(pointer\:fine\)\]\:block {
> 11981 |     @media (hover:hover)and(pointer:fine) {
        |                         ^
  11982 |       display: block;
  11983 |     }
  11984 |   }

Import trace:
  Client Component Browser:
    ./app/globals.css [Client Component Browser]
    ./app/layout.tsx [Server Component] @ http://localhost:4200/_next/static/chunks/0aus_next_dist_00tg.dm._.js:1945
[     714ms] [ERROR] ./app/globals.css:11981:25
Parsing CSS source code failed
  11979 |   }
  11980 |   .\[\@media\(hover\:hover\)and\(pointer\:fine\)\]\:block {
> 11981 |     @media (hover:hover)and(pointer:fine) {
        |                         ^
  11982 |       display: block;
  11983 |     }
  11984 |   }

Unexpected token Function("and")

Generated code of PostCSS transform of file content of app/globals.css:
./app/globals.css:11981:25
  11979 |   }
  11980 |   .\[\@media\(hover\:hover\)and\(pointer\:fine\)\]\:block {
> 11981 |     @media (hover:hover)and(pointer:fine) {
        |                         ^
  11982 |       display: block;
  11983 |     }
  11984 |   }

Import trace:
  Client Component Browser:
    ./app/globals.css [Client Component Browser]
    ./app/layout.tsx [Server Component] @ http://localhost:4200/_next/static/chunks/0aus_next_dist_00tg.dm._.js:1945
[     776ms] [ERROR] ./app/globals.css:11981:25
Parsing CSS source code failed
  11979 |   }
  11980 |   .\[\@media\(hover\:hover\)and\(pointer\:fine\)\]\:block {
> 11981 |     @media (hover:hover)and(pointer:fine) {
        |                         ^
  11982 |       display: block;
  11983 |     }
  11984 |   }

Unexpected token Function("and")

Generated code of PostCSS transform of file content of app/globals.css:
./app/globals.css:11981:25
  11979 |   }
  11980 |   .\[\@media\(hover\:hover\)and\(pointer\:fine\)\]\:block {
> 11981 |     @media (hover:hover)and(pointer:fine) {
        |                         ^
  11982 |       display: block;
  11983 |     }
  11984 |   }

Import trace:
  Client Component Browser:
    ./app/globals.css [Client Component Browser]
    ./app/layout.tsx [Server Component] @ http://localhost:4200/_next/static/chunks/0aus_next_dist_00tg.dm._.js:1945
[     838ms] [ERROR] ./app/globals.css:11981:25
Parsing CSS source code failed
  11979 |   }
  11980 |   .\[\@media\(hover\:hover\)and\(pointer\:fine\)\]\:block {
> 11981 |     @media (hover:hover)and(pointer:fine) {
        |                         ^
  11982 |       display: block;
  11983 |     }
  11984 |   }

Unexpected token Function("and")

Generated code of PostCSS transform of file content of app/globals.css:
./app/globals.css:11981:25
  11979 |   }
  11980 |   .\[\@media\(hover\:hover\)and\(pointer\:fine\)\]\:block {
> 11981 |     @media (hover:hover)and(pointer:fine) {
        |                         ^
  11982 |       display: block;
  11983 |     }
  11984 |   }

Import trace:
  Client Component Browser:
    ./app/globals.css [Client Component Browser]
    ./app/layout.tsx [Server Component] @ http://localhost:4200/_next/static/chunks/0aus_next_dist_00tg.dm._.js:1945
[     900ms] [ERROR] ./app/globals.css:11981:25
Parsing CSS source code failed
  11979 |   }
  11980 |   .\[\@media\(hover\:hover\)and\(pointer\:fine\)\]\:block {
> 11981 |     @media (hover:hover)and(pointer:fine) {
        |                         ^
  11982 |       display: block;
  11983 |     }
  11984 |   }

Unexpected token Function("and")

Generated code of PostCSS transform of file content of app/globals.css:
./app/globals.css:11981:25
  11979 |   }
  11980 |   .\[\@media\(hover\:hover\)and\(pointer\:fine\)\]\:block {
> 11981 |     @media (hover:hover)and(pointer:fine) {
        |                         ^
  11982 |       display: block;
  11983 |     }
  11984 |   }

Import trace:
  Client Component Browser:
    ./app/globals.css [Client Component Browser]
    ./app/layout.tsx [Server Component] @ http://localhost:4200/_next/static/chunks/0aus_next_dist_00tg.dm._.js:1945
[     962ms] [ERROR] ./app/globals.css:11981:25
Parsing CSS source code failed
  11979 |   }
  11980 |   .\[\@media\(hover\:hover\)and\(pointer\:fine\)\]\:block {
> 11981 |     @media (hover:hover)and(pointer:fine) {
        |                         ^
  11982 |       display: block;
  11983 |     }
  11984 |   }

Unexpected token Function("and")

Generated code of PostCSS transform of file content of app/globals.css:
./app/globals.css:11981:25
  11979 |   }
  11980 |   .\[\@media\(hover\:hover\)and\(pointer\:fine\)\]\:block {
> 11981 |     @media (hover:hover)and(pointer:fine) {
        |                         ^
  11982 |       display: block;
  11983 |     }
  11984 |   }

Import trace:
  Client Component Browser:
    ./app/globals.css [Client Component Browser]
    ./app/layout.tsx [Server Component] @ http://localhost:4200/_next/static/chunks/0aus_next_dist_00tg.dm._.js:1945
[    1024ms] [ERROR] ./app/globals.css:11981:25
Parsing CSS source code failed
  11979 |   }
  11980 |   .\[\@media\(hover\:hover\)and\(pointer\:fine\)\]\:block {
> 11981 |     @media (hover:hover)and(pointer:fine) {
        |                         ^
  11982 |       display: block;
  11983 |     }
  11984 |   }

Unexpected token Function("and")

Generated code of PostCSS transform of file content of app/globals.css:
./app/globals.css:11981:25
  11979 |   }
  11980 |   .\[\@media\(hover\:hover\)and\(pointer\:fine\)\]\:block {
> 11981 |     @media (hover:hover)and(pointer:fine) {
        |                         ^
  11982 |       display: block;
  11983 |     }
  11984 |   }

Import trace:
  Client Component Browser:
    ./app/globals.css [Client Component Browser]
    ./app/layout.tsx [Server Component] @ http://localhost:4200/_next/static/chunks/0aus_next_dist_00tg.dm._.js:1945
[    1129ms] [ERROR] ./app/globals.css:11981:25
Parsing CSS source code failed
  11979 |   }
  11980 |   .\[\@media\(hover\:hover\)and\(pointer\:fine\)\]\:block {
> 11981 |     @media (hover:hover)and(pointer:fine) {
        |                         ^
  11982 |       display: block;
  11983 |     }
  11984 |   }

Unexpected token Function("and")

Generated code of PostCSS transform of file content of app/globals.css:
./app/globals.css:11981:25
  11979 |   }
  11980 |   .\[\@media\(hover\:hover\)and\(pointer\:fine\)\]\:block {
> 11981 |     @media (hover:hover)and(pointer:fine) {
        |                         ^
  11982 |       display: block;
  11983 |     }
  11984 |   }

Import trace:
  Client Component Browser:
    ./app/globals.css [Client Component Browser]
    ./app/layout.tsx [Server Component] @ http://localhost:4200/_next/static/chunks/0aus_next_dist_00tg.dm._.js:1945
[    1187ms] [ERROR] ./app/globals.css:11981:25
Parsing CSS source code failed
  11979 |   }
  11980 |   .\[\@media\(hover\:hover\)and\(pointer\:fine\)\]\:block {
> 11981 |     @media (hover:hover)and(pointer:fine) {
        |                         ^
  11982 |       display: block;
  11983 |     }
  11984 |   }

Unexpected token Function("and")

Generated code of PostCSS transform of file content of app/globals.css:
./app/globals.css:11981:25
  11979 |   }
  11980 |   .\[\@media\(hover\:hover\)and\(pointer\:fine\)\]\:block {
> 11981 |     @media (hover:hover)and(pointer:fine) {
        |                         ^
  11982 |       display: block;
  11983 |     }
  11984 |   }

Import trace:
  Client Component Browser:
    ./app/globals.css [Client Component Browser]
    ./app/layout.tsx [Server Component] @ http://localhost:4200/_next/static/chunks/0aus_next_dist_00tg.dm._.js:1945
[    1248ms] [ERROR] ./app/globals.css:11981:25
Parsing CSS source code failed
  11979 |   }
  11980 |   .\[\@media\(hover\:hover\)and\(pointer\:fine\)\]\:block {
> 11981 |     @media (hover:hover)and(pointer:fine) {
        |                         ^
  11982 |       display: block;
  11983 |     }
  11984 |   }

Unexpected token Function("and")

Generated code of PostCSS transform of file content of app/globals.css:
./app/globals.css:11981:25
  11979 |   }
  11980 |   .\[\@media\(hover\:hover\)and\(pointer\:fine\)\]\:block {
> 11981 |     @media (hover:hover)and(pointer:fine) {
        |                         ^
  11982 |       display: block;
  11983 |     }
  11984 |   }

Import trace:
  Client Component Browser:
    ./app/globals.css [Client Component Browser]
    ./app/layout.tsx [Server Component] @ http://localhost:4200/_next/static/chunks/0aus_next_dist_00tg.dm._.js:1945
[    1310ms] [ERROR] ./app/globals.css:11981:25
Parsing CSS source code failed
  11979 |   }
  11980 |   .\[\@media\(hover\:hover\)and\(pointer\:fine\)\]\:block {
> 11981 |     @media (hover:hover)and(pointer:fine) {
        |                         ^
  11982 |       display: block;
  11983 |     }
  11984 |   }

Unexpected token Function("and")

Generated code of PostCSS transform of file content of app/globals.css:
./app/globals.css:11981:25
  11979 |   }
  11980 |   .\[\@media\(hover\:hover\)and\(pointer\:fine\)\]\:block {
> 11981 |     @media (hover:hover)and(pointer:fine) {
        |                         ^
  11982 |       display: block;
  11983 |     }
  11984 |   }

Import trace:
  Client Component Browser:
    ./app/globals.css [Client Component Browser]
    ./app/layout.tsx [Server Component] @ http://localhost:4200/_next/static/chunks/0aus_next_dist_00tg.dm._.js:1945
[    1374ms] [ERROR] ./app/globals.css:11981:25
Parsing CSS source code failed
  11979 |   }
  11980 |   .\[\@media\(hover\:hover\)and\(pointer\:fine\)\]\:block {
> 11981 |     @media (hover:hover)and(pointer:fine) {
        |                         ^
  11982 |       display: block;
  11983 |     }
  11984 |   }

Unexpected token Function("and")

Generated code of PostCSS transform of file content of app/globals.css:
./app/globals.css:11981:25
  11979 |   }
  11980 |   .\[\@media\(hover\:hover\)and\(pointer\:fine\)\]\:block {
> 11981 |     @media (hover:hover)and(pointer:fine) {
        |                         ^
  11982 |       display: block;
  11983 |     }
  11984 |   }

Import trace:
  Client Component Browser:
    ./app/globals.css [Client Component Browser]
    ./app/layout.tsx [Server Component] @ http://localhost:4200/_next/static/chunks/0aus_next_dist_00tg.dm._.js:1945
[    1438ms] [ERROR] ./app/globals.css:11981:25
Parsing CSS source code failed
  11979 |   }
  11980 |   .\[\@media\(hover\:hover\)and\(pointer\:fine\)\]\:block {
> 11981 |     @media (hover:hover)and(pointer:fine) {
        |                         ^
  11982 |       display: block;
  11983 |     }
  11984 |   }

Unexpected token Function("and")

Generated code of PostCSS transform of file content of app/globals.css:
./app/globals.css:11981:25
  11979 |   }
  11980 |   .\[\@media\(hover\:hover\)and\(pointer\:fine\)\]\:block {
> 11981 |     @media (hover:hover)and(pointer:fine) {
        |                         ^
  11982 |       display: block;
  11983 |     }
  11984 |   }

Import trace:
  Client Component Browser:
    ./app/globals.css [Client Component Browser]
    ./app/layout.tsx [Server Component] @ http://localhost:4200/_next/static/chunks/0aus_next_dist_00tg.dm._.js:1945
[    1498ms] [ERROR] ./app/globals.css:11981:25
Parsing CSS source code failed
  11979 |   }
  11980 |   .\[\@media\(hover\:hover\)and\(pointer\:fine\)\]\:block {
> 11981 |     @media (hover:hover)and(pointer:fine) {
        |                         ^
  11982 |       display: block;
  11983 |     }
  11984 |   }

Unexpected token Function("and")

Generated code of PostCSS transform of file content of app/globals.css:
./app/globals.css:11981:25
  11979 |   }
  11980 |   .\[\@media\(hover\:hover\)and\(pointer\:fine\)\]\:block {
> 11981 |     @media (hover:hover)and(pointer:fine) {
        |                         ^
  11982 |       display: block;
  11983 |     }
  11984 |   }

Import trace:
  Client Component Browser:
    ./app/globals.css [Client Component Browser]
    ./app/layout.tsx [Server Component] @ http://localhost:4200/_next/static/chunks/0aus_next_dist_00tg.dm._.js:1945
[    1561ms] [ERROR] ./app/globals.css:11981:25
Parsing CSS source code failed
  11979 |   }
  11980 |   .\[\@media\(hover\:hover\)and\(pointer\:fine\)\]\:block {
> 11981 |     @media (hover:hover)and(pointer:fine) {
        |                         ^
  11982 |       display: block;
  11983 |     }
  11984 |   }

Unexpected token Function("and")

Generated code of PostCSS transform of file content of app/globals.css:
./app/globals.css:11981:25
  11979 |   }
  11980 |   .\[\@media\(hover\:hover\)and\(pointer\:fine\)\]\:block {
> 11981 |     @media (hover:hover)and(pointer:fine) {
        |                         ^
  11982 |       display: block;
  11983 |     }
  11984 |   }

Import trace:
  Client Component Browser:
    ./app/globals.css [Client Component Browser]
    ./app/layout.tsx [Server Component] @ http://localhost:4200/_next/static/chunks/0aus_next_dist_00tg.dm._.js:1945
[    1625ms] [ERROR] ./app/globals.css:11981:25
Parsing CSS source code failed
  11979 |   }
  11980 |   .\[\@media\(hover\:hover\)and\(pointer\:fine\)\]\:block {
> 11981 |     @media (hover:hover)and(pointer:fine) {
        |                         ^
  11982 |       display: block;
  11983 |     }
  11984 |   }

Unexpected token Function("and")

Generated code of PostCSS transform of file content of app/globals.css:
./app/globals.css:11981:25
  11979 |   }
  11980 |   .\[\@media\(hover\:hover\)and\(pointer\:fine\)\]\:block {
> 11981 |     @media (hover:hover)and(pointer:fine) {
        |                         ^
  11982 |       display: block;
  11983 |     }
  11984 |   }

Import trace:
  Client Component Browser:
    ./app/globals.css [Client Component Browser]
    ./app/layout.tsx [Server Component] @ http://localhost:4200/_next/static/chunks/0aus_next_dist_00tg.dm._.js:1945
[    1690ms] [ERROR] ./app/globals.css:11981:25
Parsing CSS source code failed
  11979 |   }
  11980 |   .\[\@media\(hover\:hover\)and\(pointer\:fine\)\]\:block {
> 11981 |     @media (hover:hover)and(pointer:fine) {
        |                         ^
  11982 |       display: block;
  11983 |     }
  11984 |   }

Unexpected token Function("and")

Generated code of PostCSS transform of file content of app/globals.css:
./app/globals.css:11981:25
  11979 |   }
  11980 |   .\[\@media\(hover\:hover\)and\(pointer\:fine\)\]\:block {
> 11981 |     @media (hover:hover)and(pointer:fine) {
        |                         ^
  11982 |       display: block;
  11983 |     }
  11984 |   }

Import trace:
  Client Component Browser:
    ./app/globals.css [Client Component Browser]
    ./app/layout.tsx [Server Component] @ http://localhost:4200/_next/static/chunks/0aus_next_dist_00tg.dm._.js:1945
[    1753ms] [ERROR] ./app/globals.css:11981:25
Parsing CSS source code failed
  11979 |   }
  11980 |   .\[\@media\(hover\:hover\)and\(pointer\:fine\)\]\:block {
> 11981 |     @media (hover:hover)and(pointer:fine) {
        |                         ^
  11982 |       display: block;
  11983 |     }
  11984 |   }

Unexpected token Function("and")

Generated code of PostCSS transform of file content of app/globals.css:
./app/globals.css:11981:25
  11979 |   }
  11980 |   .\[\@media\(hover\:hover\)and\(pointer\:fine\)\]\:block {
> 11981 |     @media (hover:hover)and(pointer:fine) {
        |                         ^
  11982 |       display: block;
  11983 |     }
  11984 |   }

Import trace:
  Client Component Browser:
    ./app/globals.css [Client Component Browser]
    ./app/layout.tsx [Server Component] @ http://localhost:4200/_next/static/chunks/0aus_next_dist_00tg.dm._.js:1945
[    1818ms] [ERROR] ./app/globals.css:11981:25
Parsing CSS source code failed
  11979 |   }
  11980 |   .\[\@media\(hover\:hover\)and\(pointer\:fine\)\]\:block {
> 11981 |     @media (hover:hover)and(pointer:fine) {
        |                         ^
  11982 |       display: block;
  11983 |     }
  11984 |   }

Unexpected token Function("and")

Generated code of PostCSS transform of file content of app/globals.css:
./app/globals.css:11981:25
  11979 |   }
  11980 |   .\[\@media\(hover\:hover\)and\(pointer\:fine\)\]\:block {
> 11981 |     @media (hover:hover)and(pointer:fine) {
        |                         ^
  11982 |       display: block;
  11983 |     }
  11984 |   }

Import trace:
  Client Component Browser:
    ./app/globals.css [Client Component Browser]
    ./app/layout.tsx [Server Component] @ http://localhost:4200/_next/static/chunks/0aus_next_dist_00tg.dm._.js:1945
[    1881ms] [ERROR] ./app/globals.css:11981:25
Parsing CSS source code failed
  11979 |   }
  11980 |   .\[\@media\(hover\:hover\)and\(pointer\:fine\)\]\:block {
> 11981 |     @media (hover:hover)and(pointer:fine) {
        |                         ^
  11982 |       display: block;
  11983 |     }
  11984 |   }

Unexpected token Function("and")

Generated code of PostCSS transform of file content of app/globals.css:
./app/globals.css:11981:25
  11979 |   }
  11980 |   .\[\@media\(hover\:hover\)and\(pointer\:fine\)\]\:block {
> 11981 |     @media (hover:hover)and(pointer:fine) {
        |                         ^
  11982 |       display: block;
  11983 |     }
  11984 |   }

Import trace:
  Client Component Browser:
    ./app/globals.css [Client Component Browser]
    ./app/layout.tsx [Server Component] @ http://localhost:4200/_next/static/chunks/0aus_next_dist_00tg.dm._.js:1945
[    1945ms] [ERROR] ./app/globals.css:11981:25
Parsing CSS source code failed
  11979 |   }
  11980 |   .\[\@media\(hover\:hover\)and\(pointer\:fine\)\]\:block {
> 11981 |     @media (hover:hover)and(pointer:fine) {
        |                         ^
  11982 |       display: block;
  11983 |     }
  11984 |   }

Unexpected token Function("and")

Generated code of PostCSS transform of file content of app/globals.css:
./app/globals.css:11981:25
  11979 |   }
  11980 |   .\[\@media\(hover\:hover\)and\(pointer\:fine\)\]\:block {
> 11981 |     @media (hover:hover)and(pointer:fine) {
        |                         ^
  11982 |       display: block;
  11983 |     }
  11984 |   }

Import trace:
  Client Component Browser:
    ./app/globals.css [Client Component Browser]
    ./app/layout.tsx [Server Component] @ http://localhost:4200/_next/static/chunks/0aus_next_dist_00tg.dm._.js:1945
[    2006ms] [ERROR] ./app/globals.css:11981:25
Parsing CSS source code failed
  11979 |   }
  11980 |   .\[\@media\(hover\:hover\)and\(pointer\:fine\)\]\:block {
> 11981 |     @media (hover:hover)and(pointer:fine) {
        |                         ^
  11982 |       display: block;
  11983 |     }
  11984 |   }

Unexpected token Function("and")

Generated code of PostCSS transform of file content of app/globals.css:
./app/globals.css:11981:25
  11979 |   }
  11980 |   .\[\@media\(hover\:hover\)and\(pointer\:fine\)\]\:block {
> 11981 |     @media (hover:hover)and(pointer:fine) {
        |                         ^
  11982 |       display: block;
  11983 |     }
  11984 |   }

Import trace:
  Client Component Browser:
    ./app/globals.css [Client Component Browser]
    ./app/layout.tsx [Server Component] @ http://localhost:4200/_next/static/chunks/0aus_next_dist_00tg.dm._.js:1945
[    2069ms] [ERROR] ./app/globals.css:11981:25
Parsing CSS source code failed
  11979 |   }
  11980 |   .\[\@media\(hover\:hover\)and\(pointer\:fine\)\]\:block {
> 11981 |     @media (hover:hover)and(pointer:fine) {
        |                         ^
  11982 |       display: block;
  11983 |     }
  11984 |   }

Unexpected token Function("and")

Generated code of PostCSS transform of file content of app/globals.css:
./app/globals.css:11981:25
  11979 |   }
  11980 |   .\[\@media\(hover\:hover\)and\(pointer\:fine\)\]\:block {
> 11981 |     @media (hover:hover)and(pointer:fine) {
        |                         ^
  11982 |       display: block;
  11983 |     }
  11984 |   }

Import trace:
  Client Component Browser:
    ./app/globals.css [Client Component Browser]
    ./app/layout.tsx [Server Component] @ http://localhost:4200/_next/static/chunks/0aus_next_dist_00tg.dm._.js:1945
[    2132ms] [ERROR] ./app/globals.css:11981:25
Parsing CSS source code failed
  11979 |   }
  11980 |   .\[\@media\(hover\:hover\)and\(pointer\:fine\)\]\:block {
> 11981 |     @media (hover:hover)and(pointer:fine) {
        |                         ^
  11982 |       display: block;
  11983 |     }
  11984 |   }

Unexpected token Function("and")

Generated code of PostCSS transform of file content of app/globals.css:
./app/globals.css:11981:25
  11979 |   }
  11980 |   .\[\@media\(hover\:hover\)and\(pointer\:fine\)\]\:block {
> 11981 |     @media (hover:hover)and(pointer:fine) {
        |                         ^
  11982 |       display: block;
  11983 |     }
  11984 |   }

Import trace:
  Client Component Browser:
    ./app/globals.css [Client Component Browser]
    ./app/layout.tsx [Server Component] @ http://localhost:4200/_next/static/chunks/0aus_next_dist_00tg.dm._.js:1945
[    2196ms] [ERROR] ./app/globals.css:11981:25
Parsing CSS source code failed
  11979 |   }
  11980 |   .\[\@media\(hover\:hover\)and\(pointer\:fine\)\]\:block {
> 11981 |     @media (hover:hover)and(pointer:fine) {
        |                         ^
  11982 |       display: block;
  11983 |     }
  11984 |   }

Unexpected token Function("and")

Generated code of PostCSS transform of file content of app/globals.css:
./app/globals.css:11981:25
  11979 |   }
  11980 |   .\[\@media\(hover\:hover\)and\(pointer\:fine\)\]\:block {
> 11981 |     @media (hover:hover)and(pointer:fine) {
        |                         ^
  11982 |       display: block;
  11983 |     }
  11984 |   }

Import trace:
  Client Component Browser:
    ./app/globals.css [Client Component Browser]
    ./app/layout.tsx [Server Component] @ http://localhost:4200/_next/static/chunks/0aus_next_dist_00tg.dm._.js:1945
[    2259ms] [ERROR] ./app/globals.css:11981:25
Parsing CSS source code failed
  11979 |   }
  11980 |   .\[\@media\(hover\:hover\)and\(pointer\:fine\)\]\:block {
> 11981 |     @media (hover:hover)and(pointer:fine) {
        |                         ^
  11982 |       display: block;
  11983 |     }
  11984 |   }

Unexpected token Function("and")

Generated code of PostCSS transform of file content of app/globals.css:
./app/globals.css:11981:25
  11979 |   }
  11980 |   .\[\@media\(hover\:hover\)and\(pointer\:fine\)\]\:block {
> 11981 |     @media (hover:hover)and(pointer:fine) {
        |                         ^
  11982 |       display: block;
  11983 |     }
  11984 |   }

Import trace:
  Client Component Browser:
    ./app/globals.css [Client Component Browser]
    ./app/layout.tsx [Server Component] @ http://localhost:4200/_next/static/chunks/0aus_next_dist_00tg.dm._.js:1945
[    2324ms] [ERROR] ./app/globals.css:11981:25
Parsing CSS source code failed
  11979 |   }
  11980 |   .\[\@media\(hover\:hover\)and\(pointer\:fine\)\]\:block {
> 11981 |     @media (hover:hover)and(pointer:fine) {
        |                         ^
  11982 |       display: block;
  11983 |     }
  11984 |   }

Unexpected token Function("and")

Generated code of PostCSS transform of file content of app/globals.css:
./app/globals.css:11981:25
  11979 |   }
  11980 |   .\[\@media\(hover\:hover\)and\(pointer\:fine\)\]\:block {
> 11981 |     @media (hover:hover)and(pointer:fine) {
        |                         ^
  11982 |       display: block;
  11983 |     }
  11984 |   }

Import trace:
  Client Component Browser:
    ./app/globals.css [Client Component Browser]
    ./app/layout.tsx [Server Component] @ http://localhost:4200/_next/static/chunks/0aus_next_dist_00tg.dm._.js:1945
[    2388ms] [ERROR] ./app/globals.css:11981:25
Parsing CSS source code failed
  11979 |   }
  11980 |   .\[\@media\(hover\:hover\)and\(pointer\:fine\)\]\:block {
> 11981 |     @media (hover:hover)and(pointer:fine) {
        |                         ^
  11982 |       display: block;
  11983 |     }
  11984 |   }

Unexpected token Function("and")

Generated code of PostCSS transform of file content of app/globals.css:
./app/globals.css:11981:25
  11979 |   }
  11980 |   .\[\@media\(hover\:hover\)and\(pointer\:fine\)\]\:block {
> 11981 |     @media (hover:hover)and(pointer:fine) {
        |                         ^
  11982 |       display: block;
  11983 |     }
  11984 |   }

Import trace:
  Client Component Browser:
    ./app/globals.css [Client Component Browser]
    ./app/layout.tsx [Server Component] @ http://localhost:4200/_next/static/chunks/0aus_next_dist_00tg.dm._.js:1945
[    2452ms] [ERROR] ./app/globals.css:11981:25
Parsing CSS source code failed
  11979 |   }
  11980 |   .\[\@media\(hover\:hover\)and\(pointer\:fine\)\]\:block {
> 11981 |     @media (hover:hover)and(pointer:fine) {
        |                         ^
  11982 |       display: block;
  11983 |     }
  11984 |   }

Unexpected token Function("and")

Generated code of PostCSS transform of file content of app/globals.css:
./app/globals.css:11981:25
  11979 |   }
  11980 |   .\[\@media\(hover\:hover\)and\(pointer\:fine\)\]\:block {
> 11981 |     @media (hover:hover)and(pointer:fine) {
        |                         ^
  11982 |       display: block;
  11983 |     }
  11984 |   }

Import trace:
  Client Component Browser:
    ./app/globals.css [Client Component Browser]
    ./app/layout.tsx [Server Component] @ http://localhost:4200/_next/static/chunks/0aus_next_dist_00tg.dm._.js:1945
[    2517ms] [ERROR] ./app/globals.css:11981:25
Parsing CSS source code failed
  11979 |   }
  11980 |   .\[\@media\(hover\:hover\)and\(pointer\:fine\)\]\:block {
> 11981 |     @media (hover:hover)and(pointer:fine) {
        |                         ^
  11982 |       display: block;
  11983 |     }
  11984 |   }

Unexpected token Function("and")

Generated code of PostCSS transform of file content of app/globals.css:
./app/globals.css:11981:25
  11979 |   }
  11980 |   .\[\@media\(hover\:hover\)and\(pointer\:fine\)\]\:block {
> 11981 |     @media (hover:hover)and(pointer:fine) {
        |                         ^
  11982 |       display: block;
  11983 |     }
  11984 |   }

Import trace:
  Client Component Browser:
    ./app/globals.css [Client Component Browser]
    ./app/layout.tsx [Server Component] @ http://localhost:4200/_next/static/chunks/0aus_next_dist_00tg.dm._.js:1945
[    2580ms] [ERROR] ./app/globals.css:11981:25
Parsing CSS source code failed
  11979 |   }
  11980 |   .\[\@media\(hover\:hover\)and\(pointer\:fine\)\]\:block {
> 11981 |     @media (hover:hover)and(pointer:fine) {
        |                         ^
  11982 |       display: block;
  11983 |     }
  11984 |   }

Unexpected token Function("and")

Generated code of PostCSS transform of file content of app/globals.css:
./app/globals.css:11981:25
  11979 |   }
  11980 |   .\[\@media\(hover\:hover\)and\(pointer\:fine\)\]\:block {
> 11981 |     @media (hover:hover)and(pointer:fine) {
        |                         ^
  11982 |       display: block;
  11983 |     }
  11984 |   }

Import trace:
  Client Component Browser:
    ./app/globals.css [Client Component Browser]
    ./app/layout.tsx [Server Component] @ http://localhost:4200/_next/static/chunks/0aus_next_dist_00tg.dm._.js:1945
[    2643ms] [ERROR] ./app/globals.css:11981:25
Parsing CSS source code failed
  11979 |   }
  11980 |   .\[\@media\(hover\:hover\)and\(pointer\:fine\)\]\:block {
> 11981 |     @media (hover:hover)and(pointer:fine) {
        |                         ^
  11982 |       display: block;
  11983 |     }
  11984 |   }

Unexpected token Function("and")

Generated code of PostCSS transform of file content of app/globals.css:
./app/globals.css:11981:25
  11979 |   }
  11980 |   .\[\@media\(hover\:hover\)and\(pointer\:fine\)\]\:block {
> 11981 |     @media (hover:hover)and(pointer:fine) {
        |                         ^
  11982 |       display: block;
  11983 |     }
  11984 |   }

Import trace:
  Client Component Browser:
    ./app/globals.css [Client Component Browser]
    ./app/layout.tsx [Server Component] @ http://localhost:4200/_next/static/chunks/0aus_next_dist_00tg.dm._.js:1945
[    2706ms] [ERROR] ./app/globals.css:11981:25
Parsing CSS source code failed
  11979 |   }
  11980 |   .\[\@media\(hover\:hover\)and\(pointer\:fine\)\]\:block {
> 11981 |     @media (hover:hover)and(pointer:fine) {
        |                         ^
  11982 |       display: block;
  11983 |     }
  11984 |   }

Unexpected token Function("and")

Generated code of PostCSS transform of file content of app/globals.css:
./app/globals.css:11981:25
  11979 |   }
  11980 |   .\[\@media\(hover\:hover\)and\(pointer\:fine\)\]\:block {
> 11981 |     @media (hover:hover)and(pointer:fine) {
        |                         ^
  11982 |       display: block;
  11983 |     }
  11984 |   }

Import trace:
  Client Component Browser:
    ./app/globals.css [Client Component Browser]
    ./app/layout.tsx [Server Component] @ http://localhost:4200/_next/static/chunks/0aus_next_dist_00tg.dm._.js:1945
[    2771ms] [ERROR] ./app/globals.css:11981:25
Parsing CSS source code failed
  11979 |   }
  11980 |   .\[\@media\(hover\:hover\)and\(pointer\:fine\)\]\:block {
> 11981 |     @media (hover:hover)and(pointer:fine) {
        |                         ^
  11982 |       display: block;
  11983 |     }
  11984 |   }

Unexpected token Function("and")

Generated code of PostCSS transform of file content of app/globals.css:
./app/globals.css:11981:25
  11979 |   }
  11980 |   .\[\@media\(hover\:hover\)and\(pointer\:fine\)\]\:block {
> 11981 |     @media (hover:hover)and(pointer:fine) {
        |                         ^
  11982 |       display: block;
  11983 |     }
  11984 |   }

Import trace:
  Client Component Browser:
    ./app/globals.css [Client Component Browser]
    ./app/layout.tsx [Server Component] @ http://localhost:4200/_next/static/chunks/0aus_next_dist_00tg.dm._.js:1945
[    2833ms] [ERROR] ./app/globals.css:11981:25
Parsing CSS source code failed
  11979 |   }
  11980 |   .\[\@media\(hover\:hover\)and\(pointer\:fine\)\]\:block {
> 11981 |     @media (hover:hover)and(pointer:fine) {
        |                         ^
  11982 |       display: block;
  11983 |     }
  11984 |   }

Unexpected token Function("and")

Generated code of PostCSS transform of file content of app/globals.css:
./app/globals.css:11981:25
  11979 |   }
  11980 |   .\[\@media\(hover\:hover\)and\(pointer\:fine\)\]\:block {
> 11981 |     @media (hover:hover)and(pointer:fine) {
        |                         ^
  11982 |       display: block;
  11983 |     }
  11984 |   }

Import trace:
  Client Component Browser:
    ./app/globals.css [Client Component Browser]
    ./app/layout.tsx [Server Component] @ http://localhost:4200/_next/static/chunks/0aus_next_dist_00tg.dm._.js:1945
[    2894ms] [ERROR] ./app/globals.css:11981:25
Parsing CSS source code failed
  11979 |   }
  11980 |   .\[\@media\(hover\:hover\)and\(pointer\:fine\)\]\:block {
> 11981 |     @media (hover:hover)and(pointer:fine) {
        |                         ^
  11982 |       display: block;
  11983 |     }
  11984 |   }

Unexpected token Function("and")

Generated code of PostCSS transform of file content of app/globals.css:
./app/globals.css:11981:25
  11979 |   }
  11980 |   .\[\@media\(hover\:hover\)and\(pointer\:fine\)\]\:block {
> 11981 |     @media (hover:hover)and(pointer:fine) {
        |                         ^
  11982 |       display: block;
  11983 |     }
  11984 |   }

Import trace:
  Client Component Browser:
    ./app/globals.css [Client Component Browser]
    ./app/layout.tsx [Server Component] @ http://localhost:4200/_next/static/chunks/0aus_next_dist_00tg.dm._.js:1945
[    2963ms] [ERROR] ./app/globals.css:11981:25
Parsing CSS source code failed
  11979 |   }
  11980 |   .\[\@media\(hover\:hover\)and\(pointer\:fine\)\]\:block {
> 11981 |     @media (hover:hover)and(pointer:fine) {
        |                         ^
  11982 |       display: block;
  11983 |     }
  11984 |   }

Unexpected token Function("and")

Generated code of PostCSS transform of file content of app/globals.css:
./app/globals.css:11981:25
  11979 |   }
  11980 |   .\[\@media\(hover\:hover\)and\(pointer\:fine\)\]\:block {
> 11981 |     @media (hover:hover)and(pointer:fine) {
        |                         ^
  11982 |       display: block;
  11983 |     }
  11984 |   }

Import trace:
  Client Component Browser:
    ./app/globals.css [Client Component Browser]
    ./app/layout.tsx [Server Component] @ http://localhost:4200/_next/static/chunks/0aus_next_dist_00tg.dm._.js:1945
[    3024ms] [ERROR] ./app/globals.css:11981:25
Parsing CSS source code failed
  11979 |   }
  11980 |   .\[\@media\(hover\:hover\)and\(pointer\:fine\)\]\:block {
> 11981 |     @media (hover:hover)and(pointer:fine) {
        |                         ^
  11982 |       display: block;
  11983 |     }
  11984 |   }

Unexpected token Function("and")

Generated code of PostCSS transform of file content of app/globals.css:
./app/globals.css:11981:25
  11979 |   }
  11980 |   .\[\@media\(hover\:hover\)and\(pointer\:fine\)\]\:block {
> 11981 |     @media (hover:hover)and(pointer:fine) {
        |                         ^
  11982 |       display: block;
  11983 |     }
  11984 |   }

Import trace:
  Client Component Browser:
    ./app/globals.css [Client Component Browser]
    ./app/layout.tsx [Server Component] @ http://localhost:4200/_next/static/chunks/0aus_next_dist_00tg.dm._.js:1945
[    3086ms] [ERROR] ./app/globals.css:11981:25
Parsing CSS source code failed
  11979 |   }
  11980 |   .\[\@media\(hover\:hover\)and\(pointer\:fine\)\]\:block {
> 11981 |     @media (hover:hover)and(pointer:fine) {
        |                         ^
  11982 |       display: block;
  11983 |     }
  11984 |   }

Unexpected token Function("and")

Generated code of PostCSS transform of file content of app/globals.css:
./app/globals.css:11981:25
  11979 |   }
  11980 |   .\[\@media\(hover\:hover\)and\(pointer\:fine\)\]\:block {
> 11981 |     @media (hover:hover)and(pointer:fine) {
        |                         ^
  11982 |       display: block;
  11983 |     }
  11984 |   }

Import trace:
  Client Component Browser:
    ./app/globals.css [Client Component Browser]
    ./app/layout.tsx [Server Component] @ http://localhost:4200/_next/static/chunks/0aus_next_dist_00tg.dm._.js:1945
[    3147ms] [ERROR] ./app/globals.css:11981:25
Parsing CSS source code failed
  11979 |   }
  11980 |   .\[\@media\(hover\:hover\)and\(pointer\:fine\)\]\:block {
> 11981 |     @media (hover:hover)and(pointer:fine) {
        |                         ^
  11982 |       display: block;
  11983 |     }
  11984 |   }

Unexpected token Function("and")

Generated code of PostCSS transform of file content of app/globals.css:
./app/globals.css:11981:25
  11979 |   }
  11980 |   .\[\@media\(hover\:hover\)and\(pointer\:fine\)\]\:block {
> 11981 |     @media (hover:hover)and(pointer:fine) {
        |                         ^
  11982 |       display: block;
  11983 |     }
  11984 |   }

Import trace:
  Client Component Browser:
    ./app/globals.css [Client Component Browser]
    ./app/layout.tsx [Server Component] @ http://localhost:4200/_next/static/chunks/0aus_next_dist_00tg.dm._.js:1945
[    3211ms] [ERROR] ./app/globals.css:11981:25
Parsing CSS source code failed
  11979 |   }
  11980 |   .\[\@media\(hover\:hover\)and\(pointer\:fine\)\]\:block {
> 11981 |     @media (hover:hover)and(pointer:fine) {
        |                         ^
  11982 |       display: block;
  11983 |     }
  11984 |   }

Unexpected token Function("and")

Generated code of PostCSS transform of file content of app/globals.css:
./app/globals.css:11981:25
  11979 |   }
  11980 |   .\[\@media\(hover\:hover\)and\(pointer\:fine\)\]\:block {
> 11981 |     @media (hover:hover)and(pointer:fine) {
        |                         ^
  11982 |       display: block;
  11983 |     }
  11984 |   }

Import trace:
  Client Component Browser:
    ./app/globals.css [Client Component Browser]
    ./app/layout.tsx [Server Component] @ http://localhost:4200/_next/static/chunks/0aus_next_dist_00tg.dm._.js:1945
[    3270ms] [ERROR] ./app/globals.css:11981:25
Parsing CSS source code failed
  11979 |   }
  11980 |   .\[\@media\(hover\:hover\)and\(pointer\:fine\)\]\:block {
> 11981 |     @media (hover:hover)and(pointer:fine) {
        |                         ^
  11982 |       display: block;
  11983 |     }
  11984 |   }

Unexpected token Function("and")

Generated code of PostCSS transform of file content of app/globals.css:
./app/globals.css:11981:25
  11979 |   }
  11980 |   .\[\@media\(hover\:hover\)and\(pointer\:fine\)\]\:block {
> 11981 |     @media (hover:hover)and(pointer:fine) {
        |                         ^
  11982 |       display: block;
  11983 |     }
  11984 |   }

Import trace:
  Client Component Browser:
    ./app/globals.css [Client Component Browser]
    ./app/layout.tsx [Server Component] @ http://localhost:4200/_next/static/chunks/0aus_next_dist_00tg.dm._.js:1945
[    3330ms] [ERROR] ./app/globals.css:11981:25
Parsing CSS source code failed
  11979 |   }
  11980 |   .\[\@media\(hover\:hover\)and\(pointer\:fine\)\]\:block {
> 11981 |     @media (hover:hover)and(pointer:fine) {
        |                         ^
  11982 |       display: block;
  11983 |     }
  11984 |   }

Unexpected token Function("and")

Generated code of PostCSS transform of file content of app/globals.css:
./app/globals.css:11981:25
  11979 |   }
  11980 |   .\[\@media\(hover\:hover\)and\(pointer\:fine\)\]\:block {
> 11981 |     @media (hover:hover)and(pointer:fine) {
        |                         ^
  11982 |       display: block;
  11983 |     }
  11984 |   }

Import trace:
  Client Component Browser:
    ./app/globals.css [Client Component Browser]
    ./app/layout.tsx [Server Component] @ http://localhost:4200/_next/static/chunks/0aus_next_dist_00tg.dm._.js:1945
[    3391ms] [ERROR] ./app/globals.css:11981:25
Parsing CSS source code failed
  11979 |   }
  11980 |   .\[\@media\(hover\:hover\)and\(pointer\:fine\)\]\:block {
> 11981 |     @media (hover:hover)and(pointer:fine) {
        |                         ^
  11982 |       display: block;
  11983 |     }
  11984 |   }

Unexpected token Function("and")

Generated code of PostCSS transform of file content of app/globals.css:
./app/globals.css:11981:25
  11979 |   }
  11980 |   .\[\@media\(hover\:hover\)and\(pointer\:fine\)\]\:block {
> 11981 |     @media (hover:hover)and(pointer:fine) {
        |                         ^
  11982 |       display: block;
  11983 |     }
  11984 |   }

Import trace:
  Client Component Browser:
    ./app/globals.css [Client Component Browser]
    ./app/layout.tsx [Server Component] @ http://localhost:4200/_next/static/chunks/0aus_next_dist_00tg.dm._.js:1945
[    3453ms] [ERROR] ./app/globals.css:11981:25
Parsing CSS source code failed
  11979 |   }
  11980 |   .\[\@media\(hover\:hover\)and\(pointer\:fine\)\]\:block {
> 11981 |     @media (hover:hover)and(pointer:fine) {
        |                         ^
  11982 |       display: block;
  11983 |     }
  11984 |   }

Unexpected token Function("and")

Generated code of PostCSS transform of file content of app/globals.css:
./app/globals.css:11981:25
  11979 |   }
  11980 |   .\[\@media\(hover\:hover\)and\(pointer\:fine\)\]\:block {
> 11981 |     @media (hover:hover)and(pointer:fine) {
        |                         ^
  11982 |       display: block;
  11983 |     }
  11984 |   }

Import trace:
  Client Component Browser:
    ./app/globals.css [Client Component Browser]
    ./app/layout.tsx [Server Component] @ http://localhost:4200/_next/static/chunks/0aus_next_dist_00tg.dm._.js:1945
[    3518ms] [ERROR] ./app/globals.css:11981:25
Parsing CSS source code failed
  11979 |   }
  11980 |   .\[\@media\(hover\:hover\)and\(pointer\:fine\)\]\:block {
> 11981 |     @media (hover:hover)and(pointer:fine) {
        |                         ^
  11982 |       display: block;
  11983 |     }
  11984 |   }

Unexpected token Function("and")

Generated code of PostCSS transform of file content of app/globals.css:
./app/globals.css:11981:25
  11979 |   }
  11980 |   .\[\@media\(hover\:hover\)and\(pointer\:fine\)\]\:block {
> 11981 |     @media (hover:hover)and(pointer:fine) {
        |                         ^
  11982 |       display: block;
  11983 |     }
  11984 |   }

Import trace:
  Client Component Browser:
    ./app/globals.css [Client Component Browser]
    ./app/layout.tsx [Server Component] @ http://localhost:4200/_next/static/chunks/0aus_next_dist_00tg.dm._.js:1945
[    3579ms] [ERROR] ./app/globals.css:11981:25
Parsing CSS source code failed
  11979 |   }
  11980 |   .\[\@media\(hover\:hover\)and\(pointer\:fine\)\]\:block {
> 11981 |     @media (hover:hover)and(pointer:fine) {
        |                         ^
  11982 |       display: block;
  11983 |     }
  11984 |   }

Unexpected token Function("and")

Generated code of PostCSS transform of file content of app/globals.css:
./app/globals.css:11981:25
  11979 |   }
  11980 |   .\[\@media\(hover\:hover\)and\(pointer\:fine\)\]\:block {
> 11981 |     @media (hover:hover)and(pointer:fine) {
        |                         ^
  11982 |       display: block;
  11983 |     }
  11984 |   }

Import trace:
  Client Component Browser:
    ./app/globals.css [Client Component Browser]
    ./app/layout.tsx [Server Component] @ http://localhost:4200/_next/static/chunks/0aus_next_dist_00tg.dm._.js:1945
[    3640ms] [ERROR] ./app/globals.css:11981:25
Parsing CSS source code failed
  11979 |   }
  11980 |   .\[\@media\(hover\:hover\)and\(pointer\:fine\)\]\:block {
> 11981 |     @media (hover:hover)and(pointer:fine) {
        |                         ^
  11982 |       display: block;
  11983 |     }
  11984 |   }

Unexpected token Function("and")

Generated code of PostCSS transform of file content of app/globals.css:
./app/globals.css:11981:25
  11979 |   }
  11980 |   .\[\@media\(hover\:hover\)and\(pointer\:fine\)\]\:block {
> 11981 |     @media (hover:hover)and(pointer:fine) {
        |                         ^
  11982 |       display: block;
  11983 |     }
  11984 |   }

Import trace:
  Client Component Browser:
    ./app/globals.css [Client Component Browser]
    ./app/layout.tsx [Server Component] @ http://localhost:4200/_next/static/chunks/0aus_next_dist_00tg.dm._.js:1945
[    3700ms] [ERROR] ./app/globals.css:11981:25
Parsing CSS source code failed
  11979 |   }
  11980 |   .\[\@media\(hover\:hover\)and\(pointer\:fine\)\]\:block {
> 11981 |     @media (hover:hover)and(pointer:fine) {
        |                         ^
  11982 |       display: block;
  11983 |     }
  11984 |   }

Unexpected token Function("and")

Generated code of PostCSS transform of file content of app/globals.css:
./app/globals.css:11981:25
  11979 |   }
  11980 |   .\[\@media\(hover\:hover\)and\(pointer\:fine\)\]\:block {
> 11981 |     @media (hover:hover)and(pointer:fine) {
        |                         ^
  11982 |       display: block;
  11983 |     }
  11984 |   }

Import trace:
  Client Component Browser:
    ./app/globals.css [Client Component Browser]
    ./app/layout.tsx [Server Component] @ http://localhost:4200/_next/static/chunks/0aus_next_dist_00tg.dm._.js:1945
[    3761ms] [ERROR] ./app/globals.css:11981:25
Parsing CSS source code failed
  11979 |   }
  11980 |   .\[\@media\(hover\:hover\)and\(pointer\:fine\)\]\:block {
> 11981 |     @media (hover:hover)and(pointer:fine) {
        |                         ^
  11982 |       display: block;
  11983 |     }
  11984 |   }

Unexpected token Function("and")

Generated code of PostCSS transform of file content of app/globals.css:
./app/globals.css:11981:25
  11979 |   }
  11980 |   .\[\@media\(hover\:hover\)and\(pointer\:fine\)\]\:block {
> 11981 |     @media (hover:hover)and(pointer:fine) {
        |                         ^
  11982 |       display: block;
  11983 |     }
  11984 |   }

Import trace:
  Client Component Browser:
    ./app/globals.css [Client Component Browser]
    ./app/layout.tsx [Server Component] @ http://localhost:4200/_next/static/chunks/0aus_next_dist_00tg.dm._.js:1945
[    3821ms] [ERROR] ./app/globals.css:11981:25
Parsing CSS source code failed
  11979 |   }
  11980 |   .\[\@media\(hover\:hover\)and\(pointer\:fine\)\]\:block {
> 11981 |     @media (hover:hover)and(pointer:fine) {
        |                         ^
  11982 |       display: block;
  11983 |     }
  11984 |   }

Unexpected token Function("and")

Generated code of PostCSS transform of file content of app/globals.css:
./app/globals.css:11981:25
  11979 |   }
  11980 |   .\[\@media\(hover\:hover\)and\(pointer\:fine\)\]\:block {
> 11981 |     @media (hover:hover)and(pointer:fine) {
        |                         ^
  11982 |       display: block;
  11983 |     }
  11984 |   }

Import trace:
  Client Component Browser:
    ./app/globals.css [Client Component Browser]
    ./app/layout.tsx [Server Component] @ http://localhost:4200/_next/static/chunks/0aus_next_dist_00tg.dm._.js:1945
[    3881ms] [ERROR] ./app/globals.css:11981:25
Parsing CSS source code failed
  11979 |   }
  11980 |   .\[\@media\(hover\:hover\)and\(pointer\:fine\)\]\:block {
> 11981 |     @media (hover:hover)and(pointer:fine) {
        |                         ^
  11982 |       display: block;
  11983 |     }
  11984 |   }

Unexpected token Function("and")

Generated code of PostCSS transform of file content of app/globals.css:
./app/globals.css:11981:25
  11979 |   }
  11980 |   .\[\@media\(hover\:hover\)and\(pointer\:fine\)\]\:block {
> 11981 |     @media (hover:hover)and(pointer:fine) {
        |                         ^
  11982 |       display: block;
  11983 |     }
  11984 |   }

Import trace:
  Client Component Browser:
    ./app/globals.css [Client Component Browser]
    ./app/layout.tsx [Server Component] @ http://localhost:4200/_next/static/chunks/0aus_next_dist_00tg.dm._.js:1945
[    3942ms] [ERROR] ./app/globals.css:11981:25
Parsing CSS source code failed
  11979 |   }
  11980 |   .\[\@media\(hover\:hover\)and\(pointer\:fine\)\]\:block {
> 11981 |     @media (hover:hover)and(pointer:fine) {
        |                         ^
  11982 |       display: block;
  11983 |     }
  11984 |   }

Unexpected token Function("and")

Generated code of PostCSS transform of file content of app/globals.css:
./app/globals.css:11981:25
  11979 |   }
  11980 |   .\[\@media\(hover\:hover\)and\(pointer\:fine\)\]\:block {
> 11981 |     @media (hover:hover)and(pointer:fine) {
        |                         ^
  11982 |       display: block;
  11983 |     }
  11984 |   }

Import trace:
  Client Component Browser:
    ./app/globals.css [Client Component Browser]
    ./app/layout.tsx [Server Component] @ http://localhost:4200/_next/static/chunks/0aus_next_dist_00tg.dm._.js:1945
[    4004ms] [ERROR] ./app/globals.css:11981:25
Parsing CSS source code failed
  11979 |   }
  11980 |   .\[\@media\(hover\:hover\)and\(pointer\:fine\)\]\:block {
> 11981 |     @media (hover:hover)and(pointer:fine) {
        |                         ^
  11982 |       display: block;
  11983 |     }
  11984 |   }

Unexpected token Function("and")

Generated code of PostCSS transform of file content of app/globals.css:
./app/globals.css:11981:25
  11979 |   }
  11980 |   .\[\@media\(hover\:hover\)and\(pointer\:fine\)\]\:block {
> 11981 |     @media (hover:hover)and(pointer:fine) {
        |                         ^
  11982 |       display: block;
  11983 |     }
  11984 |   }

Import trace:
  Client Component Browser:
    ./app/globals.css [Client Component Browser]
    ./app/layout.tsx [Server Component] @ http://localhost:4200/_next/static/chunks/0aus_next_dist_00tg.dm._.js:1945
[    4067ms] [ERROR] ./app/globals.css:11981:25
Parsing CSS source code failed
  11979 |   }
  11980 |   .\[\@media\(hover\:hover\)and\(pointer\:fine\)\]\:block {
> 11981 |     @media (hover:hover)and(pointer:fine) {
        |                         ^
  11982 |       display: block;
  11983 |     }
  11984 |   }

Unexpected token Function("and")

Generated code of PostCSS transform of file content of app/globals.css:
./app/globals.css:11981:25
  11979 |   }
  11980 |   .\[\@media\(hover\:hover\)and\(pointer\:fine\)\]\:block {
> 11981 |     @media (hover:hover)and(pointer:fine) {
        |                         ^
  11982 |       display: block;
  11983 |     }
  11984 |   }

Import trace:
  Client Component Browser:
    ./app/globals.css [Client Component Browser]
    ./app/layout.tsx [Server Component] @ http://localhost:4200/_next/static/chunks/0aus_next_dist_00tg.dm._.js:1945
[    4131ms] [ERROR] ./app/globals.css:11981:25
Parsing CSS source code failed
  11979 |   }
  11980 |   .\[\@media\(hover\:hover\)and\(pointer\:fine\)\]\:block {
> 11981 |     @media (hover:hover)and(pointer:fine) {
        |                         ^
  11982 |       display: block;
  11983 |     }
  11984 |   }

Unexpected token Function("and")

Generated code of PostCSS transform of file content of app/globals.css:
./app/globals.css:11981:25
  11979 |   }
  11980 |   .\[\@media\(hover\:hover\)and\(pointer\:fine\)\]\:block {
> 11981 |     @media (hover:hover)and(pointer:fine) {
        |                         ^
  11982 |       display: block;
  11983 |     }
  11984 |   }

Import trace:
  Client Component Browser:
    ./app/globals.css [Client Component Browser]
    ./app/layout.tsx [Server Component] @ http://localhost:4200/_next/static/chunks/0aus_next_dist_00tg.dm._.js:1945
[    4194ms] [ERROR] ./app/globals.css:11981:25
Parsing CSS source code failed
  11979 |   }
  11980 |   .\[\@media\(hover\:hover\)and\(pointer\:fine\)\]\:block {
> 11981 |     @media (hover:hover)and(pointer:fine) {
        |                         ^
  11982 |       display: block;
  11983 |     }
  11984 |   }

Unexpected token Function("and")

Generated code of PostCSS transform of file content of app/globals.css:
./app/globals.css:11981:25
  11979 |   }
  11980 |   .\[\@media\(hover\:hover\)and\(pointer\:fine\)\]\:block {
> 11981 |     @media (hover:hover)and(pointer:fine) {
        |                         ^
  11982 |       display: block;
  11983 |     }
  11984 |   }

Import trace:
  Client Component Browser:
    ./app/globals.css [Client Component Browser]
    ./app/layout.tsx [Server Component] @ http://localhost:4200/_next/static/chunks/0aus_next_dist_00tg.dm._.js:1945
[    4259ms] [ERROR] ./app/globals.css:11981:25
Parsing CSS source code failed
  11979 |   }
  11980 |   .\[\@media\(hover\:hover\)and\(pointer\:fine\)\]\:block {
> 11981 |     @media (hover:hover)and(pointer:fine) {
        |                         ^
  11982 |       display: block;
  11983 |     }
  11984 |   }

Unexpected token Function("and")

Generated code of PostCSS transform of file content of app/globals.css:
./app/globals.css:11981:25
  11979 |   }
  11980 |   .\[\@media\(hover\:hover\)and\(pointer\:fine\)\]\:block {
> 11981 |     @media (hover:hover)and(pointer:fine) {
        |                         ^
  11982 |       display: block;
  11983 |     }
  11984 |   }

Import trace:
  Client Component Browser:
    ./app/globals.css [Client Component Browser]
    ./app/layout.tsx [Server Component] @ http://localhost:4200/_next/static/chunks/0aus_next_dist_00tg.dm._.js:1945
[    4323ms] [ERROR] ./app/globals.css:11981:25
Parsing CSS source code failed
  11979 |   }
  11980 |   .\[\@media\(hover\:hover\)and\(pointer\:fine\)\]\:block {
> 11981 |     @media (hover:hover)and(pointer:fine) {
        |                         ^
  11982 |       display: block;
  11983 |     }
  11984 |   }

Unexpected token Function("and")

Generated code of PostCSS transform of file content of app/globals.css:
./app/globals.css:11981:25
  11979 |   }
  11980 |   .\[\@media\(hover\:hover\)and\(pointer\:fine\)\]\:block {
> 11981 |     @media (hover:hover)and(pointer:fine) {
        |                         ^
  11982 |       display: block;
  11983 |     }
  11984 |   }

Import trace:
  Client Component Browser:
    ./app/globals.css [Client Component Browser]
    ./app/layout.tsx [Server Component] @ http://localhost:4200/_next/static/chunks/0aus_next_dist_00tg.dm._.js:1945
[    4385ms] [ERROR] ./app/globals.css:11981:25
Parsing CSS source code failed
  11979 |   }
  11980 |   .\[\@media\(hover\:hover\)and\(pointer\:fine\)\]\:block {
> 11981 |     @media (hover:hover)and(pointer:fine) {
        |                         ^
  11982 |       display: block;
  11983 |     }
  11984 |   }

Unexpected token Function("and")

Generated code of PostCSS transform of file content of app/globals.css:
./app/globals.css:11981:25
  11979 |   }
  11980 |   .\[\@media\(hover\:hover\)and\(pointer\:fine\)\]\:block {
> 11981 |     @media (hover:hover)and(pointer:fine) {
        |                         ^
  11982 |       display: block;
  11983 |     }
  11984 |   }

Import trace:
  Client Component Browser:
    ./app/globals.css [Client Component Browser]
    ./app/layout.tsx [Server Component] @ http://localhost:4200/_next/static/chunks/0aus_next_dist_00tg.dm._.js:1945
[    4448ms] [ERROR] ./app/globals.css:11981:25
Parsing CSS source code failed
  11979 |   }
  11980 |   .\[\@media\(hover\:hover\)and\(pointer\:fine\)\]\:block {
> 11981 |     @media (hover:hover)and(pointer:fine) {
        |                         ^
  11982 |       display: block;
  11983 |     }
  11984 |   }

Unexpected token Function("and")

Generated code of PostCSS transform of file content of app/globals.css:
./app/globals.css:11981:25
  11979 |   }
  11980 |   .\[\@media\(hover\:hover\)and\(pointer\:fine\)\]\:block {
> 11981 |     @media (hover:hover)and(pointer:fine) {
        |                         ^
  11982 |       display: block;
  11983 |     }
  11984 |   }

Import trace:
  Client Component Browser:
    ./app/globals.css [Client Component Browser]
    ./app/layout.tsx [Server Component] @ http://localhost:4200/_next/static/chunks/0aus_next_dist_00tg.dm._.js:1945
[    4500ms] [ERROR] ./app/globals.css:11981:25
Parsing CSS source code failed
  11979 |   }
  11980 |   .\[\@media\(hover\:hover\)and\(pointer\:fine\)\]\:block {
> 11981 |     @media (hover:hover)and(pointer:fine) {
        |                         ^
  11982 |       display: block;
  11983 |     }
  11984 |   }

Unexpected token Function("and")

Generated code of PostCSS transform of file content of app/globals.css:
./app/globals.css:11981:25
  11979 |   }
  11980 |   .\[\@media\(hover\:hover\)and\(pointer\:fine\)\]\:block {
> 11981 |     @media (hover:hover)and(pointer:fine) {
        |                         ^
  11982 |       display: block;
  11983 |     }
  11984 |   }

Import trace:
  Client Component Browser:
    ./app/globals.css [Client Component Browser]
    ./app/layout.tsx [Server Component] @ http://localhost:4200/_next/static/chunks/0aus_next_dist_00tg.dm._.js:1945
[    4561ms] [ERROR] ./app/globals.css:11981:25
Parsing CSS source code failed
  11979 |   }
  11980 |   .\[\@media\(hover\:hover\)and\(pointer\:fine\)\]\:block {
> 11981 |     @media (hover:hover)and(pointer:fine) {
        |                         ^
  11982 |       display: block;
  11983 |     }
  11984 |   }

Unexpected token Function("and")

Generated code of PostCSS transform of file content of app/globals.css:
./app/globals.css:11981:25
  11979 |   }
  11980 |   .\[\@media\(hover\:hover\)and\(pointer\:fine\)\]\:block {
> 11981 |     @media (hover:hover)and(pointer:fine) {
        |                         ^
  11982 |       display: block;
  11983 |     }
  11984 |   }

Import trace:
  Client Component Browser:
    ./app/globals.css [Client Component Browser]
    ./app/layout.tsx [Server Component] @ http://localhost:4200/_next/static/chunks/0aus_next_dist_00tg.dm._.js:1945
[    4623ms] [ERROR] ./app/globals.css:11981:25
Parsing CSS source code failed
  11979 |   }
  11980 |   .\[\@media\(hover\:hover\)and\(pointer\:fine\)\]\:block {
> 11981 |     @media (hover:hover)and(pointer:fine) {
        |                         ^
  11982 |       display: block;
  11983 |     }
  11984 |   }

Unexpected token Function("and")

Generated code of PostCSS transform of file content of app/globals.css:
./app/globals.css:11981:25
  11979 |   }
  11980 |   .\[\@media\(hover\:hover\)and\(pointer\:fine\)\]\:block {
> 11981 |     @media (hover:hover)and(pointer:fine) {
        |                         ^
  11982 |       display: block;
  11983 |     }
  11984 |   }

Import trace:
  Client Component Browser:
    ./app/globals.css [Client Component Browser]
    ./app/layout.tsx [Server Component] @ http://localhost:4200/_next/static/chunks/0aus_next_dist_00tg.dm._.js:1945
[    4687ms] [ERROR] ./app/globals.css:11981:25
Parsing CSS source code failed
  11979 |   }
  11980 |   .\[\@media\(hover\:hover\)and\(pointer\:fine\)\]\:block {
> 11981 |     @media (hover:hover)and(pointer:fine) {
        |                         ^
  11982 |       display: block;
  11983 |     }
  11984 |   }

Unexpected token Function("and")

Generated code of PostCSS transform of file content of app/globals.css:
./app/globals.css:11981:25
  11979 |   }
  11980 |   .\[\@media\(hover\:hover\)and\(pointer\:fine\)\]\:block {
> 11981 |     @media (hover:hover)and(pointer:fine) {
        |                         ^
  11982 |       display: block;
  11983 |     }
  11984 |   }

Import trace:
  Client Component Browser:
    ./app/globals.css [Client Component Browser]
    ./app/layout.tsx [Server Component] @ http://localhost:4200/_next/static/chunks/0aus_next_dist_00tg.dm._.js:1945
[    4752ms] [ERROR] ./app/globals.css:11981:25
Parsing CSS source code failed
  11979 |   }
  11980 |   .\[\@media\(hover\:hover\)and\(pointer\:fine\)\]\:block {
> 11981 |     @media (hover:hover)and(pointer:fine) {
        |                         ^
  11982 |       display: block;
  11983 |     }
  11984 |   }

Unexpected token Function("and")

Generated code of PostCSS transform of file content of app/globals.css:
./app/globals.css:11981:25
  11979 |   }
  11980 |   .\[\@media\(hover\:hover\)and\(pointer\:fine\)\]\:block {
> 11981 |     @media (hover:hover)and(pointer:fine) {
        |                         ^
  11982 |       display: block;
  11983 |     }
  11984 |   }

Import trace:
  Client Component Browser:
    ./app/globals.css [Client Component Browser]
    ./app/layout.tsx [Server Component] @ http://localhost:4200/_next/static/chunks/0aus_next_dist_00tg.dm._.js:1945
[    4816ms] [ERROR] ./app/globals.css:11981:25
Parsing CSS source code failed
  11979 |   }
  11980 |   .\[\@media\(hover\:hover\)and\(pointer\:fine\)\]\:block {
> 11981 |     @media (hover:hover)and(pointer:fine) {
        |                         ^
  11982 |       display: block;
  11983 |     }
  11984 |   }

Unexpected token Function("and")

Generated code of PostCSS transform of file content of app/globals.css:
./app/globals.css:11981:25
  11979 |   }
  11980 |   .\[\@media\(hover\:hover\)and\(pointer\:fine\)\]\:block {
> 11981 |     @media (hover:hover)and(pointer:fine) {
        |                         ^
  11982 |       display: block;
  11983 |     }
  11984 |   }

Import trace:
  Client Component Browser:
    ./app/globals.css [Client Component Browser]
    ./app/layout.tsx [Server Component] @ http://localhost:4200/_next/static/chunks/0aus_next_dist_00tg.dm._.js:1945
[    4880ms] [ERROR] ./app/globals.css:11981:25
Parsing CSS source code failed
  11979 |   }
  11980 |   .\[\@media\(hover\:hover\)and\(pointer\:fine\)\]\:block {
> 11981 |     @media (hover:hover)and(pointer:fine) {
        |                         ^
  11982 |       display: block;
  11983 |     }
  11984 |   }

Unexpected token Function("and")

Generated code of PostCSS transform of file content of app/globals.css:
./app/globals.css:11981:25
  11979 |   }
  11980 |   .\[\@media\(hover\:hover\)and\(pointer\:fine\)\]\:block {
> 11981 |     @media (hover:hover)and(pointer:fine) {
        |                         ^
  11982 |       display: block;
  11983 |     }
  11984 |   }

Import trace:
  Client Component Browser:
    ./app/globals.css [Client Component Browser]
    ./app/layout.tsx [Server Component] @ http://localhost:4200/_next/static/chunks/0aus_next_dist_00tg.dm._.js:1945
[    4942ms] [ERROR] ./app/globals.css:11981:25
Parsing CSS source code failed
  11979 |   }
  11980 |   .\[\@media\(hover\:hover\)and\(pointer\:fine\)\]\:block {
> 11981 |     @media (hover:hover)and(pointer:fine) {
        |                         ^
  11982 |       display: block;
  11983 |     }
  11984 |   }

Unexpected token Function("and")

Generated code of PostCSS transform of file content of app/globals.css:
./app/globals.css:11981:25
  11979 |   }
  11980 |   .\[\@media\(hover\:hover\)and\(pointer\:fine\)\]\:block {
> 11981 |     @media (hover:hover)and(pointer:fine) {
        |                         ^
  11982 |       display: block;
  11983 |     }
  11984 |   }

Import trace:
  Client Component Browser:
    ./app/globals.css [Client Component Browser]
    ./app/layout.tsx [Server Component] @ http://localhost:4200/_next/static/chunks/0aus_next_dist_00tg.dm._.js:1945
[    5005ms] [ERROR] ./app/globals.css:11981:25
Parsing CSS source code failed
  11979 |   }
  11980 |   .\[\@media\(hover\:hover\)and\(pointer\:fine\)\]\:block {
> 11981 |     @media (hover:hover)and(pointer:fine) {
        |                         ^
  11982 |       display: block;
  11983 |     }
  11984 |   }

Unexpected token Function("and")

Generated code of PostCSS transform of file content of app/globals.css:
./app/globals.css:11981:25
  11979 |   }
  11980 |   .\[\@media\(hover\:hover\)and\(pointer\:fine\)\]\:block {
> 11981 |     @media (hover:hover)and(pointer:fine) {
        |                         ^
  11982 |       display: block;
  11983 |     }
  11984 |   }

Import trace:
  Client Component Browser:
    ./app/globals.css [Client Component Browser]
    ./app/layout.tsx [Server Component] @ http://localhost:4200/_next/static/chunks/0aus_next_dist_00tg.dm._.js:1945
[    5067ms] [ERROR] ./app/globals.css:11981:25
Parsing CSS source code failed
  11979 |   }
  11980 |   .\[\@media\(hover\:hover\)and\(pointer\:fine\)\]\:block {
> 11981 |     @media (hover:hover)and(pointer:fine) {
        |                         ^
  11982 |       display: block;
  11983 |     }
  11984 |   }

Unexpected token Function("and")

Generated code of PostCSS transform of file content of app/globals.css:
./app/globals.css:11981:25
  11979 |   }
  11980 |   .\[\@media\(hover\:hover\)and\(pointer\:fine\)\]\:block {
> 11981 |     @media (hover:hover)and(pointer:fine) {
        |                         ^
  11982 |       display: block;
  11983 |     }
  11984 |   }

Import trace:
  Client Component Browser:
    ./app/globals.css [Client Component Browser]
    ./app/layout.tsx [Server Component] @ http://localhost:4200/_next/static/chunks/0aus_next_dist_00tg.dm._.js:1945
[    5130ms] [ERROR] ./app/globals.css:11981:25
Parsing CSS source code failed
  11979 |   }
  11980 |   .\[\@media\(hover\:hover\)and\(pointer\:fine\)\]\:block {
> 11981 |     @media (hover:hover)and(pointer:fine) {
        |                         ^
  11982 |       display: block;
  11983 |     }
  11984 |   }

Unexpected token Function("and")

Generated code of PostCSS transform of file content of app/globals.css:
./app/globals.css:11981:25
  11979 |   }
  11980 |   .\[\@media\(hover\:hover\)and\(pointer\:fine\)\]\:block {
> 11981 |     @media (hover:hover)and(pointer:fine) {
        |                         ^
  11982 |       display: block;
  11983 |     }
  11984 |   }

Import trace:
  Client Component Browser:
    ./app/globals.css [Client Component Browser]
    ./app/layout.tsx [Server Component] @ http://localhost:4200/_next/static/chunks/0aus_next_dist_00tg.dm._.js:1945
[    5193ms] [ERROR] ./app/globals.css:11981:25
Parsing CSS source code failed
  11979 |   }
  11980 |   .\[\@media\(hover\:hover\)and\(pointer\:fine\)\]\:block {
> 11981 |     @media (hover:hover)and(pointer:fine) {
        |                         ^
  11982 |       display: block;
  11983 |     }
  11984 |   }

Unexpected token Function("and")

Generated code of PostCSS transform of file content of app/globals.css:
./app/globals.css:11981:25
  11979 |   }
  11980 |   .\[\@media\(hover\:hover\)and\(pointer\:fine\)\]\:block {
> 11981 |     @media (hover:hover)and(pointer:fine) {
        |                         ^
  11982 |       display: block;
  11983 |     }
  11984 |   }

Import trace:
  Client Component Browser:
    ./app/globals.css [Client Component Browser]
    ./app/layout.tsx [Server Component] @ http://localhost:4200/_next/static/chunks/0aus_next_dist_00tg.dm._.js:1945
[    5258ms] [ERROR] ./app/globals.css:11981:25
Parsing CSS source code failed
  11979 |   }
  11980 |   .\[\@media\(hover\:hover\)and\(pointer\:fine\)\]\:block {
> 11981 |     @media (hover:hover)and(pointer:fine) {
        |                         ^
  11982 |       display: block;
  11983 |     }
  11984 |   }

Unexpected token Function("and")

Generated code of PostCSS transform of file content of app/globals.css:
./app/globals.css:11981:25
  11979 |   }
  11980 |   .\[\@media\(hover\:hover\)and\(pointer\:fine\)\]\:block {
> 11981 |     @media (hover:hover)and(pointer:fine) {
        |                         ^
  11982 |       display: block;
  11983 |     }
  11984 |   }

Import trace:
  Client Component Browser:
    ./app/globals.css [Client Component Browser]
    ./app/layout.tsx [Server Component] @ http://localhost:4200/_next/static/chunks/0aus_next_dist_00tg.dm._.js:1945
[    5320ms] [ERROR] ./app/globals.css:11981:25
Parsing CSS source code failed
  11979 |   }
  11980 |   .\[\@media\(hover\:hover\)and\(pointer\:fine\)\]\:block {
> 11981 |     @media (hover:hover)and(pointer:fine) {
        |                         ^
  11982 |       display: block;
  11983 |     }
  11984 |   }

Unexpected token Function("and")

Generated code of PostCSS transform of file content of app/globals.css:
./app/globals.css:11981:25
  11979 |   }
  11980 |   .\[\@media\(hover\:hover\)and\(pointer\:fine\)\]\:block {
> 11981 |     @media (hover:hover)and(pointer:fine) {
        |                         ^
  11982 |       display: block;
  11983 |     }
  11984 |   }

Import trace:
  Client Component Browser:
    ./app/globals.css [Client Component Browser]
    ./app/layout.tsx [Server Component] @ http://localhost:4200/_next/static/chunks/0aus_next_dist_00tg.dm._.js:1945
[    5383ms] [ERROR] ./app/globals.css:11981:25
Parsing CSS source code failed
  11979 |   }
  11980 |   .\[\@media\(hover\:hover\)and\(pointer\:fine\)\]\:block {
> 11981 |     @media (hover:hover)and(pointer:fine) {
        |                         ^
  11982 |       display: block;
  11983 |     }
  11984 |   }

Unexpected token Function("and")

Generated code of PostCSS transform of file content of app/globals.css:
./app/globals.css:11981:25
  11979 |   }
  11980 |   .\[\@media\(hover\:hover\)and\(pointer\:fine\)\]\:block {
> 11981 |     @media (hover:hover)and(pointer:fine) {
        |                         ^
  11982 |       display: block;
  11983 |     }
  11984 |   }

Import trace:
  Client Component Browser:
    ./app/globals.css [Client Component Browser]
    ./app/layout.tsx [Server Component] @ http://localhost:4200/_next/static/chunks/0aus_next_dist_00tg.dm._.js:1945
[    5445ms] [ERROR] ./app/globals.css:11981:25
Parsing CSS source code failed
  11979 |   }
  11980 |   .\[\@media\(hover\:hover\)and\(pointer\:fine\)\]\:block {
> 11981 |     @media (hover:hover)and(pointer:fine) {
        |                         ^
  11982 |       display: block;
  11983 |     }
  11984 |   }

Unexpected token Function("and")

Generated code of PostCSS transform of file content of app/globals.css:
./app/globals.css:11981:25
  11979 |   }
  11980 |   .\[\@media\(hover\:hover\)and\(pointer\:fine\)\]\:block {
> 11981 |     @media (hover:hover)and(pointer:fine) {
        |                         ^
  11982 |       display: block;
  11983 |     }
  11984 |   }

Import trace:
  Client Component Browser:
    ./app/globals.css [Client Component Browser]
    ./app/layout.tsx [Server Component] @ http://localhost:4200/_next/static/chunks/0aus_next_dist_00tg.dm._.js:1945
[    5516ms] [ERROR] ./app/globals.css:11981:25
Parsing CSS source code failed
  11979 |   }
  11980 |   .\[\@media\(hover\:hover\)and\(pointer\:fine\)\]\:block {
> 11981 |     @media (hover:hover)and(pointer:fine) {
        |                         ^
  11982 |       display: block;
  11983 |     }
  11984 |   }

Unexpected token Function("and")

Generated code of PostCSS transform of file content of app/globals.css:
./app/globals.css:11981:25
  11979 |   }
  11980 |   .\[\@media\(hover\:hover\)and\(pointer\:fine\)\]\:block {
> 11981 |     @media (hover:hover)and(pointer:fine) {
        |                         ^
  11982 |       display: block;
  11983 |     }
  11984 |   }

Import trace:
  Client Component Browser:
    ./app/globals.css [Client Component Browser]
    ./app/layout.tsx [Server Component] @ http://localhost:4200/_next/static/chunks/0aus_next_dist_00tg.dm._.js:1945
[    5577ms] [ERROR] ./app/globals.css:11981:25
Parsing CSS source code failed
  11979 |   }
  11980 |   .\[\@media\(hover\:hover\)and\(pointer\:fine\)\]\:block {
> 11981 |     @media (hover:hover)and(pointer:fine) {
        |                         ^
  11982 |       display: block;
  11983 |     }
  11984 |   }

Unexpected token Function("and")

Generated code of PostCSS transform of file content of app/globals.css:
./app/globals.css:11981:25
  11979 |   }
  11980 |   .\[\@media\(hover\:hover\)and\(pointer\:fine\)\]\:block {
> 11981 |     @media (hover:hover)and(pointer:fine) {
        |                         ^
  11982 |       display: block;
  11983 |     }
  11984 |   }

Import trace:
  Client Component Browser:
    ./app/globals.css [Client Component Browser]
    ./app/layout.tsx [Server Component] @ http://localhost:4200/_next/static/chunks/0aus_next_dist_00tg.dm._.js:1945
[    5638ms] [ERROR] ./app/globals.css:11981:25
Parsing CSS source code failed
  11979 |   }
  11980 |   .\[\@media\(hover\:hover\)and\(pointer\:fine\)\]\:block {
> 11981 |     @media (hover:hover)and(pointer:fine) {
        |                         ^
  11982 |       display: block;
  11983 |     }
  11984 |   }

Unexpected token Function("and")

Generated code of PostCSS transform of file content of app/globals.css:
./app/globals.css:11981:25
  11979 |   }
  11980 |   .\[\@media\(hover\:hover\)and\(pointer\:fine\)\]\:block {
> 11981 |     @media (hover:hover)and(pointer:fine) {
        |                         ^
  11982 |       display: block;
  11983 |     }
  11984 |   }

Import trace:
  Client Component Browser:
    ./app/globals.css [Client Component Browser]
    ./app/layout.tsx [Server Component] @ http://localhost:4200/_next/static/chunks/0aus_next_dist_00tg.dm._.js:1945
[    5699ms] [ERROR] ./app/globals.css:11981:25
Parsing CSS source code failed
  11979 |   }
  11980 |   .\[\@media\(hover\:hover\)and\(pointer\:fine\)\]\:block {
> 11981 |     @media (hover:hover)and(pointer:fine) {
        |                         ^
  11982 |       display: block;
  11983 |     }
  11984 |   }

Unexpected token Function("and")

Generated code of PostCSS transform of file content of app/globals.css:
./app/globals.css:11981:25
  11979 |   }
  11980 |   .\[\@media\(hover\:hover\)and\(pointer\:fine\)\]\:block {
> 11981 |     @media (hover:hover)and(pointer:fine) {
        |                         ^
  11982 |       display: block;
  11983 |     }
  11984 |   }

Import trace:
  Client Component Browser:
    ./app/globals.css [Client Component Browser]
    ./app/layout.tsx [Server Component] @ http://localhost:4200/_next/static/chunks/0aus_next_dist_00tg.dm._.js:1945
[    5761ms] [ERROR] ./app/globals.css:11981:25
Parsing CSS source code failed
  11979 |   }
  11980 |   .\[\@media\(hover\:hover\)and\(pointer\:fine\)\]\:block {
> 11981 |     @media (hover:hover)and(pointer:fine) {
        |                         ^
  11982 |       display: block;
  11983 |     }
  11984 |   }

Unexpected token Function("and")

Generated code of PostCSS transform of file content of app/globals.css:
./app/globals.css:11981:25
  11979 |   }
  11980 |   .\[\@media\(hover\:hover\)and\(pointer\:fine\)\]\:block {
> 11981 |     @media (hover:hover)and(pointer:fine) {
        |                         ^
  11982 |       display: block;
  11983 |     }
  11984 |   }

Import trace:
  Client Component Browser:
    ./app/globals.css [Client Component Browser]
    ./app/layout.tsx [Server Component] @ http://localhost:4200/_next/static/chunks/0aus_next_dist_00tg.dm._.js:1945
[    5822ms] [ERROR] ./app/globals.css:11981:25
Parsing CSS source code failed
  11979 |   }
  11980 |   .\[\@media\(hover\:hover\)and\(pointer\:fine\)\]\:block {
> 11981 |     @media (hover:hover)and(pointer:fine) {
        |                         ^
  11982 |       display: block;
  11983 |     }
  11984 |   }

Unexpected token Function("and")

Generated code of PostCSS transform of file content of app/globals.css:
./app/globals.css:11981:25
  11979 |   }
  11980 |   .\[\@media\(hover\:hover\)and\(pointer\:fine\)\]\:block {
> 11981 |     @media (hover:hover)and(pointer:fine) {
        |                         ^
  11982 |       display: block;
  11983 |     }
  11984 |   }

Import trace:
  Client Component Browser:
    ./app/globals.css [Client Component Browser]
    ./app/layout.tsx [Server Component] @ http://localhost:4200/_next/static/chunks/0aus_next_dist_00tg.dm._.js:1945
[    5885ms] [ERROR] ./app/globals.css:11981:25
Parsing CSS source code failed
  11979 |   }
  11980 |   .\[\@media\(hover\:hover\)and\(pointer\:fine\)\]\:block {
> 11981 |     @media (hover:hover)and(pointer:fine) {
        |                         ^
  11982 |       display: block;
  11983 |     }
  11984 |   }

Unexpected token Function("and")

Generated code of PostCSS transform of file content of app/globals.css:
./app/globals.css:11981:25
  11979 |   }
  11980 |   .\[\@media\(hover\:hover\)and\(pointer\:fine\)\]\:block {
> 11981 |     @media (hover:hover)and(pointer:fine) {
        |                         ^
  11982 |       display: block;
  11983 |     }
  11984 |   }

Import trace:
  Client Component Browser:
    ./app/globals.css [Client Component Browser]
    ./app/layout.tsx [Server Component] @ http://localhost:4200/_next/static/chunks/0aus_next_dist_00tg.dm._.js:1945
[    5976ms] [ERROR] ./app/globals.css:11981:25
Parsing CSS source code failed
  11979 |   }
  11980 |   .\[\@media\(hover\:hover\)and\(pointer\:fine\)\]\:block {
> 11981 |     @media (hover:hover)and(pointer:fine) {
        |                         ^
  11982 |       display: block;
  11983 |     }
  11984 |   }

Unexpected token Function("and")

Generated code of PostCSS transform of file content of app/globals.css:
./app/globals.css:11981:25
  11979 |   }
  11980 |   .\[\@media\(hover\:hover\)and\(pointer\:fine\)\]\:block {
> 11981 |     @media (hover:hover)and(pointer:fine) {
        |                         ^
  11982 |       display: block;
  11983 |     }
  11984 |   }

Import trace:
  Client Component Browser:
    ./app/globals.css [Client Component Browser]
    ./app/layout.tsx [Server Component] @ http://localhost:4200/_next/static/chunks/0aus_next_dist_00tg.dm._.js:1945
[    6065ms] [ERROR] ./app/globals.css:11981:25
Parsing CSS source code failed
  11979 |   }
  11980 |   .\[\@media\(hover\:hover\)and\(pointer\:fine\)\]\:block {
> 11981 |     @media (hover:hover)and(pointer:fine) {
        |                         ^
  11982 |       display: block;
  11983 |     }
  11984 |   }

Unexpected token Function("and")

Generated code of PostCSS transform of file content of app/globals.css:
./app/globals.css:11981:25
  11979 |   }
  11980 |   .\[\@media\(hover\:hover\)and\(pointer\:fine\)\]\:block {
> 11981 |     @media (hover:hover)and(pointer:fine) {
        |                         ^
  11982 |       display: block;
  11983 |     }
  11984 |   }

Import trace:
  Client Component Browser:
    ./app/globals.css [Client Component Browser]
    ./app/layout.tsx [Server Component] @ http://localhost:4200/_next/static/chunks/0aus_next_dist_00tg.dm._.js:1945
[    6123ms] [ERROR] ./app/globals.css:11981:25
Parsing CSS source code failed
  11979 |   }
  11980 |   .\[\@media\(hover\:hover\)and\(pointer\:fine\)\]\:block {
> 11981 |     @media (hover:hover)and(pointer:fine) {
        |                         ^
  11982 |       display: block;
  11983 |     }
  11984 |   }

Unexpected token Function("and")

Generated code of PostCSS transform of file content of app/globals.css:
./app/globals.css:11981:25
  11979 |   }
  11980 |   .\[\@media\(hover\:hover\)and\(pointer\:fine\)\]\:block {
> 11981 |     @media (hover:hover)and(pointer:fine) {
        |                         ^
  11982 |       display: block;
  11983 |     }
  11984 |   }

Import trace:
  Client Component Browser:
    ./app/globals.css [Client Component Browser]
    ./app/layout.tsx [Server Component] @ http://localhost:4200/_next/static/chunks/0aus_next_dist_00tg.dm._.js:1945
[    6184ms] [ERROR] ./app/globals.css:11981:25
Parsing CSS source code failed
  11979 |   }
  11980 |   .\[\@media\(hover\:hover\)and\(pointer\:fine\)\]\:block {
> 11981 |     @media (hover:hover)and(pointer:fine) {
        |                         ^
  11982 |       display: block;
  11983 |     }
  11984 |   }

Unexpected token Function("and")

Generated code of PostCSS transform of file content of app/globals.css:
./app/globals.css:11981:25
  11979 |   }
  11980 |   .\[\@media\(hover\:hover\)and\(pointer\:fine\)\]\:block {
> 11981 |     @media (hover:hover)and(pointer:fine) {
        |                         ^
  11982 |       display: block;
  11983 |     }
  11984 |   }

Import trace:
  Client Component Browser:
    ./app/globals.css [Client Component Browser]
    ./app/layout.tsx [Server Component] @ http://localhost:4200/_next/static/chunks/0aus_next_dist_00tg.dm._.js:1945
[    6248ms] [ERROR] ./app/globals.css:11981:25
Parsing CSS source code failed
  11979 |   }
  11980 |   .\[\@media\(hover\:hover\)and\(pointer\:fine\)\]\:block {
> 11981 |     @media (hover:hover)and(pointer:fine) {
        |                         ^
  11982 |       display: block;
  11983 |     }
  11984 |   }

Unexpected token Function("and")

Generated code of PostCSS transform of file content of app/globals.css:
./app/globals.css:11981:25
  11979 |   }
  11980 |   .\[\@media\(hover\:hover\)and\(pointer\:fine\)\]\:block {
> 11981 |     @media (hover:hover)and(pointer:fine) {
        |                         ^
  11982 |       display: block;
  11983 |     }
  11984 |   }

Import trace:
  Client Component Browser:
    ./app/globals.css [Client Component Browser]
    ./app/layout.tsx [Server Component] @ http://localhost:4200/_next/static/chunks/0aus_next_dist_00tg.dm._.js:1945
[    6311ms] [ERROR] ./app/globals.css:11981:25
Parsing CSS source code failed
  11979 |   }
  11980 |   .\[\@media\(hover\:hover\)and\(pointer\:fine\)\]\:block {
> 11981 |     @media (hover:hover)and(pointer:fine) {
        |                         ^
  11982 |       display: block;
  11983 |     }
  11984 |   }

Unexpected token Function("and")

Generated code of PostCSS transform of file content of app/globals.css:
./app/globals.css:11981:25
  11979 |   }
  11980 |   .\[\@media\(hover\:hover\)and\(pointer\:fine\)\]\:block {
> 11981 |     @media (hover:hover)and(pointer:fine) {
        |                         ^
  11982 |       display: block;
  11983 |     }
  11984 |   }

Import trace:
  Client Component Browser:
    ./app/globals.css [Client Component Browser]
    ./app/layout.tsx [Server Component] @ http://localhost:4200/_next/static/chunks/0aus_next_dist_00tg.dm._.js:1945
[    6373ms] [ERROR] ./app/globals.css:11981:25
Parsing CSS source code failed
  11979 |   }
  11980 |   .\[\@media\(hover\:hover\)and\(pointer\:fine\)\]\:block {
> 11981 |     @media (hover:hover)and(pointer:fine) {
        |                         ^
  11982 |       display: block;
  11983 |     }
  11984 |   }

Unexpected token Function("and")

Generated code of PostCSS transform of file content of app/globals.css:
./app/globals.css:11981:25
  11979 |   }
  11980 |   .\[\@media\(hover\:hover\)and\(pointer\:fine\)\]\:block {
> 11981 |     @media (hover:hover)and(pointer:fine) {
        |                         ^
  11982 |       display: block;
  11983 |     }
  11984 |   }

Import trace:
  Client Component Browser:
    ./app/globals.css [Client Component Browser]
    ./app/layout.tsx [Server Component] @ http://localhost:4200/_next/static/chunks/0aus_next_dist_00tg.dm._.js:1945
[    6438ms] [LOG] [Fast Refresh] rebuilding @ http://localhost:4200/_next/static/chunks/0aus_next_dist_00tg.dm._.js:1226
[    6499ms] [ERROR] ./app/globals.css:11981:25
Parsing CSS source code failed
  11979 |   }
  11980 |   .\[\@media\(hover\:hover\)and\(pointer\:fine\)\]\:block {
> 11981 |     @media (hover:hover)and(pointer:fine) {
        |                         ^
  11982 |       display: block;
  11983 |     }
  11984 |   }

Unexpected token Function("and")

Generated code of PostCSS transform of file content of app/globals.css:
./app/globals.css:11981:25
  11979 |   }
  11980 |   .\[\@media\(hover\:hover\)and\(pointer\:fine\)\]\:block {
> 11981 |     @media (hover:hover)and(pointer:fine) {
        |                         ^
  11982 |       display: block;
  11983 |     }
  11984 |   }

Import trace:
  Client Component Browser:
    ./app/globals.css [Client Component Browser]
    ./app/layout.tsx [Server Component] @ http://localhost:4200/_next/static/chunks/0aus_next_dist_00tg.dm._.js:1945
[    6561ms] [ERROR] ./app/globals.css:11981:25
Parsing CSS source code failed
  11979 |   }
  11980 |   .\[\@media\(hover\:hover\)and\(pointer\:fine\)\]\:block {
> 11981 |     @media (hover:hover)and(pointer:fine) {
        |                         ^
  11982 |       display: block;
  11983 |     }
  11984 |   }

Unexpected token Function("and")

Generated code of PostCSS transform of file content of app/globals.css:
./app/globals.css:11981:25
  11979 |   }
  11980 |   .\[\@media\(hover\:hover\)and\(pointer\:fine\)\]\:block {
> 11981 |     @media (hover:hover)and(pointer:fine) {
        |                         ^
  11982 |       display: block;
  11983 |     }
  11984 |   }

Import trace:
  Client Component Browser:
    ./app/globals.css [Client Component Browser]
    ./app/layout.tsx [Server Component] @ http://localhost:4200/_next/static/chunks/0aus_next_dist_00tg.dm._.js:1945
[    6622ms] [ERROR] ./app/globals.css:11981:25
Parsing CSS source code failed
  11979 |   }
  11980 |   .\[\@media\(hover\:hover\)and\(pointer\:fine\)\]\:block {
> 11981 |     @media (hover:hover)and(pointer:fine) {
        |                         ^
  11982 |       display: block;
  11983 |     }
  11984 |   }

Unexpected token Function("and")

Generated code of PostCSS transform of file content of app/globals.css:
./app/globals.css:11981:25
  11979 |   }
  11980 |   .\[\@media\(hover\:hover\)and\(pointer\:fine\)\]\:block {
> 11981 |     @media (hover:hover)and(pointer:fine) {
        |                         ^
  11982 |       display: block;
  11983 |     }
  11984 |   }

Import trace:
  Client Component Browser:
    ./app/globals.css [Client Component Browser]
    ./app/layout.tsx [Server Component] @ http://localhost:4200/_next/static/chunks/0aus_next_dist_00tg.dm._.js:1945
[    6685ms] [ERROR] ./app/globals.css:11981:25
Parsing CSS source code failed
  11979 |   }
  11980 |   .\[\@media\(hover\:hover\)and\(pointer\:fine\)\]\:block {
> 11981 |     @media (hover:hover)and(pointer:fine) {
        |                         ^
  11982 |       display: block;
  11983 |     }
  11984 |   }

Unexpected token Function("and")

Generated code of PostCSS transform of file content of app/globals.css:
./app/globals.css:11981:25
  11979 |   }
  11980 |   .\[\@media\(hover\:hover\)and\(pointer\:fine\)\]\:block {
> 11981 |     @media (hover:hover)and(pointer:fine) {
        |                         ^
  11982 |       display: block;
  11983 |     }
  11984 |   }

Import trace:
  Client Component Browser:
    ./app/globals.css [Client Component Browser]
    ./app/layout.tsx [Server Component] @ http://localhost:4200/_next/static/chunks/0aus_next_dist_00tg.dm._.js:1945
[    6748ms] [ERROR] ./app/globals.css:11981:25
Parsing CSS source code failed
  11979 |   }
  11980 |   .\[\@media\(hover\:hover\)and\(pointer\:fine\)\]\:block {
> 11981 |     @media (hover:hover)and(pointer:fine) {
        |                         ^
  11982 |       display: block;
  11983 |     }
  11984 |   }

Unexpected token Function("and")

Generated code of PostCSS transform of file content of app/globals.css:
./app/globals.css:11981:25
  11979 |   }
  11980 |   .\[\@media\(hover\:hover\)and\(pointer\:fine\)\]\:block {
> 11981 |     @media (hover:hover)and(pointer:fine) {
        |                         ^
  11982 |       display: block;
  11983 |     }
  11984 |   }

Import trace:
  Client Component Browser:
    ./app/globals.css [Client Component Browser]
    ./app/layout.tsx [Server Component] @ http://localhost:4200/_next/static/chunks/0aus_next_dist_00tg.dm._.js:1945
[    6811ms] [ERROR] ./app/globals.css:11981:25
Parsing CSS source code failed
  11979 |   }
  11980 |   .\[\@media\(hover\:hover\)and\(pointer\:fine\)\]\:block {
> 11981 |     @media (hover:hover)and(pointer:fine) {
        |                         ^
  11982 |       display: block;
  11983 |     }
  11984 |   }

Unexpected token Function("and")

Generated code of PostCSS transform of file content of app/globals.css:
./app/globals.css:11981:25
  11979 |   }
  11980 |   .\[\@media\(hover\:hover\)and\(pointer\:fine\)\]\:block {
> 11981 |     @media (hover:hover)and(pointer:fine) {
        |                         ^
  11982 |       display: block;
  11983 |     }
  11984 |   }

Import trace:
  Client Component Browser:
    ./app/globals.css [Client Component Browser]
    ./app/layout.tsx [Server Component] @ http://localhost:4200/_next/static/chunks/0aus_next_dist_00tg.dm._.js:1945
[    6876ms] [ERROR] ./app/globals.css:11981:25
Parsing CSS source code failed
  11979 |   }
  11980 |   .\[\@media\(hover\:hover\)and\(pointer\:fine\)\]\:block {
> 11981 |     @media (hover:hover)and(pointer:fine) {
        |                         ^
  11982 |       display: block;
  11983 |     }
  11984 |   }

Unexpected token Function("and")

Generated code of PostCSS transform of file content of app/globals.css:
./app/globals.css:11981:25
  11979 |   }
  11980 |   .\[\@media\(hover\:hover\)and\(pointer\:fine\)\]\:block {
> 11981 |     @media (hover:hover)and(pointer:fine) {
        |                         ^
  11982 |       display: block;
  11983 |     }
  11984 |   }

Import trace:
  Client Component Browser:
    ./app/globals.css [Client Component Browser]
    ./app/layout.tsx [Server Component] @ http://localhost:4200/_next/static/chunks/0aus_next_dist_00tg.dm._.js:1945
[    6937ms] [ERROR] ./app/globals.css:11981:25
Parsing CSS source code failed
  11979 |   }
  11980 |   .\[\@media\(hover\:hover\)and\(pointer\:fine\)\]\:block {
> 11981 |     @media (hover:hover)and(pointer:fine) {
        |                         ^
  11982 |       display: block;
  11983 |     }
  11984 |   }

Unexpected token Function("and")

Generated code of PostCSS transform of file content of app/globals.css:
./app/globals.css:11981:25
  11979 |   }
  11980 |   .\[\@media\(hover\:hover\)and\(pointer\:fine\)\]\:block {
> 11981 |     @media (hover:hover)and(pointer:fine) {
        |                         ^
  11982 |       display: block;
  11983 |     }
  11984 |   }

Import trace:
  Client Component Browser:
    ./app/globals.css [Client Component Browser]
    ./app/layout.tsx [Server Component] @ http://localhost:4200/_next/static/chunks/0aus_next_dist_00tg.dm._.js:1945
[    6998ms] [ERROR] ./app/globals.css:11981:25
Parsing CSS source code failed
  11979 |   }
  11980 |   .\[\@media\(hover\:hover\)and\(pointer\:fine\)\]\:block {
> 11981 |     @media (hover:hover)and(pointer:fine) {
        |                         ^
  11982 |       display: block;
  11983 |     }
  11984 |   }

Unexpected token Function("and")

Generated code of PostCSS transform of file content of app/globals.css:
./app/globals.css:11981:25
  11979 |   }
  11980 |   .\[\@media\(hover\:hover\)and\(pointer\:fine\)\]\:block {
> 11981 |     @media (hover:hover)and(pointer:fine) {
        |                         ^
  11982 |       display: block;
  11983 |     }
  11984 |   }

Import trace:
  Client Component Browser:
    ./app/globals.css [Client Component Browser]
    ./app/layout.tsx [Server Component] @ http://localhost:4200/_next/static/chunks/0aus_next_dist_00tg.dm._.js:1945
[    7063ms] [ERROR] ./app/globals.css:11981:25
Parsing CSS source code failed
  11979 |   }
  11980 |   .\[\@media\(hover\:hover\)and\(pointer\:fine\)\]\:block {
> 11981 |     @media (hover:hover)and(pointer:fine) {
        |                         ^
  11982 |       display: block;
  11983 |     }
  11984 |   }

Unexpected token Function("and")

Generated code of PostCSS transform of file content of app/globals.css:
./app/globals.css:11981:25
  11979 |   }
  11980 |   .\[\@media\(hover\:hover\)and\(pointer\:fine\)\]\:block {
> 11981 |     @media (hover:hover)and(pointer:fine) {
        |                         ^
  11982 |       display: block;
  11983 |     }
  11984 |   }

Import trace:
  Client Component Browser:
    ./app/globals.css [Client Component Browser]
    ./app/layout.tsx [Server Component] @ http://localhost:4200/_next/static/chunks/0aus_next_dist_00tg.dm._.js:1945
[    7127ms] [ERROR] ./app/globals.css:11981:25
Parsing CSS source code failed
  11979 |   }
  11980 |   .\[\@media\(hover\:hover\)and\(pointer\:fine\)\]\:block {
> 11981 |     @media (hover:hover)and(pointer:fine) {
        |                         ^
  11982 |       display: block;
  11983 |     }
  11984 |   }

Unexpected token Function("and")

Generated code of PostCSS transform of file content of app/globals.css:
./app/globals.css:11981:25
  11979 |   }
  11980 |   .\[\@media\(hover\:hover\)and\(pointer\:fine\)\]\:block {
> 11981 |     @media (hover:hover)and(pointer:fine) {
        |                         ^
  11982 |       display: block;
  11983 |     }
  11984 |   }

Import trace:
  Client Component Browser:
    ./app/globals.css [Client Component Browser]
    ./app/layout.tsx [Server Component] @ http://localhost:4200/_next/static/chunks/0aus_next_dist_00tg.dm._.js:1945
[    7191ms] [ERROR] ./app/globals.css:11981:25
Parsing CSS source code failed
  11979 |   }
  11980 |   .\[\@media\(hover\:hover\)and\(pointer\:fine\)\]\:block {
> 11981 |     @media (hover:hover)and(pointer:fine) {
        |                         ^
  11982 |       display: block;
  11983 |     }
  11984 |   }

Unexpected token Function("and")

Generated code of PostCSS transform of file content of app/globals.css:
./app/globals.css:11981:25
  11979 |   }
  11980 |   .\[\@media\(hover\:hover\)and\(pointer\:fine\)\]\:block {
> 11981 |     @media (hover:hover)and(pointer:fine) {
        |                         ^
  11982 |       display: block;
  11983 |     }
  11984 |   }

Import trace:
  Client Component Browser:
    ./app/globals.css [Client Component Browser]
    ./app/layout.tsx [Server Component] @ http://localhost:4200/_next/static/chunks/0aus_next_dist_00tg.dm._.js:1945
[    7256ms] [ERROR] ./app/globals.css:11981:25
Parsing CSS source code failed
  11979 |   }
  11980 |   .\[\@media\(hover\:hover\)and\(pointer\:fine\)\]\:block {
> 11981 |     @media (hover:hover)and(pointer:fine) {
        |                         ^
  11982 |       display: block;
  11983 |     }
  11984 |   }

Unexpected token Function("and")

Generated code of PostCSS transform of file content of app/globals.css:
./app/globals.css:11981:25
  11979 |   }
  11980 |   .\[\@media\(hover\:hover\)and\(pointer\:fine\)\]\:block {
> 11981 |     @media (hover:hover)and(pointer:fine) {
        |                         ^
  11982 |       display: block;
  11983 |     }
  11984 |   }

Import trace:
  Client Component Browser:
    ./app/globals.css [Client Component Browser]
    ./app/layout.tsx [Server Component] @ http://localhost:4200/_next/static/chunks/0aus_next_dist_00tg.dm._.js:1945
[    7319ms] [ERROR] ./app/globals.css:11981:25
Parsing CSS source code failed
  11979 |   }
  11980 |   .\[\@media\(hover\:hover\)and\(pointer\:fine\)\]\:block {
> 11981 |     @media (hover:hover)and(pointer:fine) {
        |                         ^
  11982 |       display: block;
  11983 |     }
  11984 |   }

Unexpected token Function("and")

Generated code of PostCSS transform of file content of app/globals.css:
./app/globals.css:11981:25
  11979 |   }
  11980 |   .\[\@media\(hover\:hover\)and\(pointer\:fine\)\]\:block {
> 11981 |     @media (hover:hover)and(pointer:fine) {
        |                         ^
  11982 |       display: block;
  11983 |     }
  11984 |   }

Import trace:
  Client Component Browser:
    ./app/globals.css [Client Component Browser]
    ./app/layout.tsx [Server Component] @ http://localhost:4200/_next/static/chunks/0aus_next_dist_00tg.dm._.js:1945
[    7383ms] [ERROR] ./app/globals.css:11981:25
Parsing CSS source code failed
  11979 |   }
  11980 |   .\[\@media\(hover\:hover\)and\(pointer\:fine\)\]\:block {
> 11981 |     @media (hover:hover)and(pointer:fine) {
        |                         ^
  11982 |       display: block;
  11983 |     }
  11984 |   }

Unexpected token Function("and")

Generated code of PostCSS transform of file content of app/globals.css:
./app/globals.css:11981:25
  11979 |   }
  11980 |   .\[\@media\(hover\:hover\)and\(pointer\:fine\)\]\:block {
> 11981 |     @media (hover:hover)and(pointer:fine) {
        |                         ^
  11982 |       display: block;
  11983 |     }
  11984 |   }

Import trace:
  Client Component Browser:
    ./app/globals.css [Client Component Browser]
    ./app/layout.tsx [Server Component] @ http://localhost:4200/_next/static/chunks/0aus_next_dist_00tg.dm._.js:1945
[    7448ms] [ERROR] ./app/globals.css:11981:25
Parsing CSS source code failed
  11979 |   }
  11980 |   .\[\@media\(hover\:hover\)and\(pointer\:fine\)\]\:block {
> 11981 |     @media (hover:hover)and(pointer:fine) {
        |                         ^
  11982 |       display: block;
  11983 |     }
  11984 |   }

Unexpected token Function("and")

Generated code of PostCSS transform of file content of app/globals.css:
./app/globals.css:11981:25
  11979 |   }
  11980 |   .\[\@media\(hover\:hover\)and\(pointer\:fine\)\]\:block {
> 11981 |     @media (hover:hover)and(pointer:fine) {
        |                         ^
  11982 |       display: block;
  11983 |     }
  11984 |   }

Import trace:
  Client Component Browser:
    ./app/globals.css [Client Component Browser]
    ./app/layout.tsx [Server Component] @ http://localhost:4200/_next/static/chunks/0aus_next_dist_00tg.dm._.js:1945
[    7512ms] [ERROR] ./app/globals.css:11981:25
Parsing CSS source code failed
  11979 |   }
  11980 |   .\[\@media\(hover\:hover\)and\(pointer\:fine\)\]\:block {
> 11981 |     @media (hover:hover)and(pointer:fine) {
        |                         ^
  11982 |       display: block;
  11983 |     }
  11984 |   }

Unexpected token Function("and")

Generated code of PostCSS transform of file content of app/globals.css:
./app/globals.css:11981:25
  11979 |   }
  11980 |   .\[\@media\(hover\:hover\)and\(pointer\:fine\)\]\:block {
> 11981 |     @media (hover:hover)and(pointer:fine) {
        |                         ^
  11982 |       display: block;
  11983 |     }
  11984 |   }

Import trace:
  Client Component Browser:
    ./app/globals.css [Client Component Browser]
    ./app/layout.tsx [Server Component] @ http://localhost:4200/_next/static/chunks/0aus_next_dist_00tg.dm._.js:1945
[    7578ms] [ERROR] ./app/globals.css:11981:25
Parsing CSS source code failed
  11979 |   }
  11980 |   .\[\@media\(hover\:hover\)and\(pointer\:fine\)\]\:block {
> 11981 |     @media (hover:hover)and(pointer:fine) {
        |                         ^
  11982 |       display: block;
  11983 |     }
  11984 |   }

Unexpected token Function("and")

Generated code of PostCSS transform of file content of app/globals.css:
./app/globals.css:11981:25
  11979 |   }
  11980 |   .\[\@media\(hover\:hover\)and\(pointer\:fine\)\]\:block {
> 11981 |     @media (hover:hover)and(pointer:fine) {
        |                         ^
  11982 |       display: block;
  11983 |     }
  11984 |   }

Import trace:
  Client Component Browser:
    ./app/globals.css [Client Component Browser]
    ./app/layout.tsx [Server Component] @ http://localhost:4200/_next/static/chunks/0aus_next_dist_00tg.dm._.js:1945
[    7640ms] [ERROR] ./app/globals.css:11981:25
Parsing CSS source code failed
  11979 |   }
  11980 |   .\[\@media\(hover\:hover\)and\(pointer\:fine\)\]\:block {
> 11981 |     @media (hover:hover)and(pointer:fine) {
        |                         ^
  11982 |       display: block;
  11983 |     }
  11984 |   }

Unexpected token Function("and")

Generated code of PostCSS transform of file content of app/globals.css:
./app/globals.css:11981:25
  11979 |   }
  11980 |   .\[\@media\(hover\:hover\)and\(pointer\:fine\)\]\:block {
> 11981 |     @media (hover:hover)and(pointer:fine) {
        |                         ^
  11982 |       display: block;
  11983 |     }
  11984 |   }

Import trace:
  Client Component Browser:
    ./app/globals.css [Client Component Browser]
    ./app/layout.tsx [Server Component] @ http://localhost:4200/_next/static/chunks/0aus_next_dist_00tg.dm._.js:1945
[    7695ms] [ERROR] ./app/globals.css:11981:25
Parsing CSS source code failed
  11979 |   }
  11980 |   .\[\@media\(hover\:hover\)and\(pointer\:fine\)\]\:block {
> 11981 |     @media (hover:hover)and(pointer:fine) {
        |                         ^
  11982 |       display: block;
  11983 |     }
  11984 |   }

Unexpected token Function("and")

Generated code of PostCSS transform of file content of app/globals.css:
./app/globals.css:11981:25
  11979 |   }
  11980 |   .\[\@media\(hover\:hover\)and\(pointer\:fine\)\]\:block {
> 11981 |     @media (hover:hover)and(pointer:fine) {
        |                         ^
  11982 |       display: block;
  11983 |     }
  11984 |   }

Import trace:
  Client Component Browser:
    ./app/globals.css [Client Component Browser]
    ./app/layout.tsx [Server Component] @ http://localhost:4200/_next/static/chunks/0aus_next_dist_00tg.dm._.js:1945
[    7756ms] [ERROR] ./app/globals.css:11981:25
Parsing CSS source code failed
  11979 |   }
  11980 |   .\[\@media\(hover\:hover\)and\(pointer\:fine\)\]\:block {
> 11981 |     @media (hover:hover)and(pointer:fine) {
        |                         ^
  11982 |       display: block;
  11983 |     }
  11984 |   }

Unexpected token Function("and")

Generated code of PostCSS transform of file content of app/globals.css:
./app/globals.css:11981:25
  11979 |   }
  11980 |   .\[\@media\(hover\:hover\)and\(pointer\:fine\)\]\:block {
> 11981 |     @media (hover:hover)and(pointer:fine) {
        |                         ^
  11982 |       display: block;
  11983 |     }
  11984 |   }

Import trace:
  Client Component Browser:
    ./app/globals.css [Client Component Browser]
    ./app/layout.tsx [Server Component] @ http://localhost:4200/_next/static/chunks/0aus_next_dist_00tg.dm._.js:1945
[    7818ms] [ERROR] ./app/globals.css:11981:25
Parsing CSS source code failed
  11979 |   }
  11980 |   .\[\@media\(hover\:hover\)and\(pointer\:fine\)\]\:block {
> 11981 |     @media (hover:hover)and(pointer:fine) {
        |                         ^
  11982 |       display: block;
  11983 |     }
  11984 |   }

Unexpected token Function("and")

Generated code of PostCSS transform of file content of app/globals.css:
./app/globals.css:11981:25
  11979 |   }
  11980 |   .\[\@media\(hover\:hover\)and\(pointer\:fine\)\]\:block {
> 11981 |     @media (hover:hover)and(pointer:fine) {
        |                         ^
  11982 |       display: block;
  11983 |     }
  11984 |   }

Import trace:
  Client Component Browser:
    ./app/globals.css [Client Component Browser]
    ./app/layout.tsx [Server Component] @ http://localhost:4200/_next/static/chunks/0aus_next_dist_00tg.dm._.js:1945
[    7881ms] [ERROR] ./app/globals.css:11981:25
Parsing CSS source code failed
  11979 |   }
  11980 |   .\[\@media\(hover\:hover\)and\(pointer\:fine\)\]\:block {
> 11981 |     @media (hover:hover)and(pointer:fine) {
        |                         ^
  11982 |       display: block;
  11983 |     }
  11984 |   }

Unexpected token Function("and")

Generated code of PostCSS transform of file content of app/globals.css:
./app/globals.css:11981:25
  11979 |   }
  11980 |   .\[\@media\(hover\:hover\)and\(pointer\:fine\)\]\:block {
> 11981 |     @media (hover:hover)and(pointer:fine) {
        |                         ^
  11982 |       display: block;
  11983 |     }
  11984 |   }

Import trace:
  Client Component Browser:
    ./app/globals.css [Client Component Browser]
    ./app/layout.tsx [Server Component] @ http://localhost:4200/_next/static/chunks/0aus_next_dist_00tg.dm._.js:1945
[    7945ms] [ERROR] ./app/globals.css:11981:25
Parsing CSS source code failed
  11979 |   }
  11980 |   .\[\@media\(hover\:hover\)and\(pointer\:fine\)\]\:block {
> 11981 |     @media (hover:hover)and(pointer:fine) {
        |                         ^
  11982 |       display: block;
  11983 |     }
  11984 |   }

Unexpected token Function("and")

Generated code of PostCSS transform of file content of app/globals.css:
./app/globals.css:11981:25
  11979 |   }
  11980 |   .\[\@media\(hover\:hover\)and\(pointer\:fine\)\]\:block {
> 11981 |     @media (hover:hover)and(pointer:fine) {
        |                         ^
  11982 |       display: block;
  11983 |     }
  11984 |   }

Import trace:
  Client Component Browser:
    ./app/globals.css [Client Component Browser]
    ./app/layout.tsx [Server Component] @ http://localhost:4200/_next/static/chunks/0aus_next_dist_00tg.dm._.js:1945
[    8009ms] [ERROR] ./app/globals.css:11981:25
Parsing CSS source code failed
  11979 |   }
  11980 |   .\[\@media\(hover\:hover\)and\(pointer\:fine\)\]\:block {
> 11981 |     @media (hover:hover)and(pointer:fine) {
        |                         ^
  11982 |       display: block;
  11983 |     }
  11984 |   }

Unexpected token Function("and")

Generated code of PostCSS transform of file content of app/globals.css:
./app/globals.css:11981:25
  11979 |   }
  11980 |   .\[\@media\(hover\:hover\)and\(pointer\:fine\)\]\:block {
> 11981 |     @media (hover:hover)and(pointer:fine) {
        |                         ^
  11982 |       display: block;
  11983 |     }
  11984 |   }

Import trace:
  Client Component Browser:
    ./app/globals.css [Client Component Browser]
    ./app/layout.tsx [Server Component] @ http://localhost:4200/_next/static/chunks/0aus_next_dist_00tg.dm._.js:1945
[    8070ms] [ERROR] ./app/globals.css:11981:25
Parsing CSS source code failed
  11979 |   }
  11980 |   .\[\@media\(hover\:hover\)and\(pointer\:fine\)\]\:block {
> 11981 |     @media (hover:hover)and(pointer:fine) {
        |                         ^
  11982 |       display: block;
  11983 |     }
  11984 |   }

Unexpected token Function("and")

Generated code of PostCSS transform of file content of app/globals.css:
./app/globals.css:11981:25
  11979 |   }
  11980 |   .\[\@media\(hover\:hover\)and\(pointer\:fine\)\]\:block {
> 11981 |     @media (hover:hover)and(pointer:fine) {
        |                         ^
  11982 |       display: block;
  11983 |     }
  11984 |   }

Import trace:
  Client Component Browser:
    ./app/globals.css [Client Component Browser]
    ./app/layout.tsx [Server Component] @ http://localhost:4200/_next/static/chunks/0aus_next_dist_00tg.dm._.js:1945
[    8132ms] [ERROR] ./app/globals.css:11981:25
Parsing CSS source code failed
  11979 |   }
  11980 |   .\[\@media\(hover\:hover\)and\(pointer\:fine\)\]\:block {
> 11981 |     @media (hover:hover)and(pointer:fine) {
        |                         ^
  11982 |       display: block;
  11983 |     }
  11984 |   }

Unexpected token Function("and")

Generated code of PostCSS transform of file content of app/globals.css:
./app/globals.css:11981:25
  11979 |   }
  11980 |   .\[\@media\(hover\:hover\)and\(pointer\:fine\)\]\:block {
> 11981 |     @media (hover:hover)and(pointer:fine) {
        |                         ^
  11982 |       display: block;
  11983 |     }
  11984 |   }

Import trace:
  Client Component Browser:
    ./app/globals.css [Client Component Browser]
    ./app/layout.tsx [Server Component] @ http://localhost:4200/_next/static/chunks/0aus_next_dist_00tg.dm._.js:1945
[    8194ms] [ERROR] ./app/globals.css:11981:25
Parsing CSS source code failed
  11979 |   }
  11980 |   .\[\@media\(hover\:hover\)and\(pointer\:fine\)\]\:block {
> 11981 |     @media (hover:hover)and(pointer:fine) {
        |                         ^
  11982 |       display: block;
  11983 |     }
  11984 |   }

Unexpected token Function("and")

Generated code of PostCSS transform of file content of app/globals.css:
./app/globals.css:11981:25
  11979 |   }
  11980 |   .\[\@media\(hover\:hover\)and\(pointer\:fine\)\]\:block {
> 11981 |     @media (hover:hover)and(pointer:fine) {
        |                         ^
  11982 |       display: block;
  11983 |     }
  11984 |   }

Import trace:
  Client Component Browser:
    ./app/globals.css [Client Component Browser]
    ./app/layout.tsx [Server Component] @ http://localhost:4200/_next/static/chunks/0aus_next_dist_00tg.dm._.js:1945
[    8257ms] [ERROR] ./app/globals.css:11981:25
Parsing CSS source code failed
  11979 |   }
  11980 |   .\[\@media\(hover\:hover\)and\(pointer\:fine\)\]\:block {
> 11981 |     @media (hover:hover)and(pointer:fine) {
        |                         ^
  11982 |       display: block;
  11983 |     }
  11984 |   }

Unexpected token Function("and")

Generated code of PostCSS transform of file content of app/globals.css:
./app/globals.css:11981:25
  11979 |   }
  11980 |   .\[\@media\(hover\:hover\)and\(pointer\:fine\)\]\:block {
> 11981 |     @media (hover:hover)and(pointer:fine) {
        |                         ^
  11982 |       display: block;
  11983 |     }
  11984 |   }

Import trace:
  Client Component Browser:
    ./app/globals.css [Client Component Browser]
    ./app/layout.tsx [Server Component] @ http://localhost:4200/_next/static/chunks/0aus_next_dist_00tg.dm._.js:1945
[    8321ms] [ERROR] ./app/globals.css:11981:25
Parsing CSS source code failed
  11979 |   }
  11980 |   .\[\@media\(hover\:hover\)and\(pointer\:fine\)\]\:block {
> 11981 |     @media (hover:hover)and(pointer:fine) {
        |                         ^
  11982 |       display: block;
  11983 |     }
  11984 |   }

Unexpected token Function("and")

Generated code of PostCSS transform of file content of app/globals.css:
./app/globals.css:11981:25
  11979 |   }
  11980 |   .\[\@media\(hover\:hover\)and\(pointer\:fine\)\]\:block {
> 11981 |     @media (hover:hover)and(pointer:fine) {
        |                         ^
  11982 |       display: block;
  11983 |     }
  11984 |   }

Import trace:
  Client Component Browser:
    ./app/globals.css [Client Component Browser]
    ./app/layout.tsx [Server Component] @ http://localhost:4200/_next/static/chunks/0aus_next_dist_00tg.dm._.js:1945
[    8385ms] [ERROR] ./app/globals.css:11981:25
Parsing CSS source code failed
  11979 |   }
  11980 |   .\[\@media\(hover\:hover\)and\(pointer\:fine\)\]\:block {
> 11981 |     @media (hover:hover)and(pointer:fine) {
        |                         ^
  11982 |       display: block;
  11983 |     }
  11984 |   }

Unexpected token Function("and")

Generated code of PostCSS transform of file content of app/globals.css:
./app/globals.css:11981:25
  11979 |   }
  11980 |   .\[\@media\(hover\:hover\)and\(pointer\:fine\)\]\:block {
> 11981 |     @media (hover:hover)and(pointer:fine) {
        |                         ^
  11982 |       display: block;
  11983 |     }
  11984 |   }

Import trace:
  Client Component Browser:
    ./app/globals.css [Client Component Browser]
    ./app/layout.tsx [Server Component] @ http://localhost:4200/_next/static/chunks/0aus_next_dist_00tg.dm._.js:1945
[    8450ms] [ERROR] ./app/globals.css:11981:25
Parsing CSS source code failed
  11979 |   }
  11980 |   .\[\@media\(hover\:hover\)and\(pointer\:fine\)\]\:block {
> 11981 |     @media (hover:hover)and(pointer:fine) {
        |                         ^
  11982 |       display: block;
  11983 |     }
  11984 |   }

Unexpected token Function("and")

Generated code of PostCSS transform of file content of app/globals.css:
./app/globals.css:11981:25
  11979 |   }
  11980 |   .\[\@media\(hover\:hover\)and\(pointer\:fine\)\]\:block {
> 11981 |     @media (hover:hover)and(pointer:fine) {
        |                         ^
  11982 |       display: block;
  11983 |     }
  11984 |   }

Import trace:
  Client Component Browser:
    ./app/globals.css [Client Component Browser]
    ./app/layout.tsx [Server Component] @ http://localhost:4200/_next/static/chunks/0aus_next_dist_00tg.dm._.js:1945
[    8512ms] [ERROR] ./app/globals.css:11981:25
Parsing CSS source code failed
  11979 |   }
  11980 |   .\[\@media\(hover\:hover\)and\(pointer\:fine\)\]\:block {
> 11981 |     @media (hover:hover)and(pointer:fine) {
        |                         ^
  11982 |       display: block;
  11983 |     }
  11984 |   }

Unexpected token Function("and")

Generated code of PostCSS transform of file content of app/globals.css:
./app/globals.css:11981:25
  11979 |   }
  11980 |   .\[\@media\(hover\:hover\)and\(pointer\:fine\)\]\:block {
> 11981 |     @media (hover:hover)and(pointer:fine) {
        |                         ^
  11982 |       display: block;
  11983 |     }
  11984 |   }

Import trace:
  Client Component Browser:
    ./app/globals.css [Client Component Browser]
    ./app/layout.tsx [Server Component] @ http://localhost:4200/_next/static/chunks/0aus_next_dist_00tg.dm._.js:1945
[    8574ms] [ERROR] ./app/globals.css:11981:25
Parsing CSS source code failed
  11979 |   }
  11980 |   .\[\@media\(hover\:hover\)and\(pointer\:fine\)\]\:block {
> 11981 |     @media (hover:hover)and(pointer:fine) {
        |                         ^
  11982 |       display: block;
  11983 |     }
  11984 |   }

Unexpected token Function("and")

Generated code of PostCSS transform of file content of app/globals.css:
./app/globals.css:11981:25
  11979 |   }
  11980 |   .\[\@media\(hover\:hover\)and\(pointer\:fine\)\]\:block {
> 11981 |     @media (hover:hover)and(pointer:fine) {
        |                         ^
  11982 |       display: block;
  11983 |     }
  11984 |   }

Import trace:
  Client Component Browser:
    ./app/globals.css [Client Component Browser]
    ./app/layout.tsx [Server Component] @ http://localhost:4200/_next/static/chunks/0aus_next_dist_00tg.dm._.js:1945
[    8636ms] [ERROR] ./app/globals.css:11981:25
Parsing CSS source code failed
  11979 |   }
  11980 |   .\[\@media\(hover\:hover\)and\(pointer\:fine\)\]\:block {
> 11981 |     @media (hover:hover)and(pointer:fine) {
        |                         ^
  11982 |       display: block;
  11983 |     }
  11984 |   }

Unexpected token Function("and")

Generated code of PostCSS transform of file content of app/globals.css:
./app/globals.css:11981:25
  11979 |   }
  11980 |   .\[\@media\(hover\:hover\)and\(pointer\:fine\)\]\:block {
> 11981 |     @media (hover:hover)and(pointer:fine) {
        |                         ^
  11982 |       display: block;
  11983 |     }
  11984 |   }

Import trace:
  Client Component Browser:
    ./app/globals.css [Client Component Browser]
    ./app/layout.tsx [Server Component] @ http://localhost:4200/_next/static/chunks/0aus_next_dist_00tg.dm._.js:1945
[    8697ms] [ERROR] ./app/globals.css:11981:25
Parsing CSS source code failed
  11979 |   }
  11980 |   .\[\@media\(hover\:hover\)and\(pointer\:fine\)\]\:block {
> 11981 |     @media (hover:hover)and(pointer:fine) {
        |                         ^
  11982 |       display: block;
  11983 |     }
  11984 |   }

Unexpected token Function("and")

Generated code of PostCSS transform of file content of app/globals.css:
./app/globals.css:11981:25
  11979 |   }
  11980 |   .\[\@media\(hover\:hover\)and\(pointer\:fine\)\]\:block {
> 11981 |     @media (hover:hover)and(pointer:fine) {
        |                         ^
  11982 |       display: block;
  11983 |     }
  11984 |   }

Import trace:
  Client Component Browser:
    ./app/globals.css [Client Component Browser]
    ./app/layout.tsx [Server Component] @ http://localhost:4200/_next/static/chunks/0aus_next_dist_00tg.dm._.js:1945
[    8761ms] [ERROR] ./app/globals.css:11981:25
Parsing CSS source code failed
  11979 |   }
  11980 |   .\[\@media\(hover\:hover\)and\(pointer\:fine\)\]\:block {
> 11981 |     @media (hover:hover)and(pointer:fine) {
        |                         ^
  11982 |       display: block;
  11983 |     }
  11984 |   }

Unexpected token Function("and")

Generated code of PostCSS transform of file content of app/globals.css:
./app/globals.css:11981:25
  11979 |   }
  11980 |   .\[\@media\(hover\:hover\)and\(pointer\:fine\)\]\:block {
> 11981 |     @media (hover:hover)and(pointer:fine) {
        |                         ^
  11982 |       display: block;
  11983 |     }
  11984 |   }

Import trace:
  Client Component Browser:
    ./app/globals.css [Client Component Browser]
    ./app/layout.tsx [Server Component] @ http://localhost:4200/_next/static/chunks/0aus_next_dist_00tg.dm._.js:1945
[    8823ms] [ERROR] ./app/globals.css:11981:25
Parsing CSS source code failed
  11979 |   }
  11980 |   .\[\@media\(hover\:hover\)and\(pointer\:fine\)\]\:block {
> 11981 |     @media (hover:hover)and(pointer:fine) {
        |                         ^
  11982 |       display: block;
  11983 |     }
  11984 |   }

Unexpected token Function("and")

Generated code of PostCSS transform of file content of app/globals.css:
./app/globals.css:11981:25
  11979 |   }
  11980 |   .\[\@media\(hover\:hover\)and\(pointer\:fine\)\]\:block {
> 11981 |     @media (hover:hover)and(pointer:fine) {
        |                         ^
  11982 |       display: block;
  11983 |     }
  11984 |   }

Import trace:
  Client Component Browser:
    ./app/globals.css [Client Component Browser]
    ./app/layout.tsx [Server Component] @ http://localhost:4200/_next/static/chunks/0aus_next_dist_00tg.dm._.js:1945
[    8883ms] [ERROR] ./app/globals.css:11981:25
Parsing CSS source code failed
  11979 |   }
  11980 |   .\[\@media\(hover\:hover\)and\(pointer\:fine\)\]\:block {
> 11981 |     @media (hover:hover)and(pointer:fine) {
        |                         ^
  11982 |       display: block;
  11983 |     }
  11984 |   }

Unexpected token Function("and")

Generated code of PostCSS transform of file content of app/globals.css:
./app/globals.css:11981:25
  11979 |   }
  11980 |   .\[\@media\(hover\:hover\)and\(pointer\:fine\)\]\:block {
> 11981 |     @media (hover:hover)and(pointer:fine) {
        |                         ^
  11982 |       display: block;
  11983 |     }
  11984 |   }

Import trace:
  Client Component Browser:
    ./app/globals.css [Client Component Browser]
    ./app/layout.tsx [Server Component] @ http://localhost:4200/_next/static/chunks/0aus_next_dist_00tg.dm._.js:1945
[    8944ms] [ERROR] ./app/globals.css:11981:25
Parsing CSS source code failed
  11979 |   }
  11980 |   .\[\@media\(hover\:hover\)and\(pointer\:fine\)\]\:block {
> 11981 |     @media (hover:hover)and(pointer:fine) {
        |                         ^
  11982 |       display: block;
  11983 |     }
  11984 |   }

Unexpected token Function("and")

Generated code of PostCSS transform of file content of app/globals.css:
./app/globals.css:11981:25
  11979 |   }
  11980 |   .\[\@media\(hover\:hover\)and\(pointer\:fine\)\]\:block {
> 11981 |     @media (hover:hover)and(pointer:fine) {
        |                         ^
  11982 |       display: block;
  11983 |     }
  11984 |   }

Import trace:
  Client Component Browser:
    ./app/globals.css [Client Component Browser]
    ./app/layout.tsx [Server Component] @ http://localhost:4200/_next/static/chunks/0aus_next_dist_00tg.dm._.js:1945
[    9006ms] [ERROR] ./app/globals.css:11981:25
Parsing CSS source code failed
  11979 |   }
  11980 |   .\[\@media\(hover\:hover\)and\(pointer\:fine\)\]\:block {
> 11981 |     @media (hover:hover)and(pointer:fine) {
        |                         ^
  11982 |       display: block;
  11983 |     }
  11984 |   }

Unexpected token Function("and")

Generated code of PostCSS transform of file content of app/globals.css:
./app/globals.css:11981:25
  11979 |   }
  11980 |   .\[\@media\(hover\:hover\)and\(pointer\:fine\)\]\:block {
> 11981 |     @media (hover:hover)and(pointer:fine) {
        |                         ^
  11982 |       display: block;
  11983 |     }
  11984 |   }

Import trace:
  Client Component Browser:
    ./app/globals.css [Client Component Browser]
    ./app/layout.tsx [Server Component] @ http://localhost:4200/_next/static/chunks/0aus_next_dist_00tg.dm._.js:1945
[    9072ms] [ERROR] ./app/globals.css:11981:25
Parsing CSS source code failed
  11979 |   }
  11980 |   .\[\@media\(hover\:hover\)and\(pointer\:fine\)\]\:block {
> 11981 |     @media (hover:hover)and(pointer:fine) {
        |                         ^
  11982 |       display: block;
  11983 |     }
  11984 |   }

Unexpected token Function("and")

Generated code of PostCSS transform of file content of app/globals.css:
./app/globals.css:11981:25
  11979 |   }
  11980 |   .\[\@media\(hover\:hover\)and\(pointer\:fine\)\]\:block {
> 11981 |     @media (hover:hover)and(pointer:fine) {
        |                         ^
  11982 |       display: block;
  11983 |     }
  11984 |   }

Import trace:
  Client Component Browser:
    ./app/globals.css [Client Component Browser]
    ./app/layout.tsx [Server Component] @ http://localhost:4200/_next/static/chunks/0aus_next_dist_00tg.dm._.js:1945
[    9134ms] [ERROR] ./app/globals.css:11981:25
Parsing CSS source code failed
  11979 |   }
  11980 |   .\[\@media\(hover\:hover\)and\(pointer\:fine\)\]\:block {
> 11981 |     @media (hover:hover)and(pointer:fine) {
        |                         ^
  11982 |       display: block;
  11983 |     }
  11984 |   }

Unexpected token Function("and")

Generated code of PostCSS transform of file content of app/globals.css:
./app/globals.css:11981:25
  11979 |   }
  11980 |   .\[\@media\(hover\:hover\)and\(pointer\:fine\)\]\:block {
> 11981 |     @media (hover:hover)and(pointer:fine) {
        |                         ^
  11982 |       display: block;
  11983 |     }
  11984 |   }

Import trace:
  Client Component Browser:
    ./app/globals.css [Client Component Browser]
    ./app/layout.tsx [Server Component] @ http://localhost:4200/_next/static/chunks/0aus_next_dist_00tg.dm._.js:1945
[    9197ms] [ERROR] ./app/globals.css:11981:25
Parsing CSS source code failed
  11979 |   }
  11980 |   .\[\@media\(hover\:hover\)and\(pointer\:fine\)\]\:block {
> 11981 |     @media (hover:hover)and(pointer:fine) {
        |                         ^
  11982 |       display: block;
  11983 |     }
  11984 |   }

Unexpected token Function("and")

Generated code of PostCSS transform of file content of app/globals.css:
./app/globals.css:11981:25
  11979 |   }
  11980 |   .\[\@media\(hover\:hover\)and\(pointer\:fine\)\]\:block {
> 11981 |     @media (hover:hover)and(pointer:fine) {
        |                         ^
  11982 |       display: block;
  11983 |     }
  11984 |   }

Import trace:
  Client Component Browser:
    ./app/globals.css [Client Component Browser]
    ./app/layout.tsx [Server Component] @ http://localhost:4200/_next/static/chunks/0aus_next_dist_00tg.dm._.js:1945
[    9259ms] [ERROR] ./app/globals.css:11981:25
Parsing CSS source code failed
  11979 |   }
  11980 |   .\[\@media\(hover\:hover\)and\(pointer\:fine\)\]\:block {
> 11981 |     @media (hover:hover)and(pointer:fine) {
        |                         ^
  11982 |       display: block;
  11983 |     }
  11984 |   }

Unexpected token Function("and")

Generated code of PostCSS transform of file content of app/globals.css:
./app/globals.css:11981:25
  11979 |   }
  11980 |   .\[\@media\(hover\:hover\)and\(pointer\:fine\)\]\:block {
> 11981 |     @media (hover:hover)and(pointer:fine) {
        |                         ^
  11982 |       display: block;
  11983 |     }
  11984 |   }

Import trace:
  Client Component Browser:
    ./app/globals.css [Client Component Browser]
    ./app/layout.tsx [Server Component] @ http://localhost:4200/_next/static/chunks/0aus_next_dist_00tg.dm._.js:1945
[    9320ms] [ERROR] ./app/globals.css:11981:25
Parsing CSS source code failed
  11979 |   }
  11980 |   .\[\@media\(hover\:hover\)and\(pointer\:fine\)\]\:block {
> 11981 |     @media (hover:hover)and(pointer:fine) {
        |                         ^
  11982 |       display: block;
  11983 |     }
  11984 |   }

Unexpected token Function("and")

Generated code of PostCSS transform of file content of app/globals.css:
./app/globals.css:11981:25
  11979 |   }
  11980 |   .\[\@media\(hover\:hover\)and\(pointer\:fine\)\]\:block {
> 11981 |     @media (hover:hover)and(pointer:fine) {
        |                         ^
  11982 |       display: block;
  11983 |     }
  11984 |   }

Import trace:
  Client Component Browser:
    ./app/globals.css [Client Component Browser]
    ./app/layout.tsx [Server Component] @ http://localhost:4200/_next/static/chunks/0aus_next_dist_00tg.dm._.js:1945
[    9384ms] [ERROR] ./app/globals.css:11981:25
Parsing CSS source code failed
  11979 |   }
  11980 |   .\[\@media\(hover\:hover\)and\(pointer\:fine\)\]\:block {
> 11981 |     @media (hover:hover)and(pointer:fine) {
        |                         ^
  11982 |       display: block;
  11983 |     }
  11984 |   }

Unexpected token Function("and")

Generated code of PostCSS transform of file content of app/globals.css:
./app/globals.css:11981:25
  11979 |   }
  11980 |   .\[\@media\(hover\:hover\)and\(pointer\:fine\)\]\:block {
> 11981 |     @media (hover:hover)and(pointer:fine) {
        |                         ^
  11982 |       display: block;
  11983 |     }
  11984 |   }

Import trace:
  Client Component Browser:
    ./app/globals.css [Client Component Browser]
    ./app/layout.tsx [Server Component] @ http://localhost:4200/_next/static/chunks/0aus_next_dist_00tg.dm._.js:1945
[    9443ms] [ERROR] ./app/globals.css:11981:25
Parsing CSS source code failed
  11979 |   }
  11980 |   .\[\@media\(hover\:hover\)and\(pointer\:fine\)\]\:block {
> 11981 |     @media (hover:hover)and(pointer:fine) {
        |                         ^
  11982 |       display: block;
  11983 |     }
  11984 |   }

Unexpected token Function("and")

Generated code of PostCSS transform of file content of app/globals.css:
./app/globals.css:11981:25
  11979 |   }
  11980 |   .\[\@media\(hover\:hover\)and\(pointer\:fine\)\]\:block {
> 11981 |     @media (hover:hover)and(pointer:fine) {
        |                         ^
  11982 |       display: block;
  11983 |     }
  11984 |   }

Import trace:
  Client Component Browser:
    ./app/globals.css [Client Component Browser]
    ./app/layout.tsx [Server Component] @ http://localhost:4200/_next/static/chunks/0aus_next_dist_00tg.dm._.js:1945
[    9505ms] [ERROR] ./app/globals.css:11981:25
Parsing CSS source code failed
  11979 |   }
  11980 |   .\[\@media\(hover\:hover\)and\(pointer\:fine\)\]\:block {
> 11981 |     @media (hover:hover)and(pointer:fine) {
        |                         ^
  11982 |       display: block;
  11983 |     }
  11984 |   }

Unexpected token Function("and")

Generated code of PostCSS transform of file content of app/globals.css:
./app/globals.css:11981:25
  11979 |   }
  11980 |   .\[\@media\(hover\:hover\)and\(pointer\:fine\)\]\:block {
> 11981 |     @media (hover:hover)and(pointer:fine) {
        |                         ^
  11982 |       display: block;
  11983 |     }
  11984 |   }

Import trace:
  Client Component Browser:
    ./app/globals.css [Client Component Browser]
    ./app/layout.tsx [Server Component] @ http://localhost:4200/_next/static/chunks/0aus_next_dist_00tg.dm._.js:1945
[    9566ms] [ERROR] ./app/globals.css:11981:25
Parsing CSS source code failed
  11979 |   }
  11980 |   .\[\@media\(hover\:hover\)and\(pointer\:fine\)\]\:block {
> 11981 |     @media (hover:hover)and(pointer:fine) {
        |                         ^
  11982 |       display: block;
  11983 |     }
  11984 |   }

Unexpected token Function("and")

Generated code of PostCSS transform of file content of app/globals.css:
./app/globals.css:11981:25
  11979 |   }
  11980 |   .\[\@media\(hover\:hover\)and\(pointer\:fine\)\]\:block {
> 11981 |     @media (hover:hover)and(pointer:fine) {
        |                         ^
  11982 |       display: block;
  11983 |     }
  11984 |   }

Import trace:
  Client Component Browser:
    ./app/globals.css [Client Component Browser]
    ./app/layout.tsx [Server Component] @ http://localhost:4200/_next/static/chunks/0aus_next_dist_00tg.dm._.js:1945
[    9629ms] [ERROR] ./app/globals.css:11981:25
Parsing CSS source code failed
  11979 |   }
  11980 |   .\[\@media\(hover\:hover\)and\(pointer\:fine\)\]\:block {
> 11981 |     @media (hover:hover)and(pointer:fine) {
        |                         ^
  11982 |       display: block;
  11983 |     }
  11984 |   }

Unexpected token Function("and")

Generated code of PostCSS transform of file content of app/globals.css:
./app/globals.css:11981:25
  11979 |   }
  11980 |   .\[\@media\(hover\:hover\)and\(pointer\:fine\)\]\:block {
> 11981 |     @media (hover:hover)and(pointer:fine) {
        |                         ^
  11982 |       display: block;
  11983 |     }
  11984 |   }

Import trace:
  Client Component Browser:
    ./app/globals.css [Client Component Browser]
    ./app/layout.tsx [Server Component] @ http://localhost:4200/_next/static/chunks/0aus_next_dist_00tg.dm._.js:1945
[    9692ms] [ERROR] ./app/globals.css:11981:25
Parsing CSS source code failed
  11979 |   }
  11980 |   .\[\@media\(hover\:hover\)and\(pointer\:fine\)\]\:block {
> 11981 |     @media (hover:hover)and(pointer:fine) {
        |                         ^
  11982 |       display: block;
  11983 |     }
  11984 |   }

Unexpected token Function("and")

Generated code of PostCSS transform of file content of app/globals.css:
./app/globals.css:11981:25
  11979 |   }
  11980 |   .\[\@media\(hover\:hover\)and\(pointer\:fine\)\]\:block {
> 11981 |     @media (hover:hover)and(pointer:fine) {
        |                         ^
  11982 |       display: block;
  11983 |     }
  11984 |   }

Import trace:
  Client Component Browser:
    ./app/globals.css [Client Component Browser]
    ./app/layout.tsx [Server Component] @ http://localhost:4200/_next/static/chunks/0aus_next_dist_00tg.dm._.js:1945
[    9756ms] [ERROR] ./app/globals.css:11981:25
Parsing CSS source code failed
  11979 |   }
  11980 |   .\[\@media\(hover\:hover\)and\(pointer\:fine\)\]\:block {
> 11981 |     @media (hover:hover)and(pointer:fine) {
        |                         ^
  11982 |       display: block;
  11983 |     }
  11984 |   }

Unexpected token Function("and")

Generated code of PostCSS transform of file content of app/globals.css:
./app/globals.css:11981:25
  11979 |   }
  11980 |   .\[\@media\(hover\:hover\)and\(pointer\:fine\)\]\:block {
> 11981 |     @media (hover:hover)and(pointer:fine) {
        |                         ^
  11982 |       display: block;
  11983 |     }
  11984 |   }

Import trace:
  Client Component Browser:
    ./app/globals.css [Client Component Browser]
    ./app/layout.tsx [Server Component] @ http://localhost:4200/_next/static/chunks/0aus_next_dist_00tg.dm._.js:1945
[    9820ms] [ERROR] ./app/globals.css:11981:25
Parsing CSS source code failed
  11979 |   }
  11980 |   .\[\@media\(hover\:hover\)and\(pointer\:fine\)\]\:block {
> 11981 |     @media (hover:hover)and(pointer:fine) {
        |                         ^
  11982 |       display: block;
  11983 |     }
  11984 |   }

Unexpected token Function("and")

Generated code of PostCSS transform of file content of app/globals.css:
./app/globals.css:11981:25
  11979 |   }
  11980 |   .\[\@media\(hover\:hover\)and\(pointer\:fine\)\]\:block {
> 11981 |     @media (hover:hover)and(pointer:fine) {
        |                         ^
  11982 |       display: block;
  11983 |     }
  11984 |   }

Import trace:
  Client Component Browser:
    ./app/globals.css [Client Component Browser]
    ./app/layout.tsx [Server Component] @ http://localhost:4200/_next/static/chunks/0aus_next_dist_00tg.dm._.js:1945
[    9884ms] [ERROR] ./app/globals.css:11981:25
Parsing CSS source code failed
  11979 |   }
  11980 |   .\[\@media\(hover\:hover\)and\(pointer\:fine\)\]\:block {
> 11981 |     @media (hover:hover)and(pointer:fine) {
        |                         ^
  11982 |       display: block;
  11983 |     }
  11984 |   }

Unexpected token Function("and")

Generated code of PostCSS transform of file content of app/globals.css:
./app/globals.css:11981:25
  11979 |   }
  11980 |   .\[\@media\(hover\:hover\)and\(pointer\:fine\)\]\:block {
> 11981 |     @media (hover:hover)and(pointer:fine) {
        |                         ^
  11982 |       display: block;
  11983 |     }
  11984 |   }

Import trace:
  Client Component Browser:
    ./app/globals.css [Client Component Browser]
    ./app/layout.tsx [Server Component] @ http://localhost:4200/_next/static/chunks/0aus_next_dist_00tg.dm._.js:1945
[    9948ms] [ERROR] ./app/globals.css:11981:25
Parsing CSS source code failed
  11979 |   }
  11980 |   .\[\@media\(hover\:hover\)and\(pointer\:fine\)\]\:block {
> 11981 |     @media (hover:hover)and(pointer:fine) {
        |                         ^
  11982 |       display: block;
  11983 |     }
  11984 |   }

Unexpected token Function("and")

Generated code of PostCSS transform of file content of app/globals.css:
./app/globals.css:11981:25
  11979 |   }
  11980 |   .\[\@media\(hover\:hover\)and\(pointer\:fine\)\]\:block {
> 11981 |     @media (hover:hover)and(pointer:fine) {
        |                         ^
  11982 |       display: block;
  11983 |     }
  11984 |   }

Import trace:
  Client Component Browser:
    ./app/globals.css [Client Component Browser]
    ./app/layout.tsx [Server Component] @ http://localhost:4200/_next/static/chunks/0aus_next_dist_00tg.dm._.js:1945
[   10013ms] [ERROR] ./app/globals.css:11981:25
Parsing CSS source code failed
  11979 |   }
  11980 |   .\[\@media\(hover\:hover\)and\(pointer\:fine\)\]\:block {
> 11981 |     @media (hover:hover)and(pointer:fine) {
        |                         ^
  11982 |       display: block;
  11983 |     }
  11984 |   }

Unexpected token Function("and")

Generated code of PostCSS transform of file content of app/globals.css:
./app/globals.css:11981:25
  11979 |   }
  11980 |   .\[\@media\(hover\:hover\)and\(pointer\:fine\)\]\:block {
> 11981 |     @media (hover:hover)and(pointer:fine) {
        |                         ^
  11982 |       display: block;
  11983 |     }
  11984 |   }

Import trace:
  Client Component Browser:
    ./app/globals.css [Client Component Browser]
    ./app/layout.tsx [Server Component] @ http://localhost:4200/_next/static/chunks/0aus_next_dist_00tg.dm._.js:1945
[   10077ms] [ERROR] ./app/globals.css:11981:25
Parsing CSS source code failed
  11979 |   }
  11980 |   .\[\@media\(hover\:hover\)and\(pointer\:fine\)\]\:block {
> 11981 |     @media (hover:hover)and(pointer:fine) {
        |                         ^
  11982 |       display: block;
  11983 |     }
  11984 |   }

Unexpected token Function("and")

Generated code of PostCSS transform of file content of app/globals.css:
./app/globals.css:11981:25
  11979 |   }
  11980 |   .\[\@media\(hover\:hover\)and\(pointer\:fine\)\]\:block {
> 11981 |     @media (hover:hover)and(pointer:fine) {
        |                         ^
  11982 |       display: block;
  11983 |     }
  11984 |   }

Import trace:
  Client Component Browser:
    ./app/globals.css [Client Component Browser]
    ./app/layout.tsx [Server Component] @ http://localhost:4200/_next/static/chunks/0aus_next_dist_00tg.dm._.js:1945
[   10140ms] [ERROR] ./app/globals.css:11981:25
Parsing CSS source code failed
  11979 |   }
  11980 |   .\[\@media\(hover\:hover\)and\(pointer\:fine\)\]\:block {
> 11981 |     @media (hover:hover)and(pointer:fine) {
        |                         ^
  11982 |       display: block;
  11983 |     }
  11984 |   }

Unexpected token Function("and")

Generated code of PostCSS transform of file content of app/globals.css:
./app/globals.css:11981:25
  11979 |   }
  11980 |   .\[\@media\(hover\:hover\)and\(pointer\:fine\)\]\:block {
> 11981 |     @media (hover:hover)and(pointer:fine) {
        |                         ^
  11982 |       display: block;
  11983 |     }
  11984 |   }

Import trace:
  Client Component Browser:
    ./app/globals.css [Client Component Browser]
    ./app/layout.tsx [Server Component] @ http://localhost:4200/_next/static/chunks/0aus_next_dist_00tg.dm._.js:1945
[   10205ms] [ERROR] ./app/globals.css:11981:25
Parsing CSS source code failed
  11979 |   }
  11980 |   .\[\@media\(hover\:hover\)and\(pointer\:fine\)\]\:block {
> 11981 |     @media (hover:hover)and(pointer:fine) {
        |                         ^
  11982 |       display: block;
  11983 |     }
  11984 |   }

Unexpected token Function("and")

Generated code of PostCSS transform of file content of app/globals.css:
./app/globals.css:11981:25
  11979 |   }
  11980 |   .\[\@media\(hover\:hover\)and\(pointer\:fine\)\]\:block {
> 11981 |     @media (hover:hover)and(pointer:fine) {
        |                         ^
  11982 |       display: block;
  11983 |     }
  11984 |   }

Import trace:
  Client Component Browser:
    ./app/globals.css [Client Component Browser]
    ./app/layout.tsx [Server Component] @ http://localhost:4200/_next/static/chunks/0aus_next_dist_00tg.dm._.js:1945
[   10268ms] [ERROR] ./app/globals.css:11981:25
Parsing CSS source code failed
  11979 |   }
  11980 |   .\[\@media\(hover\:hover\)and\(pointer\:fine\)\]\:block {
> 11981 |     @media (hover:hover)and(pointer:fine) {
        |                         ^
  11982 |       display: block;
  11983 |     }
  11984 |   }

Unexpected token Function("and")

Generated code of PostCSS transform of file content of app/globals.css:
./app/globals.css:11981:25
  11979 |   }
  11980 |   .\[\@media\(hover\:hover\)and\(pointer\:fine\)\]\:block {
> 11981 |     @media (hover:hover)and(pointer:fine) {
        |                         ^
  11982 |       display: block;
  11983 |     }
  11984 |   }

Import trace:
  Client Component Browser:
    ./app/globals.css [Client Component Browser]
    ./app/layout.tsx [Server Component] @ http://localhost:4200/_next/static/chunks/0aus_next_dist_00tg.dm._.js:1945
[   10331ms] [ERROR] ./app/globals.css:11981:25
Parsing CSS source code failed
  11979 |   }
  11980 |   .\[\@media\(hover\:hover\)and\(pointer\:fine\)\]\:block {
> 11981 |     @media (hover:hover)and(pointer:fine) {
        |                         ^
  11982 |       display: block;
  11983 |     }
  11984 |   }

Unexpected token Function("and")

Generated code of PostCSS transform of file content of app/globals.css:
./app/globals.css:11981:25
  11979 |   }
  11980 |   .\[\@media\(hover\:hover\)and\(pointer\:fine\)\]\:block {
> 11981 |     @media (hover:hover)and(pointer:fine) {
        |                         ^
  11982 |       display: block;
  11983 |     }
  11984 |   }

Import trace:
  Client Component Browser:
    ./app/globals.css [Client Component Browser]
    ./app/layout.tsx [Server Component] @ http://localhost:4200/_next/static/chunks/0aus_next_dist_00tg.dm._.js:1945
[   10397ms] [ERROR] ./app/globals.css:11981:25
Parsing CSS source code failed
  11979 |   }
  11980 |   .\[\@media\(hover\:hover\)and\(pointer\:fine\)\]\:block {
> 11981 |     @media (hover:hover)and(pointer:fine) {
        |                         ^
  11982 |       display: block;
  11983 |     }
  11984 |   }

Unexpected token Function("and")

Generated code of PostCSS transform of file content of app/globals.css:
./app/globals.css:11981:25
  11979 |   }
  11980 |   .\[\@media\(hover\:hover\)and\(pointer\:fine\)\]\:block {
> 11981 |     @media (hover:hover)and(pointer:fine) {
        |                         ^
  11982 |       display: block;
  11983 |     }
  11984 |   }

Import trace:
  Client Component Browser:
    ./app/globals.css [Client Component Browser]
    ./app/layout.tsx [Server Component] @ http://localhost:4200/_next/static/chunks/0aus_next_dist_00tg.dm._.js:1945
[   10462ms] [ERROR] ./app/globals.css:11981:25
Parsing CSS source code failed
  11979 |   }
  11980 |   .\[\@media\(hover\:hover\)and\(pointer\:fine\)\]\:block {
> 11981 |     @media (hover:hover)and(pointer:fine) {
        |                         ^
  11982 |       display: block;
  11983 |     }
  11984 |   }

Unexpected token Function("and")

Generated code of PostCSS transform of file content of app/globals.css:
./app/globals.css:11981:25
  11979 |   }
  11980 |   .\[\@media\(hover\:hover\)and\(pointer\:fine\)\]\:block {
> 11981 |     @media (hover:hover)and(pointer:fine) {
        |                         ^
  11982 |       display: block;
  11983 |     }
  11984 |   }

Import trace:
  Client Component Browser:
    ./app/globals.css [Client Component Browser]
    ./app/layout.tsx [Server Component] @ http://localhost:4200/_next/static/chunks/0aus_next_dist_00tg.dm._.js:1945
[   10526ms] [ERROR] ./app/globals.css:11981:25
Parsing CSS source code failed
  11979 |   }
  11980 |   .\[\@media\(hover\:hover\)and\(pointer\:fine\)\]\:block {
> 11981 |     @media (hover:hover)and(pointer:fine) {
        |                         ^
  11982 |       display: block;
  11983 |     }
  11984 |   }

Unexpected token Function("and")

Generated code of PostCSS transform of file content of app/globals.css:
./app/globals.css:11981:25
  11979 |   }
  11980 |   .\[\@media\(hover\:hover\)and\(pointer\:fine\)\]\:block {
> 11981 |     @media (hover:hover)and(pointer:fine) {
        |                         ^
  11982 |       display: block;
  11983 |     }
  11984 |   }

Import trace:
  Client Component Browser:
    ./app/globals.css [Client Component Browser]
    ./app/layout.tsx [Server Component] @ http://localhost:4200/_next/static/chunks/0aus_next_dist_00tg.dm._.js:1945
[   10591ms] [ERROR] ./app/globals.css:11981:25
Parsing CSS source code failed
  11979 |   }
  11980 |   .\[\@media\(hover\:hover\)and\(pointer\:fine\)\]\:block {
> 11981 |     @media (hover:hover)and(pointer:fine) {
        |                         ^
  11982 |       display: block;
  11983 |     }
  11984 |   }

Unexpected token Function("and")

Generated code of PostCSS transform of file content of app/globals.css:
./app/globals.css:11981:25
  11979 |   }
  11980 |   .\[\@media\(hover\:hover\)and\(pointer\:fine\)\]\:block {
> 11981 |     @media (hover:hover)and(pointer:fine) {
        |                         ^
  11982 |       display: block;
  11983 |     }
  11984 |   }

Import trace:
  Client Component Browser:
    ./app/globals.css [Client Component Browser]
    ./app/layout.tsx [Server Component] @ http://localhost:4200/_next/static/chunks/0aus_next_dist_00tg.dm._.js:1945
[   10655ms] [ERROR] ./app/globals.css:11981:25
Parsing CSS source code failed
  11979 |   }
  11980 |   .\[\@media\(hover\:hover\)and\(pointer\:fine\)\]\:block {
> 11981 |     @media (hover:hover)and(pointer:fine) {
        |                         ^
  11982 |       display: block;
  11983 |     }
  11984 |   }

Unexpected token Function("and")

Generated code of PostCSS transform of file content of app/globals.css:
./app/globals.css:11981:25
  11979 |   }
  11980 |   .\[\@media\(hover\:hover\)and\(pointer\:fine\)\]\:block {
> 11981 |     @media (hover:hover)and(pointer:fine) {
        |                         ^
  11982 |       display: block;
  11983 |     }
  11984 |   }

Import trace:
  Client Component Browser:
    ./app/globals.css [Client Component Browser]
    ./app/layout.tsx [Server Component] @ http://localhost:4200/_next/static/chunks/0aus_next_dist_00tg.dm._.js:1945
[   10713ms] [ERROR] ./app/globals.css:11981:25
Parsing CSS source code failed
  11979 |   }
  11980 |   .\[\@media\(hover\:hover\)and\(pointer\:fine\)\]\:block {
> 11981 |     @media (hover:hover)and(pointer:fine) {
        |                         ^
  11982 |       display: block;
  11983 |     }
  11984 |   }

Unexpected token Function("and")

Generated code of PostCSS transform of file content of app/globals.css:
./app/globals.css:11981:25
  11979 |   }
  11980 |   .\[\@media\(hover\:hover\)and\(pointer\:fine\)\]\:block {
> 11981 |     @media (hover:hover)and(pointer:fine) {
        |                         ^
  11982 |       display: block;
  11983 |     }
  11984 |   }

Import trace:
  Client Component Browser:
    ./app/globals.css [Client Component Browser]
    ./app/layout.tsx [Server Component] @ http://localhost:4200/_next/static/chunks/0aus_next_dist_00tg.dm._.js:1945
[   10837ms] [LOG] [Fast Refresh] rebuilding @ http://localhost:4200/_next/static/chunks/0aus_next_dist_00tg.dm._.js:1226
[   11054ms] [ERROR] ./app/globals.css:11981:25
Parsing CSS source code failed
  11979 |   }
  11980 |   .\[\@media\(hover\:hover\)and\(pointer\:fine\)\]\:block {
> 11981 |     @media (hover:hover)and(pointer:fine) {
        |                         ^
  11982 |       display: block;
  11983 |     }
  11984 |   }

Unexpected token Function("and")

Generated code of PostCSS transform of file content of app/globals.css:
./app/globals.css:11981:25
  11979 |   }
  11980 |   .\[\@media\(hover\:hover\)and\(pointer\:fine\)\]\:block {
> 11981 |     @media (hover:hover)and(pointer:fine) {
        |                         ^
  11982 |       display: block;
  11983 |     }
  11984 |   }

Import trace:
  Client Component Browser:
    ./app/globals.css [Client Component Browser]
    ./app/layout.tsx [Server Component] @ http://localhost:4200/_next/static/chunks/0aus_next_dist_00tg.dm._.js:1945
[   11170ms] [ERROR] Failed to load resource: the server responded with a status of 500 (Internal Server Error) @ http://localhost:4200/bento-4:0
[   11210ms] [INFO] %cDownload the React DevTools for a better development experience: https://react.dev/link/react-devtools font-weight:bold @ http://localhost:4200/_next/static/chunks/0e-u_react-dom_0037m-m._.js:15305
[   11216ms] Error: ./app/globals.css:11981:25
Parsing CSS source code failed
  11979 |   }
  11980 |   .\[\@media\(hover\:hover\)and\(pointer\:fine\)\]\:block {
> 11981 |     @media (hover:hover)and(pointer:fine) {
        |                         ^
  11982 |       display: block;
  11983 |     }
  11984 |   }

Unexpected token Function("and")

Generated code of PostCSS transform of file content of app/globals.css:
./app/globals.css:11981:25
  11979 |   }
  11980 |   .\[\@media\(hover\:hover\)and\(pointer\:fine\)\]\:block {
> 11981 |     @media (hover:hover)and(pointer:fine) {
        |                         ^
  11982 |       display: block;
  11983 |     }
  11984 |   }

Import trace:
  Client Component Browser:
    ./app/globals.css [Client Component Browser]
    ./app/layout.tsx [Server Component]


    at <unknown> (Error: ./app/globals.css:11981:25)
    at <unknown> (./app/globals.css:11981:25)
    at Object.getCompilationErrors (file:///Users/godwinjanarthan/Documents/Projects/d2studio-ui/node_modules/.pnpm/next@16.2.4_@babel+core@7.28.4_react-dom@19.2.5_react@19.2.5__react@19.2.5/node_modules/next/dist/server/dev/hot-reloader-turbopack.js:1186:59)
    at DevBundlerService.getCompilationError (file:///Users/godwinjanarthan/Documents/Projects/d2studio-ui/node_modules/.pnpm/next@16.2.4_@babel+core@7.28.4_react-dom@19.2.5_react@19.2.5__react@19.2.5/node_modules/next/dist/server/lib/dev-bundler-service.js:44:55)
    at DevServer.getCompilationError (file:///Users/godwinjanarthan/Documents/Projects/d2studio-ui/node_modules/.pnpm/next@16.2.4_@babel+core@7.28.4_react-dom@19.2.5_react@19.2.5__react@19.2.5/node_modules/next/dist/server/dev/next-dev-server.js:719:42)
    at DevServer.findPageComponents (file:///Users/godwinjanarthan/Documents/Projects/d2studio-ui/node_modules/.pnpm/next@16.2.4_@babel+core@7.28.4_react-dom@19.2.5_react@19.2.5__react@19.2.5/node_modules/next/dist/server/dev/next-dev-server.js:689:43)
    at async DevServer.renderErrorToResponseImpl (file:///Users/godwinjanarthan/Documents/Projects/d2studio-ui/node_modules/.pnpm/next@16.2.4_@babel+core@7.28.4_react-dom@19.2.5_react@19.2.5__react@19.2.5/node_modules/next/dist/server/base-server.js:1745:26)
[   11229ms] [LOG] [HMR] connected @ http://localhost:4200/_next/static/chunks/0aus_next_dist_00tg.dm._.js:1226
[   11253ms] [ERROR] ./app/globals.css:11981:25
Parsing CSS source code failed
  11979 |   }
  11980 |   .\[\@media\(hover\:hover\)and\(pointer\:fine\)\]\:block {
> 11981 |     @media (hover:hover)and(pointer:fine) {
        |                         ^
  11982 |       display: block;
  11983 |     }
  11984 |   }

Unexpected token Function("and")

Generated code of PostCSS transform of file content of app/globals.css:
./app/globals.css:11981:25
  11979 |   }
  11980 |   .\[\@media\(hover\:hover\)and\(pointer\:fine\)\]\:block {
> 11981 |     @media (hover:hover)and(pointer:fine) {
        |                         ^
  11982 |       display: block;
  11983 |     }
  11984 |   }

Import trace:
  Client Component Browser:
    ./app/globals.css [Client Component Browser]
    ./app/layout.tsx [Server Component] @ http://localhost:4200/_next/static/chunks/0aus_next_dist_00tg.dm._.js:1945
[   11253ms] [ERROR] ./app/globals.css:11981:25
Parsing CSS source code failed
  11979 |   }
  11980 |   .\[\@media\(hover\:hover\)and\(pointer\:fine\)\]\:block {
> 11981 |     @media (hover:hover)and(pointer:fine) {
        |                         ^
  11982 |       display: block;
  11983 |     }
  11984 |   }

Unexpected token Function("and")

Generated code of PostCSS transform of file content of app/globals.css:
./app/globals.css:11981:25
  11979 |   }
  11980 |   .\[\@media\(hover\:hover\)and\(pointer\:fine\)\]\:block {
> 11981 |     @media (hover:hover)and(pointer:fine) {
        |                         ^
  11982 |       display: block;
  11983 |     }
  11984 |   }

Import trace:
  Client Component Browser:
    ./app/globals.css [Client Component Browser]
    ./app/layout.tsx [Server Component] @ http://localhost:4200/_next/static/chunks/0aus_next_dist_00tg.dm._.js:1945
[   11293ms] [ERROR] ./app/globals.css:11981:25
Parsing CSS source code failed
  11979 |   }
  11980 |   .\[\@media\(hover\:hover\)and\(pointer\:fine\)\]\:block {
> 11981 |     @media (hover:hover)and(pointer:fine) {
        |                         ^
  11982 |       display: block;
  11983 |     }
  11984 |   }

Unexpected token Function("and")

Generated code of PostCSS transform of file content of app/globals.css:
./app/globals.css:11981:25
  11979 |   }
  11980 |   .\[\@media\(hover\:hover\)and\(pointer\:fine\)\]\:block {
> 11981 |     @media (hover:hover)and(pointer:fine) {
        |                         ^
  11982 |       display: block;
  11983 |     }
  11984 |   }

Import trace:
  Client Component Browser:
    ./app/globals.css [Client Component Browser]
    ./app/layout.tsx [Server Component] @ http://localhost:4200/_next/static/chunks/0aus_next_dist_00tg.dm._.js:1945
[   11364ms] [ERROR] ./app/globals.css:11981:25
Parsing CSS source code failed
  11979 |   }
  11980 |   .\[\@media\(hover\:hover\)and\(pointer\:fine\)\]\:block {
> 11981 |     @media (hover:hover)and(pointer:fine) {
        |                         ^
  11982 |       display: block;
  11983 |     }
  11984 |   }

Unexpected token Function("and")

Generated code of PostCSS transform of file content of app/globals.css:
./app/globals.css:11981:25
  11979 |   }
  11980 |   .\[\@media\(hover\:hover\)and\(pointer\:fine\)\]\:block {
> 11981 |     @media (hover:hover)and(pointer:fine) {
        |                         ^
  11982 |       display: block;
  11983 |     }
  11984 |   }

Import trace:
  Client Component Browser:
    ./app/globals.css [Client Component Browser]
    ./app/layout.tsx [Server Component] @ http://localhost:4200/_next/static/chunks/0aus_next_dist_00tg.dm._.js:1945
[   11429ms] [ERROR] ./app/globals.css:11981:25
Parsing CSS source code failed
  11979 |   }
  11980 |   .\[\@media\(hover\:hover\)and\(pointer\:fine\)\]\:block {
> 11981 |     @media (hover:hover)and(pointer:fine) {
        |                         ^
  11982 |       display: block;
  11983 |     }
  11984 |   }

Unexpected token Function("and")

Generated code of PostCSS transform of file content of app/globals.css:
./app/globals.css:11981:25
  11979 |   }
  11980 |   .\[\@media\(hover\:hover\)and\(pointer\:fine\)\]\:block {
> 11981 |     @media (hover:hover)and(pointer:fine) {
        |                         ^
  11982 |       display: block;
  11983 |     }
  11984 |   }

Import trace:
  Client Component Browser:
    ./app/globals.css [Client Component Browser]
    ./app/layout.tsx [Server Component] @ http://localhost:4200/_next/static/chunks/0aus_next_dist_00tg.dm._.js:1945
[   11494ms] [ERROR] ./app/globals.css:11981:25
Parsing CSS source code failed
  11979 |   }
  11980 |   .\[\@media\(hover\:hover\)and\(pointer\:fine\)\]\:block {
> 11981 |     @media (hover:hover)and(pointer:fine) {
        |                         ^
  11982 |       display: block;
  11983 |     }
  11984 |   }

Unexpected token Function("and")

Generated code of PostCSS transform of file content of app/globals.css:
./app/globals.css:11981:25
  11979 |   }
  11980 |   .\[\@media\(hover\:hover\)and\(pointer\:fine\)\]\:block {
> 11981 |     @media (hover:hover)and(pointer:fine) {
        |                         ^
  11982 |       display: block;
  11983 |     }
  11984 |   }

Import trace:
  Client Component Browser:
    ./app/globals.css [Client Component Browser]
    ./app/layout.tsx [Server Component] @ http://localhost:4200/_next/static/chunks/0aus_next_dist_00tg.dm._.js:1945
[   11557ms] [ERROR] ./app/globals.css:11981:25
Parsing CSS source code failed
  11979 |   }
  11980 |   .\[\@media\(hover\:hover\)and\(pointer\:fine\)\]\:block {
> 11981 |     @media (hover:hover)and(pointer:fine) {
        |                         ^
  11982 |       display: block;
  11983 |     }
  11984 |   }

Unexpected token Function("and")

Generated code of PostCSS transform of file content of app/globals.css:
./app/globals.css:11981:25
  11979 |   }
  11980 |   .\[\@media\(hover\:hover\)and\(pointer\:fine\)\]\:block {
> 11981 |     @media (hover:hover)and(pointer:fine) {
        |                         ^
  11982 |       display: block;
  11983 |     }
  11984 |   }

Import trace:
  Client Component Browser:
    ./app/globals.css [Client Component Browser]
    ./app/layout.tsx [Server Component] @ http://localhost:4200/_next/static/chunks/0aus_next_dist_00tg.dm._.js:1945
[   11621ms] [ERROR] ./app/globals.css:11981:25
Parsing CSS source code failed
  11979 |   }
  11980 |   .\[\@media\(hover\:hover\)and\(pointer\:fine\)\]\:block {
> 11981 |     @media (hover:hover)and(pointer:fine) {
        |                         ^
  11982 |       display: block;
  11983 |     }
  11984 |   }

Unexpected token Function("and")

Generated code of PostCSS transform of file content of app/globals.css:
./app/globals.css:11981:25
  11979 |   }
  11980 |   .\[\@media\(hover\:hover\)and\(pointer\:fine\)\]\:block {
> 11981 |     @media (hover:hover)and(pointer:fine) {
        |                         ^
  11982 |       display: block;
  11983 |     }
  11984 |   }

Import trace:
  Client Component Browser:
    ./app/globals.css [Client Component Browser]
    ./app/layout.tsx [Server Component] @ http://localhost:4200/_next/static/chunks/0aus_next_dist_00tg.dm._.js:1945
[   11683ms] [LOG] [Fast Refresh] rebuilding @ http://localhost:4200/_next/static/chunks/0aus_next_dist_00tg.dm._.js:1226
[   11745ms] [ERROR] ./app/globals.css:11981:25
Parsing CSS source code failed
  11979 |   }
  11980 |   .\[\@media\(hover\:hover\)and\(pointer\:fine\)\]\:block {
> 11981 |     @media (hover:hover)and(pointer:fine) {
        |                         ^
  11982 |       display: block;
  11983 |     }
  11984 |   }

Unexpected token Function("and")

Generated code of PostCSS transform of file content of app/globals.css:
./app/globals.css:11981:25
  11979 |   }
  11980 |   .\[\@media\(hover\:hover\)and\(pointer\:fine\)\]\:block {
> 11981 |     @media (hover:hover)and(pointer:fine) {
        |                         ^
  11982 |       display: block;
  11983 |     }
  11984 |   }

Import trace:
  Client Component Browser:
    ./app/globals.css [Client Component Browser]
    ./app/layout.tsx [Server Component] @ http://localhost:4200/_next/static/chunks/0aus_next_dist_00tg.dm._.js:1945
[   11805ms] [ERROR] ./app/globals.css:11981:25
Parsing CSS source code failed
  11979 |   }
  11980 |   .\[\@media\(hover\:hover\)and\(pointer\:fine\)\]\:block {
> 11981 |     @media (hover:hover)and(pointer:fine) {
        |                         ^
  11982 |       display: block;
  11983 |     }
  11984 |   }

Unexpected token Function("and")

Generated code of PostCSS transform of file content of app/globals.css:
./app/globals.css:11981:25
  11979 |   }
  11980 |   .\[\@media\(hover\:hover\)and\(pointer\:fine\)\]\:block {
> 11981 |     @media (hover:hover)and(pointer:fine) {
        |                         ^
  11982 |       display: block;
  11983 |     }
  11984 |   }

Import trace:
  Client Component Browser:
    ./app/globals.css [Client Component Browser]
    ./app/layout.tsx [Server Component] @ http://localhost:4200/_next/static/chunks/0aus_next_dist_00tg.dm._.js:1945
[   11866ms] [ERROR] ./app/globals.css:11981:25
Parsing CSS source code failed
  11979 |   }
  11980 |   .\[\@media\(hover\:hover\)and\(pointer\:fine\)\]\:block {
> 11981 |     @media (hover:hover)and(pointer:fine) {
        |                         ^
  11982 |       display: block;
  11983 |     }
  11984 |   }

Unexpected token Function("and")

Generated code of PostCSS transform of file content of app/globals.css:
./app/globals.css:11981:25
  11979 |   }
  11980 |   .\[\@media\(hover\:hover\)and\(pointer\:fine\)\]\:block {
> 11981 |     @media (hover:hover)and(pointer:fine) {
        |                         ^
  11982 |       display: block;
  11983 |     }
  11984 |   }

Import trace:
  Client Component Browser:
    ./app/globals.css [Client Component Browser]
    ./app/layout.tsx [Server Component] @ http://localhost:4200/_next/static/chunks/0aus_next_dist_00tg.dm._.js:1945
[   11927ms] [ERROR] ./app/globals.css:11981:25
Parsing CSS source code failed
  11979 |   }
  11980 |   .\[\@media\(hover\:hover\)and\(pointer\:fine\)\]\:block {
> 11981 |     @media (hover:hover)and(pointer:fine) {
        |                         ^
  11982 |       display: block;
  11983 |     }
  11984 |   }

Unexpected token Function("and")

Generated code of PostCSS transform of file content of app/globals.css:
./app/globals.css:11981:25
  11979 |   }
  11980 |   .\[\@media\(hover\:hover\)and\(pointer\:fine\)\]\:block {
> 11981 |     @media (hover:hover)and(pointer:fine) {
        |                         ^
  11982 |       display: block;
  11983 |     }
  11984 |   }

Import trace:
  Client Component Browser:
    ./app/globals.css [Client Component Browser]
    ./app/layout.tsx [Server Component] @ http://localhost:4200/_next/static/chunks/0aus_next_dist_00tg.dm._.js:1945
[   11988ms] [ERROR] ./app/globals.css:11981:25
Parsing CSS source code failed
  11979 |   }
  11980 |   .\[\@media\(hover\:hover\)and\(pointer\:fine\)\]\:block {
> 11981 |     @media (hover:hover)and(pointer:fine) {
        |                         ^
  11982 |       display: block;
  11983 |     }
  11984 |   }

Unexpected token Function("and")

Generated code of PostCSS transform of file content of app/globals.css:
./app/globals.css:11981:25
  11979 |   }
  11980 |   .\[\@media\(hover\:hover\)and\(pointer\:fine\)\]\:block {
> 11981 |     @media (hover:hover)and(pointer:fine) {
        |                         ^
  11982 |       display: block;
  11983 |     }
  11984 |   }

Import trace:
  Client Component Browser:
    ./app/globals.css [Client Component Browser]
    ./app/layout.tsx [Server Component] @ http://localhost:4200/_next/static/chunks/0aus_next_dist_00tg.dm._.js:1945
[   12052ms] [ERROR] ./app/globals.css:11981:25
Parsing CSS source code failed
  11979 |   }
  11980 |   .\[\@media\(hover\:hover\)and\(pointer\:fine\)\]\:block {
> 11981 |     @media (hover:hover)and(pointer:fine) {
        |                         ^
  11982 |       display: block;
  11983 |     }
  11984 |   }

Unexpected token Function("and")

Generated code of PostCSS transform of file content of app/globals.css:
./app/globals.css:11981:25
  11979 |   }
  11980 |   .\[\@media\(hover\:hover\)and\(pointer\:fine\)\]\:block {
> 11981 |     @media (hover:hover)and(pointer:fine) {
        |                         ^
  11982 |       display: block;
  11983 |     }
  11984 |   }

Import trace:
  Client Component Browser:
    ./app/globals.css [Client Component Browser]
    ./app/layout.tsx [Server Component] @ http://localhost:4200/_next/static/chunks/0aus_next_dist_00tg.dm._.js:1945
[   12116ms] [ERROR] ./app/globals.css:11981:25
Parsing CSS source code failed
  11979 |   }
  11980 |   .\[\@media\(hover\:hover\)and\(pointer\:fine\)\]\:block {
> 11981 |     @media (hover:hover)and(pointer:fine) {
        |                         ^
  11982 |       display: block;
  11983 |     }
  11984 |   }

Unexpected token Function("and")

Generated code of PostCSS transform of file content of app/globals.css:
./app/globals.css:11981:25
  11979 |   }
  11980 |   .\[\@media\(hover\:hover\)and\(pointer\:fine\)\]\:block {
> 11981 |     @media (hover:hover)and(pointer:fine) {
        |                         ^
  11982 |       display: block;
  11983 |     }
  11984 |   }

Import trace:
  Client Component Browser:
    ./app/globals.css [Client Component Browser]
    ./app/layout.tsx [Server Component] @ http://localhost:4200/_next/static/chunks/0aus_next_dist_00tg.dm._.js:1945
[   12177ms] [ERROR] ./app/globals.css:11981:25
Parsing CSS source code failed
  11979 |   }
  11980 |   .\[\@media\(hover\:hover\)and\(pointer\:fine\)\]\:block {
> 11981 |     @media (hover:hover)and(pointer:fine) {
        |                         ^
  11982 |       display: block;
  11983 |     }
  11984 |   }

Unexpected token Function("and")

Generated code of PostCSS transform of file content of app/globals.css:
./app/globals.css:11981:25
  11979 |   }
  11980 |   .\[\@media\(hover\:hover\)and\(pointer\:fine\)\]\:block {
> 11981 |     @media (hover:hover)and(pointer:fine) {
        |                         ^
  11982 |       display: block;
  11983 |     }
  11984 |   }

Import trace:
  Client Component Browser:
    ./app/globals.css [Client Component Browser]
    ./app/layout.tsx [Server Component] @ http://localhost:4200/_next/static/chunks/0aus_next_dist_00tg.dm._.js:1945
[   12241ms] [ERROR] ./app/globals.css:11981:25
Parsing CSS source code failed
  11979 |   }
  11980 |   .\[\@media\(hover\:hover\)and\(pointer\:fine\)\]\:block {
> 11981 |     @media (hover:hover)and(pointer:fine) {
        |                         ^
  11982 |       display: block;
  11983 |     }
  11984 |   }

Unexpected token Function("and")

Generated code of PostCSS transform of file content of app/globals.css:
./app/globals.css:11981:25
  11979 |   }
  11980 |   .\[\@media\(hover\:hover\)and\(pointer\:fine\)\]\:block {
> 11981 |     @media (hover:hover)and(pointer:fine) {
        |                         ^
  11982 |       display: block;
  11983 |     }
  11984 |   }

Import trace:
  Client Component Browser:
    ./app/globals.css [Client Component Browser]
    ./app/layout.tsx [Server Component] @ http://localhost:4200/_next/static/chunks/0aus_next_dist_00tg.dm._.js:1945
[   12306ms] [ERROR] ./app/globals.css:11981:25
Parsing CSS source code failed
  11979 |   }
  11980 |   .\[\@media\(hover\:hover\)and\(pointer\:fine\)\]\:block {
> 11981 |     @media (hover:hover)and(pointer:fine) {
        |                         ^
  11982 |       display: block;
  11983 |     }
  11984 |   }

Unexpected token Function("and")

Generated code of PostCSS transform of file content of app/globals.css:
./app/globals.css:11981:25
  11979 |   }
  11980 |   .\[\@media\(hover\:hover\)and\(pointer\:fine\)\]\:block {
> 11981 |     @media (hover:hover)and(pointer:fine) {
        |                         ^
  11982 |       display: block;
  11983 |     }
  11984 |   }

Import trace:
  Client Component Browser:
    ./app/globals.css [Client Component Browser]
    ./app/layout.tsx [Server Component] @ http://localhost:4200/_next/static/chunks/0aus_next_dist_00tg.dm._.js:1945
[   12369ms] [ERROR] ./app/globals.css:11981:25
Parsing CSS source code failed
  11979 |   }
  11980 |   .\[\@media\(hover\:hover\)and\(pointer\:fine\)\]\:block {
> 11981 |     @media (hover:hover)and(pointer:fine) {
        |                         ^
  11982 |       display: block;
  11983 |     }
  11984 |   }

Unexpected token Function("and")

Generated code of PostCSS transform of file content of app/globals.css:
./app/globals.css:11981:25
  11979 |   }
  11980 |   .\[\@media\(hover\:hover\)and\(pointer\:fine\)\]\:block {
> 11981 |     @media (hover:hover)and(pointer:fine) {
        |                         ^
  11982 |       display: block;
  11983 |     }
  11984 |   }

Import trace:
  Client Component Browser:
    ./app/globals.css [Client Component Browser]
    ./app/layout.tsx [Server Component] @ http://localhost:4200/_next/static/chunks/0aus_next_dist_00tg.dm._.js:1945
[   12435ms] [ERROR] ./app/globals.css:11981:25
Parsing CSS source code failed
  11979 |   }
  11980 |   .\[\@media\(hover\:hover\)and\(pointer\:fine\)\]\:block {
> 11981 |     @media (hover:hover)and(pointer:fine) {
        |                         ^
  11982 |       display: block;
  11983 |     }
  11984 |   }

Unexpected token Function("and")

Generated code of PostCSS transform of file content of app/globals.css:
./app/globals.css:11981:25
  11979 |   }
  11980 |   .\[\@media\(hover\:hover\)and\(pointer\:fine\)\]\:block {
> 11981 |     @media (hover:hover)and(pointer:fine) {
        |                         ^
  11982 |       display: block;
  11983 |     }
  11984 |   }

Import trace:
  Client Component Browser:
    ./app/globals.css [Client Component Browser]
    ./app/layout.tsx [Server Component] @ http://localhost:4200/_next/static/chunks/0aus_next_dist_00tg.dm._.js:1945
[   12500ms] [ERROR] ./app/globals.css:11981:25
Parsing CSS source code failed
  11979 |   }
  11980 |   .\[\@media\(hover\:hover\)and\(pointer\:fine\)\]\:block {
> 11981 |     @media (hover:hover)and(pointer:fine) {
        |                         ^
  11982 |       display: block;
  11983 |     }
  11984 |   }

Unexpected token Function("and")

Generated code of PostCSS transform of file content of app/globals.css:
./app/globals.css:11981:25
  11979 |   }
  11980 |   .\[\@media\(hover\:hover\)and\(pointer\:fine\)\]\:block {
> 11981 |     @media (hover:hover)and(pointer:fine) {
        |                         ^
  11982 |       display: block;
  11983 |     }
  11984 |   }

Import trace:
  Client Component Browser:
    ./app/globals.css [Client Component Browser]
    ./app/layout.tsx [Server Component] @ http://localhost:4200/_next/static/chunks/0aus_next_dist_00tg.dm._.js:1945
[   12564ms] [ERROR] ./app/globals.css:11981:25
Parsing CSS source code failed
  11979 |   }
  11980 |   .\[\@media\(hover\:hover\)and\(pointer\:fine\)\]\:block {
> 11981 |     @media (hover:hover)and(pointer:fine) {
        |                         ^
  11982 |       display: block;
  11983 |     }
  11984 |   }

Unexpected token Function("and")

Generated code of PostCSS transform of file content of app/globals.css:
./app/globals.css:11981:25
  11979 |   }
  11980 |   .\[\@media\(hover\:hover\)and\(pointer\:fine\)\]\:block {
> 11981 |     @media (hover:hover)and(pointer:fine) {
        |                         ^
  11982 |       display: block;
  11983 |     }
  11984 |   }

Import trace:
  Client Component Browser:
    ./app/globals.css [Client Component Browser]
    ./app/layout.tsx [Server Component] @ http://localhost:4200/_next/static/chunks/0aus_next_dist_00tg.dm._.js:1945
[   12628ms] [ERROR] ./app/globals.css:11981:25
Parsing CSS source code failed
  11979 |   }
  11980 |   .\[\@media\(hover\:hover\)and\(pointer\:fine\)\]\:block {
> 11981 |     @media (hover:hover)and(pointer:fine) {
        |                         ^
  11982 |       display: block;
  11983 |     }
  11984 |   }

Unexpected token Function("and")

Generated code of PostCSS transform of file content of app/globals.css:
./app/globals.css:11981:25
  11979 |   }
  11980 |   .\[\@media\(hover\:hover\)and\(pointer\:fine\)\]\:block {
> 11981 |     @media (hover:hover)and(pointer:fine) {
        |                         ^
  11982 |       display: block;
  11983 |     }
  11984 |   }

Import trace:
  Client Component Browser:
    ./app/globals.css [Client Component Browser]
    ./app/layout.tsx [Server Component] @ http://localhost:4200/_next/static/chunks/0aus_next_dist_00tg.dm._.js:1945
[   12690ms] [ERROR] ./app/globals.css:11981:25
Parsing CSS source code failed
  11979 |   }
  11980 |   .\[\@media\(hover\:hover\)and\(pointer\:fine\)\]\:block {
> 11981 |     @media (hover:hover)and(pointer:fine) {
        |                         ^
  11982 |       display: block;
  11983 |     }
  11984 |   }

Unexpected token Function("and")

Generated code of PostCSS transform of file content of app/globals.css:
./app/globals.css:11981:25
  11979 |   }
  11980 |   .\[\@media\(hover\:hover\)and\(pointer\:fine\)\]\:block {
> 11981 |     @media (hover:hover)and(pointer:fine) {
        |                         ^
  11982 |       display: block;
  11983 |     }
  11984 |   }

Import trace:
  Client Component Browser:
    ./app/globals.css [Client Component Browser]
    ./app/layout.tsx [Server Component] @ http://localhost:4200/_next/static/chunks/0aus_next_dist_00tg.dm._.js:1945
[   12752ms] [ERROR] ./app/globals.css:11981:25
Parsing CSS source code failed
  11979 |   }
  11980 |   .\[\@media\(hover\:hover\)and\(pointer\:fine\)\]\:block {
> 11981 |     @media (hover:hover)and(pointer:fine) {
        |                         ^
  11982 |       display: block;
  11983 |     }
  11984 |   }

Unexpected token Function("and")

Generated code of PostCSS transform of file content of app/globals.css:
./app/globals.css:11981:25
  11979 |   }
  11980 |   .\[\@media\(hover\:hover\)and\(pointer\:fine\)\]\:block {
> 11981 |     @media (hover:hover)and(pointer:fine) {
        |                         ^
  11982 |       display: block;
  11983 |     }
  11984 |   }

Import trace:
  Client Component Browser:
    ./app/globals.css [Client Component Browser]
    ./app/layout.tsx [Server Component] @ http://localhost:4200/_next/static/chunks/0aus_next_dist_00tg.dm._.js:1945
[   12816ms] [ERROR] ./app/globals.css:11981:25
Parsing CSS source code failed
  11979 |   }
  11980 |   .\[\@media\(hover\:hover\)and\(pointer\:fine\)\]\:block {
> 11981 |     @media (hover:hover)and(pointer:fine) {
        |                         ^
  11982 |       display: block;
  11983 |     }
  11984 |   }

Unexpected token Function("and")

Generated code of PostCSS transform of file content of app/globals.css:
./app/globals.css:11981:25
  11979 |   }
  11980 |   .\[\@media\(hover\:hover\)and\(pointer\:fine\)\]\:block {
> 11981 |     @media (hover:hover)and(pointer:fine) {
        |                         ^
  11982 |       display: block;
  11983 |     }
  11984 |   }

Import trace:
  Client Component Browser:
    ./app/globals.css [Client Component Browser]
    ./app/layout.tsx [Server Component] @ http://localhost:4200/_next/static/chunks/0aus_next_dist_00tg.dm._.js:1945
[   12881ms] [ERROR] ./app/globals.css:11981:25
Parsing CSS source code failed
  11979 |   }
  11980 |   .\[\@media\(hover\:hover\)and\(pointer\:fine\)\]\:block {
> 11981 |     @media (hover:hover)and(pointer:fine) {
        |                         ^
  11982 |       display: block;
  11983 |     }
  11984 |   }

Unexpected token Function("and")

Generated code of PostCSS transform of file content of app/globals.css:
./app/globals.css:11981:25
  11979 |   }
  11980 |   .\[\@media\(hover\:hover\)and\(pointer\:fine\)\]\:block {
> 11981 |     @media (hover:hover)and(pointer:fine) {
        |                         ^
  11982 |       display: block;
  11983 |     }
  11984 |   }

Import trace:
  Client Component Browser:
    ./app/globals.css [Client Component Browser]
    ./app/layout.tsx [Server Component] @ http://localhost:4200/_next/static/chunks/0aus_next_dist_00tg.dm._.js:1945
[   12944ms] [ERROR] ./app/globals.css:11981:25
Parsing CSS source code failed
  11979 |   }
  11980 |   .\[\@media\(hover\:hover\)and\(pointer\:fine\)\]\:block {
> 11981 |     @media (hover:hover)and(pointer:fine) {
        |                         ^
  11982 |       display: block;
  11983 |     }
  11984 |   }

Unexpected token Function("and")

Generated code of PostCSS transform of file content of app/globals.css:
./app/globals.css:11981:25
  11979 |   }
  11980 |   .\[\@media\(hover\:hover\)and\(pointer\:fine\)\]\:block {
> 11981 |     @media (hover:hover)and(pointer:fine) {
        |                         ^
  11982 |       display: block;
  11983 |     }
  11984 |   }

Import trace:
  Client Component Browser:
    ./app/globals.css [Client Component Browser]
    ./app/layout.tsx [Server Component] @ http://localhost:4200/_next/static/chunks/0aus_next_dist_00tg.dm._.js:1945
[   13007ms] [ERROR] ./app/globals.css:11981:25
Parsing CSS source code failed
  11979 |   }
  11980 |   .\[\@media\(hover\:hover\)and\(pointer\:fine\)\]\:block {
> 11981 |     @media (hover:hover)and(pointer:fine) {
        |                         ^
  11982 |       display: block;
  11983 |     }
  11984 |   }

Unexpected token Function("and")

Generated code of PostCSS transform of file content of app/globals.css:
./app/globals.css:11981:25
  11979 |   }
  11980 |   .\[\@media\(hover\:hover\)and\(pointer\:fine\)\]\:block {
> 11981 |     @media (hover:hover)and(pointer:fine) {
        |                         ^
  11982 |       display: block;
  11983 |     }
  11984 |   }

Import trace:
  Client Component Browser:
    ./app/globals.css [Client Component Browser]
    ./app/layout.tsx [Server Component] @ http://localhost:4200/_next/static/chunks/0aus_next_dist_00tg.dm._.js:1945
[   13068ms] [ERROR] ./app/globals.css:11981:25
Parsing CSS source code failed
  11979 |   }
  11980 |   .\[\@media\(hover\:hover\)and\(pointer\:fine\)\]\:block {
> 11981 |     @media (hover:hover)and(pointer:fine) {
        |                         ^
  11982 |       display: block;
  11983 |     }
  11984 |   }

Unexpected token Function("and")

Generated code of PostCSS transform of file content of app/globals.css:
./app/globals.css:11981:25
  11979 |   }
  11980 |   .\[\@media\(hover\:hover\)and\(pointer\:fine\)\]\:block {
> 11981 |     @media (hover:hover)and(pointer:fine) {
        |                         ^
  11982 |       display: block;
  11983 |     }
  11984 |   }

Import trace:
  Client Component Browser:
    ./app/globals.css [Client Component Browser]
    ./app/layout.tsx [Server Component] @ http://localhost:4200/_next/static/chunks/0aus_next_dist_00tg.dm._.js:1945
[   13131ms] [ERROR] ./app/globals.css:11981:25
Parsing CSS source code failed
  11979 |   }
  11980 |   .\[\@media\(hover\:hover\)and\(pointer\:fine\)\]\:block {
> 11981 |     @media (hover:hover)and(pointer:fine) {
        |                         ^
  11982 |       display: block;
  11983 |     }
  11984 |   }

Unexpected token Function("and")

Generated code of PostCSS transform of file content of app/globals.css:
./app/globals.css:11981:25
  11979 |   }
  11980 |   .\[\@media\(hover\:hover\)and\(pointer\:fine\)\]\:block {
> 11981 |     @media (hover:hover)and(pointer:fine) {
        |                         ^
  11982 |       display: block;
  11983 |     }
  11984 |   }

Import trace:
  Client Component Browser:
    ./app/globals.css [Client Component Browser]
    ./app/layout.tsx [Server Component] @ http://localhost:4200/_next/static/chunks/0aus_next_dist_00tg.dm._.js:1945
[   13193ms] [ERROR] ./app/globals.css:11981:25
Parsing CSS source code failed
  11979 |   }
  11980 |   .\[\@media\(hover\:hover\)and\(pointer\:fine\)\]\:block {
> 11981 |     @media (hover:hover)and(pointer:fine) {
        |                         ^
  11982 |       display: block;
  11983 |     }
  11984 |   }

Unexpected token Function("and")

Generated code of PostCSS transform of file content of app/globals.css:
./app/globals.css:11981:25
  11979 |   }
  11980 |   .\[\@media\(hover\:hover\)and\(pointer\:fine\)\]\:block {
> 11981 |     @media (hover:hover)and(pointer:fine) {
        |                         ^
  11982 |       display: block;
  11983 |     }
  11984 |   }

Import trace:
  Client Component Browser:
    ./app/globals.css [Client Component Browser]
    ./app/layout.tsx [Server Component] @ http://localhost:4200/_next/static/chunks/0aus_next_dist_00tg.dm._.js:1945
[   13254ms] [ERROR] ./app/globals.css:11981:25
Parsing CSS source code failed
  11979 |   }
  11980 |   .\[\@media\(hover\:hover\)and\(pointer\:fine\)\]\:block {
> 11981 |     @media (hover:hover)and(pointer:fine) {
        |                         ^
  11982 |       display: block;
  11983 |     }
  11984 |   }

Unexpected token Function("and")

Generated code of PostCSS transform of file content of app/globals.css:
./app/globals.css:11981:25
  11979 |   }
  11980 |   .\[\@media\(hover\:hover\)and\(pointer\:fine\)\]\:block {
> 11981 |     @media (hover:hover)and(pointer:fine) {
        |                         ^
  11982 |       display: block;
  11983 |     }
  11984 |   }

Import trace:
  Client Component Browser:
    ./app/globals.css [Client Component Browser]
    ./app/layout.tsx [Server Component] @ http://localhost:4200/_next/static/chunks/0aus_next_dist_00tg.dm._.js:1945
[   13317ms] [ERROR] ./app/globals.css:11981:25
Parsing CSS source code failed
  11979 |   }
  11980 |   .\[\@media\(hover\:hover\)and\(pointer\:fine\)\]\:block {
> 11981 |     @media (hover:hover)and(pointer:fine) {
        |                         ^
  11982 |       display: block;
  11983 |     }
  11984 |   }

Unexpected token Function("and")

Generated code of PostCSS transform of file content of app/globals.css:
./app/globals.css:11981:25
  11979 |   }
  11980 |   .\[\@media\(hover\:hover\)and\(pointer\:fine\)\]\:block {
> 11981 |     @media (hover:hover)and(pointer:fine) {
        |                         ^
  11982 |       display: block;
  11983 |     }
  11984 |   }

Import trace:
  Client Component Browser:
    ./app/globals.css [Client Component Browser]
    ./app/layout.tsx [Server Component] @ http://localhost:4200/_next/static/chunks/0aus_next_dist_00tg.dm._.js:1945
[   13381ms] [ERROR] ./app/globals.css:11981:25
Parsing CSS source code failed
  11979 |   }
  11980 |   .\[\@media\(hover\:hover\)and\(pointer\:fine\)\]\:block {
> 11981 |     @media (hover:hover)and(pointer:fine) {
        |                         ^
  11982 |       display: block;
  11983 |     }
  11984 |   }

Unexpected token Function("and")

Generated code of PostCSS transform of file content of app/globals.css:
./app/globals.css:11981:25
  11979 |   }
  11980 |   .\[\@media\(hover\:hover\)and\(pointer\:fine\)\]\:block {
> 11981 |     @media (hover:hover)and(pointer:fine) {
        |                         ^
  11982 |       display: block;
  11983 |     }
  11984 |   }

Import trace:
  Client Component Browser:
    ./app/globals.css [Client Component Browser]
    ./app/layout.tsx [Server Component] @ http://localhost:4200/_next/static/chunks/0aus_next_dist_00tg.dm._.js:1945
[   13446ms] [ERROR] ./app/globals.css:11981:25
Parsing CSS source code failed
  11979 |   }
  11980 |   .\[\@media\(hover\:hover\)and\(pointer\:fine\)\]\:block {
> 11981 |     @media (hover:hover)and(pointer:fine) {
        |                         ^
  11982 |       display: block;
  11983 |     }
  11984 |   }

Unexpected token Function("and")

Generated code of PostCSS transform of file content of app/globals.css:
./app/globals.css:11981:25
  11979 |   }
  11980 |   .\[\@media\(hover\:hover\)and\(pointer\:fine\)\]\:block {
> 11981 |     @media (hover:hover)and(pointer:fine) {
        |                         ^
  11982 |       display: block;
  11983 |     }
  11984 |   }

Import trace:
  Client Component Browser:
    ./app/globals.css [Client Component Browser]
    ./app/layout.tsx [Server Component] @ http://localhost:4200/_next/static/chunks/0aus_next_dist_00tg.dm._.js:1945
[   13509ms] [ERROR] ./app/globals.css:11981:25
Parsing CSS source code failed
  11979 |   }
  11980 |   .\[\@media\(hover\:hover\)and\(pointer\:fine\)\]\:block {
> 11981 |     @media (hover:hover)and(pointer:fine) {
        |                         ^
  11982 |       display: block;
  11983 |     }
  11984 |   }

Unexpected token Function("and")

Generated code of PostCSS transform of file content of app/globals.css:
./app/globals.css:11981:25
  11979 |   }
  11980 |   .\[\@media\(hover\:hover\)and\(pointer\:fine\)\]\:block {
> 11981 |     @media (hover:hover)and(pointer:fine) {
        |                         ^
  11982 |       display: block;
  11983 |     }
  11984 |   }

Import trace:
  Client Component Browser:
    ./app/globals.css [Client Component Browser]
    ./app/layout.tsx [Server Component] @ http://localhost:4200/_next/static/chunks/0aus_next_dist_00tg.dm._.js:1945
[   13573ms] [ERROR] ./app/globals.css:11981:25
Parsing CSS source code failed
  11979 |   }
  11980 |   .\[\@media\(hover\:hover\)and\(pointer\:fine\)\]\:block {
> 11981 |     @media (hover:hover)and(pointer:fine) {
        |                         ^
  11982 |       display: block;
  11983 |     }
  11984 |   }

Unexpected token Function("and")

Generated code of PostCSS transform of file content of app/globals.css:
./app/globals.css:11981:25
  11979 |   }
  11980 |   .\[\@media\(hover\:hover\)and\(pointer\:fine\)\]\:block {
> 11981 |     @media (hover:hover)and(pointer:fine) {
        |                         ^
  11982 |       display: block;
  11983 |     }
  11984 |   }

Import trace:
  Client Component Browser:
    ./app/globals.css [Client Component Browser]
    ./app/layout.tsx [Server Component] @ http://localhost:4200/_next/static/chunks/0aus_next_dist_00tg.dm._.js:1945
[   13635ms] [ERROR] ./app/globals.css:11981:25
Parsing CSS source code failed
  11979 |   }
  11980 |   .\[\@media\(hover\:hover\)and\(pointer\:fine\)\]\:block {
> 11981 |     @media (hover:hover)and(pointer:fine) {
        |                         ^
  11982 |       display: block;
  11983 |     }
  11984 |   }

Unexpected token Function("and")

Generated code of PostCSS transform of file content of app/globals.css:
./app/globals.css:11981:25
  11979 |   }
  11980 |   .\[\@media\(hover\:hover\)and\(pointer\:fine\)\]\:block {
> 11981 |     @media (hover:hover)and(pointer:fine) {
        |                         ^
  11982 |       display: block;
  11983 |     }
  11984 |   }

Import trace:
  Client Component Browser:
    ./app/globals.css [Client Component Browser]
    ./app/layout.tsx [Server Component] @ http://localhost:4200/_next/static/chunks/0aus_next_dist_00tg.dm._.js:1945
[   13698ms] [ERROR] ./app/globals.css:11981:25
Parsing CSS source code failed
  11979 |   }
  11980 |   .\[\@media\(hover\:hover\)and\(pointer\:fine\)\]\:block {
> 11981 |     @media (hover:hover)and(pointer:fine) {
        |                         ^
  11982 |       display: block;
  11983 |     }
  11984 |   }

Unexpected token Function("and")

Generated code of PostCSS transform of file content of app/globals.css:
./app/globals.css:11981:25
  11979 |   }
  11980 |   .\[\@media\(hover\:hover\)and\(pointer\:fine\)\]\:block {
> 11981 |     @media (hover:hover)and(pointer:fine) {
        |                         ^
  11982 |       display: block;
  11983 |     }
  11984 |   }

Import trace:
  Client Component Browser:
    ./app/globals.css [Client Component Browser]
    ./app/layout.tsx [Server Component] @ http://localhost:4200/_next/static/chunks/0aus_next_dist_00tg.dm._.js:1945
[   13760ms] [ERROR] ./app/globals.css:11981:25
Parsing CSS source code failed
  11979 |   }
  11980 |   .\[\@media\(hover\:hover\)and\(pointer\:fine\)\]\:block {
> 11981 |     @media (hover:hover)and(pointer:fine) {
        |                         ^
  11982 |       display: block;
  11983 |     }
  11984 |   }

Unexpected token Function("and")

Generated code of PostCSS transform of file content of app/globals.css:
./app/globals.css:11981:25
  11979 |   }
  11980 |   .\[\@media\(hover\:hover\)and\(pointer\:fine\)\]\:block {
> 11981 |     @media (hover:hover)and(pointer:fine) {
        |                         ^
  11982 |       display: block;
  11983 |     }
  11984 |   }

Import trace:
  Client Component Browser:
    ./app/globals.css [Client Component Browser]
    ./app/layout.tsx [Server Component] @ http://localhost:4200/_next/static/chunks/0aus_next_dist_00tg.dm._.js:1945
[   13823ms] [ERROR] ./app/globals.css:11981:25
Parsing CSS source code failed
  11979 |   }
  11980 |   .\[\@media\(hover\:hover\)and\(pointer\:fine\)\]\:block {
> 11981 |     @media (hover:hover)and(pointer:fine) {
        |                         ^
  11982 |       display: block;
  11983 |     }
  11984 |   }

Unexpected token Function("and")

Generated code of PostCSS transform of file content of app/globals.css:
./app/globals.css:11981:25
  11979 |   }
  11980 |   .\[\@media\(hover\:hover\)and\(pointer\:fine\)\]\:block {
> 11981 |     @media (hover:hover)and(pointer:fine) {
        |                         ^
  11982 |       display: block;
  11983 |     }
  11984 |   }

Import trace:
  Client Component Browser:
    ./app/globals.css [Client Component Browser]
    ./app/layout.tsx [Server Component] @ http://localhost:4200/_next/static/chunks/0aus_next_dist_00tg.dm._.js:1945
[   13886ms] [ERROR] ./app/globals.css:11981:25
Parsing CSS source code failed
  11979 |   }
  11980 |   .\[\@media\(hover\:hover\)and\(pointer\:fine\)\]\:block {
> 11981 |     @media (hover:hover)and(pointer:fine) {
        |                         ^
  11982 |       display: block;
  11983 |     }
  11984 |   }

Unexpected token Function("and")

Generated code of PostCSS transform of file content of app/globals.css:
./app/globals.css:11981:25
  11979 |   }
  11980 |   .\[\@media\(hover\:hover\)and\(pointer\:fine\)\]\:block {
> 11981 |     @media (hover:hover)and(pointer:fine) {
        |                         ^
  11982 |       display: block;
  11983 |     }
  11984 |   }

Import trace:
  Client Component Browser:
    ./app/globals.css [Client Component Browser]
    ./app/layout.tsx [Server Component] @ http://localhost:4200/_next/static/chunks/0aus_next_dist_00tg.dm._.js:1945
[   13947ms] [ERROR] ./app/globals.css:11981:25
Parsing CSS source code failed
  11979 |   }
  11980 |   .\[\@media\(hover\:hover\)and\(pointer\:fine\)\]\:block {
> 11981 |     @media (hover:hover)and(pointer:fine) {
        |                         ^
  11982 |       display: block;
  11983 |     }
  11984 |   }

Unexpected token Function("and")

Generated code of PostCSS transform of file content of app/globals.css:
./app/globals.css:11981:25
  11979 |   }
  11980 |   .\[\@media\(hover\:hover\)and\(pointer\:fine\)\]\:block {
> 11981 |     @media (hover:hover)and(pointer:fine) {
        |                         ^
  11982 |       display: block;
  11983 |     }
  11984 |   }

Import trace:
  Client Component Browser:
    ./app/globals.css [Client Component Browser]
    ./app/layout.tsx [Server Component] @ http://localhost:4200/_next/static/chunks/0aus_next_dist_00tg.dm._.js:1945
[   14007ms] [ERROR] ./app/globals.css:11981:25
Parsing CSS source code failed
  11979 |   }
  11980 |   .\[\@media\(hover\:hover\)and\(pointer\:fine\)\]\:block {
> 11981 |     @media (hover:hover)and(pointer:fine) {
        |                         ^
  11982 |       display: block;
  11983 |     }
  11984 |   }

Unexpected token Function("and")

Generated code of PostCSS transform of file content of app/globals.css:
./app/globals.css:11981:25
  11979 |   }
  11980 |   .\[\@media\(hover\:hover\)and\(pointer\:fine\)\]\:block {
> 11981 |     @media (hover:hover)and(pointer:fine) {
        |                         ^
  11982 |       display: block;
  11983 |     }
  11984 |   }

Import trace:
  Client Component Browser:
    ./app/globals.css [Client Component Browser]
    ./app/layout.tsx [Server Component] @ http://localhost:4200/_next/static/chunks/0aus_next_dist_00tg.dm._.js:1945
[   14067ms] [ERROR] ./app/globals.css:11981:25
Parsing CSS source code failed
  11979 |   }
  11980 |   .\[\@media\(hover\:hover\)and\(pointer\:fine\)\]\:block {
> 11981 |     @media (hover:hover)and(pointer:fine) {
        |                         ^
  11982 |       display: block;
  11983 |     }
  11984 |   }

Unexpected token Function("and")

Generated code of PostCSS transform of file content of app/globals.css:
./app/globals.css:11981:25
  11979 |   }
  11980 |   .\[\@media\(hover\:hover\)and\(pointer\:fine\)\]\:block {
> 11981 |     @media (hover:hover)and(pointer:fine) {
        |                         ^
  11982 |       display: block;
  11983 |     }
  11984 |   }

Import trace:
  Client Component Browser:
    ./app/globals.css [Client Component Browser]
    ./app/layout.tsx [Server Component] @ http://localhost:4200/_next/static/chunks/0aus_next_dist_00tg.dm._.js:1945
[   14129ms] [ERROR] ./app/globals.css:11981:25
Parsing CSS source code failed
  11979 |   }
  11980 |   .\[\@media\(hover\:hover\)and\(pointer\:fine\)\]\:block {
> 11981 |     @media (hover:hover)and(pointer:fine) {
        |                         ^
  11982 |       display: block;
  11983 |     }
  11984 |   }

Unexpected token Function("and")

Generated code of PostCSS transform of file content of app/globals.css:
./app/globals.css:11981:25
  11979 |   }
  11980 |   .\[\@media\(hover\:hover\)and\(pointer\:fine\)\]\:block {
> 11981 |     @media (hover:hover)and(pointer:fine) {
        |                         ^
  11982 |       display: block;
  11983 |     }
  11984 |   }

Import trace:
  Client Component Browser:
    ./app/globals.css [Client Component Browser]
    ./app/layout.tsx [Server Component] @ http://localhost:4200/_next/static/chunks/0aus_next_dist_00tg.dm._.js:1945
[   14193ms] [ERROR] ./app/globals.css:11981:25
Parsing CSS source code failed
  11979 |   }
  11980 |   .\[\@media\(hover\:hover\)and\(pointer\:fine\)\]\:block {
> 11981 |     @media (hover:hover)and(pointer:fine) {
        |                         ^
  11982 |       display: block;
  11983 |     }
  11984 |   }

Unexpected token Function("and")

Generated code of PostCSS transform of file content of app/globals.css:
./app/globals.css:11981:25
  11979 |   }
  11980 |   .\[\@media\(hover\:hover\)and\(pointer\:fine\)\]\:block {
> 11981 |     @media (hover:hover)and(pointer:fine) {
        |                         ^
  11982 |       display: block;
  11983 |     }
  11984 |   }

Import trace:
  Client Component Browser:
    ./app/globals.css [Client Component Browser]
    ./app/layout.tsx [Server Component] @ http://localhost:4200/_next/static/chunks/0aus_next_dist_00tg.dm._.js:1945
[   14256ms] [ERROR] ./app/globals.css:11981:25
Parsing CSS source code failed
  11979 |   }
  11980 |   .\[\@media\(hover\:hover\)and\(pointer\:fine\)\]\:block {
> 11981 |     @media (hover:hover)and(pointer:fine) {
        |                         ^
  11982 |       display: block;
  11983 |     }
  11984 |   }

Unexpected token Function("and")

Generated code of PostCSS transform of file content of app/globals.css:
./app/globals.css:11981:25
  11979 |   }
  11980 |   .\[\@media\(hover\:hover\)and\(pointer\:fine\)\]\:block {
> 11981 |     @media (hover:hover)and(pointer:fine) {
        |                         ^
  11982 |       display: block;
  11983 |     }
  11984 |   }

Import trace:
  Client Component Browser:
    ./app/globals.css [Client Component Browser]
    ./app/layout.tsx [Server Component] @ http://localhost:4200/_next/static/chunks/0aus_next_dist_00tg.dm._.js:1945
[   14320ms] [ERROR] ./app/globals.css:11981:25
Parsing CSS source code failed
  11979 |   }
  11980 |   .\[\@media\(hover\:hover\)and\(pointer\:fine\)\]\:block {
> 11981 |     @media (hover:hover)and(pointer:fine) {
        |                         ^
  11982 |       display: block;
  11983 |     }
  11984 |   }

Unexpected token Function("and")

Generated code of PostCSS transform of file content of app/globals.css:
./app/globals.css:11981:25
  11979 |   }
  11980 |   .\[\@media\(hover\:hover\)and\(pointer\:fine\)\]\:block {
> 11981 |     @media (hover:hover)and(pointer:fine) {
        |                         ^
  11982 |       display: block;
  11983 |     }
  11984 |   }

Import trace:
  Client Component Browser:
    ./app/globals.css [Client Component Browser]
    ./app/layout.tsx [Server Component] @ http://localhost:4200/_next/static/chunks/0aus_next_dist_00tg.dm._.js:1945
[   14382ms] [ERROR] ./app/globals.css:11981:25
Parsing CSS source code failed
  11979 |   }
  11980 |   .\[\@media\(hover\:hover\)and\(pointer\:fine\)\]\:block {
> 11981 |     @media (hover:hover)and(pointer:fine) {
        |                         ^
  11982 |       display: block;
  11983 |     }
  11984 |   }

Unexpected token Function("and")

Generated code of PostCSS transform of file content of app/globals.css:
./app/globals.css:11981:25
  11979 |   }
  11980 |   .\[\@media\(hover\:hover\)and\(pointer\:fine\)\]\:block {
> 11981 |     @media (hover:hover)and(pointer:fine) {
        |                         ^
  11982 |       display: block;
  11983 |     }
  11984 |   }

Import trace:
  Client Component Browser:
    ./app/globals.css [Client Component Browser]
    ./app/layout.tsx [Server Component] @ http://localhost:4200/_next/static/chunks/0aus_next_dist_00tg.dm._.js:1945
[   14442ms] [ERROR] ./app/globals.css:11981:25
Parsing CSS source code failed
  11979 |   }
  11980 |   .\[\@media\(hover\:hover\)and\(pointer\:fine\)\]\:block {
> 11981 |     @media (hover:hover)and(pointer:fine) {
        |                         ^
  11982 |       display: block;
  11983 |     }
  11984 |   }

Unexpected token Function("and")

Generated code of PostCSS transform of file content of app/globals.css:
./app/globals.css:11981:25
  11979 |   }
  11980 |   .\[\@media\(hover\:hover\)and\(pointer\:fine\)\]\:block {
> 11981 |     @media (hover:hover)and(pointer:fine) {
        |                         ^
  11982 |       display: block;
  11983 |     }
  11984 |   }

Import trace:
  Client Component Browser:
    ./app/globals.css [Client Component Browser]
    ./app/layout.tsx [Server Component] @ http://localhost:4200/_next/static/chunks/0aus_next_dist_00tg.dm._.js:1945
[   14505ms] [ERROR] ./app/globals.css:11981:25
Parsing CSS source code failed
  11979 |   }
  11980 |   .\[\@media\(hover\:hover\)and\(pointer\:fine\)\]\:block {
> 11981 |     @media (hover:hover)and(pointer:fine) {
        |                         ^
  11982 |       display: block;
  11983 |     }
  11984 |   }

Unexpected token Function("and")

Generated code of PostCSS transform of file content of app/globals.css:
./app/globals.css:11981:25
  11979 |   }
  11980 |   .\[\@media\(hover\:hover\)and\(pointer\:fine\)\]\:block {
> 11981 |     @media (hover:hover)and(pointer:fine) {
        |                         ^
  11982 |       display: block;
  11983 |     }
  11984 |   }

Import trace:
  Client Component Browser:
    ./app/globals.css [Client Component Browser]
    ./app/layout.tsx [Server Component] @ http://localhost:4200/_next/static/chunks/0aus_next_dist_00tg.dm._.js:1945
[   14569ms] [ERROR] ./app/globals.css:11981:25
Parsing CSS source code failed
  11979 |   }
  11980 |   .\[\@media\(hover\:hover\)and\(pointer\:fine\)\]\:block {
> 11981 |     @media (hover:hover)and(pointer:fine) {
        |                         ^
  11982 |       display: block;
  11983 |     }
  11984 |   }

Unexpected token Function("and")

Generated code of PostCSS transform of file content of app/globals.css:
./app/globals.css:11981:25
  11979 |   }
  11980 |   .\[\@media\(hover\:hover\)and\(pointer\:fine\)\]\:block {
> 11981 |     @media (hover:hover)and(pointer:fine) {
        |                         ^
  11982 |       display: block;
  11983 |     }
  11984 |   }

Import trace:
  Client Component Browser:
    ./app/globals.css [Client Component Browser]
    ./app/layout.tsx [Server Component] @ http://localhost:4200/_next/static/chunks/0aus_next_dist_00tg.dm._.js:1945
[   14633ms] [ERROR] ./app/globals.css:11981:25
Parsing CSS source code failed
  11979 |   }
  11980 |   .\[\@media\(hover\:hover\)and\(pointer\:fine\)\]\:block {
> 11981 |     @media (hover:hover)and(pointer:fine) {
        |                         ^
  11982 |       display: block;
  11983 |     }
  11984 |   }

Unexpected token Function("and")

Generated code of PostCSS transform of file content of app/globals.css:
./app/globals.css:11981:25
  11979 |   }
  11980 |   .\[\@media\(hover\:hover\)and\(pointer\:fine\)\]\:block {
> 11981 |     @media (hover:hover)and(pointer:fine) {
        |                         ^
  11982 |       display: block;
  11983 |     }
  11984 |   }

Import trace:
  Client Component Browser:
    ./app/globals.css [Client Component Browser]
    ./app/layout.tsx [Server Component] @ http://localhost:4200/_next/static/chunks/0aus_next_dist_00tg.dm._.js:1945
[   14695ms] [ERROR] ./app/globals.css:11981:25
Parsing CSS source code failed
  11979 |   }
  11980 |   .\[\@media\(hover\:hover\)and\(pointer\:fine\)\]\:block {
> 11981 |     @media (hover:hover)and(pointer:fine) {
        |                         ^
  11982 |       display: block;
  11983 |     }
  11984 |   }

Unexpected token Function("and")

Generated code of PostCSS transform of file content of app/globals.css:
./app/globals.css:11981:25
  11979 |   }
  11980 |   .\[\@media\(hover\:hover\)and\(pointer\:fine\)\]\:block {
> 11981 |     @media (hover:hover)and(pointer:fine) {
        |                         ^
  11982 |       display: block;
  11983 |     }
  11984 |   }

Import trace:
  Client Component Browser:
    ./app/globals.css [Client Component Browser]
    ./app/layout.tsx [Server Component] @ http://localhost:4200/_next/static/chunks/0aus_next_dist_00tg.dm._.js:1945
[   14759ms] [ERROR] ./app/globals.css:11981:25
Parsing CSS source code failed
  11979 |   }
  11980 |   .\[\@media\(hover\:hover\)and\(pointer\:fine\)\]\:block {
> 11981 |     @media (hover:hover)and(pointer:fine) {
        |                         ^
  11982 |       display: block;
  11983 |     }
  11984 |   }

Unexpected token Function("and")

Generated code of PostCSS transform of file content of app/globals.css:
./app/globals.css:11981:25
  11979 |   }
  11980 |   .\[\@media\(hover\:hover\)and\(pointer\:fine\)\]\:block {
> 11981 |     @media (hover:hover)and(pointer:fine) {
        |                         ^
  11982 |       display: block;
  11983 |     }
  11984 |   }

Import trace:
  Client Component Browser:
    ./app/globals.css [Client Component Browser]
    ./app/layout.tsx [Server Component] @ http://localhost:4200/_next/static/chunks/0aus_next_dist_00tg.dm._.js:1945
[   14824ms] [ERROR] ./app/globals.css:11981:25
Parsing CSS source code failed
  11979 |   }
  11980 |   .\[\@media\(hover\:hover\)and\(pointer\:fine\)\]\:block {
> 11981 |     @media (hover:hover)and(pointer:fine) {
        |                         ^
  11982 |       display: block;
  11983 |     }
  11984 |   }

Unexpected token Function("and")

Generated code of PostCSS transform of file content of app/globals.css:
./app/globals.css:11981:25
  11979 |   }
  11980 |   .\[\@media\(hover\:hover\)and\(pointer\:fine\)\]\:block {
> 11981 |     @media (hover:hover)and(pointer:fine) {
        |                         ^
  11982 |       display: block;
  11983 |     }
  11984 |   }

Import trace:
  Client Component Browser:
    ./app/globals.css [Client Component Browser]
    ./app/layout.tsx [Server Component] @ http://localhost:4200/_next/static/chunks/0aus_next_dist_00tg.dm._.js:1945
[   14889ms] [ERROR] ./app/globals.css:11981:25
Parsing CSS source code failed
  11979 |   }
  11980 |   .\[\@media\(hover\:hover\)and\(pointer\:fine\)\]\:block {
> 11981 |     @media (hover:hover)and(pointer:fine) {
        |                         ^
  11982 |       display: block;
  11983 |     }
  11984 |   }

Unexpected token Function("and")

Generated code of PostCSS transform of file content of app/globals.css:
./app/globals.css:11981:25
  11979 |   }
  11980 |   .\[\@media\(hover\:hover\)and\(pointer\:fine\)\]\:block {
> 11981 |     @media (hover:hover)and(pointer:fine) {
        |                         ^
  11982 |       display: block;
  11983 |     }
  11984 |   }

Import trace:
  Client Component Browser:
    ./app/globals.css [Client Component Browser]
    ./app/layout.tsx [Server Component] @ http://localhost:4200/_next/static/chunks/0aus_next_dist_00tg.dm._.js:1945
[   14953ms] [ERROR] ./app/globals.css:11981:25
Parsing CSS source code failed
  11979 |   }
  11980 |   .\[\@media\(hover\:hover\)and\(pointer\:fine\)\]\:block {
> 11981 |     @media (hover:hover)and(pointer:fine) {
        |                         ^
  11982 |       display: block;
  11983 |     }
  11984 |   }

Unexpected token Function("and")

Generated code of PostCSS transform of file content of app/globals.css:
./app/globals.css:11981:25
  11979 |   }
  11980 |   .\[\@media\(hover\:hover\)and\(pointer\:fine\)\]\:block {
> 11981 |     @media (hover:hover)and(pointer:fine) {
        |                         ^
  11982 |       display: block;
  11983 |     }
  11984 |   }

Import trace:
  Client Component Browser:
    ./app/globals.css [Client Component Browser]
    ./app/layout.tsx [Server Component] @ http://localhost:4200/_next/static/chunks/0aus_next_dist_00tg.dm._.js:1945
[   15018ms] [ERROR] ./app/globals.css:11981:25
Parsing CSS source code failed
  11979 |   }
  11980 |   .\[\@media\(hover\:hover\)and\(pointer\:fine\)\]\:block {
> 11981 |     @media (hover:hover)and(pointer:fine) {
        |                         ^
  11982 |       display: block;
  11983 |     }
  11984 |   }

Unexpected token Function("and")

Generated code of PostCSS transform of file content of app/globals.css:
./app/globals.css:11981:25
  11979 |   }
  11980 |   .\[\@media\(hover\:hover\)and\(pointer\:fine\)\]\:block {
> 11981 |     @media (hover:hover)and(pointer:fine) {
        |                         ^
  11982 |       display: block;
  11983 |     }
  11984 |   }

Import trace:
  Client Component Browser:
    ./app/globals.css [Client Component Browser]
    ./app/layout.tsx [Server Component] @ http://localhost:4200/_next/static/chunks/0aus_next_dist_00tg.dm._.js:1945
[   15083ms] [ERROR] ./app/globals.css:11981:25
Parsing CSS source code failed
  11979 |   }
  11980 |   .\[\@media\(hover\:hover\)and\(pointer\:fine\)\]\:block {
> 11981 |     @media (hover:hover)and(pointer:fine) {
        |                         ^
  11982 |       display: block;
  11983 |     }
  11984 |   }

Unexpected token Function("and")

Generated code of PostCSS transform of file content of app/globals.css:
./app/globals.css:11981:25
  11979 |   }
  11980 |   .\[\@media\(hover\:hover\)and\(pointer\:fine\)\]\:block {
> 11981 |     @media (hover:hover)and(pointer:fine) {
        |                         ^
  11982 |       display: block;
  11983 |     }
  11984 |   }

Import trace:
  Client Component Browser:
    ./app/globals.css [Client Component Browser]
    ./app/layout.tsx [Server Component] @ http://localhost:4200/_next/static/chunks/0aus_next_dist_00tg.dm._.js:1945
[   15148ms] [ERROR] ./app/globals.css:11981:25
Parsing CSS source code failed
  11979 |   }
  11980 |   .\[\@media\(hover\:hover\)and\(pointer\:fine\)\]\:block {
> 11981 |     @media (hover:hover)and(pointer:fine) {
        |                         ^
  11982 |       display: block;
  11983 |     }
  11984 |   }

Unexpected token Function("and")

Generated code of PostCSS transform of file content of app/globals.css:
./app/globals.css:11981:25
  11979 |   }
  11980 |   .\[\@media\(hover\:hover\)and\(pointer\:fine\)\]\:block {
> 11981 |     @media (hover:hover)and(pointer:fine) {
        |                         ^
  11982 |       display: block;
  11983 |     }
  11984 |   }

Import trace:
  Client Component Browser:
    ./app/globals.css [Client Component Browser]
    ./app/layout.tsx [Server Component] @ http://localhost:4200/_next/static/chunks/0aus_next_dist_00tg.dm._.js:1945
[   15258ms] [LOG] [Fast Refresh] rebuilding @ http://localhost:4200/_next/static/chunks/0aus_next_dist_00tg.dm._.js:1226
[   15937ms] [LOG] [Fast Refresh] done in 492ms @ http://localhost:4200/_next/static/chunks/0aus_next_dist_00tg.dm._.js:1226
[   16640ms] [LOG] [Fast Refresh] rebuilding @ http://localhost:4200/_next/static/chunks/0aus_next_dist_00tg.dm._.js:1226
[   16661ms] [LOG] [Fast Refresh] done in 122ms @ http://localhost:4200/_next/static/chunks/0aus_next_dist_00tg.dm._.js:1226
[   17153ms] [INFO] %cDownload the React DevTools for a better development experience: https://react.dev/link/react-devtools font-weight:bold @ http://localhost:4200/_next/static/chunks/0aus_next_dist_0dxyg_i._.js:2431
[   17200ms] [LOG] [HMR] connected @ http://localhost:4200/_next/static/chunks/0aus_next_dist_0dxyg_i._.js:2431
[   17381ms] [LOG] [Fast Refresh] rebuilding @ http://localhost:4200/_next/static/chunks/0aus_next_dist_0dxyg_i._.js:2431
[   17542ms] [LOG] [Fast Refresh] done in 278ms @ http://localhost:4200/_next/static/chunks/0aus_next_dist_0dxyg_i._.js:2431
