[     132ms] [ERROR] Failed to load resource: the server responded with a status of 500 (Internal Server Error) @ http://localhost:4200/cosma:0
[     157ms] [INFO] %cDownload the React DevTools for a better development experience: https://react.dev/link/react-devtools font-weight:bold @ http://localhost:4200/_next/static/chunks/0e-u_react-dom_0037m-m._.js:15305
[     165ms] Error: ./app/page.tsx:15:1
Module not found: Can't resolve '@/components/cosma/cosmo-morph'
  13 | import { PixelIconRocket } from "@/components/pixel-icon-rocket";
  14 | import CodeIcon from "@/components/icons/code-icon";
> 15 | import { CosmoMorph } from "@/components/cosma/cosmo-morph";
     | ^^^^^^^^^^^^^^^^^^^^^^^^^^^^^^^^^^^^^^^^^^^^^^^^^^^^^^^^^^^^
  16 | import { SpinnerMorph } from "@/components/spinners/spinner-morph";
  17 |
  18 | const structuredData = {

Import map: aliased to relative './components/cosma/cosmo-morph' inside of [project]/


Import traces:
  Client Component Browser:
    ./app/page.tsx [Client Component Browser]
    ./app/page.tsx [Server Component]

  Client Component SSR:
    ./app/page.tsx [Client Component SSR]
    ./app/page.tsx [Server Component]

https://nextjs.org/docs/messages/module-not-found


    at <unknown> (Error: ./app/page.tsx:15:1)
    at <unknown> (https://nextjs.org/docs/messages/module-not-found)
    at Object.getCompilationErrors (file:///Users/godwinjanarthan/Documents/Projects/d2studio-ui/node_modules/.pnpm/next@16.2.4_@babel+core@7.28.4_react-dom@19.2.5_react@19.2.5__react@19.2.5/node_modules/next/dist/server/dev/hot-reloader-turbopack.js:1186:59)
    at DevBundlerService.getCompilationError (file:///Users/godwinjanarthan/Documents/Projects/d2studio-ui/node_modules/.pnpm/next@16.2.4_@babel+core@7.28.4_react-dom@19.2.5_react@19.2.5__react@19.2.5/node_modules/next/dist/server/lib/dev-bundler-service.js:44:55)
    at DevServer.getCompilationError (file:///Users/godwinjanarthan/Documents/Projects/d2studio-ui/node_modules/.pnpm/next@16.2.4_@babel+core@7.28.4_react-dom@19.2.5_react@19.2.5__react@19.2.5/node_modules/next/dist/server/dev/next-dev-server.js:719:42)
    at DevServer.findPageComponents (file:///Users/godwinjanarthan/Documents/Projects/d2studio-ui/node_modules/.pnpm/next@16.2.4_@babel+core@7.28.4_react-dom@19.2.5_react@19.2.5__react@19.2.5/node_modules/next/dist/server/dev/next-dev-server.js:689:43)
    at async DevServer.renderErrorToResponseImpl (file:///Users/godwinjanarthan/Documents/Projects/d2studio-ui/node_modules/.pnpm/next@16.2.4_@babel+core@7.28.4_react-dom@19.2.5_react@19.2.5__react@19.2.5/node_modules/next/dist/server/base-server.js:1745:26)
[     168ms] [LOG] [HMR] connected @ http://localhost:4200/_next/static/chunks/0aus_next_dist_00tg.dm._.js:1226
[     173ms] [ERROR] ./app/page.tsx:15:1
Module not found: Can't resolve '@/components/cosma/cosmo-morph'
  13 | import { PixelIconRocket } from "@/components/pixel-icon-rocket";
  14 | import CodeIcon from "@/components/icons/code-icon";
> 15 | import { CosmoMorph } from "@/components/cosma/cosmo-morph";
     | ^^^^^^^^^^^^^^^^^^^^^^^^^^^^^^^^^^^^^^^^^^^^^^^^^^^^^^^^^^^^
  16 | import { SpinnerMorph } from "@/components/spinners/spinner-morph";
  17 |
  18 | const structuredData = {

Import map: aliased to relative './components/cosma/cosmo-morph' inside of [project]/

Import traces:
  Client Component Browser:
    ./app/page.tsx [Client Component Browser]
    ./app/page.tsx [Server Component]

  Client Component SSR:
    ./app/page.tsx [Client Component SSR]
    ./app/page.tsx [Server Component]

https://nextjs.org/docs/messages/module-not-found @ http://localhost:4200/_next/static/chunks/0aus_next_dist_00tg.dm._.js:1945
[     173ms] [ERROR] ./components/spinners/spinner-morph.tsx:16:1
Module not found: Can't resolve '@/components/cosma/cosmo-morph'
  14 | import { ScrollTrigger } from "gsap/ScrollTrigger";
  15 | import { useGSAP } from "@gsap/react";
> 16 | import { TickSlider } from "@/components/cosma/cosmo-morph";
     | ^^^^^^^^^^^^^^^^^^^^^^^^^^^^^^^^^^^^^^^^^^^^^^^^^^^^^^^^^^^^
  17 | import {
  18 |   PixelSpinner,
  19 |   type SpinnerAnimation,

Import map: aliased to relative './components/cosma/cosmo-morph' inside of [project]/

Import traces:
  Client Component Browser:
    ./components/spinners/spinner-morph.tsx [Client Component Browser]
    ./app/page.tsx [Client Component Browser]
    ./app/page.tsx [Server Component]

  Client Component SSR:
    ./components/spinners/spinner-morph.tsx [Client Component SSR]
    ./app/page.tsx [Client Component SSR]
    ./app/page.tsx [Server Component]

https://nextjs.org/docs/messages/module-not-found @ http://localhost:4200/_next/static/chunks/0aus_next_dist_00tg.dm._.js:1945
[     173ms] [ERROR] ./app/cosma/page.tsx:3:1
Module not found: Can't resolve '@/components/cosma/playground'
  1 | import type { Metadata } from "next";
  2 | import { Navigation } from "@/components/navigation";
> 3 | import { CosmaPlayground } from "@/components/cosma/playground";
    | ^^^^^^^^^^^^^^^^^^^^^^^^^^^^^^^^^^^^^^^^^^^^^^^^^^^^^^^^^^^^^^^^
  4 | import { SiteFooter } from "@/components/site-footer";
  5 | import { CoffeeSupportCard } from "@/components/coffee-support-card";
  6 |

Import map: aliased to relative './components/cosma/playground' inside of [project]/

https://nextjs.org/docs/messages/module-not-found @ http://localhost:4200/_next/static/chunks/0aus_next_dist_00tg.dm._.js:1945
[     469ms] [ERROR] ./app/page.tsx:15:1
Module not found: Can't resolve '@/components/cosma/cosmo-morph'
  13 | import { PixelIconRocket } from "@/components/pixel-icon-rocket";
  14 | import CodeIcon from "@/components/icons/code-icon";
> 15 | import { CosmoMorph } from "@/components/cosma/cosmo-morph";
     | ^^^^^^^^^^^^^^^^^^^^^^^^^^^^^^^^^^^^^^^^^^^^^^^^^^^^^^^^^^^^
  16 | import { SpinnerMorph } from "@/components/spinners/spinner-morph";
  17 |
  18 | const structuredData = {

Import map: aliased to relative './components/cosma/cosmo-morph' inside of [project]/

Import traces:
  Client Component Browser:
    ./app/page.tsx [Client Component Browser]
    ./app/page.tsx [Server Component]

  Client Component SSR:
    ./app/page.tsx [Client Component SSR]
    ./app/page.tsx [Server Component]

https://nextjs.org/docs/messages/module-not-found @ http://localhost:4200/_next/static/chunks/0aus_next_dist_00tg.dm._.js:1945
[     469ms] [ERROR] ./components/spinners/spinner-morph.tsx:16:1
Module not found: Can't resolve '@/components/cosma/cosmo-morph'
  14 | import { ScrollTrigger } from "gsap/ScrollTrigger";
  15 | import { useGSAP } from "@gsap/react";
> 16 | import { TickSlider } from "@/components/cosma/cosmo-morph";
     | ^^^^^^^^^^^^^^^^^^^^^^^^^^^^^^^^^^^^^^^^^^^^^^^^^^^^^^^^^^^^
  17 | import {
  18 |   PixelSpinner,
  19 |   type SpinnerAnimation,

Import map: aliased to relative './components/cosma/cosmo-morph' inside of [project]/

Import traces:
  Client Component Browser:
    ./components/spinners/spinner-morph.tsx [Client Component Browser]
    ./app/page.tsx [Client Component Browser]
    ./app/page.tsx [Server Component]

  Client Component SSR:
    ./components/spinners/spinner-morph.tsx [Client Component SSR]
    ./app/page.tsx [Client Component SSR]
    ./app/page.tsx [Server Component]

https://nextjs.org/docs/messages/module-not-found @ http://localhost:4200/_next/static/chunks/0aus_next_dist_00tg.dm._.js:1945
[     469ms] [ERROR] ./app/cosma/page.tsx:3:1
Module not found: Can't resolve '@/components/cosma/playground'
  1 | import type { Metadata } from "next";
  2 | import { Navigation } from "@/components/navigation";
> 3 | import { CosmaPlayground } from "@/components/cosma/playground";
    | ^^^^^^^^^^^^^^^^^^^^^^^^^^^^^^^^^^^^^^^^^^^^^^^^^^^^^^^^^^^^^^^^
  4 | import { SiteFooter } from "@/components/site-footer";
  5 | import { CoffeeSupportCard } from "@/components/coffee-support-card";
  6 |

Import map: aliased to relative './components/cosma/playground' inside of [project]/

https://nextjs.org/docs/messages/module-not-found @ http://localhost:4200/_next/static/chunks/0aus_next_dist_00tg.dm._.js:1945
[     543ms] [ERROR] ./app/page.tsx:15:1
Module not found: Can't resolve '@/components/cosma/cosmo-morph'
  13 | import { PixelIconRocket } from "@/components/pixel-icon-rocket";
  14 | import CodeIcon from "@/components/icons/code-icon";
> 15 | import { CosmoMorph } from "@/components/cosma/cosmo-morph";
     | ^^^^^^^^^^^^^^^^^^^^^^^^^^^^^^^^^^^^^^^^^^^^^^^^^^^^^^^^^^^^
  16 | import { SpinnerMorph } from "@/components/spinners/spinner-morph";
  17 |
  18 | const structuredData = {

Import map: aliased to relative './components/cosma/cosmo-morph' inside of [project]/

Import traces:
  Client Component Browser:
    ./app/page.tsx [Client Component Browser]
    ./app/page.tsx [Server Component]

  Client Component SSR:
    ./app/page.tsx [Client Component SSR]
    ./app/page.tsx [Server Component]

https://nextjs.org/docs/messages/module-not-found @ http://localhost:4200/_next/static/chunks/0aus_next_dist_00tg.dm._.js:1945
[     543ms] [ERROR] ./components/spinners/spinner-morph.tsx:16:1
Module not found: Can't resolve '@/components/cosma/cosmo-morph'
  14 | import { ScrollTrigger } from "gsap/ScrollTrigger";
  15 | import { useGSAP } from "@gsap/react";
> 16 | import { TickSlider } from "@/components/cosma/cosmo-morph";
     | ^^^^^^^^^^^^^^^^^^^^^^^^^^^^^^^^^^^^^^^^^^^^^^^^^^^^^^^^^^^^
  17 | import {
  18 |   PixelSpinner,
  19 |   type SpinnerAnimation,

Import map: aliased to relative './components/cosma/cosmo-morph' inside of [project]/

Import traces:
  Client Component Browser:
    ./components/spinners/spinner-morph.tsx [Client Component Browser]
    ./app/page.tsx [Client Component Browser]
    ./app/page.tsx [Server Component]

  Client Component SSR:
    ./components/spinners/spinner-morph.tsx [Client Component SSR]
    ./app/page.tsx [Client Component SSR]
    ./app/page.tsx [Server Component]

https://nextjs.org/docs/messages/module-not-found @ http://localhost:4200/_next/static/chunks/0aus_next_dist_00tg.dm._.js:1945
[     543ms] [ERROR] ./app/cosma/page.tsx:3:1
Module not found: Can't resolve '@/components/cosma/playground'
  1 | import type { Metadata } from "next";
  2 | import { Navigation } from "@/components/navigation";
> 3 | import { CosmaPlayground } from "@/components/cosma/playground";
    | ^^^^^^^^^^^^^^^^^^^^^^^^^^^^^^^^^^^^^^^^^^^^^^^^^^^^^^^^^^^^^^^^
  4 | import { SiteFooter } from "@/components/site-footer";
  5 | import { CoffeeSupportCard } from "@/components/coffee-support-card";
  6 |

Import map: aliased to relative './components/cosma/playground' inside of [project]/

https://nextjs.org/docs/messages/module-not-found @ http://localhost:4200/_next/static/chunks/0aus_next_dist_00tg.dm._.js:1945
[     607ms] [ERROR] ./app/page.tsx:15:1
Module not found: Can't resolve '@/components/cosma/cosmo-morph'
  13 | import { PixelIconRocket } from "@/components/pixel-icon-rocket";
  14 | import CodeIcon from "@/components/icons/code-icon";
> 15 | import { CosmoMorph } from "@/components/cosma/cosmo-morph";
     | ^^^^^^^^^^^^^^^^^^^^^^^^^^^^^^^^^^^^^^^^^^^^^^^^^^^^^^^^^^^^
  16 | import { SpinnerMorph } from "@/components/spinners/spinner-morph";
  17 |
  18 | const structuredData = {

Import map: aliased to relative './components/cosma/cosmo-morph' inside of [project]/

Import traces:
  Client Component Browser:
    ./app/page.tsx [Client Component Browser]
    ./app/page.tsx [Server Component]

  Client Component SSR:
    ./app/page.tsx [Client Component SSR]
    ./app/page.tsx [Server Component]

https://nextjs.org/docs/messages/module-not-found @ http://localhost:4200/_next/static/chunks/0aus_next_dist_00tg.dm._.js:1945
[     607ms] [ERROR] ./components/spinners/spinner-morph.tsx:16:1
Module not found: Can't resolve '@/components/cosma/cosmo-morph'
  14 | import { ScrollTrigger } from "gsap/ScrollTrigger";
  15 | import { useGSAP } from "@gsap/react";
> 16 | import { TickSlider } from "@/components/cosma/cosmo-morph";
     | ^^^^^^^^^^^^^^^^^^^^^^^^^^^^^^^^^^^^^^^^^^^^^^^^^^^^^^^^^^^^
  17 | import {
  18 |   PixelSpinner,
  19 |   type SpinnerAnimation,

Import map: aliased to relative './components/cosma/cosmo-morph' inside of [project]/

Import traces:
  Client Component Browser:
    ./components/spinners/spinner-morph.tsx [Client Component Browser]
    ./app/page.tsx [Client Component Browser]
    ./app/page.tsx [Server Component]

  Client Component SSR:
    ./components/spinners/spinner-morph.tsx [Client Component SSR]
    ./app/page.tsx [Client Component SSR]
    ./app/page.tsx [Server Component]

https://nextjs.org/docs/messages/module-not-found @ http://localhost:4200/_next/static/chunks/0aus_next_dist_00tg.dm._.js:1945
[     607ms] [ERROR] ./app/cosma/page.tsx:3:1
Module not found: Can't resolve '@/components/cosma/playground'
  1 | import type { Metadata } from "next";
  2 | import { Navigation } from "@/components/navigation";
> 3 | import { CosmaPlayground } from "@/components/cosma/playground";
    | ^^^^^^^^^^^^^^^^^^^^^^^^^^^^^^^^^^^^^^^^^^^^^^^^^^^^^^^^^^^^^^^^
  4 | import { SiteFooter } from "@/components/site-footer";
  5 | import { CoffeeSupportCard } from "@/components/coffee-support-card";
  6 |

Import map: aliased to relative './components/cosma/playground' inside of [project]/

https://nextjs.org/docs/messages/module-not-found @ http://localhost:4200/_next/static/chunks/0aus_next_dist_00tg.dm._.js:1945
[     672ms] [ERROR] ./app/page.tsx:15:1
Module not found: Can't resolve '@/components/cosma/cosmo-morph'
  13 | import { PixelIconRocket } from "@/components/pixel-icon-rocket";
  14 | import CodeIcon from "@/components/icons/code-icon";
> 15 | import { CosmoMorph } from "@/components/cosma/cosmo-morph";
     | ^^^^^^^^^^^^^^^^^^^^^^^^^^^^^^^^^^^^^^^^^^^^^^^^^^^^^^^^^^^^
  16 | import { SpinnerMorph } from "@/components/spinners/spinner-morph";
  17 |
  18 | const structuredData = {

Import map: aliased to relative './components/cosma/cosmo-morph' inside of [project]/

Import traces:
  Client Component Browser:
    ./app/page.tsx [Client Component Browser]
    ./app/page.tsx [Server Component]

  Client Component SSR:
    ./app/page.tsx [Client Component SSR]
    ./app/page.tsx [Server Component]

https://nextjs.org/docs/messages/module-not-found @ http://localhost:4200/_next/static/chunks/0aus_next_dist_00tg.dm._.js:1945
[     672ms] [ERROR] ./components/spinners/spinner-morph.tsx:16:1
Module not found: Can't resolve '@/components/cosma/cosmo-morph'
  14 | import { ScrollTrigger } from "gsap/ScrollTrigger";
  15 | import { useGSAP } from "@gsap/react";
> 16 | import { TickSlider } from "@/components/cosma/cosmo-morph";
     | ^^^^^^^^^^^^^^^^^^^^^^^^^^^^^^^^^^^^^^^^^^^^^^^^^^^^^^^^^^^^
  17 | import {
  18 |   PixelSpinner,
  19 |   type SpinnerAnimation,

Import map: aliased to relative './components/cosma/cosmo-morph' inside of [project]/

Import traces:
  Client Component Browser:
    ./components/spinners/spinner-morph.tsx [Client Component Browser]
    ./app/page.tsx [Client Component Browser]
    ./app/page.tsx [Server Component]

  Client Component SSR:
    ./components/spinners/spinner-morph.tsx [Client Component SSR]
    ./app/page.tsx [Client Component SSR]
    ./app/page.tsx [Server Component]

https://nextjs.org/docs/messages/module-not-found @ http://localhost:4200/_next/static/chunks/0aus_next_dist_00tg.dm._.js:1945
[     672ms] [ERROR] ./app/cosma/page.tsx:3:1
Module not found: Can't resolve '@/components/cosma/playground'
  1 | import type { Metadata } from "next";
  2 | import { Navigation } from "@/components/navigation";
> 3 | import { CosmaPlayground } from "@/components/cosma/playground";
    | ^^^^^^^^^^^^^^^^^^^^^^^^^^^^^^^^^^^^^^^^^^^^^^^^^^^^^^^^^^^^^^^^
  4 | import { SiteFooter } from "@/components/site-footer";
  5 | import { CoffeeSupportCard } from "@/components/coffee-support-card";
  6 |

Import map: aliased to relative './components/cosma/playground' inside of [project]/

https://nextjs.org/docs/messages/module-not-found @ http://localhost:4200/_next/static/chunks/0aus_next_dist_00tg.dm._.js:1945
[     737ms] [ERROR] ./app/page.tsx:15:1
Module not found: Can't resolve '@/components/cosma/cosmo-morph'
  13 | import { PixelIconRocket } from "@/components/pixel-icon-rocket";
  14 | import CodeIcon from "@/components/icons/code-icon";
> 15 | import { CosmoMorph } from "@/components/cosma/cosmo-morph";
     | ^^^^^^^^^^^^^^^^^^^^^^^^^^^^^^^^^^^^^^^^^^^^^^^^^^^^^^^^^^^^
  16 | import { SpinnerMorph } from "@/components/spinners/spinner-morph";
  17 |
  18 | const structuredData = {

Import map: aliased to relative './components/cosma/cosmo-morph' inside of [project]/

Import traces:
  Client Component Browser:
    ./app/page.tsx [Client Component Browser]
    ./app/page.tsx [Server Component]

  Client Component SSR:
    ./app/page.tsx [Client Component SSR]
    ./app/page.tsx [Server Component]

https://nextjs.org/docs/messages/module-not-found @ http://localhost:4200/_next/static/chunks/0aus_next_dist_00tg.dm._.js:1945
[     737ms] [ERROR] ./components/spinners/spinner-morph.tsx:16:1
Module not found: Can't resolve '@/components/cosma/cosmo-morph'
  14 | import { ScrollTrigger } from "gsap/ScrollTrigger";
  15 | import { useGSAP } from "@gsap/react";
> 16 | import { TickSlider } from "@/components/cosma/cosmo-morph";
     | ^^^^^^^^^^^^^^^^^^^^^^^^^^^^^^^^^^^^^^^^^^^^^^^^^^^^^^^^^^^^
  17 | import {
  18 |   PixelSpinner,
  19 |   type SpinnerAnimation,

Import map: aliased to relative './components/cosma/cosmo-morph' inside of [project]/

Import traces:
  Client Component Browser:
    ./components/spinners/spinner-morph.tsx [Client Component Browser]
    ./app/page.tsx [Client Component Browser]
    ./app/page.tsx [Server Component]

  Client Component SSR:
    ./components/spinners/spinner-morph.tsx [Client Component SSR]
    ./app/page.tsx [Client Component SSR]
    ./app/page.tsx [Server Component]

https://nextjs.org/docs/messages/module-not-found @ http://localhost:4200/_next/static/chunks/0aus_next_dist_00tg.dm._.js:1945
[     737ms] [ERROR] ./app/cosma/page.tsx:3:1
Module not found: Can't resolve '@/components/cosma/playground'
  1 | import type { Metadata } from "next";
  2 | import { Navigation } from "@/components/navigation";
> 3 | import { CosmaPlayground } from "@/components/cosma/playground";
    | ^^^^^^^^^^^^^^^^^^^^^^^^^^^^^^^^^^^^^^^^^^^^^^^^^^^^^^^^^^^^^^^^
  4 | import { SiteFooter } from "@/components/site-footer";
  5 | import { CoffeeSupportCard } from "@/components/coffee-support-card";
  6 |

Import map: aliased to relative './components/cosma/playground' inside of [project]/

https://nextjs.org/docs/messages/module-not-found @ http://localhost:4200/_next/static/chunks/0aus_next_dist_00tg.dm._.js:1945
[     800ms] [ERROR] ./app/page.tsx:15:1
Module not found: Can't resolve '@/components/cosma/cosmo-morph'
  13 | import { PixelIconRocket } from "@/components/pixel-icon-rocket";
  14 | import CodeIcon from "@/components/icons/code-icon";
> 15 | import { CosmoMorph } from "@/components/cosma/cosmo-morph";
     | ^^^^^^^^^^^^^^^^^^^^^^^^^^^^^^^^^^^^^^^^^^^^^^^^^^^^^^^^^^^^
  16 | import { SpinnerMorph } from "@/components/spinners/spinner-morph";
  17 |
  18 | const structuredData = {

Import map: aliased to relative './components/cosma/cosmo-morph' inside of [project]/

Import traces:
  Client Component Browser:
    ./app/page.tsx [Client Component Browser]
    ./app/page.tsx [Server Component]

  Client Component SSR:
    ./app/page.tsx [Client Component SSR]
    ./app/page.tsx [Server Component]

https://nextjs.org/docs/messages/module-not-found @ http://localhost:4200/_next/static/chunks/0aus_next_dist_00tg.dm._.js:1945
[     800ms] [ERROR] ./components/spinners/spinner-morph.tsx:16:1
Module not found: Can't resolve '@/components/cosma/cosmo-morph'
  14 | import { ScrollTrigger } from "gsap/ScrollTrigger";
  15 | import { useGSAP } from "@gsap/react";
> 16 | import { TickSlider } from "@/components/cosma/cosmo-morph";
     | ^^^^^^^^^^^^^^^^^^^^^^^^^^^^^^^^^^^^^^^^^^^^^^^^^^^^^^^^^^^^
  17 | import {
  18 |   PixelSpinner,
  19 |   type SpinnerAnimation,

Import map: aliased to relative './components/cosma/cosmo-morph' inside of [project]/

Import traces:
  Client Component Browser:
    ./components/spinners/spinner-morph.tsx [Client Component Browser]
    ./app/page.tsx [Client Component Browser]
    ./app/page.tsx [Server Component]

  Client Component SSR:
    ./components/spinners/spinner-morph.tsx [Client Component SSR]
    ./app/page.tsx [Client Component SSR]
    ./app/page.tsx [Server Component]

https://nextjs.org/docs/messages/module-not-found @ http://localhost:4200/_next/static/chunks/0aus_next_dist_00tg.dm._.js:1945
[     800ms] [ERROR] ./app/cosma/page.tsx:3:1
Module not found: Can't resolve '@/components/cosma/playground'
  1 | import type { Metadata } from "next";
  2 | import { Navigation } from "@/components/navigation";
> 3 | import { CosmaPlayground } from "@/components/cosma/playground";
    | ^^^^^^^^^^^^^^^^^^^^^^^^^^^^^^^^^^^^^^^^^^^^^^^^^^^^^^^^^^^^^^^^
  4 | import { SiteFooter } from "@/components/site-footer";
  5 | import { CoffeeSupportCard } from "@/components/coffee-support-card";
  6 |

Import map: aliased to relative './components/cosma/playground' inside of [project]/

https://nextjs.org/docs/messages/module-not-found @ http://localhost:4200/_next/static/chunks/0aus_next_dist_00tg.dm._.js:1945
[     863ms] [ERROR] ./app/page.tsx:15:1
Module not found: Can't resolve '@/components/cosma/cosmo-morph'
  13 | import { PixelIconRocket } from "@/components/pixel-icon-rocket";
  14 | import CodeIcon from "@/components/icons/code-icon";
> 15 | import { CosmoMorph } from "@/components/cosma/cosmo-morph";
     | ^^^^^^^^^^^^^^^^^^^^^^^^^^^^^^^^^^^^^^^^^^^^^^^^^^^^^^^^^^^^
  16 | import { SpinnerMorph } from "@/components/spinners/spinner-morph";
  17 |
  18 | const structuredData = {

Import map: aliased to relative './components/cosma/cosmo-morph' inside of [project]/

Import traces:
  Client Component Browser:
    ./app/page.tsx [Client Component Browser]
    ./app/page.tsx [Server Component]

  Client Component SSR:
    ./app/page.tsx [Client Component SSR]
    ./app/page.tsx [Server Component]

https://nextjs.org/docs/messages/module-not-found @ http://localhost:4200/_next/static/chunks/0aus_next_dist_00tg.dm._.js:1945
[     863ms] [ERROR] ./components/spinners/spinner-morph.tsx:16:1
Module not found: Can't resolve '@/components/cosma/cosmo-morph'
  14 | import { ScrollTrigger } from "gsap/ScrollTrigger";
  15 | import { useGSAP } from "@gsap/react";
> 16 | import { TickSlider } from "@/components/cosma/cosmo-morph";
     | ^^^^^^^^^^^^^^^^^^^^^^^^^^^^^^^^^^^^^^^^^^^^^^^^^^^^^^^^^^^^
  17 | import {
  18 |   PixelSpinner,
  19 |   type SpinnerAnimation,

Import map: aliased to relative './components/cosma/cosmo-morph' inside of [project]/

Import traces:
  Client Component Browser:
    ./components/spinners/spinner-morph.tsx [Client Component Browser]
    ./app/page.tsx [Client Component Browser]
    ./app/page.tsx [Server Component]

  Client Component SSR:
    ./components/spinners/spinner-morph.tsx [Client Component SSR]
    ./app/page.tsx [Client Component SSR]
    ./app/page.tsx [Server Component]

https://nextjs.org/docs/messages/module-not-found @ http://localhost:4200/_next/static/chunks/0aus_next_dist_00tg.dm._.js:1945
[     863ms] [ERROR] ./app/cosma/page.tsx:3:1
Module not found: Can't resolve '@/components/cosma/playground'
  1 | import type { Metadata } from "next";
  2 | import { Navigation } from "@/components/navigation";
> 3 | import { CosmaPlayground } from "@/components/cosma/playground";
    | ^^^^^^^^^^^^^^^^^^^^^^^^^^^^^^^^^^^^^^^^^^^^^^^^^^^^^^^^^^^^^^^^
  4 | import { SiteFooter } from "@/components/site-footer";
  5 | import { CoffeeSupportCard } from "@/components/coffee-support-card";
  6 |

Import map: aliased to relative './components/cosma/playground' inside of [project]/

https://nextjs.org/docs/messages/module-not-found @ http://localhost:4200/_next/static/chunks/0aus_next_dist_00tg.dm._.js:1945
[     928ms] [ERROR] ./app/page.tsx:15:1
Module not found: Can't resolve '@/components/cosma/cosmo-morph'
  13 | import { PixelIconRocket } from "@/components/pixel-icon-rocket";
  14 | import CodeIcon from "@/components/icons/code-icon";
> 15 | import { CosmoMorph } from "@/components/cosma/cosmo-morph";
     | ^^^^^^^^^^^^^^^^^^^^^^^^^^^^^^^^^^^^^^^^^^^^^^^^^^^^^^^^^^^^
  16 | import { SpinnerMorph } from "@/components/spinners/spinner-morph";
  17 |
  18 | const structuredData = {

Import map: aliased to relative './components/cosma/cosmo-morph' inside of [project]/

Import traces:
  Client Component Browser:
    ./app/page.tsx [Client Component Browser]
    ./app/page.tsx [Server Component]

  Client Component SSR:
    ./app/page.tsx [Client Component SSR]
    ./app/page.tsx [Server Component]

https://nextjs.org/docs/messages/module-not-found @ http://localhost:4200/_next/static/chunks/0aus_next_dist_00tg.dm._.js:1945
[     928ms] [ERROR] ./components/spinners/spinner-morph.tsx:16:1
Module not found: Can't resolve '@/components/cosma/cosmo-morph'
  14 | import { ScrollTrigger } from "gsap/ScrollTrigger";
  15 | import { useGSAP } from "@gsap/react";
> 16 | import { TickSlider } from "@/components/cosma/cosmo-morph";
     | ^^^^^^^^^^^^^^^^^^^^^^^^^^^^^^^^^^^^^^^^^^^^^^^^^^^^^^^^^^^^
  17 | import {
  18 |   PixelSpinner,
  19 |   type SpinnerAnimation,

Import map: aliased to relative './components/cosma/cosmo-morph' inside of [project]/

Import traces:
  Client Component Browser:
    ./components/spinners/spinner-morph.tsx [Client Component Browser]
    ./app/page.tsx [Client Component Browser]
    ./app/page.tsx [Server Component]

  Client Component SSR:
    ./components/spinners/spinner-morph.tsx [Client Component SSR]
    ./app/page.tsx [Client Component SSR]
    ./app/page.tsx [Server Component]

https://nextjs.org/docs/messages/module-not-found @ http://localhost:4200/_next/static/chunks/0aus_next_dist_00tg.dm._.js:1945
[     928ms] [ERROR] ./app/cosma/page.tsx:3:1
Module not found: Can't resolve '@/components/cosma/playground'
  1 | import type { Metadata } from "next";
  2 | import { Navigation } from "@/components/navigation";
> 3 | import { CosmaPlayground } from "@/components/cosma/playground";
    | ^^^^^^^^^^^^^^^^^^^^^^^^^^^^^^^^^^^^^^^^^^^^^^^^^^^^^^^^^^^^^^^^
  4 | import { SiteFooter } from "@/components/site-footer";
  5 | import { CoffeeSupportCard } from "@/components/coffee-support-card";
  6 |

Import map: aliased to relative './components/cosma/playground' inside of [project]/

https://nextjs.org/docs/messages/module-not-found @ http://localhost:4200/_next/static/chunks/0aus_next_dist_00tg.dm._.js:1945
[     992ms] [ERROR] ./app/page.tsx:15:1
Module not found: Can't resolve '@/components/cosma/cosmo-morph'
  13 | import { PixelIconRocket } from "@/components/pixel-icon-rocket";
  14 | import CodeIcon from "@/components/icons/code-icon";
> 15 | import { CosmoMorph } from "@/components/cosma/cosmo-morph";
     | ^^^^^^^^^^^^^^^^^^^^^^^^^^^^^^^^^^^^^^^^^^^^^^^^^^^^^^^^^^^^
  16 | import { SpinnerMorph } from "@/components/spinners/spinner-morph";
  17 |
  18 | const structuredData = {

Import map: aliased to relative './components/cosma/cosmo-morph' inside of [project]/

Import traces:
  Client Component Browser:
    ./app/page.tsx [Client Component Browser]
    ./app/page.tsx [Server Component]

  Client Component SSR:
    ./app/page.tsx [Client Component SSR]
    ./app/page.tsx [Server Component]

https://nextjs.org/docs/messages/module-not-found @ http://localhost:4200/_next/static/chunks/0aus_next_dist_00tg.dm._.js:1945
[     993ms] [ERROR] ./components/spinners/spinner-morph.tsx:16:1
Module not found: Can't resolve '@/components/cosma/cosmo-morph'
  14 | import { ScrollTrigger } from "gsap/ScrollTrigger";
  15 | import { useGSAP } from "@gsap/react";
> 16 | import { TickSlider } from "@/components/cosma/cosmo-morph";
     | ^^^^^^^^^^^^^^^^^^^^^^^^^^^^^^^^^^^^^^^^^^^^^^^^^^^^^^^^^^^^
  17 | import {
  18 |   PixelSpinner,
  19 |   type SpinnerAnimation,

Import map: aliased to relative './components/cosma/cosmo-morph' inside of [project]/

Import traces:
  Client Component Browser:
    ./components/spinners/spinner-morph.tsx [Client Component Browser]
    ./app/page.tsx [Client Component Browser]
    ./app/page.tsx [Server Component]

  Client Component SSR:
    ./components/spinners/spinner-morph.tsx [Client Component SSR]
    ./app/page.tsx [Client Component SSR]
    ./app/page.tsx [Server Component]

https://nextjs.org/docs/messages/module-not-found @ http://localhost:4200/_next/static/chunks/0aus_next_dist_00tg.dm._.js:1945
[     993ms] [ERROR] ./app/cosma/page.tsx:3:1
Module not found: Can't resolve '@/components/cosma/playground'
  1 | import type { Metadata } from "next";
  2 | import { Navigation } from "@/components/navigation";
> 3 | import { CosmaPlayground } from "@/components/cosma/playground";
    | ^^^^^^^^^^^^^^^^^^^^^^^^^^^^^^^^^^^^^^^^^^^^^^^^^^^^^^^^^^^^^^^^
  4 | import { SiteFooter } from "@/components/site-footer";
  5 | import { CoffeeSupportCard } from "@/components/coffee-support-card";
  6 |

Import map: aliased to relative './components/cosma/playground' inside of [project]/

https://nextjs.org/docs/messages/module-not-found @ http://localhost:4200/_next/static/chunks/0aus_next_dist_00tg.dm._.js:1945
[    1057ms] [ERROR] ./app/page.tsx:15:1
Module not found: Can't resolve '@/components/cosma/cosmo-morph'
  13 | import { PixelIconRocket } from "@/components/pixel-icon-rocket";
  14 | import CodeIcon from "@/components/icons/code-icon";
> 15 | import { CosmoMorph } from "@/components/cosma/cosmo-morph";
     | ^^^^^^^^^^^^^^^^^^^^^^^^^^^^^^^^^^^^^^^^^^^^^^^^^^^^^^^^^^^^
  16 | import { SpinnerMorph } from "@/components/spinners/spinner-morph";
  17 |
  18 | const structuredData = {

Import map: aliased to relative './components/cosma/cosmo-morph' inside of [project]/

Import traces:
  Client Component Browser:
    ./app/page.tsx [Client Component Browser]
    ./app/page.tsx [Server Component]

  Client Component SSR:
    ./app/page.tsx [Client Component SSR]
    ./app/page.tsx [Server Component]

https://nextjs.org/docs/messages/module-not-found @ http://localhost:4200/_next/static/chunks/0aus_next_dist_00tg.dm._.js:1945
[    1057ms] [ERROR] ./components/spinners/spinner-morph.tsx:16:1
Module not found: Can't resolve '@/components/cosma/cosmo-morph'
  14 | import { ScrollTrigger } from "gsap/ScrollTrigger";
  15 | import { useGSAP } from "@gsap/react";
> 16 | import { TickSlider } from "@/components/cosma/cosmo-morph";
     | ^^^^^^^^^^^^^^^^^^^^^^^^^^^^^^^^^^^^^^^^^^^^^^^^^^^^^^^^^^^^
  17 | import {
  18 |   PixelSpinner,
  19 |   type SpinnerAnimation,

Import map: aliased to relative './components/cosma/cosmo-morph' inside of [project]/

Import traces:
  Client Component Browser:
    ./components/spinners/spinner-morph.tsx [Client Component Browser]
    ./app/page.tsx [Client Component Browser]
    ./app/page.tsx [Server Component]

  Client Component SSR:
    ./components/spinners/spinner-morph.tsx [Client Component SSR]
    ./app/page.tsx [Client Component SSR]
    ./app/page.tsx [Server Component]

https://nextjs.org/docs/messages/module-not-found @ http://localhost:4200/_next/static/chunks/0aus_next_dist_00tg.dm._.js:1945
[    1057ms] [ERROR] ./app/cosma/page.tsx:3:1
Module not found: Can't resolve '@/components/cosma/playground'
  1 | import type { Metadata } from "next";
  2 | import { Navigation } from "@/components/navigation";
> 3 | import { CosmaPlayground } from "@/components/cosma/playground";
    | ^^^^^^^^^^^^^^^^^^^^^^^^^^^^^^^^^^^^^^^^^^^^^^^^^^^^^^^^^^^^^^^^
  4 | import { SiteFooter } from "@/components/site-footer";
  5 | import { CoffeeSupportCard } from "@/components/coffee-support-card";
  6 |

Import map: aliased to relative './components/cosma/playground' inside of [project]/

https://nextjs.org/docs/messages/module-not-found @ http://localhost:4200/_next/static/chunks/0aus_next_dist_00tg.dm._.js:1945
[    1122ms] [ERROR] ./app/page.tsx:15:1
Module not found: Can't resolve '@/components/cosma/cosmo-morph'
  13 | import { PixelIconRocket } from "@/components/pixel-icon-rocket";
  14 | import CodeIcon from "@/components/icons/code-icon";
> 15 | import { CosmoMorph } from "@/components/cosma/cosmo-morph";
     | ^^^^^^^^^^^^^^^^^^^^^^^^^^^^^^^^^^^^^^^^^^^^^^^^^^^^^^^^^^^^
  16 | import { SpinnerMorph } from "@/components/spinners/spinner-morph";
  17 |
  18 | const structuredData = {

Import map: aliased to relative './components/cosma/cosmo-morph' inside of [project]/

Import traces:
  Client Component Browser:
    ./app/page.tsx [Client Component Browser]
    ./app/page.tsx [Server Component]

  Client Component SSR:
    ./app/page.tsx [Client Component SSR]
    ./app/page.tsx [Server Component]

https://nextjs.org/docs/messages/module-not-found @ http://localhost:4200/_next/static/chunks/0aus_next_dist_00tg.dm._.js:1945
[    1122ms] [ERROR] ./components/spinners/spinner-morph.tsx:16:1
Module not found: Can't resolve '@/components/cosma/cosmo-morph'
  14 | import { ScrollTrigger } from "gsap/ScrollTrigger";
  15 | import { useGSAP } from "@gsap/react";
> 16 | import { TickSlider } from "@/components/cosma/cosmo-morph";
     | ^^^^^^^^^^^^^^^^^^^^^^^^^^^^^^^^^^^^^^^^^^^^^^^^^^^^^^^^^^^^
  17 | import {
  18 |   PixelSpinner,
  19 |   type SpinnerAnimation,

Import map: aliased to relative './components/cosma/cosmo-morph' inside of [project]/

Import traces:
  Client Component Browser:
    ./components/spinners/spinner-morph.tsx [Client Component Browser]
    ./app/page.tsx [Client Component Browser]
    ./app/page.tsx [Server Component]

  Client Component SSR:
    ./components/spinners/spinner-morph.tsx [Client Component SSR]
    ./app/page.tsx [Client Component SSR]
    ./app/page.tsx [Server Component]

https://nextjs.org/docs/messages/module-not-found @ http://localhost:4200/_next/static/chunks/0aus_next_dist_00tg.dm._.js:1945
[    1122ms] [ERROR] ./app/cosma/page.tsx:3:1
Module not found: Can't resolve '@/components/cosma/playground'
  1 | import type { Metadata } from "next";
  2 | import { Navigation } from "@/components/navigation";
> 3 | import { CosmaPlayground } from "@/components/cosma/playground";
    | ^^^^^^^^^^^^^^^^^^^^^^^^^^^^^^^^^^^^^^^^^^^^^^^^^^^^^^^^^^^^^^^^
  4 | import { SiteFooter } from "@/components/site-footer";
  5 | import { CoffeeSupportCard } from "@/components/coffee-support-card";
  6 |

Import map: aliased to relative './components/cosma/playground' inside of [project]/

https://nextjs.org/docs/messages/module-not-found @ http://localhost:4200/_next/static/chunks/0aus_next_dist_00tg.dm._.js:1945
[    1189ms] [ERROR] ./app/page.tsx:15:1
Module not found: Can't resolve '@/components/cosma/cosmo-morph'
  13 | import { PixelIconRocket } from "@/components/pixel-icon-rocket";
  14 | import CodeIcon from "@/components/icons/code-icon";
> 15 | import { CosmoMorph } from "@/components/cosma/cosmo-morph";
     | ^^^^^^^^^^^^^^^^^^^^^^^^^^^^^^^^^^^^^^^^^^^^^^^^^^^^^^^^^^^^
  16 | import { SpinnerMorph } from "@/components/spinners/spinner-morph";
  17 |
  18 | const structuredData = {

Import map: aliased to relative './components/cosma/cosmo-morph' inside of [project]/

Import traces:
  Client Component Browser:
    ./app/page.tsx [Client Component Browser]
    ./app/page.tsx [Server Component]

  Client Component SSR:
    ./app/page.tsx [Client Component SSR]
    ./app/page.tsx [Server Component]

https://nextjs.org/docs/messages/module-not-found @ http://localhost:4200/_next/static/chunks/0aus_next_dist_00tg.dm._.js:1945
[    1189ms] [ERROR] ./components/spinners/spinner-morph.tsx:16:1
Module not found: Can't resolve '@/components/cosma/cosmo-morph'
  14 | import { ScrollTrigger } from "gsap/ScrollTrigger";
  15 | import { useGSAP } from "@gsap/react";
> 16 | import { TickSlider } from "@/components/cosma/cosmo-morph";
     | ^^^^^^^^^^^^^^^^^^^^^^^^^^^^^^^^^^^^^^^^^^^^^^^^^^^^^^^^^^^^
  17 | import {
  18 |   PixelSpinner,
  19 |   type SpinnerAnimation,

Import map: aliased to relative './components/cosma/cosmo-morph' inside of [project]/

Import traces:
  Client Component Browser:
    ./components/spinners/spinner-morph.tsx [Client Component Browser]
    ./app/page.tsx [Client Component Browser]
    ./app/page.tsx [Server Component]

  Client Component SSR:
    ./components/spinners/spinner-morph.tsx [Client Component SSR]
    ./app/page.tsx [Client Component SSR]
    ./app/page.tsx [Server Component]

https://nextjs.org/docs/messages/module-not-found @ http://localhost:4200/_next/static/chunks/0aus_next_dist_00tg.dm._.js:1945
[    1189ms] [ERROR] ./app/cosma/page.tsx:3:1
Module not found: Can't resolve '@/components/cosma/playground'
  1 | import type { Metadata } from "next";
  2 | import { Navigation } from "@/components/navigation";
> 3 | import { CosmaPlayground } from "@/components/cosma/playground";
    | ^^^^^^^^^^^^^^^^^^^^^^^^^^^^^^^^^^^^^^^^^^^^^^^^^^^^^^^^^^^^^^^^
  4 | import { SiteFooter } from "@/components/site-footer";
  5 | import { CoffeeSupportCard } from "@/components/coffee-support-card";
  6 |

Import map: aliased to relative './components/cosma/playground' inside of [project]/

https://nextjs.org/docs/messages/module-not-found @ http://localhost:4200/_next/static/chunks/0aus_next_dist_00tg.dm._.js:1945
[    1253ms] [ERROR] ./app/page.tsx:15:1
Module not found: Can't resolve '@/components/cosma/cosmo-morph'
  13 | import { PixelIconRocket } from "@/components/pixel-icon-rocket";
  14 | import CodeIcon from "@/components/icons/code-icon";
> 15 | import { CosmoMorph } from "@/components/cosma/cosmo-morph";
     | ^^^^^^^^^^^^^^^^^^^^^^^^^^^^^^^^^^^^^^^^^^^^^^^^^^^^^^^^^^^^
  16 | import { SpinnerMorph } from "@/components/spinners/spinner-morph";
  17 |
  18 | const structuredData = {

Import map: aliased to relative './components/cosma/cosmo-morph' inside of [project]/

Import traces:
  Client Component Browser:
    ./app/page.tsx [Client Component Browser]
    ./app/page.tsx [Server Component]

  Client Component SSR:
    ./app/page.tsx [Client Component SSR]
    ./app/page.tsx [Server Component]

https://nextjs.org/docs/messages/module-not-found @ http://localhost:4200/_next/static/chunks/0aus_next_dist_00tg.dm._.js:1945
[    1253ms] [ERROR] ./components/spinners/spinner-morph.tsx:16:1
Module not found: Can't resolve '@/components/cosma/cosmo-morph'
  14 | import { ScrollTrigger } from "gsap/ScrollTrigger";
  15 | import { useGSAP } from "@gsap/react";
> 16 | import { TickSlider } from "@/components/cosma/cosmo-morph";
     | ^^^^^^^^^^^^^^^^^^^^^^^^^^^^^^^^^^^^^^^^^^^^^^^^^^^^^^^^^^^^
  17 | import {
  18 |   PixelSpinner,
  19 |   type SpinnerAnimation,

Import map: aliased to relative './components/cosma/cosmo-morph' inside of [project]/

Import traces:
  Client Component Browser:
    ./components/spinners/spinner-morph.tsx [Client Component Browser]
    ./app/page.tsx [Client Component Browser]
    ./app/page.tsx [Server Component]

  Client Component SSR:
    ./components/spinners/spinner-morph.tsx [Client Component SSR]
    ./app/page.tsx [Client Component SSR]
    ./app/page.tsx [Server Component]

https://nextjs.org/docs/messages/module-not-found @ http://localhost:4200/_next/static/chunks/0aus_next_dist_00tg.dm._.js:1945
[    1253ms] [ERROR] ./app/cosma/page.tsx:3:1
Module not found: Can't resolve '@/components/cosma/playground'
  1 | import type { Metadata } from "next";
  2 | import { Navigation } from "@/components/navigation";
> 3 | import { CosmaPlayground } from "@/components/cosma/playground";
    | ^^^^^^^^^^^^^^^^^^^^^^^^^^^^^^^^^^^^^^^^^^^^^^^^^^^^^^^^^^^^^^^^
  4 | import { SiteFooter } from "@/components/site-footer";
  5 | import { CoffeeSupportCard } from "@/components/coffee-support-card";
  6 |

Import map: aliased to relative './components/cosma/playground' inside of [project]/

https://nextjs.org/docs/messages/module-not-found @ http://localhost:4200/_next/static/chunks/0aus_next_dist_00tg.dm._.js:1945
[    1317ms] [ERROR] ./app/page.tsx:15:1
Module not found: Can't resolve '@/components/cosma/cosmo-morph'
  13 | import { PixelIconRocket } from "@/components/pixel-icon-rocket";
  14 | import CodeIcon from "@/components/icons/code-icon";
> 15 | import { CosmoMorph } from "@/components/cosma/cosmo-morph";
     | ^^^^^^^^^^^^^^^^^^^^^^^^^^^^^^^^^^^^^^^^^^^^^^^^^^^^^^^^^^^^
  16 | import { SpinnerMorph } from "@/components/spinners/spinner-morph";
  17 |
  18 | const structuredData = {

Import map: aliased to relative './components/cosma/cosmo-morph' inside of [project]/

Import traces:
  Client Component Browser:
    ./app/page.tsx [Client Component Browser]
    ./app/page.tsx [Server Component]

  Client Component SSR:
    ./app/page.tsx [Client Component SSR]
    ./app/page.tsx [Server Component]

https://nextjs.org/docs/messages/module-not-found @ http://localhost:4200/_next/static/chunks/0aus_next_dist_00tg.dm._.js:1945
[    1317ms] [ERROR] ./components/spinners/spinner-morph.tsx:16:1
Module not found: Can't resolve '@/components/cosma/cosmo-morph'
  14 | import { ScrollTrigger } from "gsap/ScrollTrigger";
  15 | import { useGSAP } from "@gsap/react";
> 16 | import { TickSlider } from "@/components/cosma/cosmo-morph";
     | ^^^^^^^^^^^^^^^^^^^^^^^^^^^^^^^^^^^^^^^^^^^^^^^^^^^^^^^^^^^^
  17 | import {
  18 |   PixelSpinner,
  19 |   type SpinnerAnimation,

Import map: aliased to relative './components/cosma/cosmo-morph' inside of [project]/

Import traces:
  Client Component Browser:
    ./components/spinners/spinner-morph.tsx [Client Component Browser]
    ./app/page.tsx [Client Component Browser]
    ./app/page.tsx [Server Component]

  Client Component SSR:
    ./components/spinners/spinner-morph.tsx [Client Component SSR]
    ./app/page.tsx [Client Component SSR]
    ./app/page.tsx [Server Component]

https://nextjs.org/docs/messages/module-not-found @ http://localhost:4200/_next/static/chunks/0aus_next_dist_00tg.dm._.js:1945
[    1317ms] [ERROR] ./app/cosma/page.tsx:3:1
Module not found: Can't resolve '@/components/cosma/playground'
  1 | import type { Metadata } from "next";
  2 | import { Navigation } from "@/components/navigation";
> 3 | import { CosmaPlayground } from "@/components/cosma/playground";
    | ^^^^^^^^^^^^^^^^^^^^^^^^^^^^^^^^^^^^^^^^^^^^^^^^^^^^^^^^^^^^^^^^
  4 | import { SiteFooter } from "@/components/site-footer";
  5 | import { CoffeeSupportCard } from "@/components/coffee-support-card";
  6 |

Import map: aliased to relative './components/cosma/playground' inside of [project]/

https://nextjs.org/docs/messages/module-not-found @ http://localhost:4200/_next/static/chunks/0aus_next_dist_00tg.dm._.js:1945
[    1382ms] [ERROR] ./app/page.tsx:15:1
Module not found: Can't resolve '@/components/cosma/cosmo-morph'
  13 | import { PixelIconRocket } from "@/components/pixel-icon-rocket";
  14 | import CodeIcon from "@/components/icons/code-icon";
> 15 | import { CosmoMorph } from "@/components/cosma/cosmo-morph";
     | ^^^^^^^^^^^^^^^^^^^^^^^^^^^^^^^^^^^^^^^^^^^^^^^^^^^^^^^^^^^^
  16 | import { SpinnerMorph } from "@/components/spinners/spinner-morph";
  17 |
  18 | const structuredData = {

Import map: aliased to relative './components/cosma/cosmo-morph' inside of [project]/

Import traces:
  Client Component Browser:
    ./app/page.tsx [Client Component Browser]
    ./app/page.tsx [Server Component]

  Client Component SSR:
    ./app/page.tsx [Client Component SSR]
    ./app/page.tsx [Server Component]

https://nextjs.org/docs/messages/module-not-found @ http://localhost:4200/_next/static/chunks/0aus_next_dist_00tg.dm._.js:1945
[    1382ms] [ERROR] ./components/spinners/spinner-morph.tsx:16:1
Module not found: Can't resolve '@/components/cosma/cosmo-morph'
  14 | import { ScrollTrigger } from "gsap/ScrollTrigger";
  15 | import { useGSAP } from "@gsap/react";
> 16 | import { TickSlider } from "@/components/cosma/cosmo-morph";
     | ^^^^^^^^^^^^^^^^^^^^^^^^^^^^^^^^^^^^^^^^^^^^^^^^^^^^^^^^^^^^
  17 | import {
  18 |   PixelSpinner,
  19 |   type SpinnerAnimation,

Import map: aliased to relative './components/cosma/cosmo-morph' inside of [project]/

Import traces:
  Client Component Browser:
    ./components/spinners/spinner-morph.tsx [Client Component Browser]
    ./app/page.tsx [Client Component Browser]
    ./app/page.tsx [Server Component]

  Client Component SSR:
    ./components/spinners/spinner-morph.tsx [Client Component SSR]
    ./app/page.tsx [Client Component SSR]
    ./app/page.tsx [Server Component]

https://nextjs.org/docs/messages/module-not-found @ http://localhost:4200/_next/static/chunks/0aus_next_dist_00tg.dm._.js:1945
[    1383ms] [ERROR] ./app/cosma/page.tsx:3:1
Module not found: Can't resolve '@/components/cosma/playground'
  1 | import type { Metadata } from "next";
  2 | import { Navigation } from "@/components/navigation";
> 3 | import { CosmaPlayground } from "@/components/cosma/playground";
    | ^^^^^^^^^^^^^^^^^^^^^^^^^^^^^^^^^^^^^^^^^^^^^^^^^^^^^^^^^^^^^^^^
  4 | import { SiteFooter } from "@/components/site-footer";
  5 | import { CoffeeSupportCard } from "@/components/coffee-support-card";
  6 |

Import map: aliased to relative './components/cosma/playground' inside of [project]/

https://nextjs.org/docs/messages/module-not-found @ http://localhost:4200/_next/static/chunks/0aus_next_dist_00tg.dm._.js:1945
[    1446ms] [ERROR] ./app/page.tsx:15:1
Module not found: Can't resolve '@/components/cosma/cosmo-morph'
  13 | import { PixelIconRocket } from "@/components/pixel-icon-rocket";
  14 | import CodeIcon from "@/components/icons/code-icon";
> 15 | import { CosmoMorph } from "@/components/cosma/cosmo-morph";
     | ^^^^^^^^^^^^^^^^^^^^^^^^^^^^^^^^^^^^^^^^^^^^^^^^^^^^^^^^^^^^
  16 | import { SpinnerMorph } from "@/components/spinners/spinner-morph";
  17 |
  18 | const structuredData = {

Import map: aliased to relative './components/cosma/cosmo-morph' inside of [project]/

Import traces:
  Client Component Browser:
    ./app/page.tsx [Client Component Browser]
    ./app/page.tsx [Server Component]

  Client Component SSR:
    ./app/page.tsx [Client Component SSR]
    ./app/page.tsx [Server Component]

https://nextjs.org/docs/messages/module-not-found @ http://localhost:4200/_next/static/chunks/0aus_next_dist_00tg.dm._.js:1945
[    1446ms] [ERROR] ./components/spinners/spinner-morph.tsx:16:1
Module not found: Can't resolve '@/components/cosma/cosmo-morph'
  14 | import { ScrollTrigger } from "gsap/ScrollTrigger";
  15 | import { useGSAP } from "@gsap/react";
> 16 | import { TickSlider } from "@/components/cosma/cosmo-morph";
     | ^^^^^^^^^^^^^^^^^^^^^^^^^^^^^^^^^^^^^^^^^^^^^^^^^^^^^^^^^^^^
  17 | import {
  18 |   PixelSpinner,
  19 |   type SpinnerAnimation,

Import map: aliased to relative './components/cosma/cosmo-morph' inside of [project]/

Import traces:
  Client Component Browser:
    ./components/spinners/spinner-morph.tsx [Client Component Browser]
    ./app/page.tsx [Client Component Browser]
    ./app/page.tsx [Server Component]

  Client Component SSR:
    ./components/spinners/spinner-morph.tsx [Client Component SSR]
    ./app/page.tsx [Client Component SSR]
    ./app/page.tsx [Server Component]

https://nextjs.org/docs/messages/module-not-found @ http://localhost:4200/_next/static/chunks/0aus_next_dist_00tg.dm._.js:1945
[    1446ms] [ERROR] ./app/cosma/page.tsx:3:1
Module not found: Can't resolve '@/components/cosma/playground'
  1 | import type { Metadata } from "next";
  2 | import { Navigation } from "@/components/navigation";
> 3 | import { CosmaPlayground } from "@/components/cosma/playground";
    | ^^^^^^^^^^^^^^^^^^^^^^^^^^^^^^^^^^^^^^^^^^^^^^^^^^^^^^^^^^^^^^^^
  4 | import { SiteFooter } from "@/components/site-footer";
  5 | import { CoffeeSupportCard } from "@/components/coffee-support-card";
  6 |

Import map: aliased to relative './components/cosma/playground' inside of [project]/

https://nextjs.org/docs/messages/module-not-found @ http://localhost:4200/_next/static/chunks/0aus_next_dist_00tg.dm._.js:1945
[    1509ms] [ERROR] ./app/page.tsx:15:1
Module not found: Can't resolve '@/components/cosma/cosmo-morph'
  13 | import { PixelIconRocket } from "@/components/pixel-icon-rocket";
  14 | import CodeIcon from "@/components/icons/code-icon";
> 15 | import { CosmoMorph } from "@/components/cosma/cosmo-morph";
     | ^^^^^^^^^^^^^^^^^^^^^^^^^^^^^^^^^^^^^^^^^^^^^^^^^^^^^^^^^^^^
  16 | import { SpinnerMorph } from "@/components/spinners/spinner-morph";
  17 |
  18 | const structuredData = {

Import map: aliased to relative './components/cosma/cosmo-morph' inside of [project]/

Import traces:
  Client Component Browser:
    ./app/page.tsx [Client Component Browser]
    ./app/page.tsx [Server Component]

  Client Component SSR:
    ./app/page.tsx [Client Component SSR]
    ./app/page.tsx [Server Component]

https://nextjs.org/docs/messages/module-not-found @ http://localhost:4200/_next/static/chunks/0aus_next_dist_00tg.dm._.js:1945
[    1509ms] [ERROR] ./components/spinners/spinner-morph.tsx:16:1
Module not found: Can't resolve '@/components/cosma/cosmo-morph'
  14 | import { ScrollTrigger } from "gsap/ScrollTrigger";
  15 | import { useGSAP } from "@gsap/react";
> 16 | import { TickSlider } from "@/components/cosma/cosmo-morph";
     | ^^^^^^^^^^^^^^^^^^^^^^^^^^^^^^^^^^^^^^^^^^^^^^^^^^^^^^^^^^^^
  17 | import {
  18 |   PixelSpinner,
  19 |   type SpinnerAnimation,

Import map: aliased to relative './components/cosma/cosmo-morph' inside of [project]/

Import traces:
  Client Component Browser:
    ./components/spinners/spinner-morph.tsx [Client Component Browser]
    ./app/page.tsx [Client Component Browser]
    ./app/page.tsx [Server Component]

  Client Component SSR:
    ./components/spinners/spinner-morph.tsx [Client Component SSR]
    ./app/page.tsx [Client Component SSR]
    ./app/page.tsx [Server Component]

https://nextjs.org/docs/messages/module-not-found @ http://localhost:4200/_next/static/chunks/0aus_next_dist_00tg.dm._.js:1945
[    1509ms] [ERROR] ./app/cosma/page.tsx:3:1
Module not found: Can't resolve '@/components/cosma/playground'
  1 | import type { Metadata } from "next";
  2 | import { Navigation } from "@/components/navigation";
> 3 | import { CosmaPlayground } from "@/components/cosma/playground";
    | ^^^^^^^^^^^^^^^^^^^^^^^^^^^^^^^^^^^^^^^^^^^^^^^^^^^^^^^^^^^^^^^^
  4 | import { SiteFooter } from "@/components/site-footer";
  5 | import { CoffeeSupportCard } from "@/components/coffee-support-card";
  6 |

Import map: aliased to relative './components/cosma/playground' inside of [project]/

https://nextjs.org/docs/messages/module-not-found @ http://localhost:4200/_next/static/chunks/0aus_next_dist_00tg.dm._.js:1945
[    1576ms] [ERROR] ./app/page.tsx:15:1
Module not found: Can't resolve '@/components/cosma/cosmo-morph'
  13 | import { PixelIconRocket } from "@/components/pixel-icon-rocket";
  14 | import CodeIcon from "@/components/icons/code-icon";
> 15 | import { CosmoMorph } from "@/components/cosma/cosmo-morph";
     | ^^^^^^^^^^^^^^^^^^^^^^^^^^^^^^^^^^^^^^^^^^^^^^^^^^^^^^^^^^^^
  16 | import { SpinnerMorph } from "@/components/spinners/spinner-morph";
  17 |
  18 | const structuredData = {

Import map: aliased to relative './components/cosma/cosmo-morph' inside of [project]/

Import traces:
  Client Component Browser:
    ./app/page.tsx [Client Component Browser]
    ./app/page.tsx [Server Component]

  Client Component SSR:
    ./app/page.tsx [Client Component SSR]
    ./app/page.tsx [Server Component]

https://nextjs.org/docs/messages/module-not-found @ http://localhost:4200/_next/static/chunks/0aus_next_dist_00tg.dm._.js:1945
[    1576ms] [ERROR] ./components/spinners/spinner-morph.tsx:16:1
Module not found: Can't resolve '@/components/cosma/cosmo-morph'
  14 | import { ScrollTrigger } from "gsap/ScrollTrigger";
  15 | import { useGSAP } from "@gsap/react";
> 16 | import { TickSlider } from "@/components/cosma/cosmo-morph";
     | ^^^^^^^^^^^^^^^^^^^^^^^^^^^^^^^^^^^^^^^^^^^^^^^^^^^^^^^^^^^^
  17 | import {
  18 |   PixelSpinner,
  19 |   type SpinnerAnimation,

Import map: aliased to relative './components/cosma/cosmo-morph' inside of [project]/

Import traces:
  Client Component Browser:
    ./components/spinners/spinner-morph.tsx [Client Component Browser]
    ./app/page.tsx [Client Component Browser]
    ./app/page.tsx [Server Component]

  Client Component SSR:
    ./components/spinners/spinner-morph.tsx [Client Component SSR]
    ./app/page.tsx [Client Component SSR]
    ./app/page.tsx [Server Component]

https://nextjs.org/docs/messages/module-not-found @ http://localhost:4200/_next/static/chunks/0aus_next_dist_00tg.dm._.js:1945
[    1576ms] [ERROR] ./app/cosma/page.tsx:3:1
Module not found: Can't resolve '@/components/cosma/playground'
  1 | import type { Metadata } from "next";
  2 | import { Navigation } from "@/components/navigation";
> 3 | import { CosmaPlayground } from "@/components/cosma/playground";
    | ^^^^^^^^^^^^^^^^^^^^^^^^^^^^^^^^^^^^^^^^^^^^^^^^^^^^^^^^^^^^^^^^
  4 | import { SiteFooter } from "@/components/site-footer";
  5 | import { CoffeeSupportCard } from "@/components/coffee-support-card";
  6 |

Import map: aliased to relative './components/cosma/playground' inside of [project]/

https://nextjs.org/docs/messages/module-not-found @ http://localhost:4200/_next/static/chunks/0aus_next_dist_00tg.dm._.js:1945
[    1639ms] [ERROR] ./app/page.tsx:15:1
Module not found: Can't resolve '@/components/cosma/cosmo-morph'
  13 | import { PixelIconRocket } from "@/components/pixel-icon-rocket";
  14 | import CodeIcon from "@/components/icons/code-icon";
> 15 | import { CosmoMorph } from "@/components/cosma/cosmo-morph";
     | ^^^^^^^^^^^^^^^^^^^^^^^^^^^^^^^^^^^^^^^^^^^^^^^^^^^^^^^^^^^^
  16 | import { SpinnerMorph } from "@/components/spinners/spinner-morph";
  17 |
  18 | const structuredData = {

Import map: aliased to relative './components/cosma/cosmo-morph' inside of [project]/

Import traces:
  Client Component Browser:
    ./app/page.tsx [Client Component Browser]
    ./app/page.tsx [Server Component]

  Client Component SSR:
    ./app/page.tsx [Client Component SSR]
    ./app/page.tsx [Server Component]

https://nextjs.org/docs/messages/module-not-found @ http://localhost:4200/_next/static/chunks/0aus_next_dist_00tg.dm._.js:1945
[    1639ms] [ERROR] ./components/spinners/spinner-morph.tsx:16:1
Module not found: Can't resolve '@/components/cosma/cosmo-morph'
  14 | import { ScrollTrigger } from "gsap/ScrollTrigger";
  15 | import { useGSAP } from "@gsap/react";
> 16 | import { TickSlider } from "@/components/cosma/cosmo-morph";
     | ^^^^^^^^^^^^^^^^^^^^^^^^^^^^^^^^^^^^^^^^^^^^^^^^^^^^^^^^^^^^
  17 | import {
  18 |   PixelSpinner,
  19 |   type SpinnerAnimation,

Import map: aliased to relative './components/cosma/cosmo-morph' inside of [project]/

Import traces:
  Client Component Browser:
    ./components/spinners/spinner-morph.tsx [Client Component Browser]
    ./app/page.tsx [Client Component Browser]
    ./app/page.tsx [Server Component]

  Client Component SSR:
    ./components/spinners/spinner-morph.tsx [Client Component SSR]
    ./app/page.tsx [Client Component SSR]
    ./app/page.tsx [Server Component]

https://nextjs.org/docs/messages/module-not-found @ http://localhost:4200/_next/static/chunks/0aus_next_dist_00tg.dm._.js:1945
[    1639ms] [ERROR] ./app/cosma/page.tsx:3:1
Module not found: Can't resolve '@/components/cosma/playground'
  1 | import type { Metadata } from "next";
  2 | import { Navigation } from "@/components/navigation";
> 3 | import { CosmaPlayground } from "@/components/cosma/playground";
    | ^^^^^^^^^^^^^^^^^^^^^^^^^^^^^^^^^^^^^^^^^^^^^^^^^^^^^^^^^^^^^^^^
  4 | import { SiteFooter } from "@/components/site-footer";
  5 | import { CoffeeSupportCard } from "@/components/coffee-support-card";
  6 |

Import map: aliased to relative './components/cosma/playground' inside of [project]/

https://nextjs.org/docs/messages/module-not-found @ http://localhost:4200/_next/static/chunks/0aus_next_dist_00tg.dm._.js:1945
[    1702ms] [ERROR] ./app/page.tsx:15:1
Module not found: Can't resolve '@/components/cosma/cosmo-morph'
  13 | import { PixelIconRocket } from "@/components/pixel-icon-rocket";
  14 | import CodeIcon from "@/components/icons/code-icon";
> 15 | import { CosmoMorph } from "@/components/cosma/cosmo-morph";
     | ^^^^^^^^^^^^^^^^^^^^^^^^^^^^^^^^^^^^^^^^^^^^^^^^^^^^^^^^^^^^
  16 | import { SpinnerMorph } from "@/components/spinners/spinner-morph";
  17 |
  18 | const structuredData = {

Import map: aliased to relative './components/cosma/cosmo-morph' inside of [project]/

Import traces:
  Client Component Browser:
    ./app/page.tsx [Client Component Browser]
    ./app/page.tsx [Server Component]

  Client Component SSR:
    ./app/page.tsx [Client Component SSR]
    ./app/page.tsx [Server Component]

https://nextjs.org/docs/messages/module-not-found @ http://localhost:4200/_next/static/chunks/0aus_next_dist_00tg.dm._.js:1945
[    1702ms] [ERROR] ./components/spinners/spinner-morph.tsx:16:1
Module not found: Can't resolve '@/components/cosma/cosmo-morph'
  14 | import { ScrollTrigger } from "gsap/ScrollTrigger";
  15 | import { useGSAP } from "@gsap/react";
> 16 | import { TickSlider } from "@/components/cosma/cosmo-morph";
     | ^^^^^^^^^^^^^^^^^^^^^^^^^^^^^^^^^^^^^^^^^^^^^^^^^^^^^^^^^^^^
  17 | import {
  18 |   PixelSpinner,
  19 |   type SpinnerAnimation,

Import map: aliased to relative './components/cosma/cosmo-morph' inside of [project]/

Import traces:
  Client Component Browser:
    ./components/spinners/spinner-morph.tsx [Client Component Browser]
    ./app/page.tsx [Client Component Browser]
    ./app/page.tsx [Server Component]

  Client Component SSR:
    ./components/spinners/spinner-morph.tsx [Client Component SSR]
    ./app/page.tsx [Client Component SSR]
    ./app/page.tsx [Server Component]

https://nextjs.org/docs/messages/module-not-found @ http://localhost:4200/_next/static/chunks/0aus_next_dist_00tg.dm._.js:1945
[    1702ms] [ERROR] ./app/cosma/page.tsx:3:1
Module not found: Can't resolve '@/components/cosma/playground'
  1 | import type { Metadata } from "next";
  2 | import { Navigation } from "@/components/navigation";
> 3 | import { CosmaPlayground } from "@/components/cosma/playground";
    | ^^^^^^^^^^^^^^^^^^^^^^^^^^^^^^^^^^^^^^^^^^^^^^^^^^^^^^^^^^^^^^^^
  4 | import { SiteFooter } from "@/components/site-footer";
  5 | import { CoffeeSupportCard } from "@/components/coffee-support-card";
  6 |

Import map: aliased to relative './components/cosma/playground' inside of [project]/

https://nextjs.org/docs/messages/module-not-found @ http://localhost:4200/_next/static/chunks/0aus_next_dist_00tg.dm._.js:1945
[    1765ms] [ERROR] ./app/page.tsx:15:1
Module not found: Can't resolve '@/components/cosma/cosmo-morph'
  13 | import { PixelIconRocket } from "@/components/pixel-icon-rocket";
  14 | import CodeIcon from "@/components/icons/code-icon";
> 15 | import { CosmoMorph } from "@/components/cosma/cosmo-morph";
     | ^^^^^^^^^^^^^^^^^^^^^^^^^^^^^^^^^^^^^^^^^^^^^^^^^^^^^^^^^^^^
  16 | import { SpinnerMorph } from "@/components/spinners/spinner-morph";
  17 |
  18 | const structuredData = {

Import map: aliased to relative './components/cosma/cosmo-morph' inside of [project]/

Import traces:
  Client Component Browser:
    ./app/page.tsx [Client Component Browser]
    ./app/page.tsx [Server Component]

  Client Component SSR:
    ./app/page.tsx [Client Component SSR]
    ./app/page.tsx [Server Component]

https://nextjs.org/docs/messages/module-not-found @ http://localhost:4200/_next/static/chunks/0aus_next_dist_00tg.dm._.js:1945
[    1765ms] [ERROR] ./components/spinners/spinner-morph.tsx:16:1
Module not found: Can't resolve '@/components/cosma/cosmo-morph'
  14 | import { ScrollTrigger } from "gsap/ScrollTrigger";
  15 | import { useGSAP } from "@gsap/react";
> 16 | import { TickSlider } from "@/components/cosma/cosmo-morph";
     | ^^^^^^^^^^^^^^^^^^^^^^^^^^^^^^^^^^^^^^^^^^^^^^^^^^^^^^^^^^^^
  17 | import {
  18 |   PixelSpinner,
  19 |   type SpinnerAnimation,

Import map: aliased to relative './components/cosma/cosmo-morph' inside of [project]/

Import traces:
  Client Component Browser:
    ./components/spinners/spinner-morph.tsx [Client Component Browser]
    ./app/page.tsx [Client Component Browser]
    ./app/page.tsx [Server Component]

  Client Component SSR:
    ./components/spinners/spinner-morph.tsx [Client Component SSR]
    ./app/page.tsx [Client Component SSR]
    ./app/page.tsx [Server Component]

https://nextjs.org/docs/messages/module-not-found @ http://localhost:4200/_next/static/chunks/0aus_next_dist_00tg.dm._.js:1945
[    1765ms] [ERROR] ./app/cosma/page.tsx:3:1
Module not found: Can't resolve '@/components/cosma/playground'
  1 | import type { Metadata } from "next";
  2 | import { Navigation } from "@/components/navigation";
> 3 | import { CosmaPlayground } from "@/components/cosma/playground";
    | ^^^^^^^^^^^^^^^^^^^^^^^^^^^^^^^^^^^^^^^^^^^^^^^^^^^^^^^^^^^^^^^^
  4 | import { SiteFooter } from "@/components/site-footer";
  5 | import { CoffeeSupportCard } from "@/components/coffee-support-card";
  6 |

Import map: aliased to relative './components/cosma/playground' inside of [project]/

https://nextjs.org/docs/messages/module-not-found @ http://localhost:4200/_next/static/chunks/0aus_next_dist_00tg.dm._.js:1945
[    1830ms] [ERROR] ./app/page.tsx:15:1
Module not found: Can't resolve '@/components/cosma/cosmo-morph'
  13 | import { PixelIconRocket } from "@/components/pixel-icon-rocket";
  14 | import CodeIcon from "@/components/icons/code-icon";
> 15 | import { CosmoMorph } from "@/components/cosma/cosmo-morph";
     | ^^^^^^^^^^^^^^^^^^^^^^^^^^^^^^^^^^^^^^^^^^^^^^^^^^^^^^^^^^^^
  16 | import { SpinnerMorph } from "@/components/spinners/spinner-morph";
  17 |
  18 | const structuredData = {

Import map: aliased to relative './components/cosma/cosmo-morph' inside of [project]/

Import traces:
  Client Component Browser:
    ./app/page.tsx [Client Component Browser]
    ./app/page.tsx [Server Component]

  Client Component SSR:
    ./app/page.tsx [Client Component SSR]
    ./app/page.tsx [Server Component]

https://nextjs.org/docs/messages/module-not-found @ http://localhost:4200/_next/static/chunks/0aus_next_dist_00tg.dm._.js:1945
[    1830ms] [ERROR] ./components/spinners/spinner-morph.tsx:16:1
Module not found: Can't resolve '@/components/cosma/cosmo-morph'
  14 | import { ScrollTrigger } from "gsap/ScrollTrigger";
  15 | import { useGSAP } from "@gsap/react";
> 16 | import { TickSlider } from "@/components/cosma/cosmo-morph";
     | ^^^^^^^^^^^^^^^^^^^^^^^^^^^^^^^^^^^^^^^^^^^^^^^^^^^^^^^^^^^^
  17 | import {
  18 |   PixelSpinner,
  19 |   type SpinnerAnimation,

Import map: aliased to relative './components/cosma/cosmo-morph' inside of [project]/

Import traces:
  Client Component Browser:
    ./components/spinners/spinner-morph.tsx [Client Component Browser]
    ./app/page.tsx [Client Component Browser]
    ./app/page.tsx [Server Component]

  Client Component SSR:
    ./components/spinners/spinner-morph.tsx [Client Component SSR]
    ./app/page.tsx [Client Component SSR]
    ./app/page.tsx [Server Component]

https://nextjs.org/docs/messages/module-not-found @ http://localhost:4200/_next/static/chunks/0aus_next_dist_00tg.dm._.js:1945
[    1830ms] [ERROR] ./app/cosma/page.tsx:3:1
Module not found: Can't resolve '@/components/cosma/playground'
  1 | import type { Metadata } from "next";
  2 | import { Navigation } from "@/components/navigation";
> 3 | import { CosmaPlayground } from "@/components/cosma/playground";
    | ^^^^^^^^^^^^^^^^^^^^^^^^^^^^^^^^^^^^^^^^^^^^^^^^^^^^^^^^^^^^^^^^
  4 | import { SiteFooter } from "@/components/site-footer";
  5 | import { CoffeeSupportCard } from "@/components/coffee-support-card";
  6 |

Import map: aliased to relative './components/cosma/playground' inside of [project]/

https://nextjs.org/docs/messages/module-not-found @ http://localhost:4200/_next/static/chunks/0aus_next_dist_00tg.dm._.js:1945
[    1897ms] [ERROR] ./app/page.tsx:15:1
Module not found: Can't resolve '@/components/cosma/cosmo-morph'
  13 | import { PixelIconRocket } from "@/components/pixel-icon-rocket";
  14 | import CodeIcon from "@/components/icons/code-icon";
> 15 | import { CosmoMorph } from "@/components/cosma/cosmo-morph";
     | ^^^^^^^^^^^^^^^^^^^^^^^^^^^^^^^^^^^^^^^^^^^^^^^^^^^^^^^^^^^^
  16 | import { SpinnerMorph } from "@/components/spinners/spinner-morph";
  17 |
  18 | const structuredData = {

Import map: aliased to relative './components/cosma/cosmo-morph' inside of [project]/

Import traces:
  Client Component Browser:
    ./app/page.tsx [Client Component Browser]
    ./app/page.tsx [Server Component]

  Client Component SSR:
    ./app/page.tsx [Client Component SSR]
    ./app/page.tsx [Server Component]

https://nextjs.org/docs/messages/module-not-found @ http://localhost:4200/_next/static/chunks/0aus_next_dist_00tg.dm._.js:1945
[    1897ms] [ERROR] ./components/spinners/spinner-morph.tsx:16:1
Module not found: Can't resolve '@/components/cosma/cosmo-morph'
  14 | import { ScrollTrigger } from "gsap/ScrollTrigger";
  15 | import { useGSAP } from "@gsap/react";
> 16 | import { TickSlider } from "@/components/cosma/cosmo-morph";
     | ^^^^^^^^^^^^^^^^^^^^^^^^^^^^^^^^^^^^^^^^^^^^^^^^^^^^^^^^^^^^
  17 | import {
  18 |   PixelSpinner,
  19 |   type SpinnerAnimation,

Import map: aliased to relative './components/cosma/cosmo-morph' inside of [project]/

Import traces:
  Client Component Browser:
    ./components/spinners/spinner-morph.tsx [Client Component Browser]
    ./app/page.tsx [Client Component Browser]
    ./app/page.tsx [Server Component]

  Client Component SSR:
    ./components/spinners/spinner-morph.tsx [Client Component SSR]
    ./app/page.tsx [Client Component SSR]
    ./app/page.tsx [Server Component]

https://nextjs.org/docs/messages/module-not-found @ http://localhost:4200/_next/static/chunks/0aus_next_dist_00tg.dm._.js:1945
[    1897ms] [ERROR] ./app/cosma/page.tsx:3:1
Module not found: Can't resolve '@/components/cosma/playground'
  1 | import type { Metadata } from "next";
  2 | import { Navigation } from "@/components/navigation";
> 3 | import { CosmaPlayground } from "@/components/cosma/playground";
    | ^^^^^^^^^^^^^^^^^^^^^^^^^^^^^^^^^^^^^^^^^^^^^^^^^^^^^^^^^^^^^^^^
  4 | import { SiteFooter } from "@/components/site-footer";
  5 | import { CoffeeSupportCard } from "@/components/coffee-support-card";
  6 |

Import map: aliased to relative './components/cosma/playground' inside of [project]/

https://nextjs.org/docs/messages/module-not-found @ http://localhost:4200/_next/static/chunks/0aus_next_dist_00tg.dm._.js:1945
[    1963ms] [ERROR] ./app/page.tsx:15:1
Module not found: Can't resolve '@/components/cosma/cosmo-morph'
  13 | import { PixelIconRocket } from "@/components/pixel-icon-rocket";
  14 | import CodeIcon from "@/components/icons/code-icon";
> 15 | import { CosmoMorph } from "@/components/cosma/cosmo-morph";
     | ^^^^^^^^^^^^^^^^^^^^^^^^^^^^^^^^^^^^^^^^^^^^^^^^^^^^^^^^^^^^
  16 | import { SpinnerMorph } from "@/components/spinners/spinner-morph";
  17 |
  18 | const structuredData = {

Import map: aliased to relative './components/cosma/cosmo-morph' inside of [project]/

Import traces:
  Client Component Browser:
    ./app/page.tsx [Client Component Browser]
    ./app/page.tsx [Server Component]

  Client Component SSR:
    ./app/page.tsx [Client Component SSR]
    ./app/page.tsx [Server Component]

https://nextjs.org/docs/messages/module-not-found @ http://localhost:4200/_next/static/chunks/0aus_next_dist_00tg.dm._.js:1945
[    1963ms] [ERROR] ./components/spinners/spinner-morph.tsx:16:1
Module not found: Can't resolve '@/components/cosma/cosmo-morph'
  14 | import { ScrollTrigger } from "gsap/ScrollTrigger";
  15 | import { useGSAP } from "@gsap/react";
> 16 | import { TickSlider } from "@/components/cosma/cosmo-morph";
     | ^^^^^^^^^^^^^^^^^^^^^^^^^^^^^^^^^^^^^^^^^^^^^^^^^^^^^^^^^^^^
  17 | import {
  18 |   PixelSpinner,
  19 |   type SpinnerAnimation,

Import map: aliased to relative './components/cosma/cosmo-morph' inside of [project]/

Import traces:
  Client Component Browser:
    ./components/spinners/spinner-morph.tsx [Client Component Browser]
    ./app/page.tsx [Client Component Browser]
    ./app/page.tsx [Server Component]

  Client Component SSR:
    ./components/spinners/spinner-morph.tsx [Client Component SSR]
    ./app/page.tsx [Client Component SSR]
    ./app/page.tsx [Server Component]

https://nextjs.org/docs/messages/module-not-found @ http://localhost:4200/_next/static/chunks/0aus_next_dist_00tg.dm._.js:1945
[    1963ms] [ERROR] ./app/cosma/page.tsx:3:1
Module not found: Can't resolve '@/components/cosma/playground'
  1 | import type { Metadata } from "next";
  2 | import { Navigation } from "@/components/navigation";
> 3 | import { CosmaPlayground } from "@/components/cosma/playground";
    | ^^^^^^^^^^^^^^^^^^^^^^^^^^^^^^^^^^^^^^^^^^^^^^^^^^^^^^^^^^^^^^^^
  4 | import { SiteFooter } from "@/components/site-footer";
  5 | import { CoffeeSupportCard } from "@/components/coffee-support-card";
  6 |

Import map: aliased to relative './components/cosma/playground' inside of [project]/

https://nextjs.org/docs/messages/module-not-found @ http://localhost:4200/_next/static/chunks/0aus_next_dist_00tg.dm._.js:1945
[    2029ms] [ERROR] ./app/page.tsx:15:1
Module not found: Can't resolve '@/components/cosma/cosmo-morph'
  13 | import { PixelIconRocket } from "@/components/pixel-icon-rocket";
  14 | import CodeIcon from "@/components/icons/code-icon";
> 15 | import { CosmoMorph } from "@/components/cosma/cosmo-morph";
     | ^^^^^^^^^^^^^^^^^^^^^^^^^^^^^^^^^^^^^^^^^^^^^^^^^^^^^^^^^^^^
  16 | import { SpinnerMorph } from "@/components/spinners/spinner-morph";
  17 |
  18 | const structuredData = {

Import map: aliased to relative './components/cosma/cosmo-morph' inside of [project]/

Import traces:
  Client Component Browser:
    ./app/page.tsx [Client Component Browser]
    ./app/page.tsx [Server Component]

  Client Component SSR:
    ./app/page.tsx [Client Component SSR]
    ./app/page.tsx [Server Component]

https://nextjs.org/docs/messages/module-not-found @ http://localhost:4200/_next/static/chunks/0aus_next_dist_00tg.dm._.js:1945
[    2029ms] [ERROR] ./components/spinners/spinner-morph.tsx:16:1
Module not found: Can't resolve '@/components/cosma/cosmo-morph'
  14 | import { ScrollTrigger } from "gsap/ScrollTrigger";
  15 | import { useGSAP } from "@gsap/react";
> 16 | import { TickSlider } from "@/components/cosma/cosmo-morph";
     | ^^^^^^^^^^^^^^^^^^^^^^^^^^^^^^^^^^^^^^^^^^^^^^^^^^^^^^^^^^^^
  17 | import {
  18 |   PixelSpinner,
  19 |   type SpinnerAnimation,

Import map: aliased to relative './components/cosma/cosmo-morph' inside of [project]/

Import traces:
  Client Component Browser:
    ./components/spinners/spinner-morph.tsx [Client Component Browser]
    ./app/page.tsx [Client Component Browser]
    ./app/page.tsx [Server Component]

  Client Component SSR:
    ./components/spinners/spinner-morph.tsx [Client Component SSR]
    ./app/page.tsx [Client Component SSR]
    ./app/page.tsx [Server Component]

https://nextjs.org/docs/messages/module-not-found @ http://localhost:4200/_next/static/chunks/0aus_next_dist_00tg.dm._.js:1945
[    2029ms] [ERROR] ./app/cosma/page.tsx:3:1
Module not found: Can't resolve '@/components/cosma/playground'
  1 | import type { Metadata } from "next";
  2 | import { Navigation } from "@/components/navigation";
> 3 | import { CosmaPlayground } from "@/components/cosma/playground";
    | ^^^^^^^^^^^^^^^^^^^^^^^^^^^^^^^^^^^^^^^^^^^^^^^^^^^^^^^^^^^^^^^^
  4 | import { SiteFooter } from "@/components/site-footer";
  5 | import { CoffeeSupportCard } from "@/components/coffee-support-card";
  6 |

Import map: aliased to relative './components/cosma/playground' inside of [project]/

https://nextjs.org/docs/messages/module-not-found @ http://localhost:4200/_next/static/chunks/0aus_next_dist_00tg.dm._.js:1945
[    2090ms] [LOG] [Fast Refresh] rebuilding @ http://localhost:4200/_next/static/chunks/0aus_next_dist_00tg.dm._.js:1226
[    2166ms] [ERROR] ./app/page.tsx:15:1
Module not found: Can't resolve '@/components/cosma/cosmo-morph'
  13 | import { PixelIconRocket } from "@/components/pixel-icon-rocket";
  14 | import CodeIcon from "@/components/icons/code-icon";
> 15 | import { CosmoMorph } from "@/components/cosma/cosmo-morph";
     | ^^^^^^^^^^^^^^^^^^^^^^^^^^^^^^^^^^^^^^^^^^^^^^^^^^^^^^^^^^^^
  16 | import { SpinnerMorph } from "@/components/spinners/spinner-morph";
  17 |
  18 | const structuredData = {

Import map: aliased to relative './components/cosma/cosmo-morph' inside of [project]/

Import traces:
  Client Component Browser:
    ./app/page.tsx [Client Component Browser]
    ./app/page.tsx [Server Component]

  Client Component SSR:
    ./app/page.tsx [Client Component SSR]
    ./app/page.tsx [Server Component]

https://nextjs.org/docs/messages/module-not-found @ http://localhost:4200/_next/static/chunks/0aus_next_dist_00tg.dm._.js:1945
[    2166ms] [ERROR] ./components/spinners/spinner-morph.tsx:16:1
Module not found: Can't resolve '@/components/cosma/cosmo-morph'
  14 | import { ScrollTrigger } from "gsap/ScrollTrigger";
  15 | import { useGSAP } from "@gsap/react";
> 16 | import { TickSlider } from "@/components/cosma/cosmo-morph";
     | ^^^^^^^^^^^^^^^^^^^^^^^^^^^^^^^^^^^^^^^^^^^^^^^^^^^^^^^^^^^^
  17 | import {
  18 |   PixelSpinner,
  19 |   type SpinnerAnimation,

Import map: aliased to relative './components/cosma/cosmo-morph' inside of [project]/

Import traces:
  Client Component Browser:
    ./components/spinners/spinner-morph.tsx [Client Component Browser]
    ./app/page.tsx [Client Component Browser]
    ./app/page.tsx [Server Component]

  Client Component SSR:
    ./components/spinners/spinner-morph.tsx [Client Component SSR]
    ./app/page.tsx [Client Component SSR]
    ./app/page.tsx [Server Component]

https://nextjs.org/docs/messages/module-not-found @ http://localhost:4200/_next/static/chunks/0aus_next_dist_00tg.dm._.js:1945
[    2166ms] [ERROR] ./app/cosma/page.tsx:3:1
Module not found: Can't resolve '@/components/cosma/playground'
  1 | import type { Metadata } from "next";
  2 | import { Navigation } from "@/components/navigation";
> 3 | import { CosmaPlayground } from "@/components/cosma/playground";
    | ^^^^^^^^^^^^^^^^^^^^^^^^^^^^^^^^^^^^^^^^^^^^^^^^^^^^^^^^^^^^^^^^
  4 | import { SiteFooter } from "@/components/site-footer";
  5 | import { CoffeeSupportCard } from "@/components/coffee-support-card";
  6 |

Import map: aliased to relative './components/cosma/playground' inside of [project]/

https://nextjs.org/docs/messages/module-not-found @ http://localhost:4200/_next/static/chunks/0aus_next_dist_00tg.dm._.js:1945
[    2229ms] [ERROR] ./app/page.tsx:15:1
Module not found: Can't resolve '@/components/cosma/cosmo-morph'
  13 | import { PixelIconRocket } from "@/components/pixel-icon-rocket";
  14 | import CodeIcon from "@/components/icons/code-icon";
> 15 | import { CosmoMorph } from "@/components/cosma/cosmo-morph";
     | ^^^^^^^^^^^^^^^^^^^^^^^^^^^^^^^^^^^^^^^^^^^^^^^^^^^^^^^^^^^^
  16 | import { SpinnerMorph } from "@/components/spinners/spinner-morph";
  17 |
  18 | const structuredData = {

Import map: aliased to relative './components/cosma/cosmo-morph' inside of [project]/

Import traces:
  Client Component Browser:
    ./app/page.tsx [Client Component Browser]
    ./app/page.tsx [Server Component]

  Client Component SSR:
    ./app/page.tsx [Client Component SSR]
    ./app/page.tsx [Server Component]

https://nextjs.org/docs/messages/module-not-found @ http://localhost:4200/_next/static/chunks/0aus_next_dist_00tg.dm._.js:1945
[    2229ms] [ERROR] ./components/spinners/spinner-morph.tsx:16:1
Module not found: Can't resolve '@/components/cosma/cosmo-morph'
  14 | import { ScrollTrigger } from "gsap/ScrollTrigger";
  15 | import { useGSAP } from "@gsap/react";
> 16 | import { TickSlider } from "@/components/cosma/cosmo-morph";
     | ^^^^^^^^^^^^^^^^^^^^^^^^^^^^^^^^^^^^^^^^^^^^^^^^^^^^^^^^^^^^
  17 | import {
  18 |   PixelSpinner,
  19 |   type SpinnerAnimation,

Import map: aliased to relative './components/cosma/cosmo-morph' inside of [project]/

Import traces:
  Client Component Browser:
    ./components/spinners/spinner-morph.tsx [Client Component Browser]
    ./app/page.tsx [Client Component Browser]
    ./app/page.tsx [Server Component]

  Client Component SSR:
    ./components/spinners/spinner-morph.tsx [Client Component SSR]
    ./app/page.tsx [Client Component SSR]
    ./app/page.tsx [Server Component]

https://nextjs.org/docs/messages/module-not-found @ http://localhost:4200/_next/static/chunks/0aus_next_dist_00tg.dm._.js:1945
[    2229ms] [ERROR] ./app/cosma/page.tsx:3:1
Module not found: Can't resolve '@/components/cosma/playground'
  1 | import type { Metadata } from "next";
  2 | import { Navigation } from "@/components/navigation";
> 3 | import { CosmaPlayground } from "@/components/cosma/playground";
    | ^^^^^^^^^^^^^^^^^^^^^^^^^^^^^^^^^^^^^^^^^^^^^^^^^^^^^^^^^^^^^^^^
  4 | import { SiteFooter } from "@/components/site-footer";
  5 | import { CoffeeSupportCard } from "@/components/coffee-support-card";
  6 |

Import map: aliased to relative './components/cosma/playground' inside of [project]/

https://nextjs.org/docs/messages/module-not-found @ http://localhost:4200/_next/static/chunks/0aus_next_dist_00tg.dm._.js:1945
[    2293ms] [ERROR] ./app/page.tsx:15:1
Module not found: Can't resolve '@/components/cosma/cosmo-morph'
  13 | import { PixelIconRocket } from "@/components/pixel-icon-rocket";
  14 | import CodeIcon from "@/components/icons/code-icon";
> 15 | import { CosmoMorph } from "@/components/cosma/cosmo-morph";
     | ^^^^^^^^^^^^^^^^^^^^^^^^^^^^^^^^^^^^^^^^^^^^^^^^^^^^^^^^^^^^
  16 | import { SpinnerMorph } from "@/components/spinners/spinner-morph";
  17 |
  18 | const structuredData = {

Import map: aliased to relative './components/cosma/cosmo-morph' inside of [project]/

Import traces:
  Client Component Browser:
    ./app/page.tsx [Client Component Browser]
    ./app/page.tsx [Server Component]

  Client Component SSR:
    ./app/page.tsx [Client Component SSR]
    ./app/page.tsx [Server Component]

https://nextjs.org/docs/messages/module-not-found @ http://localhost:4200/_next/static/chunks/0aus_next_dist_00tg.dm._.js:1945
[    2293ms] [ERROR] ./components/spinners/spinner-morph.tsx:16:1
Module not found: Can't resolve '@/components/cosma/cosmo-morph'
  14 | import { ScrollTrigger } from "gsap/ScrollTrigger";
  15 | import { useGSAP } from "@gsap/react";
> 16 | import { TickSlider } from "@/components/cosma/cosmo-morph";
     | ^^^^^^^^^^^^^^^^^^^^^^^^^^^^^^^^^^^^^^^^^^^^^^^^^^^^^^^^^^^^
  17 | import {
  18 |   PixelSpinner,
  19 |   type SpinnerAnimation,

Import map: aliased to relative './components/cosma/cosmo-morph' inside of [project]/

Import traces:
  Client Component Browser:
    ./components/spinners/spinner-morph.tsx [Client Component Browser]
    ./app/page.tsx [Client Component Browser]
    ./app/page.tsx [Server Component]

  Client Component SSR:
    ./components/spinners/spinner-morph.tsx [Client Component SSR]
    ./app/page.tsx [Client Component SSR]
    ./app/page.tsx [Server Component]

https://nextjs.org/docs/messages/module-not-found @ http://localhost:4200/_next/static/chunks/0aus_next_dist_00tg.dm._.js:1945
[    2293ms] [ERROR] ./app/cosma/page.tsx:3:1
Module not found: Can't resolve '@/components/cosma/playground'
  1 | import type { Metadata } from "next";
  2 | import { Navigation } from "@/components/navigation";
> 3 | import { CosmaPlayground } from "@/components/cosma/playground";
    | ^^^^^^^^^^^^^^^^^^^^^^^^^^^^^^^^^^^^^^^^^^^^^^^^^^^^^^^^^^^^^^^^
  4 | import { SiteFooter } from "@/components/site-footer";
  5 | import { CoffeeSupportCard } from "@/components/coffee-support-card";
  6 |

Import map: aliased to relative './components/cosma/playground' inside of [project]/

https://nextjs.org/docs/messages/module-not-found @ http://localhost:4200/_next/static/chunks/0aus_next_dist_00tg.dm._.js:1945
[    2359ms] [ERROR] ./app/page.tsx:15:1
Module not found: Can't resolve '@/components/cosma/cosmo-morph'
  13 | import { PixelIconRocket } from "@/components/pixel-icon-rocket";
  14 | import CodeIcon from "@/components/icons/code-icon";
> 15 | import { CosmoMorph } from "@/components/cosma/cosmo-morph";
     | ^^^^^^^^^^^^^^^^^^^^^^^^^^^^^^^^^^^^^^^^^^^^^^^^^^^^^^^^^^^^
  16 | import { SpinnerMorph } from "@/components/spinners/spinner-morph";
  17 |
  18 | const structuredData = {

Import map: aliased to relative './components/cosma/cosmo-morph' inside of [project]/

Import traces:
  Client Component Browser:
    ./app/page.tsx [Client Component Browser]
    ./app/page.tsx [Server Component]

  Client Component SSR:
    ./app/page.tsx [Client Component SSR]
    ./app/page.tsx [Server Component]

https://nextjs.org/docs/messages/module-not-found @ http://localhost:4200/_next/static/chunks/0aus_next_dist_00tg.dm._.js:1945
[    2359ms] [ERROR] ./components/spinners/spinner-morph.tsx:16:1
Module not found: Can't resolve '@/components/cosma/cosmo-morph'
  14 | import { ScrollTrigger } from "gsap/ScrollTrigger";
  15 | import { useGSAP } from "@gsap/react";
> 16 | import { TickSlider } from "@/components/cosma/cosmo-morph";
     | ^^^^^^^^^^^^^^^^^^^^^^^^^^^^^^^^^^^^^^^^^^^^^^^^^^^^^^^^^^^^
  17 | import {
  18 |   PixelSpinner,
  19 |   type SpinnerAnimation,

Import map: aliased to relative './components/cosma/cosmo-morph' inside of [project]/

Import traces:
  Client Component Browser:
    ./components/spinners/spinner-morph.tsx [Client Component Browser]
    ./app/page.tsx [Client Component Browser]
    ./app/page.tsx [Server Component]

  Client Component SSR:
    ./components/spinners/spinner-morph.tsx [Client Component SSR]
    ./app/page.tsx [Client Component SSR]
    ./app/page.tsx [Server Component]

https://nextjs.org/docs/messages/module-not-found @ http://localhost:4200/_next/static/chunks/0aus_next_dist_00tg.dm._.js:1945
[    2359ms] [ERROR] ./app/cosma/page.tsx:3:1
Module not found: Can't resolve '@/components/cosma/playground'
  1 | import type { Metadata } from "next";
  2 | import { Navigation } from "@/components/navigation";
> 3 | import { CosmaPlayground } from "@/components/cosma/playground";
    | ^^^^^^^^^^^^^^^^^^^^^^^^^^^^^^^^^^^^^^^^^^^^^^^^^^^^^^^^^^^^^^^^
  4 | import { SiteFooter } from "@/components/site-footer";
  5 | import { CoffeeSupportCard } from "@/components/coffee-support-card";
  6 |

Import map: aliased to relative './components/cosma/playground' inside of [project]/

https://nextjs.org/docs/messages/module-not-found @ http://localhost:4200/_next/static/chunks/0aus_next_dist_00tg.dm._.js:1945
[    2425ms] [ERROR] ./app/page.tsx:15:1
Module not found: Can't resolve '@/components/cosma/cosmo-morph'
  13 | import { PixelIconRocket } from "@/components/pixel-icon-rocket";
  14 | import CodeIcon from "@/components/icons/code-icon";
> 15 | import { CosmoMorph } from "@/components/cosma/cosmo-morph";
     | ^^^^^^^^^^^^^^^^^^^^^^^^^^^^^^^^^^^^^^^^^^^^^^^^^^^^^^^^^^^^
  16 | import { SpinnerMorph } from "@/components/spinners/spinner-morph";
  17 |
  18 | const structuredData = {

Import map: aliased to relative './components/cosma/cosmo-morph' inside of [project]/

Import traces:
  Client Component Browser:
    ./app/page.tsx [Client Component Browser]
    ./app/page.tsx [Server Component]

  Client Component SSR:
    ./app/page.tsx [Client Component SSR]
    ./app/page.tsx [Server Component]

https://nextjs.org/docs/messages/module-not-found @ http://localhost:4200/_next/static/chunks/0aus_next_dist_00tg.dm._.js:1945
[    2425ms] [ERROR] ./components/spinners/spinner-morph.tsx:16:1
Module not found: Can't resolve '@/components/cosma/cosmo-morph'
  14 | import { ScrollTrigger } from "gsap/ScrollTrigger";
  15 | import { useGSAP } from "@gsap/react";
> 16 | import { TickSlider } from "@/components/cosma/cosmo-morph";
     | ^^^^^^^^^^^^^^^^^^^^^^^^^^^^^^^^^^^^^^^^^^^^^^^^^^^^^^^^^^^^
  17 | import {
  18 |   PixelSpinner,
  19 |   type SpinnerAnimation,

Import map: aliased to relative './components/cosma/cosmo-morph' inside of [project]/

Import traces:
  Client Component Browser:
    ./components/spinners/spinner-morph.tsx [Client Component Browser]
    ./app/page.tsx [Client Component Browser]
    ./app/page.tsx [Server Component]

  Client Component SSR:
    ./components/spinners/spinner-morph.tsx [Client Component SSR]
    ./app/page.tsx [Client Component SSR]
    ./app/page.tsx [Server Component]

https://nextjs.org/docs/messages/module-not-found @ http://localhost:4200/_next/static/chunks/0aus_next_dist_00tg.dm._.js:1945
[    2425ms] [ERROR] ./app/cosma/page.tsx:3:1
Module not found: Can't resolve '@/components/cosma/playground'
  1 | import type { Metadata } from "next";
  2 | import { Navigation } from "@/components/navigation";
> 3 | import { CosmaPlayground } from "@/components/cosma/playground";
    | ^^^^^^^^^^^^^^^^^^^^^^^^^^^^^^^^^^^^^^^^^^^^^^^^^^^^^^^^^^^^^^^^
  4 | import { SiteFooter } from "@/components/site-footer";
  5 | import { CoffeeSupportCard } from "@/components/coffee-support-card";
  6 |

Import map: aliased to relative './components/cosma/playground' inside of [project]/

https://nextjs.org/docs/messages/module-not-found @ http://localhost:4200/_next/static/chunks/0aus_next_dist_00tg.dm._.js:1945
[    2489ms] [ERROR] ./app/page.tsx:15:1
Module not found: Can't resolve '@/components/cosma/cosmo-morph'
  13 | import { PixelIconRocket } from "@/components/pixel-icon-rocket";
  14 | import CodeIcon from "@/components/icons/code-icon";
> 15 | import { CosmoMorph } from "@/components/cosma/cosmo-morph";
     | ^^^^^^^^^^^^^^^^^^^^^^^^^^^^^^^^^^^^^^^^^^^^^^^^^^^^^^^^^^^^
  16 | import { SpinnerMorph } from "@/components/spinners/spinner-morph";
  17 |
  18 | const structuredData = {

Import map: aliased to relative './components/cosma/cosmo-morph' inside of [project]/

Import traces:
  Client Component Browser:
    ./app/page.tsx [Client Component Browser]
    ./app/page.tsx [Server Component]

  Client Component SSR:
    ./app/page.tsx [Client Component SSR]
    ./app/page.tsx [Server Component]

https://nextjs.org/docs/messages/module-not-found @ http://localhost:4200/_next/static/chunks/0aus_next_dist_00tg.dm._.js:1945
[    2489ms] [ERROR] ./components/spinners/spinner-morph.tsx:16:1
Module not found: Can't resolve '@/components/cosma/cosmo-morph'
  14 | import { ScrollTrigger } from "gsap/ScrollTrigger";
  15 | import { useGSAP } from "@gsap/react";
> 16 | import { TickSlider } from "@/components/cosma/cosmo-morph";
     | ^^^^^^^^^^^^^^^^^^^^^^^^^^^^^^^^^^^^^^^^^^^^^^^^^^^^^^^^^^^^
  17 | import {
  18 |   PixelSpinner,
  19 |   type SpinnerAnimation,

Import map: aliased to relative './components/cosma/cosmo-morph' inside of [project]/

Import traces:
  Client Component Browser:
    ./components/spinners/spinner-morph.tsx [Client Component Browser]
    ./app/page.tsx [Client Component Browser]
    ./app/page.tsx [Server Component]

  Client Component SSR:
    ./components/spinners/spinner-morph.tsx [Client Component SSR]
    ./app/page.tsx [Client Component SSR]
    ./app/page.tsx [Server Component]

https://nextjs.org/docs/messages/module-not-found @ http://localhost:4200/_next/static/chunks/0aus_next_dist_00tg.dm._.js:1945
[    2489ms] [ERROR] ./app/cosma/page.tsx:3:1
Module not found: Can't resolve '@/components/cosma/playground'
  1 | import type { Metadata } from "next";
  2 | import { Navigation } from "@/components/navigation";
> 3 | import { CosmaPlayground } from "@/components/cosma/playground";
    | ^^^^^^^^^^^^^^^^^^^^^^^^^^^^^^^^^^^^^^^^^^^^^^^^^^^^^^^^^^^^^^^^
  4 | import { SiteFooter } from "@/components/site-footer";
  5 | import { CoffeeSupportCard } from "@/components/coffee-support-card";
  6 |

Import map: aliased to relative './components/cosma/playground' inside of [project]/

https://nextjs.org/docs/messages/module-not-found @ http://localhost:4200/_next/static/chunks/0aus_next_dist_00tg.dm._.js:1945
[    2548ms] [ERROR] ./app/page.tsx:15:1
Module not found: Can't resolve '@/components/cosma/cosmo-morph'
  13 | import { PixelIconRocket } from "@/components/pixel-icon-rocket";
  14 | import CodeIcon from "@/components/icons/code-icon";
> 15 | import { CosmoMorph } from "@/components/cosma/cosmo-morph";
     | ^^^^^^^^^^^^^^^^^^^^^^^^^^^^^^^^^^^^^^^^^^^^^^^^^^^^^^^^^^^^
  16 | import { SpinnerMorph } from "@/components/spinners/spinner-morph";
  17 |
  18 | const structuredData = {

Import map: aliased to relative './components/cosma/cosmo-morph' inside of [project]/

Import traces:
  Client Component Browser:
    ./app/page.tsx [Client Component Browser]
    ./app/page.tsx [Server Component]

  Client Component SSR:
    ./app/page.tsx [Client Component SSR]
    ./app/page.tsx [Server Component]

https://nextjs.org/docs/messages/module-not-found @ http://localhost:4200/_next/static/chunks/0aus_next_dist_00tg.dm._.js:1945
[    2548ms] [ERROR] ./components/spinners/spinner-morph.tsx:16:1
Module not found: Can't resolve '@/components/cosma/cosmo-morph'
  14 | import { ScrollTrigger } from "gsap/ScrollTrigger";
  15 | import { useGSAP } from "@gsap/react";
> 16 | import { TickSlider } from "@/components/cosma/cosmo-morph";
     | ^^^^^^^^^^^^^^^^^^^^^^^^^^^^^^^^^^^^^^^^^^^^^^^^^^^^^^^^^^^^
  17 | import {
  18 |   PixelSpinner,
  19 |   type SpinnerAnimation,

Import map: aliased to relative './components/cosma/cosmo-morph' inside of [project]/

Import traces:
  Client Component Browser:
    ./components/spinners/spinner-morph.tsx [Client Component Browser]
    ./app/page.tsx [Client Component Browser]
    ./app/page.tsx [Server Component]

  Client Component SSR:
    ./components/spinners/spinner-morph.tsx [Client Component SSR]
    ./app/page.tsx [Client Component SSR]
    ./app/page.tsx [Server Component]

https://nextjs.org/docs/messages/module-not-found @ http://localhost:4200/_next/static/chunks/0aus_next_dist_00tg.dm._.js:1945
[    2548ms] [ERROR] ./app/cosma/page.tsx:3:1
Module not found: Can't resolve '@/components/cosma/playground'
  1 | import type { Metadata } from "next";
  2 | import { Navigation } from "@/components/navigation";
> 3 | import { CosmaPlayground } from "@/components/cosma/playground";
    | ^^^^^^^^^^^^^^^^^^^^^^^^^^^^^^^^^^^^^^^^^^^^^^^^^^^^^^^^^^^^^^^^
  4 | import { SiteFooter } from "@/components/site-footer";
  5 | import { CoffeeSupportCard } from "@/components/coffee-support-card";
  6 |

Import map: aliased to relative './components/cosma/playground' inside of [project]/

https://nextjs.org/docs/messages/module-not-found @ http://localhost:4200/_next/static/chunks/0aus_next_dist_00tg.dm._.js:1945
[    2613ms] [ERROR] ./app/page.tsx:15:1
Module not found: Can't resolve '@/components/cosma/cosmo-morph'
  13 | import { PixelIconRocket } from "@/components/pixel-icon-rocket";
  14 | import CodeIcon from "@/components/icons/code-icon";
> 15 | import { CosmoMorph } from "@/components/cosma/cosmo-morph";
     | ^^^^^^^^^^^^^^^^^^^^^^^^^^^^^^^^^^^^^^^^^^^^^^^^^^^^^^^^^^^^
  16 | import { SpinnerMorph } from "@/components/spinners/spinner-morph";
  17 |
  18 | const structuredData = {

Import map: aliased to relative './components/cosma/cosmo-morph' inside of [project]/

Import traces:
  Client Component Browser:
    ./app/page.tsx [Client Component Browser]
    ./app/page.tsx [Server Component]

  Client Component SSR:
    ./app/page.tsx [Client Component SSR]
    ./app/page.tsx [Server Component]

https://nextjs.org/docs/messages/module-not-found @ http://localhost:4200/_next/static/chunks/0aus_next_dist_00tg.dm._.js:1945
[    2613ms] [ERROR] ./components/spinners/spinner-morph.tsx:16:1
Module not found: Can't resolve '@/components/cosma/cosmo-morph'
  14 | import { ScrollTrigger } from "gsap/ScrollTrigger";
  15 | import { useGSAP } from "@gsap/react";
> 16 | import { TickSlider } from "@/components/cosma/cosmo-morph";
     | ^^^^^^^^^^^^^^^^^^^^^^^^^^^^^^^^^^^^^^^^^^^^^^^^^^^^^^^^^^^^
  17 | import {
  18 |   PixelSpinner,
  19 |   type SpinnerAnimation,

Import map: aliased to relative './components/cosma/cosmo-morph' inside of [project]/

Import traces:
  Client Component Browser:
    ./components/spinners/spinner-morph.tsx [Client Component Browser]
    ./app/page.tsx [Client Component Browser]
    ./app/page.tsx [Server Component]

  Client Component SSR:
    ./components/spinners/spinner-morph.tsx [Client Component SSR]
    ./app/page.tsx [Client Component SSR]
    ./app/page.tsx [Server Component]

https://nextjs.org/docs/messages/module-not-found @ http://localhost:4200/_next/static/chunks/0aus_next_dist_00tg.dm._.js:1945
[    2613ms] [ERROR] ./app/cosma/page.tsx:3:1
Module not found: Can't resolve '@/components/cosma/playground'
  1 | import type { Metadata } from "next";
  2 | import { Navigation } from "@/components/navigation";
> 3 | import { CosmaPlayground } from "@/components/cosma/playground";
    | ^^^^^^^^^^^^^^^^^^^^^^^^^^^^^^^^^^^^^^^^^^^^^^^^^^^^^^^^^^^^^^^^
  4 | import { SiteFooter } from "@/components/site-footer";
  5 | import { CoffeeSupportCard } from "@/components/coffee-support-card";
  6 |

Import map: aliased to relative './components/cosma/playground' inside of [project]/

https://nextjs.org/docs/messages/module-not-found @ http://localhost:4200/_next/static/chunks/0aus_next_dist_00tg.dm._.js:1945
[    2678ms] [ERROR] ./app/page.tsx:15:1
Module not found: Can't resolve '@/components/cosma/cosmo-morph'
  13 | import { PixelIconRocket } from "@/components/pixel-icon-rocket";
  14 | import CodeIcon from "@/components/icons/code-icon";
> 15 | import { CosmoMorph } from "@/components/cosma/cosmo-morph";
     | ^^^^^^^^^^^^^^^^^^^^^^^^^^^^^^^^^^^^^^^^^^^^^^^^^^^^^^^^^^^^
  16 | import { SpinnerMorph } from "@/components/spinners/spinner-morph";
  17 |
  18 | const structuredData = {

Import map: aliased to relative './components/cosma/cosmo-morph' inside of [project]/

Import traces:
  Client Component Browser:
    ./app/page.tsx [Client Component Browser]
    ./app/page.tsx [Server Component]

  Client Component SSR:
    ./app/page.tsx [Client Component SSR]
    ./app/page.tsx [Server Component]

https://nextjs.org/docs/messages/module-not-found @ http://localhost:4200/_next/static/chunks/0aus_next_dist_00tg.dm._.js:1945
[    2678ms] [ERROR] ./components/spinners/spinner-morph.tsx:16:1
Module not found: Can't resolve '@/components/cosma/cosmo-morph'
  14 | import { ScrollTrigger } from "gsap/ScrollTrigger";
  15 | import { useGSAP } from "@gsap/react";
> 16 | import { TickSlider } from "@/components/cosma/cosmo-morph";
     | ^^^^^^^^^^^^^^^^^^^^^^^^^^^^^^^^^^^^^^^^^^^^^^^^^^^^^^^^^^^^
  17 | import {
  18 |   PixelSpinner,
  19 |   type SpinnerAnimation,

Import map: aliased to relative './components/cosma/cosmo-morph' inside of [project]/

Import traces:
  Client Component Browser:
    ./components/spinners/spinner-morph.tsx [Client Component Browser]
    ./app/page.tsx [Client Component Browser]
    ./app/page.tsx [Server Component]

  Client Component SSR:
    ./components/spinners/spinner-morph.tsx [Client Component SSR]
    ./app/page.tsx [Client Component SSR]
    ./app/page.tsx [Server Component]

https://nextjs.org/docs/messages/module-not-found @ http://localhost:4200/_next/static/chunks/0aus_next_dist_00tg.dm._.js:1945
[    2678ms] [ERROR] ./app/cosma/page.tsx:3:1
Module not found: Can't resolve '@/components/cosma/playground'
  1 | import type { Metadata } from "next";
  2 | import { Navigation } from "@/components/navigation";
> 3 | import { CosmaPlayground } from "@/components/cosma/playground";
    | ^^^^^^^^^^^^^^^^^^^^^^^^^^^^^^^^^^^^^^^^^^^^^^^^^^^^^^^^^^^^^^^^
  4 | import { SiteFooter } from "@/components/site-footer";
  5 | import { CoffeeSupportCard } from "@/components/coffee-support-card";
  6 |

Import map: aliased to relative './components/cosma/playground' inside of [project]/

https://nextjs.org/docs/messages/module-not-found @ http://localhost:4200/_next/static/chunks/0aus_next_dist_00tg.dm._.js:1945
[    2742ms] [ERROR] ./app/page.tsx:15:1
Module not found: Can't resolve '@/components/cosma/cosmo-morph'
  13 | import { PixelIconRocket } from "@/components/pixel-icon-rocket";
  14 | import CodeIcon from "@/components/icons/code-icon";
> 15 | import { CosmoMorph } from "@/components/cosma/cosmo-morph";
     | ^^^^^^^^^^^^^^^^^^^^^^^^^^^^^^^^^^^^^^^^^^^^^^^^^^^^^^^^^^^^
  16 | import { SpinnerMorph } from "@/components/spinners/spinner-morph";
  17 |
  18 | const structuredData = {

Import map: aliased to relative './components/cosma/cosmo-morph' inside of [project]/

Import traces:
  Client Component Browser:
    ./app/page.tsx [Client Component Browser]
    ./app/page.tsx [Server Component]

  Client Component SSR:
    ./app/page.tsx [Client Component SSR]
    ./app/page.tsx [Server Component]

https://nextjs.org/docs/messages/module-not-found @ http://localhost:4200/_next/static/chunks/0aus_next_dist_00tg.dm._.js:1945
[    2742ms] [ERROR] ./components/spinners/spinner-morph.tsx:16:1
Module not found: Can't resolve '@/components/cosma/cosmo-morph'
  14 | import { ScrollTrigger } from "gsap/ScrollTrigger";
  15 | import { useGSAP } from "@gsap/react";
> 16 | import { TickSlider } from "@/components/cosma/cosmo-morph";
     | ^^^^^^^^^^^^^^^^^^^^^^^^^^^^^^^^^^^^^^^^^^^^^^^^^^^^^^^^^^^^
  17 | import {
  18 |   PixelSpinner,
  19 |   type SpinnerAnimation,

Import map: aliased to relative './components/cosma/cosmo-morph' inside of [project]/

Import traces:
  Client Component Browser:
    ./components/spinners/spinner-morph.tsx [Client Component Browser]
    ./app/page.tsx [Client Component Browser]
    ./app/page.tsx [Server Component]

  Client Component SSR:
    ./components/spinners/spinner-morph.tsx [Client Component SSR]
    ./app/page.tsx [Client Component SSR]
    ./app/page.tsx [Server Component]

https://nextjs.org/docs/messages/module-not-found @ http://localhost:4200/_next/static/chunks/0aus_next_dist_00tg.dm._.js:1945
[    2742ms] [ERROR] ./app/cosma/page.tsx:3:1
Module not found: Can't resolve '@/components/cosma/playground'
  1 | import type { Metadata } from "next";
  2 | import { Navigation } from "@/components/navigation";
> 3 | import { CosmaPlayground } from "@/components/cosma/playground";
    | ^^^^^^^^^^^^^^^^^^^^^^^^^^^^^^^^^^^^^^^^^^^^^^^^^^^^^^^^^^^^^^^^
  4 | import { SiteFooter } from "@/components/site-footer";
  5 | import { CoffeeSupportCard } from "@/components/coffee-support-card";
  6 |

Import map: aliased to relative './components/cosma/playground' inside of [project]/

https://nextjs.org/docs/messages/module-not-found @ http://localhost:4200/_next/static/chunks/0aus_next_dist_00tg.dm._.js:1945
[    2806ms] [ERROR] ./app/page.tsx:15:1
Module not found: Can't resolve '@/components/cosma/cosmo-morph'
  13 | import { PixelIconRocket } from "@/components/pixel-icon-rocket";
  14 | import CodeIcon from "@/components/icons/code-icon";
> 15 | import { CosmoMorph } from "@/components/cosma/cosmo-morph";
     | ^^^^^^^^^^^^^^^^^^^^^^^^^^^^^^^^^^^^^^^^^^^^^^^^^^^^^^^^^^^^
  16 | import { SpinnerMorph } from "@/components/spinners/spinner-morph";
  17 |
  18 | const structuredData = {

Import map: aliased to relative './components/cosma/cosmo-morph' inside of [project]/

Import traces:
  Client Component Browser:
    ./app/page.tsx [Client Component Browser]
    ./app/page.tsx [Server Component]

  Client Component SSR:
    ./app/page.tsx [Client Component SSR]
    ./app/page.tsx [Server Component]

https://nextjs.org/docs/messages/module-not-found @ http://localhost:4200/_next/static/chunks/0aus_next_dist_00tg.dm._.js:1945
[    2806ms] [ERROR] ./components/spinners/spinner-morph.tsx:16:1
Module not found: Can't resolve '@/components/cosma/cosmo-morph'
  14 | import { ScrollTrigger } from "gsap/ScrollTrigger";
  15 | import { useGSAP } from "@gsap/react";
> 16 | import { TickSlider } from "@/components/cosma/cosmo-morph";
     | ^^^^^^^^^^^^^^^^^^^^^^^^^^^^^^^^^^^^^^^^^^^^^^^^^^^^^^^^^^^^
  17 | import {
  18 |   PixelSpinner,
  19 |   type SpinnerAnimation,

Import map: aliased to relative './components/cosma/cosmo-morph' inside of [project]/

Import traces:
  Client Component Browser:
    ./components/spinners/spinner-morph.tsx [Client Component Browser]
    ./app/page.tsx [Client Component Browser]
    ./app/page.tsx [Server Component]

  Client Component SSR:
    ./components/spinners/spinner-morph.tsx [Client Component SSR]
    ./app/page.tsx [Client Component SSR]
    ./app/page.tsx [Server Component]

https://nextjs.org/docs/messages/module-not-found @ http://localhost:4200/_next/static/chunks/0aus_next_dist_00tg.dm._.js:1945
[    2806ms] [ERROR] ./app/cosma/page.tsx:3:1
Module not found: Can't resolve '@/components/cosma/playground'
  1 | import type { Metadata } from "next";
  2 | import { Navigation } from "@/components/navigation";
> 3 | import { CosmaPlayground } from "@/components/cosma/playground";
    | ^^^^^^^^^^^^^^^^^^^^^^^^^^^^^^^^^^^^^^^^^^^^^^^^^^^^^^^^^^^^^^^^
  4 | import { SiteFooter } from "@/components/site-footer";
  5 | import { CoffeeSupportCard } from "@/components/coffee-support-card";
  6 |

Import map: aliased to relative './components/cosma/playground' inside of [project]/

https://nextjs.org/docs/messages/module-not-found @ http://localhost:4200/_next/static/chunks/0aus_next_dist_00tg.dm._.js:1945
[    2870ms] [ERROR] ./app/page.tsx:15:1
Module not found: Can't resolve '@/components/cosma/cosmo-morph'
  13 | import { PixelIconRocket } from "@/components/pixel-icon-rocket";
  14 | import CodeIcon from "@/components/icons/code-icon";
> 15 | import { CosmoMorph } from "@/components/cosma/cosmo-morph";
     | ^^^^^^^^^^^^^^^^^^^^^^^^^^^^^^^^^^^^^^^^^^^^^^^^^^^^^^^^^^^^
  16 | import { SpinnerMorph } from "@/components/spinners/spinner-morph";
  17 |
  18 | const structuredData = {

Import map: aliased to relative './components/cosma/cosmo-morph' inside of [project]/

Import traces:
  Client Component Browser:
    ./app/page.tsx [Client Component Browser]
    ./app/page.tsx [Server Component]

  Client Component SSR:
    ./app/page.tsx [Client Component SSR]
    ./app/page.tsx [Server Component]

https://nextjs.org/docs/messages/module-not-found @ http://localhost:4200/_next/static/chunks/0aus_next_dist_00tg.dm._.js:1945
[    2870ms] [ERROR] ./components/spinners/spinner-morph.tsx:16:1
Module not found: Can't resolve '@/components/cosma/cosmo-morph'
  14 | import { ScrollTrigger } from "gsap/ScrollTrigger";
  15 | import { useGSAP } from "@gsap/react";
> 16 | import { TickSlider } from "@/components/cosma/cosmo-morph";
     | ^^^^^^^^^^^^^^^^^^^^^^^^^^^^^^^^^^^^^^^^^^^^^^^^^^^^^^^^^^^^
  17 | import {
  18 |   PixelSpinner,
  19 |   type SpinnerAnimation,

Import map: aliased to relative './components/cosma/cosmo-morph' inside of [project]/

Import traces:
  Client Component Browser:
    ./components/spinners/spinner-morph.tsx [Client Component Browser]
    ./app/page.tsx [Client Component Browser]
    ./app/page.tsx [Server Component]

  Client Component SSR:
    ./components/spinners/spinner-morph.tsx [Client Component SSR]
    ./app/page.tsx [Client Component SSR]
    ./app/page.tsx [Server Component]

https://nextjs.org/docs/messages/module-not-found @ http://localhost:4200/_next/static/chunks/0aus_next_dist_00tg.dm._.js:1945
[    2870ms] [ERROR] ./app/cosma/page.tsx:3:1
Module not found: Can't resolve '@/components/cosma/playground'
  1 | import type { Metadata } from "next";
  2 | import { Navigation } from "@/components/navigation";
> 3 | import { CosmaPlayground } from "@/components/cosma/playground";
    | ^^^^^^^^^^^^^^^^^^^^^^^^^^^^^^^^^^^^^^^^^^^^^^^^^^^^^^^^^^^^^^^^
  4 | import { SiteFooter } from "@/components/site-footer";
  5 | import { CoffeeSupportCard } from "@/components/coffee-support-card";
  6 |

Import map: aliased to relative './components/cosma/playground' inside of [project]/

https://nextjs.org/docs/messages/module-not-found @ http://localhost:4200/_next/static/chunks/0aus_next_dist_00tg.dm._.js:1945
[    2934ms] [ERROR] ./app/page.tsx:15:1
Module not found: Can't resolve '@/components/cosma/cosmo-morph'
  13 | import { PixelIconRocket } from "@/components/pixel-icon-rocket";
  14 | import CodeIcon from "@/components/icons/code-icon";
> 15 | import { CosmoMorph } from "@/components/cosma/cosmo-morph";
     | ^^^^^^^^^^^^^^^^^^^^^^^^^^^^^^^^^^^^^^^^^^^^^^^^^^^^^^^^^^^^
  16 | import { SpinnerMorph } from "@/components/spinners/spinner-morph";
  17 |
  18 | const structuredData = {

Import map: aliased to relative './components/cosma/cosmo-morph' inside of [project]/

Import traces:
  Client Component Browser:
    ./app/page.tsx [Client Component Browser]
    ./app/page.tsx [Server Component]

  Client Component SSR:
    ./app/page.tsx [Client Component SSR]
    ./app/page.tsx [Server Component]

https://nextjs.org/docs/messages/module-not-found @ http://localhost:4200/_next/static/chunks/0aus_next_dist_00tg.dm._.js:1945
[    2934ms] [ERROR] ./components/spinners/spinner-morph.tsx:16:1
Module not found: Can't resolve '@/components/cosma/cosmo-morph'
  14 | import { ScrollTrigger } from "gsap/ScrollTrigger";
  15 | import { useGSAP } from "@gsap/react";
> 16 | import { TickSlider } from "@/components/cosma/cosmo-morph";
     | ^^^^^^^^^^^^^^^^^^^^^^^^^^^^^^^^^^^^^^^^^^^^^^^^^^^^^^^^^^^^
  17 | import {
  18 |   PixelSpinner,
  19 |   type SpinnerAnimation,

Import map: aliased to relative './components/cosma/cosmo-morph' inside of [project]/

Import traces:
  Client Component Browser:
    ./components/spinners/spinner-morph.tsx [Client Component Browser]
    ./app/page.tsx [Client Component Browser]
    ./app/page.tsx [Server Component]

  Client Component SSR:
    ./components/spinners/spinner-morph.tsx [Client Component SSR]
    ./app/page.tsx [Client Component SSR]
    ./app/page.tsx [Server Component]

https://nextjs.org/docs/messages/module-not-found @ http://localhost:4200/_next/static/chunks/0aus_next_dist_00tg.dm._.js:1945
[    2934ms] [ERROR] ./app/cosma/page.tsx:3:1
Module not found: Can't resolve '@/components/cosma/playground'
  1 | import type { Metadata } from "next";
  2 | import { Navigation } from "@/components/navigation";
> 3 | import { CosmaPlayground } from "@/components/cosma/playground";
    | ^^^^^^^^^^^^^^^^^^^^^^^^^^^^^^^^^^^^^^^^^^^^^^^^^^^^^^^^^^^^^^^^
  4 | import { SiteFooter } from "@/components/site-footer";
  5 | import { CoffeeSupportCard } from "@/components/coffee-support-card";
  6 |

Import map: aliased to relative './components/cosma/playground' inside of [project]/

https://nextjs.org/docs/messages/module-not-found @ http://localhost:4200/_next/static/chunks/0aus_next_dist_00tg.dm._.js:1945
[    3000ms] [ERROR] ./app/page.tsx:15:1
Module not found: Can't resolve '@/components/cosma/cosmo-morph'
  13 | import { PixelIconRocket } from "@/components/pixel-icon-rocket";
  14 | import CodeIcon from "@/components/icons/code-icon";
> 15 | import { CosmoMorph } from "@/components/cosma/cosmo-morph";
     | ^^^^^^^^^^^^^^^^^^^^^^^^^^^^^^^^^^^^^^^^^^^^^^^^^^^^^^^^^^^^
  16 | import { SpinnerMorph } from "@/components/spinners/spinner-morph";
  17 |
  18 | const structuredData = {

Import map: aliased to relative './components/cosma/cosmo-morph' inside of [project]/

Import traces:
  Client Component Browser:
    ./app/page.tsx [Client Component Browser]
    ./app/page.tsx [Server Component]

  Client Component SSR:
    ./app/page.tsx [Client Component SSR]
    ./app/page.tsx [Server Component]

https://nextjs.org/docs/messages/module-not-found @ http://localhost:4200/_next/static/chunks/0aus_next_dist_00tg.dm._.js:1945
[    3000ms] [ERROR] ./components/spinners/spinner-morph.tsx:16:1
Module not found: Can't resolve '@/components/cosma/cosmo-morph'
  14 | import { ScrollTrigger } from "gsap/ScrollTrigger";
  15 | import { useGSAP } from "@gsap/react";
> 16 | import { TickSlider } from "@/components/cosma/cosmo-morph";
     | ^^^^^^^^^^^^^^^^^^^^^^^^^^^^^^^^^^^^^^^^^^^^^^^^^^^^^^^^^^^^
  17 | import {
  18 |   PixelSpinner,
  19 |   type SpinnerAnimation,

Import map: aliased to relative './components/cosma/cosmo-morph' inside of [project]/

Import traces:
  Client Component Browser:
    ./components/spinners/spinner-morph.tsx [Client Component Browser]
    ./app/page.tsx [Client Component Browser]
    ./app/page.tsx [Server Component]

  Client Component SSR:
    ./components/spinners/spinner-morph.tsx [Client Component SSR]
    ./app/page.tsx [Client Component SSR]
    ./app/page.tsx [Server Component]

https://nextjs.org/docs/messages/module-not-found @ http://localhost:4200/_next/static/chunks/0aus_next_dist_00tg.dm._.js:1945
[    3000ms] [ERROR] ./app/cosma/page.tsx:3:1
Module not found: Can't resolve '@/components/cosma/playground'
  1 | import type { Metadata } from "next";
  2 | import { Navigation } from "@/components/navigation";
> 3 | import { CosmaPlayground } from "@/components/cosma/playground";
    | ^^^^^^^^^^^^^^^^^^^^^^^^^^^^^^^^^^^^^^^^^^^^^^^^^^^^^^^^^^^^^^^^
  4 | import { SiteFooter } from "@/components/site-footer";
  5 | import { CoffeeSupportCard } from "@/components/coffee-support-card";
  6 |

Import map: aliased to relative './components/cosma/playground' inside of [project]/

https://nextjs.org/docs/messages/module-not-found @ http://localhost:4200/_next/static/chunks/0aus_next_dist_00tg.dm._.js:1945
[    3065ms] [ERROR] ./app/page.tsx:15:1
Module not found: Can't resolve '@/components/cosma/cosmo-morph'
  13 | import { PixelIconRocket } from "@/components/pixel-icon-rocket";
  14 | import CodeIcon from "@/components/icons/code-icon";
> 15 | import { CosmoMorph } from "@/components/cosma/cosmo-morph";
     | ^^^^^^^^^^^^^^^^^^^^^^^^^^^^^^^^^^^^^^^^^^^^^^^^^^^^^^^^^^^^
  16 | import { SpinnerMorph } from "@/components/spinners/spinner-morph";
  17 |
  18 | const structuredData = {

Import map: aliased to relative './components/cosma/cosmo-morph' inside of [project]/

Import traces:
  Client Component Browser:
    ./app/page.tsx [Client Component Browser]
    ./app/page.tsx [Server Component]

  Client Component SSR:
    ./app/page.tsx [Client Component SSR]
    ./app/page.tsx [Server Component]

https://nextjs.org/docs/messages/module-not-found @ http://localhost:4200/_next/static/chunks/0aus_next_dist_00tg.dm._.js:1945
[    3065ms] [ERROR] ./components/spinners/spinner-morph.tsx:16:1
Module not found: Can't resolve '@/components/cosma/cosmo-morph'
  14 | import { ScrollTrigger } from "gsap/ScrollTrigger";
  15 | import { useGSAP } from "@gsap/react";
> 16 | import { TickSlider } from "@/components/cosma/cosmo-morph";
     | ^^^^^^^^^^^^^^^^^^^^^^^^^^^^^^^^^^^^^^^^^^^^^^^^^^^^^^^^^^^^
  17 | import {
  18 |   PixelSpinner,
  19 |   type SpinnerAnimation,

Import map: aliased to relative './components/cosma/cosmo-morph' inside of [project]/

Import traces:
  Client Component Browser:
    ./components/spinners/spinner-morph.tsx [Client Component Browser]
    ./app/page.tsx [Client Component Browser]
    ./app/page.tsx [Server Component]

  Client Component SSR:
    ./components/spinners/spinner-morph.tsx [Client Component SSR]
    ./app/page.tsx [Client Component SSR]
    ./app/page.tsx [Server Component]

https://nextjs.org/docs/messages/module-not-found @ http://localhost:4200/_next/static/chunks/0aus_next_dist_00tg.dm._.js:1945
[    3065ms] [ERROR] ./app/cosma/page.tsx:3:1
Module not found: Can't resolve '@/components/cosma/playground'
  1 | import type { Metadata } from "next";
  2 | import { Navigation } from "@/components/navigation";
> 3 | import { CosmaPlayground } from "@/components/cosma/playground";
    | ^^^^^^^^^^^^^^^^^^^^^^^^^^^^^^^^^^^^^^^^^^^^^^^^^^^^^^^^^^^^^^^^
  4 | import { SiteFooter } from "@/components/site-footer";
  5 | import { CoffeeSupportCard } from "@/components/coffee-support-card";
  6 |

Import map: aliased to relative './components/cosma/playground' inside of [project]/

https://nextjs.org/docs/messages/module-not-found @ http://localhost:4200/_next/static/chunks/0aus_next_dist_00tg.dm._.js:1945
[    3129ms] [ERROR] ./app/page.tsx:15:1
Module not found: Can't resolve '@/components/cosma/cosmo-morph'
  13 | import { PixelIconRocket } from "@/components/pixel-icon-rocket";
  14 | import CodeIcon from "@/components/icons/code-icon";
> 15 | import { CosmoMorph } from "@/components/cosma/cosmo-morph";
     | ^^^^^^^^^^^^^^^^^^^^^^^^^^^^^^^^^^^^^^^^^^^^^^^^^^^^^^^^^^^^
  16 | import { SpinnerMorph } from "@/components/spinners/spinner-morph";
  17 |
  18 | const structuredData = {

Import map: aliased to relative './components/cosma/cosmo-morph' inside of [project]/

Import traces:
  Client Component Browser:
    ./app/page.tsx [Client Component Browser]
    ./app/page.tsx [Server Component]

  Client Component SSR:
    ./app/page.tsx [Client Component SSR]
    ./app/page.tsx [Server Component]

https://nextjs.org/docs/messages/module-not-found @ http://localhost:4200/_next/static/chunks/0aus_next_dist_00tg.dm._.js:1945
[    3129ms] [ERROR] ./components/spinners/spinner-morph.tsx:16:1
Module not found: Can't resolve '@/components/cosma/cosmo-morph'
  14 | import { ScrollTrigger } from "gsap/ScrollTrigger";
  15 | import { useGSAP } from "@gsap/react";
> 16 | import { TickSlider } from "@/components/cosma/cosmo-morph";
     | ^^^^^^^^^^^^^^^^^^^^^^^^^^^^^^^^^^^^^^^^^^^^^^^^^^^^^^^^^^^^
  17 | import {
  18 |   PixelSpinner,
  19 |   type SpinnerAnimation,

Import map: aliased to relative './components/cosma/cosmo-morph' inside of [project]/

Import traces:
  Client Component Browser:
    ./components/spinners/spinner-morph.tsx [Client Component Browser]
    ./app/page.tsx [Client Component Browser]
    ./app/page.tsx [Server Component]

  Client Component SSR:
    ./components/spinners/spinner-morph.tsx [Client Component SSR]
    ./app/page.tsx [Client Component SSR]
    ./app/page.tsx [Server Component]

https://nextjs.org/docs/messages/module-not-found @ http://localhost:4200/_next/static/chunks/0aus_next_dist_00tg.dm._.js:1945
[    3129ms] [ERROR] ./app/cosma/page.tsx:3:1
Module not found: Can't resolve '@/components/cosma/playground'
  1 | import type { Metadata } from "next";
  2 | import { Navigation } from "@/components/navigation";
> 3 | import { CosmaPlayground } from "@/components/cosma/playground";
    | ^^^^^^^^^^^^^^^^^^^^^^^^^^^^^^^^^^^^^^^^^^^^^^^^^^^^^^^^^^^^^^^^
  4 | import { SiteFooter } from "@/components/site-footer";
  5 | import { CoffeeSupportCard } from "@/components/coffee-support-card";
  6 |

Import map: aliased to relative './components/cosma/playground' inside of [project]/

https://nextjs.org/docs/messages/module-not-found @ http://localhost:4200/_next/static/chunks/0aus_next_dist_00tg.dm._.js:1945
[    3184ms] [ERROR] ./app/page.tsx:15:1
Module not found: Can't resolve '@/components/cosma/cosmo-morph'
  13 | import { PixelIconRocket } from "@/components/pixel-icon-rocket";
  14 | import CodeIcon from "@/components/icons/code-icon";
> 15 | import { CosmoMorph } from "@/components/cosma/cosmo-morph";
     | ^^^^^^^^^^^^^^^^^^^^^^^^^^^^^^^^^^^^^^^^^^^^^^^^^^^^^^^^^^^^
  16 | import { SpinnerMorph } from "@/components/spinners/spinner-morph";
  17 |
  18 | const structuredData = {

Import map: aliased to relative './components/cosma/cosmo-morph' inside of [project]/

Import traces:
  Client Component Browser:
    ./app/page.tsx [Client Component Browser]
    ./app/page.tsx [Server Component]

  Client Component SSR:
    ./app/page.tsx [Client Component SSR]
    ./app/page.tsx [Server Component]

https://nextjs.org/docs/messages/module-not-found @ http://localhost:4200/_next/static/chunks/0aus_next_dist_00tg.dm._.js:1945
[    3184ms] [ERROR] ./components/spinners/spinner-morph.tsx:16:1
Module not found: Can't resolve '@/components/cosma/cosmo-morph'
  14 | import { ScrollTrigger } from "gsap/ScrollTrigger";
  15 | import { useGSAP } from "@gsap/react";
> 16 | import { TickSlider } from "@/components/cosma/cosmo-morph";
     | ^^^^^^^^^^^^^^^^^^^^^^^^^^^^^^^^^^^^^^^^^^^^^^^^^^^^^^^^^^^^
  17 | import {
  18 |   PixelSpinner,
  19 |   type SpinnerAnimation,

Import map: aliased to relative './components/cosma/cosmo-morph' inside of [project]/

Import traces:
  Client Component Browser:
    ./components/spinners/spinner-morph.tsx [Client Component Browser]
    ./app/page.tsx [Client Component Browser]
    ./app/page.tsx [Server Component]

  Client Component SSR:
    ./components/spinners/spinner-morph.tsx [Client Component SSR]
    ./app/page.tsx [Client Component SSR]
    ./app/page.tsx [Server Component]

https://nextjs.org/docs/messages/module-not-found @ http://localhost:4200/_next/static/chunks/0aus_next_dist_00tg.dm._.js:1945
[    3184ms] [ERROR] ./app/cosma/page.tsx:3:1
Module not found: Can't resolve '@/components/cosma/playground'
  1 | import type { Metadata } from "next";
  2 | import { Navigation } from "@/components/navigation";
> 3 | import { CosmaPlayground } from "@/components/cosma/playground";
    | ^^^^^^^^^^^^^^^^^^^^^^^^^^^^^^^^^^^^^^^^^^^^^^^^^^^^^^^^^^^^^^^^
  4 | import { SiteFooter } from "@/components/site-footer";
  5 | import { CoffeeSupportCard } from "@/components/coffee-support-card";
  6 |

Import map: aliased to relative './components/cosma/playground' inside of [project]/

https://nextjs.org/docs/messages/module-not-found @ http://localhost:4200/_next/static/chunks/0aus_next_dist_00tg.dm._.js:1945
[    3249ms] [ERROR] ./app/page.tsx:15:1
Module not found: Can't resolve '@/components/cosma/cosmo-morph'
  13 | import { PixelIconRocket } from "@/components/pixel-icon-rocket";
  14 | import CodeIcon from "@/components/icons/code-icon";
> 15 | import { CosmoMorph } from "@/components/cosma/cosmo-morph";
     | ^^^^^^^^^^^^^^^^^^^^^^^^^^^^^^^^^^^^^^^^^^^^^^^^^^^^^^^^^^^^
  16 | import { SpinnerMorph } from "@/components/spinners/spinner-morph";
  17 |
  18 | const structuredData = {

Import map: aliased to relative './components/cosma/cosmo-morph' inside of [project]/

Import traces:
  Client Component Browser:
    ./app/page.tsx [Client Component Browser]
    ./app/page.tsx [Server Component]

  Client Component SSR:
    ./app/page.tsx [Client Component SSR]
    ./app/page.tsx [Server Component]

https://nextjs.org/docs/messages/module-not-found @ http://localhost:4200/_next/static/chunks/0aus_next_dist_00tg.dm._.js:1945
[    3249ms] [ERROR] ./components/spinners/spinner-morph.tsx:16:1
Module not found: Can't resolve '@/components/cosma/cosmo-morph'
  14 | import { ScrollTrigger } from "gsap/ScrollTrigger";
  15 | import { useGSAP } from "@gsap/react";
> 16 | import { TickSlider } from "@/components/cosma/cosmo-morph";
     | ^^^^^^^^^^^^^^^^^^^^^^^^^^^^^^^^^^^^^^^^^^^^^^^^^^^^^^^^^^^^
  17 | import {
  18 |   PixelSpinner,
  19 |   type SpinnerAnimation,

Import map: aliased to relative './components/cosma/cosmo-morph' inside of [project]/

Import traces:
  Client Component Browser:
    ./components/spinners/spinner-morph.tsx [Client Component Browser]
    ./app/page.tsx [Client Component Browser]
    ./app/page.tsx [Server Component]

  Client Component SSR:
    ./components/spinners/spinner-morph.tsx [Client Component SSR]
    ./app/page.tsx [Client Component SSR]
    ./app/page.tsx [Server Component]

https://nextjs.org/docs/messages/module-not-found @ http://localhost:4200/_next/static/chunks/0aus_next_dist_00tg.dm._.js:1945
[    3249ms] [ERROR] ./app/cosma/page.tsx:3:1
Module not found: Can't resolve '@/components/cosma/playground'
  1 | import type { Metadata } from "next";
  2 | import { Navigation } from "@/components/navigation";
> 3 | import { CosmaPlayground } from "@/components/cosma/playground";
    | ^^^^^^^^^^^^^^^^^^^^^^^^^^^^^^^^^^^^^^^^^^^^^^^^^^^^^^^^^^^^^^^^
  4 | import { SiteFooter } from "@/components/site-footer";
  5 | import { CoffeeSupportCard } from "@/components/coffee-support-card";
  6 |

Import map: aliased to relative './components/cosma/playground' inside of [project]/

https://nextjs.org/docs/messages/module-not-found @ http://localhost:4200/_next/static/chunks/0aus_next_dist_00tg.dm._.js:1945
[    3315ms] [ERROR] ./app/page.tsx:15:1
Module not found: Can't resolve '@/components/cosma/cosmo-morph'
  13 | import { PixelIconRocket } from "@/components/pixel-icon-rocket";
  14 | import CodeIcon from "@/components/icons/code-icon";
> 15 | import { CosmoMorph } from "@/components/cosma/cosmo-morph";
     | ^^^^^^^^^^^^^^^^^^^^^^^^^^^^^^^^^^^^^^^^^^^^^^^^^^^^^^^^^^^^
  16 | import { SpinnerMorph } from "@/components/spinners/spinner-morph";
  17 |
  18 | const structuredData = {

Import map: aliased to relative './components/cosma/cosmo-morph' inside of [project]/

Import traces:
  Client Component Browser:
    ./app/page.tsx [Client Component Browser]
    ./app/page.tsx [Server Component]

  Client Component SSR:
    ./app/page.tsx [Client Component SSR]
    ./app/page.tsx [Server Component]

https://nextjs.org/docs/messages/module-not-found @ http://localhost:4200/_next/static/chunks/0aus_next_dist_00tg.dm._.js:1945
[    3315ms] [ERROR] ./components/spinners/spinner-morph.tsx:16:1
Module not found: Can't resolve '@/components/cosma/cosmo-morph'
  14 | import { ScrollTrigger } from "gsap/ScrollTrigger";
  15 | import { useGSAP } from "@gsap/react";
> 16 | import { TickSlider } from "@/components/cosma/cosmo-morph";
     | ^^^^^^^^^^^^^^^^^^^^^^^^^^^^^^^^^^^^^^^^^^^^^^^^^^^^^^^^^^^^
  17 | import {
  18 |   PixelSpinner,
  19 |   type SpinnerAnimation,

Import map: aliased to relative './components/cosma/cosmo-morph' inside of [project]/

Import traces:
  Client Component Browser:
    ./components/spinners/spinner-morph.tsx [Client Component Browser]
    ./app/page.tsx [Client Component Browser]
    ./app/page.tsx [Server Component]

  Client Component SSR:
    ./components/spinners/spinner-morph.tsx [Client Component SSR]
    ./app/page.tsx [Client Component SSR]
    ./app/page.tsx [Server Component]

https://nextjs.org/docs/messages/module-not-found @ http://localhost:4200/_next/static/chunks/0aus_next_dist_00tg.dm._.js:1945
[    3315ms] [ERROR] ./app/cosma/page.tsx:3:1
Module not found: Can't resolve '@/components/cosma/playground'
  1 | import type { Metadata } from "next";
  2 | import { Navigation } from "@/components/navigation";
> 3 | import { CosmaPlayground } from "@/components/cosma/playground";
    | ^^^^^^^^^^^^^^^^^^^^^^^^^^^^^^^^^^^^^^^^^^^^^^^^^^^^^^^^^^^^^^^^
  4 | import { SiteFooter } from "@/components/site-footer";
  5 | import { CoffeeSupportCard } from "@/components/coffee-support-card";
  6 |

Import map: aliased to relative './components/cosma/playground' inside of [project]/

https://nextjs.org/docs/messages/module-not-found @ http://localhost:4200/_next/static/chunks/0aus_next_dist_00tg.dm._.js:1945
[    3378ms] [ERROR] ./app/page.tsx:15:1
Module not found: Can't resolve '@/components/cosma/cosmo-morph'
  13 | import { PixelIconRocket } from "@/components/pixel-icon-rocket";
  14 | import CodeIcon from "@/components/icons/code-icon";
> 15 | import { CosmoMorph } from "@/components/cosma/cosmo-morph";
     | ^^^^^^^^^^^^^^^^^^^^^^^^^^^^^^^^^^^^^^^^^^^^^^^^^^^^^^^^^^^^
  16 | import { SpinnerMorph } from "@/components/spinners/spinner-morph";
  17 |
  18 | const structuredData = {

Import map: aliased to relative './components/cosma/cosmo-morph' inside of [project]/

Import traces:
  Client Component Browser:
    ./app/page.tsx [Client Component Browser]
    ./app/page.tsx [Server Component]

  Client Component SSR:
    ./app/page.tsx [Client Component SSR]
    ./app/page.tsx [Server Component]

https://nextjs.org/docs/messages/module-not-found @ http://localhost:4200/_next/static/chunks/0aus_next_dist_00tg.dm._.js:1945
[    3378ms] [ERROR] ./components/spinners/spinner-morph.tsx:16:1
Module not found: Can't resolve '@/components/cosma/cosmo-morph'
  14 | import { ScrollTrigger } from "gsap/ScrollTrigger";
  15 | import { useGSAP } from "@gsap/react";
> 16 | import { TickSlider } from "@/components/cosma/cosmo-morph";
     | ^^^^^^^^^^^^^^^^^^^^^^^^^^^^^^^^^^^^^^^^^^^^^^^^^^^^^^^^^^^^
  17 | import {
  18 |   PixelSpinner,
  19 |   type SpinnerAnimation,

Import map: aliased to relative './components/cosma/cosmo-morph' inside of [project]/

Import traces:
  Client Component Browser:
    ./components/spinners/spinner-morph.tsx [Client Component Browser]
    ./app/page.tsx [Client Component Browser]
    ./app/page.tsx [Server Component]

  Client Component SSR:
    ./components/spinners/spinner-morph.tsx [Client Component SSR]
    ./app/page.tsx [Client Component SSR]
    ./app/page.tsx [Server Component]

https://nextjs.org/docs/messages/module-not-found @ http://localhost:4200/_next/static/chunks/0aus_next_dist_00tg.dm._.js:1945
[    3378ms] [ERROR] ./app/cosma/page.tsx:3:1
Module not found: Can't resolve '@/components/cosma/playground'
  1 | import type { Metadata } from "next";
  2 | import { Navigation } from "@/components/navigation";
> 3 | import { CosmaPlayground } from "@/components/cosma/playground";
    | ^^^^^^^^^^^^^^^^^^^^^^^^^^^^^^^^^^^^^^^^^^^^^^^^^^^^^^^^^^^^^^^^
  4 | import { SiteFooter } from "@/components/site-footer";
  5 | import { CoffeeSupportCard } from "@/components/coffee-support-card";
  6 |

Import map: aliased to relative './components/cosma/playground' inside of [project]/

https://nextjs.org/docs/messages/module-not-found @ http://localhost:4200/_next/static/chunks/0aus_next_dist_00tg.dm._.js:1945
[    3443ms] [ERROR] ./app/page.tsx:15:1
Module not found: Can't resolve '@/components/cosma/cosmo-morph'
  13 | import { PixelIconRocket } from "@/components/pixel-icon-rocket";
  14 | import CodeIcon from "@/components/icons/code-icon";
> 15 | import { CosmoMorph } from "@/components/cosma/cosmo-morph";
     | ^^^^^^^^^^^^^^^^^^^^^^^^^^^^^^^^^^^^^^^^^^^^^^^^^^^^^^^^^^^^
  16 | import { SpinnerMorph } from "@/components/spinners/spinner-morph";
  17 |
  18 | const structuredData = {

Import map: aliased to relative './components/cosma/cosmo-morph' inside of [project]/

Import traces:
  Client Component Browser:
    ./app/page.tsx [Client Component Browser]
    ./app/page.tsx [Server Component]

  Client Component SSR:
    ./app/page.tsx [Client Component SSR]
    ./app/page.tsx [Server Component]

https://nextjs.org/docs/messages/module-not-found @ http://localhost:4200/_next/static/chunks/0aus_next_dist_00tg.dm._.js:1945
[    3443ms] [ERROR] ./components/spinners/spinner-morph.tsx:16:1
Module not found: Can't resolve '@/components/cosma/cosmo-morph'
  14 | import { ScrollTrigger } from "gsap/ScrollTrigger";
  15 | import { useGSAP } from "@gsap/react";
> 16 | import { TickSlider } from "@/components/cosma/cosmo-morph";
     | ^^^^^^^^^^^^^^^^^^^^^^^^^^^^^^^^^^^^^^^^^^^^^^^^^^^^^^^^^^^^
  17 | import {
  18 |   PixelSpinner,
  19 |   type SpinnerAnimation,

Import map: aliased to relative './components/cosma/cosmo-morph' inside of [project]/

Import traces:
  Client Component Browser:
    ./components/spinners/spinner-morph.tsx [Client Component Browser]
    ./app/page.tsx [Client Component Browser]
    ./app/page.tsx [Server Component]

  Client Component SSR:
    ./components/spinners/spinner-morph.tsx [Client Component SSR]
    ./app/page.tsx [Client Component SSR]
    ./app/page.tsx [Server Component]

https://nextjs.org/docs/messages/module-not-found @ http://localhost:4200/_next/static/chunks/0aus_next_dist_00tg.dm._.js:1945
[    3443ms] [ERROR] ./app/cosma/page.tsx:3:1
Module not found: Can't resolve '@/components/cosma/playground'
  1 | import type { Metadata } from "next";
  2 | import { Navigation } from "@/components/navigation";
> 3 | import { CosmaPlayground } from "@/components/cosma/playground";
    | ^^^^^^^^^^^^^^^^^^^^^^^^^^^^^^^^^^^^^^^^^^^^^^^^^^^^^^^^^^^^^^^^
  4 | import { SiteFooter } from "@/components/site-footer";
  5 | import { CoffeeSupportCard } from "@/components/coffee-support-card";
  6 |

Import map: aliased to relative './components/cosma/playground' inside of [project]/

https://nextjs.org/docs/messages/module-not-found @ http://localhost:4200/_next/static/chunks/0aus_next_dist_00tg.dm._.js:1945
[    3506ms] [ERROR] ./app/page.tsx:15:1
Module not found: Can't resolve '@/components/cosma/cosmo-morph'
  13 | import { PixelIconRocket } from "@/components/pixel-icon-rocket";
  14 | import CodeIcon from "@/components/icons/code-icon";
> 15 | import { CosmoMorph } from "@/components/cosma/cosmo-morph";
     | ^^^^^^^^^^^^^^^^^^^^^^^^^^^^^^^^^^^^^^^^^^^^^^^^^^^^^^^^^^^^
  16 | import { SpinnerMorph } from "@/components/spinners/spinner-morph";
  17 |
  18 | const structuredData = {

Import map: aliased to relative './components/cosma/cosmo-morph' inside of [project]/

Import traces:
  Client Component Browser:
    ./app/page.tsx [Client Component Browser]
    ./app/page.tsx [Server Component]

  Client Component SSR:
    ./app/page.tsx [Client Component SSR]
    ./app/page.tsx [Server Component]

https://nextjs.org/docs/messages/module-not-found @ http://localhost:4200/_next/static/chunks/0aus_next_dist_00tg.dm._.js:1945
[    3506ms] [ERROR] ./components/spinners/spinner-morph.tsx:16:1
Module not found: Can't resolve '@/components/cosma/cosmo-morph'
  14 | import { ScrollTrigger } from "gsap/ScrollTrigger";
  15 | import { useGSAP } from "@gsap/react";
> 16 | import { TickSlider } from "@/components/cosma/cosmo-morph";
     | ^^^^^^^^^^^^^^^^^^^^^^^^^^^^^^^^^^^^^^^^^^^^^^^^^^^^^^^^^^^^
  17 | import {
  18 |   PixelSpinner,
  19 |   type SpinnerAnimation,

Import map: aliased to relative './components/cosma/cosmo-morph' inside of [project]/

Import traces:
  Client Component Browser:
    ./components/spinners/spinner-morph.tsx [Client Component Browser]
    ./app/page.tsx [Client Component Browser]
    ./app/page.tsx [Server Component]

  Client Component SSR:
    ./components/spinners/spinner-morph.tsx [Client Component SSR]
    ./app/page.tsx [Client Component SSR]
    ./app/page.tsx [Server Component]

https://nextjs.org/docs/messages/module-not-found @ http://localhost:4200/_next/static/chunks/0aus_next_dist_00tg.dm._.js:1945
[    3506ms] [ERROR] ./app/cosma/page.tsx:3:1
Module not found: Can't resolve '@/components/cosma/playground'
  1 | import type { Metadata } from "next";
  2 | import { Navigation } from "@/components/navigation";
> 3 | import { CosmaPlayground } from "@/components/cosma/playground";
    | ^^^^^^^^^^^^^^^^^^^^^^^^^^^^^^^^^^^^^^^^^^^^^^^^^^^^^^^^^^^^^^^^
  4 | import { SiteFooter } from "@/components/site-footer";
  5 | import { CoffeeSupportCard } from "@/components/coffee-support-card";
  6 |

Import map: aliased to relative './components/cosma/playground' inside of [project]/

https://nextjs.org/docs/messages/module-not-found @ http://localhost:4200/_next/static/chunks/0aus_next_dist_00tg.dm._.js:1945
[    3570ms] [ERROR] ./app/page.tsx:15:1
Module not found: Can't resolve '@/components/cosma/cosmo-morph'
  13 | import { PixelIconRocket } from "@/components/pixel-icon-rocket";
  14 | import CodeIcon from "@/components/icons/code-icon";
> 15 | import { CosmoMorph } from "@/components/cosma/cosmo-morph";
     | ^^^^^^^^^^^^^^^^^^^^^^^^^^^^^^^^^^^^^^^^^^^^^^^^^^^^^^^^^^^^
  16 | import { SpinnerMorph } from "@/components/spinners/spinner-morph";
  17 |
  18 | const structuredData = {

Import map: aliased to relative './components/cosma/cosmo-morph' inside of [project]/

Import traces:
  Client Component Browser:
    ./app/page.tsx [Client Component Browser]
    ./app/page.tsx [Server Component]

  Client Component SSR:
    ./app/page.tsx [Client Component SSR]
    ./app/page.tsx [Server Component]

https://nextjs.org/docs/messages/module-not-found @ http://localhost:4200/_next/static/chunks/0aus_next_dist_00tg.dm._.js:1945
[    3570ms] [ERROR] ./components/spinners/spinner-morph.tsx:16:1
Module not found: Can't resolve '@/components/cosma/cosmo-morph'
  14 | import { ScrollTrigger } from "gsap/ScrollTrigger";
  15 | import { useGSAP } from "@gsap/react";
> 16 | import { TickSlider } from "@/components/cosma/cosmo-morph";
     | ^^^^^^^^^^^^^^^^^^^^^^^^^^^^^^^^^^^^^^^^^^^^^^^^^^^^^^^^^^^^
  17 | import {
  18 |   PixelSpinner,
  19 |   type SpinnerAnimation,

Import map: aliased to relative './components/cosma/cosmo-morph' inside of [project]/

Import traces:
  Client Component Browser:
    ./components/spinners/spinner-morph.tsx [Client Component Browser]
    ./app/page.tsx [Client Component Browser]
    ./app/page.tsx [Server Component]

  Client Component SSR:
    ./components/spinners/spinner-morph.tsx [Client Component SSR]
    ./app/page.tsx [Client Component SSR]
    ./app/page.tsx [Server Component]

https://nextjs.org/docs/messages/module-not-found @ http://localhost:4200/_next/static/chunks/0aus_next_dist_00tg.dm._.js:1945
[    3570ms] [ERROR] ./app/cosma/page.tsx:3:1
Module not found: Can't resolve '@/components/cosma/playground'
  1 | import type { Metadata } from "next";
  2 | import { Navigation } from "@/components/navigation";
> 3 | import { CosmaPlayground } from "@/components/cosma/playground";
    | ^^^^^^^^^^^^^^^^^^^^^^^^^^^^^^^^^^^^^^^^^^^^^^^^^^^^^^^^^^^^^^^^
  4 | import { SiteFooter } from "@/components/site-footer";
  5 | import { CoffeeSupportCard } from "@/components/coffee-support-card";
  6 |

Import map: aliased to relative './components/cosma/playground' inside of [project]/

https://nextjs.org/docs/messages/module-not-found @ http://localhost:4200/_next/static/chunks/0aus_next_dist_00tg.dm._.js:1945
[    3635ms] [ERROR] ./app/page.tsx:15:1
Module not found: Can't resolve '@/components/cosma/cosmo-morph'
  13 | import { PixelIconRocket } from "@/components/pixel-icon-rocket";
  14 | import CodeIcon from "@/components/icons/code-icon";
> 15 | import { CosmoMorph } from "@/components/cosma/cosmo-morph";
     | ^^^^^^^^^^^^^^^^^^^^^^^^^^^^^^^^^^^^^^^^^^^^^^^^^^^^^^^^^^^^
  16 | import { SpinnerMorph } from "@/components/spinners/spinner-morph";
  17 |
  18 | const structuredData = {

Import map: aliased to relative './components/cosma/cosmo-morph' inside of [project]/

Import traces:
  Client Component Browser:
    ./app/page.tsx [Client Component Browser]
    ./app/page.tsx [Server Component]

  Client Component SSR:
    ./app/page.tsx [Client Component SSR]
    ./app/page.tsx [Server Component]

https://nextjs.org/docs/messages/module-not-found @ http://localhost:4200/_next/static/chunks/0aus_next_dist_00tg.dm._.js:1945
[    3635ms] [ERROR] ./components/spinners/spinner-morph.tsx:16:1
Module not found: Can't resolve '@/components/cosma/cosmo-morph'
  14 | import { ScrollTrigger } from "gsap/ScrollTrigger";
  15 | import { useGSAP } from "@gsap/react";
> 16 | import { TickSlider } from "@/components/cosma/cosmo-morph";
     | ^^^^^^^^^^^^^^^^^^^^^^^^^^^^^^^^^^^^^^^^^^^^^^^^^^^^^^^^^^^^
  17 | import {
  18 |   PixelSpinner,
  19 |   type SpinnerAnimation,

Import map: aliased to relative './components/cosma/cosmo-morph' inside of [project]/

Import traces:
  Client Component Browser:
    ./components/spinners/spinner-morph.tsx [Client Component Browser]
    ./app/page.tsx [Client Component Browser]
    ./app/page.tsx [Server Component]

  Client Component SSR:
    ./components/spinners/spinner-morph.tsx [Client Component SSR]
    ./app/page.tsx [Client Component SSR]
    ./app/page.tsx [Server Component]

https://nextjs.org/docs/messages/module-not-found @ http://localhost:4200/_next/static/chunks/0aus_next_dist_00tg.dm._.js:1945
[    3636ms] [ERROR] ./app/cosma/page.tsx:3:1
Module not found: Can't resolve '@/components/cosma/playground'
  1 | import type { Metadata } from "next";
  2 | import { Navigation } from "@/components/navigation";
> 3 | import { CosmaPlayground } from "@/components/cosma/playground";
    | ^^^^^^^^^^^^^^^^^^^^^^^^^^^^^^^^^^^^^^^^^^^^^^^^^^^^^^^^^^^^^^^^
  4 | import { SiteFooter } from "@/components/site-footer";
  5 | import { CoffeeSupportCard } from "@/components/coffee-support-card";
  6 |

Import map: aliased to relative './components/cosma/playground' inside of [project]/

https://nextjs.org/docs/messages/module-not-found @ http://localhost:4200/_next/static/chunks/0aus_next_dist_00tg.dm._.js:1945
[    3701ms] [ERROR] ./app/page.tsx:15:1
Module not found: Can't resolve '@/components/cosma/cosmo-morph'
  13 | import { PixelIconRocket } from "@/components/pixel-icon-rocket";
  14 | import CodeIcon from "@/components/icons/code-icon";
> 15 | import { CosmoMorph } from "@/components/cosma/cosmo-morph";
     | ^^^^^^^^^^^^^^^^^^^^^^^^^^^^^^^^^^^^^^^^^^^^^^^^^^^^^^^^^^^^
  16 | import { SpinnerMorph } from "@/components/spinners/spinner-morph";
  17 |
  18 | const structuredData = {

Import map: aliased to relative './components/cosma/cosmo-morph' inside of [project]/

Import traces:
  Client Component Browser:
    ./app/page.tsx [Client Component Browser]
    ./app/page.tsx [Server Component]

  Client Component SSR:
    ./app/page.tsx [Client Component SSR]
    ./app/page.tsx [Server Component]

https://nextjs.org/docs/messages/module-not-found @ http://localhost:4200/_next/static/chunks/0aus_next_dist_00tg.dm._.js:1945
[    3701ms] [ERROR] ./components/spinners/spinner-morph.tsx:16:1
Module not found: Can't resolve '@/components/cosma/cosmo-morph'
  14 | import { ScrollTrigger } from "gsap/ScrollTrigger";
  15 | import { useGSAP } from "@gsap/react";
> 16 | import { TickSlider } from "@/components/cosma/cosmo-morph";
     | ^^^^^^^^^^^^^^^^^^^^^^^^^^^^^^^^^^^^^^^^^^^^^^^^^^^^^^^^^^^^
  17 | import {
  18 |   PixelSpinner,
  19 |   type SpinnerAnimation,

Import map: aliased to relative './components/cosma/cosmo-morph' inside of [project]/

Import traces:
  Client Component Browser:
    ./components/spinners/spinner-morph.tsx [Client Component Browser]
    ./app/page.tsx [Client Component Browser]
    ./app/page.tsx [Server Component]

  Client Component SSR:
    ./components/spinners/spinner-morph.tsx [Client Component SSR]
    ./app/page.tsx [Client Component SSR]
    ./app/page.tsx [Server Component]

https://nextjs.org/docs/messages/module-not-found @ http://localhost:4200/_next/static/chunks/0aus_next_dist_00tg.dm._.js:1945
[    3701ms] [ERROR] ./app/cosma/page.tsx:3:1
Module not found: Can't resolve '@/components/cosma/playground'
  1 | import type { Metadata } from "next";
  2 | import { Navigation } from "@/components/navigation";
> 3 | import { CosmaPlayground } from "@/components/cosma/playground";
    | ^^^^^^^^^^^^^^^^^^^^^^^^^^^^^^^^^^^^^^^^^^^^^^^^^^^^^^^^^^^^^^^^
  4 | import { SiteFooter } from "@/components/site-footer";
  5 | import { CoffeeSupportCard } from "@/components/coffee-support-card";
  6 |

Import map: aliased to relative './components/cosma/playground' inside of [project]/

https://nextjs.org/docs/messages/module-not-found @ http://localhost:4200/_next/static/chunks/0aus_next_dist_00tg.dm._.js:1945
[    3768ms] [ERROR] ./app/page.tsx:15:1
Module not found: Can't resolve '@/components/cosma/cosmo-morph'
  13 | import { PixelIconRocket } from "@/components/pixel-icon-rocket";
  14 | import CodeIcon from "@/components/icons/code-icon";
> 15 | import { CosmoMorph } from "@/components/cosma/cosmo-morph";
     | ^^^^^^^^^^^^^^^^^^^^^^^^^^^^^^^^^^^^^^^^^^^^^^^^^^^^^^^^^^^^
  16 | import { SpinnerMorph } from "@/components/spinners/spinner-morph";
  17 |
  18 | const structuredData = {

Import map: aliased to relative './components/cosma/cosmo-morph' inside of [project]/

Import traces:
  Client Component Browser:
    ./app/page.tsx [Client Component Browser]
    ./app/page.tsx [Server Component]

  Client Component SSR:
    ./app/page.tsx [Client Component SSR]
    ./app/page.tsx [Server Component]

https://nextjs.org/docs/messages/module-not-found @ http://localhost:4200/_next/static/chunks/0aus_next_dist_00tg.dm._.js:1945
[    3768ms] [ERROR] ./components/spinners/spinner-morph.tsx:16:1
Module not found: Can't resolve '@/components/cosma/cosmo-morph'
  14 | import { ScrollTrigger } from "gsap/ScrollTrigger";
  15 | import { useGSAP } from "@gsap/react";
> 16 | import { TickSlider } from "@/components/cosma/cosmo-morph";
     | ^^^^^^^^^^^^^^^^^^^^^^^^^^^^^^^^^^^^^^^^^^^^^^^^^^^^^^^^^^^^
  17 | import {
  18 |   PixelSpinner,
  19 |   type SpinnerAnimation,

Import map: aliased to relative './components/cosma/cosmo-morph' inside of [project]/

Import traces:
  Client Component Browser:
    ./components/spinners/spinner-morph.tsx [Client Component Browser]
    ./app/page.tsx [Client Component Browser]
    ./app/page.tsx [Server Component]

  Client Component SSR:
    ./components/spinners/spinner-morph.tsx [Client Component SSR]
    ./app/page.tsx [Client Component SSR]
    ./app/page.tsx [Server Component]

https://nextjs.org/docs/messages/module-not-found @ http://localhost:4200/_next/static/chunks/0aus_next_dist_00tg.dm._.js:1945
[    3768ms] [ERROR] ./app/cosma/page.tsx:3:1
Module not found: Can't resolve '@/components/cosma/playground'
  1 | import type { Metadata } from "next";
  2 | import { Navigation } from "@/components/navigation";
> 3 | import { CosmaPlayground } from "@/components/cosma/playground";
    | ^^^^^^^^^^^^^^^^^^^^^^^^^^^^^^^^^^^^^^^^^^^^^^^^^^^^^^^^^^^^^^^^
  4 | import { SiteFooter } from "@/components/site-footer";
  5 | import { CoffeeSupportCard } from "@/components/coffee-support-card";
  6 |

Import map: aliased to relative './components/cosma/playground' inside of [project]/

https://nextjs.org/docs/messages/module-not-found @ http://localhost:4200/_next/static/chunks/0aus_next_dist_00tg.dm._.js:1945
[    3829ms] [ERROR] ./app/page.tsx:15:1
Module not found: Can't resolve '@/components/cosma/cosmo-morph'
  13 | import { PixelIconRocket } from "@/components/pixel-icon-rocket";
  14 | import CodeIcon from "@/components/icons/code-icon";
> 15 | import { CosmoMorph } from "@/components/cosma/cosmo-morph";
     | ^^^^^^^^^^^^^^^^^^^^^^^^^^^^^^^^^^^^^^^^^^^^^^^^^^^^^^^^^^^^
  16 | import { SpinnerMorph } from "@/components/spinners/spinner-morph";
  17 |
  18 | const structuredData = {

Import map: aliased to relative './components/cosma/cosmo-morph' inside of [project]/

Import traces:
  Client Component Browser:
    ./app/page.tsx [Client Component Browser]
    ./app/page.tsx [Server Component]

  Client Component SSR:
    ./app/page.tsx [Client Component SSR]
    ./app/page.tsx [Server Component]

https://nextjs.org/docs/messages/module-not-found @ http://localhost:4200/_next/static/chunks/0aus_next_dist_00tg.dm._.js:1945
[    3829ms] [ERROR] ./components/spinners/spinner-morph.tsx:16:1
Module not found: Can't resolve '@/components/cosma/cosmo-morph'
  14 | import { ScrollTrigger } from "gsap/ScrollTrigger";
  15 | import { useGSAP } from "@gsap/react";
> 16 | import { TickSlider } from "@/components/cosma/cosmo-morph";
     | ^^^^^^^^^^^^^^^^^^^^^^^^^^^^^^^^^^^^^^^^^^^^^^^^^^^^^^^^^^^^
  17 | import {
  18 |   PixelSpinner,
  19 |   type SpinnerAnimation,

Import map: aliased to relative './components/cosma/cosmo-morph' inside of [project]/

Import traces:
  Client Component Browser:
    ./components/spinners/spinner-morph.tsx [Client Component Browser]
    ./app/page.tsx [Client Component Browser]
    ./app/page.tsx [Server Component]

  Client Component SSR:
    ./components/spinners/spinner-morph.tsx [Client Component SSR]
    ./app/page.tsx [Client Component SSR]
    ./app/page.tsx [Server Component]

https://nextjs.org/docs/messages/module-not-found @ http://localhost:4200/_next/static/chunks/0aus_next_dist_00tg.dm._.js:1945
[    3829ms] [ERROR] ./app/cosma/page.tsx:3:1
Module not found: Can't resolve '@/components/cosma/playground'
  1 | import type { Metadata } from "next";
  2 | import { Navigation } from "@/components/navigation";
> 3 | import { CosmaPlayground } from "@/components/cosma/playground";
    | ^^^^^^^^^^^^^^^^^^^^^^^^^^^^^^^^^^^^^^^^^^^^^^^^^^^^^^^^^^^^^^^^
  4 | import { SiteFooter } from "@/components/site-footer";
  5 | import { CoffeeSupportCard } from "@/components/coffee-support-card";
  6 |

Import map: aliased to relative './components/cosma/playground' inside of [project]/

https://nextjs.org/docs/messages/module-not-found @ http://localhost:4200/_next/static/chunks/0aus_next_dist_00tg.dm._.js:1945
[    3886ms] [ERROR] ./app/page.tsx:15:1
Module not found: Can't resolve '@/components/cosma/cosmo-morph'
  13 | import { PixelIconRocket } from "@/components/pixel-icon-rocket";
  14 | import CodeIcon from "@/components/icons/code-icon";
> 15 | import { CosmoMorph } from "@/components/cosma/cosmo-morph";
     | ^^^^^^^^^^^^^^^^^^^^^^^^^^^^^^^^^^^^^^^^^^^^^^^^^^^^^^^^^^^^
  16 | import { SpinnerMorph } from "@/components/spinners/spinner-morph";
  17 |
  18 | const structuredData = {

Import map: aliased to relative './components/cosma/cosmo-morph' inside of [project]/

Import traces:
  Client Component Browser:
    ./app/page.tsx [Client Component Browser]
    ./app/page.tsx [Server Component]

  Client Component SSR:
    ./app/page.tsx [Client Component SSR]
    ./app/page.tsx [Server Component]

https://nextjs.org/docs/messages/module-not-found @ http://localhost:4200/_next/static/chunks/0aus_next_dist_00tg.dm._.js:1945
[    3886ms] [ERROR] ./components/spinners/spinner-morph.tsx:16:1
Module not found: Can't resolve '@/components/cosma/cosmo-morph'
  14 | import { ScrollTrigger } from "gsap/ScrollTrigger";
  15 | import { useGSAP } from "@gsap/react";
> 16 | import { TickSlider } from "@/components/cosma/cosmo-morph";
     | ^^^^^^^^^^^^^^^^^^^^^^^^^^^^^^^^^^^^^^^^^^^^^^^^^^^^^^^^^^^^
  17 | import {
  18 |   PixelSpinner,
  19 |   type SpinnerAnimation,

Import map: aliased to relative './components/cosma/cosmo-morph' inside of [project]/

Import traces:
  Client Component Browser:
    ./components/spinners/spinner-morph.tsx [Client Component Browser]
    ./app/page.tsx [Client Component Browser]
    ./app/page.tsx [Server Component]

  Client Component SSR:
    ./components/spinners/spinner-morph.tsx [Client Component SSR]
    ./app/page.tsx [Client Component SSR]
    ./app/page.tsx [Server Component]

https://nextjs.org/docs/messages/module-not-found @ http://localhost:4200/_next/static/chunks/0aus_next_dist_00tg.dm._.js:1945
[    3886ms] [ERROR] ./app/cosma/page.tsx:3:1
Module not found: Can't resolve '@/components/cosma/playground'
  1 | import type { Metadata } from "next";
  2 | import { Navigation } from "@/components/navigation";
> 3 | import { CosmaPlayground } from "@/components/cosma/playground";
    | ^^^^^^^^^^^^^^^^^^^^^^^^^^^^^^^^^^^^^^^^^^^^^^^^^^^^^^^^^^^^^^^^
  4 | import { SiteFooter } from "@/components/site-footer";
  5 | import { CoffeeSupportCard } from "@/components/coffee-support-card";
  6 |

Import map: aliased to relative './components/cosma/playground' inside of [project]/

https://nextjs.org/docs/messages/module-not-found @ http://localhost:4200/_next/static/chunks/0aus_next_dist_00tg.dm._.js:1945
[    3950ms] [ERROR] ./app/page.tsx:15:1
Module not found: Can't resolve '@/components/cosma/cosmo-morph'
  13 | import { PixelIconRocket } from "@/components/pixel-icon-rocket";
  14 | import CodeIcon from "@/components/icons/code-icon";
> 15 | import { CosmoMorph } from "@/components/cosma/cosmo-morph";
     | ^^^^^^^^^^^^^^^^^^^^^^^^^^^^^^^^^^^^^^^^^^^^^^^^^^^^^^^^^^^^
  16 | import { SpinnerMorph } from "@/components/spinners/spinner-morph";
  17 |
  18 | const structuredData = {

Import map: aliased to relative './components/cosma/cosmo-morph' inside of [project]/

Import traces:
  Client Component Browser:
    ./app/page.tsx [Client Component Browser]
    ./app/page.tsx [Server Component]

  Client Component SSR:
    ./app/page.tsx [Client Component SSR]
    ./app/page.tsx [Server Component]

https://nextjs.org/docs/messages/module-not-found @ http://localhost:4200/_next/static/chunks/0aus_next_dist_00tg.dm._.js:1945
[    3950ms] [ERROR] ./components/spinners/spinner-morph.tsx:16:1
Module not found: Can't resolve '@/components/cosma/cosmo-morph'
  14 | import { ScrollTrigger } from "gsap/ScrollTrigger";
  15 | import { useGSAP } from "@gsap/react";
> 16 | import { TickSlider } from "@/components/cosma/cosmo-morph";
     | ^^^^^^^^^^^^^^^^^^^^^^^^^^^^^^^^^^^^^^^^^^^^^^^^^^^^^^^^^^^^
  17 | import {
  18 |   PixelSpinner,
  19 |   type SpinnerAnimation,

Import map: aliased to relative './components/cosma/cosmo-morph' inside of [project]/

Import traces:
  Client Component Browser:
    ./components/spinners/spinner-morph.tsx [Client Component Browser]
    ./app/page.tsx [Client Component Browser]
    ./app/page.tsx [Server Component]

  Client Component SSR:
    ./components/spinners/spinner-morph.tsx [Client Component SSR]
    ./app/page.tsx [Client Component SSR]
    ./app/page.tsx [Server Component]

https://nextjs.org/docs/messages/module-not-found @ http://localhost:4200/_next/static/chunks/0aus_next_dist_00tg.dm._.js:1945
[    3950ms] [ERROR] ./app/cosma/page.tsx:3:1
Module not found: Can't resolve '@/components/cosma/playground'
  1 | import type { Metadata } from "next";
  2 | import { Navigation } from "@/components/navigation";
> 3 | import { CosmaPlayground } from "@/components/cosma/playground";
    | ^^^^^^^^^^^^^^^^^^^^^^^^^^^^^^^^^^^^^^^^^^^^^^^^^^^^^^^^^^^^^^^^
  4 | import { SiteFooter } from "@/components/site-footer";
  5 | import { CoffeeSupportCard } from "@/components/coffee-support-card";
  6 |

Import map: aliased to relative './components/cosma/playground' inside of [project]/

https://nextjs.org/docs/messages/module-not-found @ http://localhost:4200/_next/static/chunks/0aus_next_dist_00tg.dm._.js:1945
[    4016ms] [ERROR] ./app/page.tsx:15:1
Module not found: Can't resolve '@/components/cosma/cosmo-morph'
  13 | import { PixelIconRocket } from "@/components/pixel-icon-rocket";
  14 | import CodeIcon from "@/components/icons/code-icon";
> 15 | import { CosmoMorph } from "@/components/cosma/cosmo-morph";
     | ^^^^^^^^^^^^^^^^^^^^^^^^^^^^^^^^^^^^^^^^^^^^^^^^^^^^^^^^^^^^
  16 | import { SpinnerMorph } from "@/components/spinners/spinner-morph";
  17 |
  18 | const structuredData = {

Import map: aliased to relative './components/cosma/cosmo-morph' inside of [project]/

Import traces:
  Client Component Browser:
    ./app/page.tsx [Client Component Browser]
    ./app/page.tsx [Server Component]

  Client Component SSR:
    ./app/page.tsx [Client Component SSR]
    ./app/page.tsx [Server Component]

https://nextjs.org/docs/messages/module-not-found @ http://localhost:4200/_next/static/chunks/0aus_next_dist_00tg.dm._.js:1945
[    4016ms] [ERROR] ./components/spinners/spinner-morph.tsx:16:1
Module not found: Can't resolve '@/components/cosma/cosmo-morph'
  14 | import { ScrollTrigger } from "gsap/ScrollTrigger";
  15 | import { useGSAP } from "@gsap/react";
> 16 | import { TickSlider } from "@/components/cosma/cosmo-morph";
     | ^^^^^^^^^^^^^^^^^^^^^^^^^^^^^^^^^^^^^^^^^^^^^^^^^^^^^^^^^^^^
  17 | import {
  18 |   PixelSpinner,
  19 |   type SpinnerAnimation,

Import map: aliased to relative './components/cosma/cosmo-morph' inside of [project]/

Import traces:
  Client Component Browser:
    ./components/spinners/spinner-morph.tsx [Client Component Browser]
    ./app/page.tsx [Client Component Browser]
    ./app/page.tsx [Server Component]

  Client Component SSR:
    ./components/spinners/spinner-morph.tsx [Client Component SSR]
    ./app/page.tsx [Client Component SSR]
    ./app/page.tsx [Server Component]

https://nextjs.org/docs/messages/module-not-found @ http://localhost:4200/_next/static/chunks/0aus_next_dist_00tg.dm._.js:1945
[    4016ms] [ERROR] ./app/cosma/page.tsx:3:1
Module not found: Can't resolve '@/components/cosma/playground'
  1 | import type { Metadata } from "next";
  2 | import { Navigation } from "@/components/navigation";
> 3 | import { CosmaPlayground } from "@/components/cosma/playground";
    | ^^^^^^^^^^^^^^^^^^^^^^^^^^^^^^^^^^^^^^^^^^^^^^^^^^^^^^^^^^^^^^^^
  4 | import { SiteFooter } from "@/components/site-footer";
  5 | import { CoffeeSupportCard } from "@/components/coffee-support-card";
  6 |

Import map: aliased to relative './components/cosma/playground' inside of [project]/

https://nextjs.org/docs/messages/module-not-found @ http://localhost:4200/_next/static/chunks/0aus_next_dist_00tg.dm._.js:1945
[    4082ms] [ERROR] ./app/page.tsx:15:1
Module not found: Can't resolve '@/components/cosma/cosmo-morph'
  13 | import { PixelIconRocket } from "@/components/pixel-icon-rocket";
  14 | import CodeIcon from "@/components/icons/code-icon";
> 15 | import { CosmoMorph } from "@/components/cosma/cosmo-morph";
     | ^^^^^^^^^^^^^^^^^^^^^^^^^^^^^^^^^^^^^^^^^^^^^^^^^^^^^^^^^^^^
  16 | import { SpinnerMorph } from "@/components/spinners/spinner-morph";
  17 |
  18 | const structuredData = {

Import map: aliased to relative './components/cosma/cosmo-morph' inside of [project]/

Import traces:
  Client Component Browser:
    ./app/page.tsx [Client Component Browser]
    ./app/page.tsx [Server Component]

  Client Component SSR:
    ./app/page.tsx [Client Component SSR]
    ./app/page.tsx [Server Component]

https://nextjs.org/docs/messages/module-not-found @ http://localhost:4200/_next/static/chunks/0aus_next_dist_00tg.dm._.js:1945
[    4082ms] [ERROR] ./components/spinners/spinner-morph.tsx:16:1
Module not found: Can't resolve '@/components/cosma/cosmo-morph'
  14 | import { ScrollTrigger } from "gsap/ScrollTrigger";
  15 | import { useGSAP } from "@gsap/react";
> 16 | import { TickSlider } from "@/components/cosma/cosmo-morph";
     | ^^^^^^^^^^^^^^^^^^^^^^^^^^^^^^^^^^^^^^^^^^^^^^^^^^^^^^^^^^^^
  17 | import {
  18 |   PixelSpinner,
  19 |   type SpinnerAnimation,

Import map: aliased to relative './components/cosma/cosmo-morph' inside of [project]/

Import traces:
  Client Component Browser:
    ./components/spinners/spinner-morph.tsx [Client Component Browser]
    ./app/page.tsx [Client Component Browser]
    ./app/page.tsx [Server Component]

  Client Component SSR:
    ./components/spinners/spinner-morph.tsx [Client Component SSR]
    ./app/page.tsx [Client Component SSR]
    ./app/page.tsx [Server Component]

https://nextjs.org/docs/messages/module-not-found @ http://localhost:4200/_next/static/chunks/0aus_next_dist_00tg.dm._.js:1945
[    4082ms] [ERROR] ./app/cosma/page.tsx:3:1
Module not found: Can't resolve '@/components/cosma/playground'
  1 | import type { Metadata } from "next";
  2 | import { Navigation } from "@/components/navigation";
> 3 | import { CosmaPlayground } from "@/components/cosma/playground";
    | ^^^^^^^^^^^^^^^^^^^^^^^^^^^^^^^^^^^^^^^^^^^^^^^^^^^^^^^^^^^^^^^^
  4 | import { SiteFooter } from "@/components/site-footer";
  5 | import { CoffeeSupportCard } from "@/components/coffee-support-card";
  6 |

Import map: aliased to relative './components/cosma/playground' inside of [project]/

https://nextjs.org/docs/messages/module-not-found @ http://localhost:4200/_next/static/chunks/0aus_next_dist_00tg.dm._.js:1945
[    4146ms] [ERROR] ./app/page.tsx:15:1
Module not found: Can't resolve '@/components/cosma/cosmo-morph'
  13 | import { PixelIconRocket } from "@/components/pixel-icon-rocket";
  14 | import CodeIcon from "@/components/icons/code-icon";
> 15 | import { CosmoMorph } from "@/components/cosma/cosmo-morph";
     | ^^^^^^^^^^^^^^^^^^^^^^^^^^^^^^^^^^^^^^^^^^^^^^^^^^^^^^^^^^^^
  16 | import { SpinnerMorph } from "@/components/spinners/spinner-morph";
  17 |
  18 | const structuredData = {

Import map: aliased to relative './components/cosma/cosmo-morph' inside of [project]/

Import traces:
  Client Component Browser:
    ./app/page.tsx [Client Component Browser]
    ./app/page.tsx [Server Component]

  Client Component SSR:
    ./app/page.tsx [Client Component SSR]
    ./app/page.tsx [Server Component]

https://nextjs.org/docs/messages/module-not-found @ http://localhost:4200/_next/static/chunks/0aus_next_dist_00tg.dm._.js:1945
[    4146ms] [ERROR] ./components/spinners/spinner-morph.tsx:16:1
Module not found: Can't resolve '@/components/cosma/cosmo-morph'
  14 | import { ScrollTrigger } from "gsap/ScrollTrigger";
  15 | import { useGSAP } from "@gsap/react";
> 16 | import { TickSlider } from "@/components/cosma/cosmo-morph";
     | ^^^^^^^^^^^^^^^^^^^^^^^^^^^^^^^^^^^^^^^^^^^^^^^^^^^^^^^^^^^^
  17 | import {
  18 |   PixelSpinner,
  19 |   type SpinnerAnimation,

Import map: aliased to relative './components/cosma/cosmo-morph' inside of [project]/

Import traces:
  Client Component Browser:
    ./components/spinners/spinner-morph.tsx [Client Component Browser]
    ./app/page.tsx [Client Component Browser]
    ./app/page.tsx [Server Component]

  Client Component SSR:
    ./components/spinners/spinner-morph.tsx [Client Component SSR]
    ./app/page.tsx [Client Component SSR]
    ./app/page.tsx [Server Component]

https://nextjs.org/docs/messages/module-not-found @ http://localhost:4200/_next/static/chunks/0aus_next_dist_00tg.dm._.js:1945
[    4146ms] [ERROR] ./app/cosma/page.tsx:3:1
Module not found: Can't resolve '@/components/cosma/playground'
  1 | import type { Metadata } from "next";
  2 | import { Navigation } from "@/components/navigation";
> 3 | import { CosmaPlayground } from "@/components/cosma/playground";
    | ^^^^^^^^^^^^^^^^^^^^^^^^^^^^^^^^^^^^^^^^^^^^^^^^^^^^^^^^^^^^^^^^
  4 | import { SiteFooter } from "@/components/site-footer";
  5 | import { CoffeeSupportCard } from "@/components/coffee-support-card";
  6 |

Import map: aliased to relative './components/cosma/playground' inside of [project]/

https://nextjs.org/docs/messages/module-not-found @ http://localhost:4200/_next/static/chunks/0aus_next_dist_00tg.dm._.js:1945
[    4209ms] [ERROR] ./app/page.tsx:15:1
Module not found: Can't resolve '@/components/cosma/cosmo-morph'
  13 | import { PixelIconRocket } from "@/components/pixel-icon-rocket";
  14 | import CodeIcon from "@/components/icons/code-icon";
> 15 | import { CosmoMorph } from "@/components/cosma/cosmo-morph";
     | ^^^^^^^^^^^^^^^^^^^^^^^^^^^^^^^^^^^^^^^^^^^^^^^^^^^^^^^^^^^^
  16 | import { SpinnerMorph } from "@/components/spinners/spinner-morph";
  17 |
  18 | const structuredData = {

Import map: aliased to relative './components/cosma/cosmo-morph' inside of [project]/

Import traces:
  Client Component Browser:
    ./app/page.tsx [Client Component Browser]
    ./app/page.tsx [Server Component]

  Client Component SSR:
    ./app/page.tsx [Client Component SSR]
    ./app/page.tsx [Server Component]

https://nextjs.org/docs/messages/module-not-found @ http://localhost:4200/_next/static/chunks/0aus_next_dist_00tg.dm._.js:1945
[    4209ms] [ERROR] ./components/spinners/spinner-morph.tsx:16:1
Module not found: Can't resolve '@/components/cosma/cosmo-morph'
  14 | import { ScrollTrigger } from "gsap/ScrollTrigger";
  15 | import { useGSAP } from "@gsap/react";
> 16 | import { TickSlider } from "@/components/cosma/cosmo-morph";
     | ^^^^^^^^^^^^^^^^^^^^^^^^^^^^^^^^^^^^^^^^^^^^^^^^^^^^^^^^^^^^
  17 | import {
  18 |   PixelSpinner,
  19 |   type SpinnerAnimation,

Import map: aliased to relative './components/cosma/cosmo-morph' inside of [project]/

Import traces:
  Client Component Browser:
    ./components/spinners/spinner-morph.tsx [Client Component Browser]
    ./app/page.tsx [Client Component Browser]
    ./app/page.tsx [Server Component]

  Client Component SSR:
    ./components/spinners/spinner-morph.tsx [Client Component SSR]
    ./app/page.tsx [Client Component SSR]
    ./app/page.tsx [Server Component]

https://nextjs.org/docs/messages/module-not-found @ http://localhost:4200/_next/static/chunks/0aus_next_dist_00tg.dm._.js:1945
[    4209ms] [ERROR] ./app/cosma/page.tsx:3:1
Module not found: Can't resolve '@/components/cosma/playground'
  1 | import type { Metadata } from "next";
  2 | import { Navigation } from "@/components/navigation";
> 3 | import { CosmaPlayground } from "@/components/cosma/playground";
    | ^^^^^^^^^^^^^^^^^^^^^^^^^^^^^^^^^^^^^^^^^^^^^^^^^^^^^^^^^^^^^^^^
  4 | import { SiteFooter } from "@/components/site-footer";
  5 | import { CoffeeSupportCard } from "@/components/coffee-support-card";
  6 |

Import map: aliased to relative './components/cosma/playground' inside of [project]/

https://nextjs.org/docs/messages/module-not-found @ http://localhost:4200/_next/static/chunks/0aus_next_dist_00tg.dm._.js:1945
[    4273ms] [ERROR] ./app/page.tsx:15:1
Module not found: Can't resolve '@/components/cosma/cosmo-morph'
  13 | import { PixelIconRocket } from "@/components/pixel-icon-rocket";
  14 | import CodeIcon from "@/components/icons/code-icon";
> 15 | import { CosmoMorph } from "@/components/cosma/cosmo-morph";
     | ^^^^^^^^^^^^^^^^^^^^^^^^^^^^^^^^^^^^^^^^^^^^^^^^^^^^^^^^^^^^
  16 | import { SpinnerMorph } from "@/components/spinners/spinner-morph";
  17 |
  18 | const structuredData = {

Import map: aliased to relative './components/cosma/cosmo-morph' inside of [project]/

Import traces:
  Client Component Browser:
    ./app/page.tsx [Client Component Browser]
    ./app/page.tsx [Server Component]

  Client Component SSR:
    ./app/page.tsx [Client Component SSR]
    ./app/page.tsx [Server Component]

https://nextjs.org/docs/messages/module-not-found @ http://localhost:4200/_next/static/chunks/0aus_next_dist_00tg.dm._.js:1945
[    4273ms] [ERROR] ./components/spinners/spinner-morph.tsx:16:1
Module not found: Can't resolve '@/components/cosma/cosmo-morph'
  14 | import { ScrollTrigger } from "gsap/ScrollTrigger";
  15 | import { useGSAP } from "@gsap/react";
> 16 | import { TickSlider } from "@/components/cosma/cosmo-morph";
     | ^^^^^^^^^^^^^^^^^^^^^^^^^^^^^^^^^^^^^^^^^^^^^^^^^^^^^^^^^^^^
  17 | import {
  18 |   PixelSpinner,
  19 |   type SpinnerAnimation,

Import map: aliased to relative './components/cosma/cosmo-morph' inside of [project]/

Import traces:
  Client Component Browser:
    ./components/spinners/spinner-morph.tsx [Client Component Browser]
    ./app/page.tsx [Client Component Browser]
    ./app/page.tsx [Server Component]

  Client Component SSR:
    ./components/spinners/spinner-morph.tsx [Client Component SSR]
    ./app/page.tsx [Client Component SSR]
    ./app/page.tsx [Server Component]

https://nextjs.org/docs/messages/module-not-found @ http://localhost:4200/_next/static/chunks/0aus_next_dist_00tg.dm._.js:1945
[    4273ms] [ERROR] ./app/cosma/page.tsx:3:1
Module not found: Can't resolve '@/components/cosma/playground'
  1 | import type { Metadata } from "next";
  2 | import { Navigation } from "@/components/navigation";
> 3 | import { CosmaPlayground } from "@/components/cosma/playground";
    | ^^^^^^^^^^^^^^^^^^^^^^^^^^^^^^^^^^^^^^^^^^^^^^^^^^^^^^^^^^^^^^^^
  4 | import { SiteFooter } from "@/components/site-footer";
  5 | import { CoffeeSupportCard } from "@/components/coffee-support-card";
  6 |

Import map: aliased to relative './components/cosma/playground' inside of [project]/

https://nextjs.org/docs/messages/module-not-found @ http://localhost:4200/_next/static/chunks/0aus_next_dist_00tg.dm._.js:1945
[    4337ms] [ERROR] ./app/page.tsx:15:1
Module not found: Can't resolve '@/components/cosma/cosmo-morph'
  13 | import { PixelIconRocket } from "@/components/pixel-icon-rocket";
  14 | import CodeIcon from "@/components/icons/code-icon";
> 15 | import { CosmoMorph } from "@/components/cosma/cosmo-morph";
     | ^^^^^^^^^^^^^^^^^^^^^^^^^^^^^^^^^^^^^^^^^^^^^^^^^^^^^^^^^^^^
  16 | import { SpinnerMorph } from "@/components/spinners/spinner-morph";
  17 |
  18 | const structuredData = {

Import map: aliased to relative './components/cosma/cosmo-morph' inside of [project]/

Import traces:
  Client Component Browser:
    ./app/page.tsx [Client Component Browser]
    ./app/page.tsx [Server Component]

  Client Component SSR:
    ./app/page.tsx [Client Component SSR]
    ./app/page.tsx [Server Component]

https://nextjs.org/docs/messages/module-not-found @ http://localhost:4200/_next/static/chunks/0aus_next_dist_00tg.dm._.js:1945
[    4337ms] [ERROR] ./components/spinners/spinner-morph.tsx:16:1
Module not found: Can't resolve '@/components/cosma/cosmo-morph'
  14 | import { ScrollTrigger } from "gsap/ScrollTrigger";
  15 | import { useGSAP } from "@gsap/react";
> 16 | import { TickSlider } from "@/components/cosma/cosmo-morph";
     | ^^^^^^^^^^^^^^^^^^^^^^^^^^^^^^^^^^^^^^^^^^^^^^^^^^^^^^^^^^^^
  17 | import {
  18 |   PixelSpinner,
  19 |   type SpinnerAnimation,

Import map: aliased to relative './components/cosma/cosmo-morph' inside of [project]/

Import traces:
  Client Component Browser:
    ./components/spinners/spinner-morph.tsx [Client Component Browser]
    ./app/page.tsx [Client Component Browser]
    ./app/page.tsx [Server Component]

  Client Component SSR:
    ./components/spinners/spinner-morph.tsx [Client Component SSR]
    ./app/page.tsx [Client Component SSR]
    ./app/page.tsx [Server Component]

https://nextjs.org/docs/messages/module-not-found @ http://localhost:4200/_next/static/chunks/0aus_next_dist_00tg.dm._.js:1945
[    4337ms] [ERROR] ./app/cosma/page.tsx:3:1
Module not found: Can't resolve '@/components/cosma/playground'
  1 | import type { Metadata } from "next";
  2 | import { Navigation } from "@/components/navigation";
> 3 | import { CosmaPlayground } from "@/components/cosma/playground";
    | ^^^^^^^^^^^^^^^^^^^^^^^^^^^^^^^^^^^^^^^^^^^^^^^^^^^^^^^^^^^^^^^^
  4 | import { SiteFooter } from "@/components/site-footer";
  5 | import { CoffeeSupportCard } from "@/components/coffee-support-card";
  6 |

Import map: aliased to relative './components/cosma/playground' inside of [project]/

https://nextjs.org/docs/messages/module-not-found @ http://localhost:4200/_next/static/chunks/0aus_next_dist_00tg.dm._.js:1945
[    4402ms] [ERROR] ./app/page.tsx:15:1
Module not found: Can't resolve '@/components/cosma/cosmo-morph'
  13 | import { PixelIconRocket } from "@/components/pixel-icon-rocket";
  14 | import CodeIcon from "@/components/icons/code-icon";
> 15 | import { CosmoMorph } from "@/components/cosma/cosmo-morph";
     | ^^^^^^^^^^^^^^^^^^^^^^^^^^^^^^^^^^^^^^^^^^^^^^^^^^^^^^^^^^^^
  16 | import { SpinnerMorph } from "@/components/spinners/spinner-morph";
  17 |
  18 | const structuredData = {

Import map: aliased to relative './components/cosma/cosmo-morph' inside of [project]/

Import traces:
  Client Component Browser:
    ./app/page.tsx [Client Component Browser]
    ./app/page.tsx [Server Component]

  Client Component SSR:
    ./app/page.tsx [Client Component SSR]
    ./app/page.tsx [Server Component]

https://nextjs.org/docs/messages/module-not-found @ http://localhost:4200/_next/static/chunks/0aus_next_dist_00tg.dm._.js:1945
[    4402ms] [ERROR] ./components/spinners/spinner-morph.tsx:16:1
Module not found: Can't resolve '@/components/cosma/cosmo-morph'
  14 | import { ScrollTrigger } from "gsap/ScrollTrigger";
  15 | import { useGSAP } from "@gsap/react";
> 16 | import { TickSlider } from "@/components/cosma/cosmo-morph";
     | ^^^^^^^^^^^^^^^^^^^^^^^^^^^^^^^^^^^^^^^^^^^^^^^^^^^^^^^^^^^^
  17 | import {
  18 |   PixelSpinner,
  19 |   type SpinnerAnimation,

Import map: aliased to relative './components/cosma/cosmo-morph' inside of [project]/

Import traces:
  Client Component Browser:
    ./components/spinners/spinner-morph.tsx [Client Component Browser]
    ./app/page.tsx [Client Component Browser]
    ./app/page.tsx [Server Component]

  Client Component SSR:
    ./components/spinners/spinner-morph.tsx [Client Component SSR]
    ./app/page.tsx [Client Component SSR]
    ./app/page.tsx [Server Component]

https://nextjs.org/docs/messages/module-not-found @ http://localhost:4200/_next/static/chunks/0aus_next_dist_00tg.dm._.js:1945
[    4403ms] [ERROR] ./app/cosma/page.tsx:3:1
Module not found: Can't resolve '@/components/cosma/playground'
  1 | import type { Metadata } from "next";
  2 | import { Navigation } from "@/components/navigation";
> 3 | import { CosmaPlayground } from "@/components/cosma/playground";
    | ^^^^^^^^^^^^^^^^^^^^^^^^^^^^^^^^^^^^^^^^^^^^^^^^^^^^^^^^^^^^^^^^
  4 | import { SiteFooter } from "@/components/site-footer";
  5 | import { CoffeeSupportCard } from "@/components/coffee-support-card";
  6 |

Import map: aliased to relative './components/cosma/playground' inside of [project]/

https://nextjs.org/docs/messages/module-not-found @ http://localhost:4200/_next/static/chunks/0aus_next_dist_00tg.dm._.js:1945
[    4467ms] [ERROR] ./app/page.tsx:15:1
Module not found: Can't resolve '@/components/cosma/cosmo-morph'
  13 | import { PixelIconRocket } from "@/components/pixel-icon-rocket";
  14 | import CodeIcon from "@/components/icons/code-icon";
> 15 | import { CosmoMorph } from "@/components/cosma/cosmo-morph";
     | ^^^^^^^^^^^^^^^^^^^^^^^^^^^^^^^^^^^^^^^^^^^^^^^^^^^^^^^^^^^^
  16 | import { SpinnerMorph } from "@/components/spinners/spinner-morph";
  17 |
  18 | const structuredData = {

Import map: aliased to relative './components/cosma/cosmo-morph' inside of [project]/

Import traces:
  Client Component Browser:
    ./app/page.tsx [Client Component Browser]
    ./app/page.tsx [Server Component]

  Client Component SSR:
    ./app/page.tsx [Client Component SSR]
    ./app/page.tsx [Server Component]

https://nextjs.org/docs/messages/module-not-found @ http://localhost:4200/_next/static/chunks/0aus_next_dist_00tg.dm._.js:1945
[    4467ms] [ERROR] ./components/spinners/spinner-morph.tsx:16:1
Module not found: Can't resolve '@/components/cosma/cosmo-morph'
  14 | import { ScrollTrigger } from "gsap/ScrollTrigger";
  15 | import { useGSAP } from "@gsap/react";
> 16 | import { TickSlider } from "@/components/cosma/cosmo-morph";
     | ^^^^^^^^^^^^^^^^^^^^^^^^^^^^^^^^^^^^^^^^^^^^^^^^^^^^^^^^^^^^
  17 | import {
  18 |   PixelSpinner,
  19 |   type SpinnerAnimation,

Import map: aliased to relative './components/cosma/cosmo-morph' inside of [project]/

Import traces:
  Client Component Browser:
    ./components/spinners/spinner-morph.tsx [Client Component Browser]
    ./app/page.tsx [Client Component Browser]
    ./app/page.tsx [Server Component]

  Client Component SSR:
    ./components/spinners/spinner-morph.tsx [Client Component SSR]
    ./app/page.tsx [Client Component SSR]
    ./app/page.tsx [Server Component]

https://nextjs.org/docs/messages/module-not-found @ http://localhost:4200/_next/static/chunks/0aus_next_dist_00tg.dm._.js:1945
[    4467ms] [ERROR] ./app/cosma/page.tsx:3:1
Module not found: Can't resolve '@/components/cosma/playground'
  1 | import type { Metadata } from "next";
  2 | import { Navigation } from "@/components/navigation";
> 3 | import { CosmaPlayground } from "@/components/cosma/playground";
    | ^^^^^^^^^^^^^^^^^^^^^^^^^^^^^^^^^^^^^^^^^^^^^^^^^^^^^^^^^^^^^^^^
  4 | import { SiteFooter } from "@/components/site-footer";
  5 | import { CoffeeSupportCard } from "@/components/coffee-support-card";
  6 |

Import map: aliased to relative './components/cosma/playground' inside of [project]/

https://nextjs.org/docs/messages/module-not-found @ http://localhost:4200/_next/static/chunks/0aus_next_dist_00tg.dm._.js:1945
[    4531ms] [ERROR] ./app/page.tsx:15:1
Module not found: Can't resolve '@/components/cosma/cosmo-morph'
  13 | import { PixelIconRocket } from "@/components/pixel-icon-rocket";
  14 | import CodeIcon from "@/components/icons/code-icon";
> 15 | import { CosmoMorph } from "@/components/cosma/cosmo-morph";
     | ^^^^^^^^^^^^^^^^^^^^^^^^^^^^^^^^^^^^^^^^^^^^^^^^^^^^^^^^^^^^
  16 | import { SpinnerMorph } from "@/components/spinners/spinner-morph";
  17 |
  18 | const structuredData = {

Import map: aliased to relative './components/cosma/cosmo-morph' inside of [project]/

Import traces:
  Client Component Browser:
    ./app/page.tsx [Client Component Browser]
    ./app/page.tsx [Server Component]

  Client Component SSR:
    ./app/page.tsx [Client Component SSR]
    ./app/page.tsx [Server Component]

https://nextjs.org/docs/messages/module-not-found @ http://localhost:4200/_next/static/chunks/0aus_next_dist_00tg.dm._.js:1945
[    4531ms] [ERROR] ./components/spinners/spinner-morph.tsx:16:1
Module not found: Can't resolve '@/components/cosma/cosmo-morph'
  14 | import { ScrollTrigger } from "gsap/ScrollTrigger";
  15 | import { useGSAP } from "@gsap/react";
> 16 | import { TickSlider } from "@/components/cosma/cosmo-morph";
     | ^^^^^^^^^^^^^^^^^^^^^^^^^^^^^^^^^^^^^^^^^^^^^^^^^^^^^^^^^^^^
  17 | import {
  18 |   PixelSpinner,
  19 |   type SpinnerAnimation,

Import map: aliased to relative './components/cosma/cosmo-morph' inside of [project]/

Import traces:
  Client Component Browser:
    ./components/spinners/spinner-morph.tsx [Client Component Browser]
    ./app/page.tsx [Client Component Browser]
    ./app/page.tsx [Server Component]

  Client Component SSR:
    ./components/spinners/spinner-morph.tsx [Client Component SSR]
    ./app/page.tsx [Client Component SSR]
    ./app/page.tsx [Server Component]

https://nextjs.org/docs/messages/module-not-found @ http://localhost:4200/_next/static/chunks/0aus_next_dist_00tg.dm._.js:1945
[    4531ms] [ERROR] ./app/cosma/page.tsx:3:1
Module not found: Can't resolve '@/components/cosma/playground'
  1 | import type { Metadata } from "next";
  2 | import { Navigation } from "@/components/navigation";
> 3 | import { CosmaPlayground } from "@/components/cosma/playground";
    | ^^^^^^^^^^^^^^^^^^^^^^^^^^^^^^^^^^^^^^^^^^^^^^^^^^^^^^^^^^^^^^^^
  4 | import { SiteFooter } from "@/components/site-footer";
  5 | import { CoffeeSupportCard } from "@/components/coffee-support-card";
  6 |

Import map: aliased to relative './components/cosma/playground' inside of [project]/

https://nextjs.org/docs/messages/module-not-found @ http://localhost:4200/_next/static/chunks/0aus_next_dist_00tg.dm._.js:1945
[    4596ms] [ERROR] ./app/page.tsx:15:1
Module not found: Can't resolve '@/components/cosma/cosmo-morph'
  13 | import { PixelIconRocket } from "@/components/pixel-icon-rocket";
  14 | import CodeIcon from "@/components/icons/code-icon";
> 15 | import { CosmoMorph } from "@/components/cosma/cosmo-morph";
     | ^^^^^^^^^^^^^^^^^^^^^^^^^^^^^^^^^^^^^^^^^^^^^^^^^^^^^^^^^^^^
  16 | import { SpinnerMorph } from "@/components/spinners/spinner-morph";
  17 |
  18 | const structuredData = {

Import map: aliased to relative './components/cosma/cosmo-morph' inside of [project]/

Import traces:
  Client Component Browser:
    ./app/page.tsx [Client Component Browser]
    ./app/page.tsx [Server Component]

  Client Component SSR:
    ./app/page.tsx [Client Component SSR]
    ./app/page.tsx [Server Component]

https://nextjs.org/docs/messages/module-not-found @ http://localhost:4200/_next/static/chunks/0aus_next_dist_00tg.dm._.js:1945
[    4596ms] [ERROR] ./components/spinners/spinner-morph.tsx:16:1
Module not found: Can't resolve '@/components/cosma/cosmo-morph'
  14 | import { ScrollTrigger } from "gsap/ScrollTrigger";
  15 | import { useGSAP } from "@gsap/react";
> 16 | import { TickSlider } from "@/components/cosma/cosmo-morph";
     | ^^^^^^^^^^^^^^^^^^^^^^^^^^^^^^^^^^^^^^^^^^^^^^^^^^^^^^^^^^^^
  17 | import {
  18 |   PixelSpinner,
  19 |   type SpinnerAnimation,

Import map: aliased to relative './components/cosma/cosmo-morph' inside of [project]/

Import traces:
  Client Component Browser:
    ./components/spinners/spinner-morph.tsx [Client Component Browser]
    ./app/page.tsx [Client Component Browser]
    ./app/page.tsx [Server Component]

  Client Component SSR:
    ./components/spinners/spinner-morph.tsx [Client Component SSR]
    ./app/page.tsx [Client Component SSR]
    ./app/page.tsx [Server Component]

https://nextjs.org/docs/messages/module-not-found @ http://localhost:4200/_next/static/chunks/0aus_next_dist_00tg.dm._.js:1945
[    4596ms] [ERROR] ./app/cosma/page.tsx:3:1
Module not found: Can't resolve '@/components/cosma/playground'
  1 | import type { Metadata } from "next";
  2 | import { Navigation } from "@/components/navigation";
> 3 | import { CosmaPlayground } from "@/components/cosma/playground";
    | ^^^^^^^^^^^^^^^^^^^^^^^^^^^^^^^^^^^^^^^^^^^^^^^^^^^^^^^^^^^^^^^^
  4 | import { SiteFooter } from "@/components/site-footer";
  5 | import { CoffeeSupportCard } from "@/components/coffee-support-card";
  6 |

Import map: aliased to relative './components/cosma/playground' inside of [project]/

https://nextjs.org/docs/messages/module-not-found @ http://localhost:4200/_next/static/chunks/0aus_next_dist_00tg.dm._.js:1945
[    4659ms] [ERROR] ./app/page.tsx:15:1
Module not found: Can't resolve '@/components/cosma/cosmo-morph'
  13 | import { PixelIconRocket } from "@/components/pixel-icon-rocket";
  14 | import CodeIcon from "@/components/icons/code-icon";
> 15 | import { CosmoMorph } from "@/components/cosma/cosmo-morph";
     | ^^^^^^^^^^^^^^^^^^^^^^^^^^^^^^^^^^^^^^^^^^^^^^^^^^^^^^^^^^^^
  16 | import { SpinnerMorph } from "@/components/spinners/spinner-morph";
  17 |
  18 | const structuredData = {

Import map: aliased to relative './components/cosma/cosmo-morph' inside of [project]/

Import traces:
  Client Component Browser:
    ./app/page.tsx [Client Component Browser]
    ./app/page.tsx [Server Component]

  Client Component SSR:
    ./app/page.tsx [Client Component SSR]
    ./app/page.tsx [Server Component]

https://nextjs.org/docs/messages/module-not-found @ http://localhost:4200/_next/static/chunks/0aus_next_dist_00tg.dm._.js:1945
[    4659ms] [ERROR] ./components/spinners/spinner-morph.tsx:16:1
Module not found: Can't resolve '@/components/cosma/cosmo-morph'
  14 | import { ScrollTrigger } from "gsap/ScrollTrigger";
  15 | import { useGSAP } from "@gsap/react";
> 16 | import { TickSlider } from "@/components/cosma/cosmo-morph";
     | ^^^^^^^^^^^^^^^^^^^^^^^^^^^^^^^^^^^^^^^^^^^^^^^^^^^^^^^^^^^^
  17 | import {
  18 |   PixelSpinner,
  19 |   type SpinnerAnimation,

Import map: aliased to relative './components/cosma/cosmo-morph' inside of [project]/

Import traces:
  Client Component Browser:
    ./components/spinners/spinner-morph.tsx [Client Component Browser]
    ./app/page.tsx [Client Component Browser]
    ./app/page.tsx [Server Component]

  Client Component SSR:
    ./components/spinners/spinner-morph.tsx [Client Component SSR]
    ./app/page.tsx [Client Component SSR]
    ./app/page.tsx [Server Component]

https://nextjs.org/docs/messages/module-not-found @ http://localhost:4200/_next/static/chunks/0aus_next_dist_00tg.dm._.js:1945
[    4659ms] [ERROR] ./app/cosma/page.tsx:3:1
Module not found: Can't resolve '@/components/cosma/playground'
  1 | import type { Metadata } from "next";
  2 | import { Navigation } from "@/components/navigation";
> 3 | import { CosmaPlayground } from "@/components/cosma/playground";
    | ^^^^^^^^^^^^^^^^^^^^^^^^^^^^^^^^^^^^^^^^^^^^^^^^^^^^^^^^^^^^^^^^
  4 | import { SiteFooter } from "@/components/site-footer";
  5 | import { CoffeeSupportCard } from "@/components/coffee-support-card";
  6 |

Import map: aliased to relative './components/cosma/playground' inside of [project]/

https://nextjs.org/docs/messages/module-not-found @ http://localhost:4200/_next/static/chunks/0aus_next_dist_00tg.dm._.js:1945
[    4722ms] [LOG] [Fast Refresh] rebuilding @ http://localhost:4200/_next/static/chunks/0aus_next_dist_00tg.dm._.js:1226
[    4789ms] [ERROR] ./app/page.tsx:15:1
Module not found: Can't resolve '@/components/cosma/cosmo-morph'
  13 | import { PixelIconRocket } from "@/components/pixel-icon-rocket";
  14 | import CodeIcon from "@/components/icons/code-icon";
> 15 | import { CosmoMorph } from "@/components/cosma/cosmo-morph";
     | ^^^^^^^^^^^^^^^^^^^^^^^^^^^^^^^^^^^^^^^^^^^^^^^^^^^^^^^^^^^^
  16 | import { SpinnerMorph } from "@/components/spinners/spinner-morph";
  17 |
  18 | const structuredData = {

Import map: aliased to relative './components/cosma/cosmo-morph' inside of [project]/

Import traces:
  Client Component Browser:
    ./app/page.tsx [Client Component Browser]
    ./app/page.tsx [Server Component]

  Client Component SSR:
    ./app/page.tsx [Client Component SSR]
    ./app/page.tsx [Server Component]

https://nextjs.org/docs/messages/module-not-found @ http://localhost:4200/_next/static/chunks/0aus_next_dist_00tg.dm._.js:1945
[    4789ms] [ERROR] ./components/spinners/spinner-morph.tsx:16:1
Module not found: Can't resolve '@/components/cosma/cosmo-morph'
  14 | import { ScrollTrigger } from "gsap/ScrollTrigger";
  15 | import { useGSAP } from "@gsap/react";
> 16 | import { TickSlider } from "@/components/cosma/cosmo-morph";
     | ^^^^^^^^^^^^^^^^^^^^^^^^^^^^^^^^^^^^^^^^^^^^^^^^^^^^^^^^^^^^
  17 | import {
  18 |   PixelSpinner,
  19 |   type SpinnerAnimation,

Import map: aliased to relative './components/cosma/cosmo-morph' inside of [project]/

Import traces:
  Client Component Browser:
    ./components/spinners/spinner-morph.tsx [Client Component Browser]
    ./app/page.tsx [Client Component Browser]
    ./app/page.tsx [Server Component]

  Client Component SSR:
    ./components/spinners/spinner-morph.tsx [Client Component SSR]
    ./app/page.tsx [Client Component SSR]
    ./app/page.tsx [Server Component]

https://nextjs.org/docs/messages/module-not-found @ http://localhost:4200/_next/static/chunks/0aus_next_dist_00tg.dm._.js:1945
[    4789ms] [ERROR] ./app/cosma/page.tsx:3:1
Module not found: Can't resolve '@/components/cosma/playground'
  1 | import type { Metadata } from "next";
  2 | import { Navigation } from "@/components/navigation";
> 3 | import { CosmaPlayground } from "@/components/cosma/playground";
    | ^^^^^^^^^^^^^^^^^^^^^^^^^^^^^^^^^^^^^^^^^^^^^^^^^^^^^^^^^^^^^^^^
  4 | import { SiteFooter } from "@/components/site-footer";
  5 | import { CoffeeSupportCard } from "@/components/coffee-support-card";
  6 |

Import map: aliased to relative './components/cosma/playground' inside of [project]/

https://nextjs.org/docs/messages/module-not-found @ http://localhost:4200/_next/static/chunks/0aus_next_dist_00tg.dm._.js:1945
[    4854ms] [ERROR] ./app/page.tsx:15:1
Module not found: Can't resolve '@/components/cosma/cosmo-morph'
  13 | import { PixelIconRocket } from "@/components/pixel-icon-rocket";
  14 | import CodeIcon from "@/components/icons/code-icon";
> 15 | import { CosmoMorph } from "@/components/cosma/cosmo-morph";
     | ^^^^^^^^^^^^^^^^^^^^^^^^^^^^^^^^^^^^^^^^^^^^^^^^^^^^^^^^^^^^
  16 | import { SpinnerMorph } from "@/components/spinners/spinner-morph";
  17 |
  18 | const structuredData = {

Import map: aliased to relative './components/cosma/cosmo-morph' inside of [project]/

Import traces:
  Client Component Browser:
    ./app/page.tsx [Client Component Browser]
    ./app/page.tsx [Server Component]

  Client Component SSR:
    ./app/page.tsx [Client Component SSR]
    ./app/page.tsx [Server Component]

https://nextjs.org/docs/messages/module-not-found @ http://localhost:4200/_next/static/chunks/0aus_next_dist_00tg.dm._.js:1945
[    4854ms] [ERROR] ./components/spinners/spinner-morph.tsx:16:1
Module not found: Can't resolve '@/components/cosma/cosmo-morph'
  14 | import { ScrollTrigger } from "gsap/ScrollTrigger";
  15 | import { useGSAP } from "@gsap/react";
> 16 | import { TickSlider } from "@/components/cosma/cosmo-morph";
     | ^^^^^^^^^^^^^^^^^^^^^^^^^^^^^^^^^^^^^^^^^^^^^^^^^^^^^^^^^^^^
  17 | import {
  18 |   PixelSpinner,
  19 |   type SpinnerAnimation,

Import map: aliased to relative './components/cosma/cosmo-morph' inside of [project]/

Import traces:
  Client Component Browser:
    ./components/spinners/spinner-morph.tsx [Client Component Browser]
    ./app/page.tsx [Client Component Browser]
    ./app/page.tsx [Server Component]

  Client Component SSR:
    ./components/spinners/spinner-morph.tsx [Client Component SSR]
    ./app/page.tsx [Client Component SSR]
    ./app/page.tsx [Server Component]

https://nextjs.org/docs/messages/module-not-found @ http://localhost:4200/_next/static/chunks/0aus_next_dist_00tg.dm._.js:1945
[    4854ms] [ERROR] ./app/cosma/page.tsx:3:1
Module not found: Can't resolve '@/components/cosma/playground'
  1 | import type { Metadata } from "next";
  2 | import { Navigation } from "@/components/navigation";
> 3 | import { CosmaPlayground } from "@/components/cosma/playground";
    | ^^^^^^^^^^^^^^^^^^^^^^^^^^^^^^^^^^^^^^^^^^^^^^^^^^^^^^^^^^^^^^^^
  4 | import { SiteFooter } from "@/components/site-footer";
  5 | import { CoffeeSupportCard } from "@/components/coffee-support-card";
  6 |

Import map: aliased to relative './components/cosma/playground' inside of [project]/

https://nextjs.org/docs/messages/module-not-found @ http://localhost:4200/_next/static/chunks/0aus_next_dist_00tg.dm._.js:1945
[    4917ms] [ERROR] ./app/page.tsx:15:1
Module not found: Can't resolve '@/components/cosma/cosmo-morph'
  13 | import { PixelIconRocket } from "@/components/pixel-icon-rocket";
  14 | import CodeIcon from "@/components/icons/code-icon";
> 15 | import { CosmoMorph } from "@/components/cosma/cosmo-morph";
     | ^^^^^^^^^^^^^^^^^^^^^^^^^^^^^^^^^^^^^^^^^^^^^^^^^^^^^^^^^^^^
  16 | import { SpinnerMorph } from "@/components/spinners/spinner-morph";
  17 |
  18 | const structuredData = {

Import map: aliased to relative './components/cosma/cosmo-morph' inside of [project]/

Import traces:
  Client Component Browser:
    ./app/page.tsx [Client Component Browser]
    ./app/page.tsx [Server Component]

  Client Component SSR:
    ./app/page.tsx [Client Component SSR]
    ./app/page.tsx [Server Component]

https://nextjs.org/docs/messages/module-not-found @ http://localhost:4200/_next/static/chunks/0aus_next_dist_00tg.dm._.js:1945
[    4917ms] [ERROR] ./components/spinners/spinner-morph.tsx:16:1
Module not found: Can't resolve '@/components/cosma/cosmo-morph'
  14 | import { ScrollTrigger } from "gsap/ScrollTrigger";
  15 | import { useGSAP } from "@gsap/react";
> 16 | import { TickSlider } from "@/components/cosma/cosmo-morph";
     | ^^^^^^^^^^^^^^^^^^^^^^^^^^^^^^^^^^^^^^^^^^^^^^^^^^^^^^^^^^^^
  17 | import {
  18 |   PixelSpinner,
  19 |   type SpinnerAnimation,

Import map: aliased to relative './components/cosma/cosmo-morph' inside of [project]/

Import traces:
  Client Component Browser:
    ./components/spinners/spinner-morph.tsx [Client Component Browser]
    ./app/page.tsx [Client Component Browser]
    ./app/page.tsx [Server Component]

  Client Component SSR:
    ./components/spinners/spinner-morph.tsx [Client Component SSR]
    ./app/page.tsx [Client Component SSR]
    ./app/page.tsx [Server Component]

https://nextjs.org/docs/messages/module-not-found @ http://localhost:4200/_next/static/chunks/0aus_next_dist_00tg.dm._.js:1945
[    4917ms] [ERROR] ./app/cosma/page.tsx:3:1
Module not found: Can't resolve '@/components/cosma/playground'
  1 | import type { Metadata } from "next";
  2 | import { Navigation } from "@/components/navigation";
> 3 | import { CosmaPlayground } from "@/components/cosma/playground";
    | ^^^^^^^^^^^^^^^^^^^^^^^^^^^^^^^^^^^^^^^^^^^^^^^^^^^^^^^^^^^^^^^^
  4 | import { SiteFooter } from "@/components/site-footer";
  5 | import { CoffeeSupportCard } from "@/components/coffee-support-card";
  6 |

Import map: aliased to relative './components/cosma/playground' inside of [project]/

https://nextjs.org/docs/messages/module-not-found @ http://localhost:4200/_next/static/chunks/0aus_next_dist_00tg.dm._.js:1945
[    4982ms] [ERROR] ./app/page.tsx:15:1
Module not found: Can't resolve '@/components/cosma/cosmo-morph'
  13 | import { PixelIconRocket } from "@/components/pixel-icon-rocket";
  14 | import CodeIcon from "@/components/icons/code-icon";
> 15 | import { CosmoMorph } from "@/components/cosma/cosmo-morph";
     | ^^^^^^^^^^^^^^^^^^^^^^^^^^^^^^^^^^^^^^^^^^^^^^^^^^^^^^^^^^^^
  16 | import { SpinnerMorph } from "@/components/spinners/spinner-morph";
  17 |
  18 | const structuredData = {

Import map: aliased to relative './components/cosma/cosmo-morph' inside of [project]/

Import traces:
  Client Component Browser:
    ./app/page.tsx [Client Component Browser]
    ./app/page.tsx [Server Component]

  Client Component SSR:
    ./app/page.tsx [Client Component SSR]
    ./app/page.tsx [Server Component]

https://nextjs.org/docs/messages/module-not-found @ http://localhost:4200/_next/static/chunks/0aus_next_dist_00tg.dm._.js:1945
[    4982ms] [ERROR] ./components/spinners/spinner-morph.tsx:16:1
Module not found: Can't resolve '@/components/cosma/cosmo-morph'
  14 | import { ScrollTrigger } from "gsap/ScrollTrigger";
  15 | import { useGSAP } from "@gsap/react";
> 16 | import { TickSlider } from "@/components/cosma/cosmo-morph";
     | ^^^^^^^^^^^^^^^^^^^^^^^^^^^^^^^^^^^^^^^^^^^^^^^^^^^^^^^^^^^^
  17 | import {
  18 |   PixelSpinner,
  19 |   type SpinnerAnimation,

Import map: aliased to relative './components/cosma/cosmo-morph' inside of [project]/

Import traces:
  Client Component Browser:
    ./components/spinners/spinner-morph.tsx [Client Component Browser]
    ./app/page.tsx [Client Component Browser]
    ./app/page.tsx [Server Component]

  Client Component SSR:
    ./components/spinners/spinner-morph.tsx [Client Component SSR]
    ./app/page.tsx [Client Component SSR]
    ./app/page.tsx [Server Component]

https://nextjs.org/docs/messages/module-not-found @ http://localhost:4200/_next/static/chunks/0aus_next_dist_00tg.dm._.js:1945
[    4982ms] [ERROR] ./app/cosma/page.tsx:3:1
Module not found: Can't resolve '@/components/cosma/playground'
  1 | import type { Metadata } from "next";
  2 | import { Navigation } from "@/components/navigation";
> 3 | import { CosmaPlayground } from "@/components/cosma/playground";
    | ^^^^^^^^^^^^^^^^^^^^^^^^^^^^^^^^^^^^^^^^^^^^^^^^^^^^^^^^^^^^^^^^
  4 | import { SiteFooter } from "@/components/site-footer";
  5 | import { CoffeeSupportCard } from "@/components/coffee-support-card";
  6 |

Import map: aliased to relative './components/cosma/playground' inside of [project]/

https://nextjs.org/docs/messages/module-not-found @ http://localhost:4200/_next/static/chunks/0aus_next_dist_00tg.dm._.js:1945
[    5045ms] [ERROR] ./app/page.tsx:15:1
Module not found: Can't resolve '@/components/cosma/cosmo-morph'
  13 | import { PixelIconRocket } from "@/components/pixel-icon-rocket";
  14 | import CodeIcon from "@/components/icons/code-icon";
> 15 | import { CosmoMorph } from "@/components/cosma/cosmo-morph";
     | ^^^^^^^^^^^^^^^^^^^^^^^^^^^^^^^^^^^^^^^^^^^^^^^^^^^^^^^^^^^^
  16 | import { SpinnerMorph } from "@/components/spinners/spinner-morph";
  17 |
  18 | const structuredData = {

Import map: aliased to relative './components/cosma/cosmo-morph' inside of [project]/

Import traces:
  Client Component Browser:
    ./app/page.tsx [Client Component Browser]
    ./app/page.tsx [Server Component]

  Client Component SSR:
    ./app/page.tsx [Client Component SSR]
    ./app/page.tsx [Server Component]

https://nextjs.org/docs/messages/module-not-found @ http://localhost:4200/_next/static/chunks/0aus_next_dist_00tg.dm._.js:1945
[    5045ms] [ERROR] ./components/spinners/spinner-morph.tsx:16:1
Module not found: Can't resolve '@/components/cosma/cosmo-morph'
  14 | import { ScrollTrigger } from "gsap/ScrollTrigger";
  15 | import { useGSAP } from "@gsap/react";
> 16 | import { TickSlider } from "@/components/cosma/cosmo-morph";
     | ^^^^^^^^^^^^^^^^^^^^^^^^^^^^^^^^^^^^^^^^^^^^^^^^^^^^^^^^^^^^
  17 | import {
  18 |   PixelSpinner,
  19 |   type SpinnerAnimation,

Import map: aliased to relative './components/cosma/cosmo-morph' inside of [project]/

Import traces:
  Client Component Browser:
    ./components/spinners/spinner-morph.tsx [Client Component Browser]
    ./app/page.tsx [Client Component Browser]
    ./app/page.tsx [Server Component]

  Client Component SSR:
    ./components/spinners/spinner-morph.tsx [Client Component SSR]
    ./app/page.tsx [Client Component SSR]
    ./app/page.tsx [Server Component]

https://nextjs.org/docs/messages/module-not-found @ http://localhost:4200/_next/static/chunks/0aus_next_dist_00tg.dm._.js:1945
[    5045ms] [ERROR] ./app/cosma/page.tsx:3:1
Module not found: Can't resolve '@/components/cosma/playground'
  1 | import type { Metadata } from "next";
  2 | import { Navigation } from "@/components/navigation";
> 3 | import { CosmaPlayground } from "@/components/cosma/playground";
    | ^^^^^^^^^^^^^^^^^^^^^^^^^^^^^^^^^^^^^^^^^^^^^^^^^^^^^^^^^^^^^^^^
  4 | import { SiteFooter } from "@/components/site-footer";
  5 | import { CoffeeSupportCard } from "@/components/coffee-support-card";
  6 |

Import map: aliased to relative './components/cosma/playground' inside of [project]/

https://nextjs.org/docs/messages/module-not-found @ http://localhost:4200/_next/static/chunks/0aus_next_dist_00tg.dm._.js:1945
[    5109ms] [ERROR] ./app/page.tsx:15:1
Module not found: Can't resolve '@/components/cosma/cosmo-morph'
  13 | import { PixelIconRocket } from "@/components/pixel-icon-rocket";
  14 | import CodeIcon from "@/components/icons/code-icon";
> 15 | import { CosmoMorph } from "@/components/cosma/cosmo-morph";
     | ^^^^^^^^^^^^^^^^^^^^^^^^^^^^^^^^^^^^^^^^^^^^^^^^^^^^^^^^^^^^
  16 | import { SpinnerMorph } from "@/components/spinners/spinner-morph";
  17 |
  18 | const structuredData = {

Import map: aliased to relative './components/cosma/cosmo-morph' inside of [project]/

Import traces:
  Client Component Browser:
    ./app/page.tsx [Client Component Browser]
    ./app/page.tsx [Server Component]

  Client Component SSR:
    ./app/page.tsx [Client Component SSR]
    ./app/page.tsx [Server Component]

https://nextjs.org/docs/messages/module-not-found @ http://localhost:4200/_next/static/chunks/0aus_next_dist_00tg.dm._.js:1945
[    5109ms] [ERROR] ./components/spinners/spinner-morph.tsx:16:1
Module not found: Can't resolve '@/components/cosma/cosmo-morph'
  14 | import { ScrollTrigger } from "gsap/ScrollTrigger";
  15 | import { useGSAP } from "@gsap/react";
> 16 | import { TickSlider } from "@/components/cosma/cosmo-morph";
     | ^^^^^^^^^^^^^^^^^^^^^^^^^^^^^^^^^^^^^^^^^^^^^^^^^^^^^^^^^^^^
  17 | import {
  18 |   PixelSpinner,
  19 |   type SpinnerAnimation,

Import map: aliased to relative './components/cosma/cosmo-morph' inside of [project]/

Import traces:
  Client Component Browser:
    ./components/spinners/spinner-morph.tsx [Client Component Browser]
    ./app/page.tsx [Client Component Browser]
    ./app/page.tsx [Server Component]

  Client Component SSR:
    ./components/spinners/spinner-morph.tsx [Client Component SSR]
    ./app/page.tsx [Client Component SSR]
    ./app/page.tsx [Server Component]

https://nextjs.org/docs/messages/module-not-found @ http://localhost:4200/_next/static/chunks/0aus_next_dist_00tg.dm._.js:1945
[    5109ms] [ERROR] ./app/cosma/page.tsx:3:1
Module not found: Can't resolve '@/components/cosma/playground'
  1 | import type { Metadata } from "next";
  2 | import { Navigation } from "@/components/navigation";
> 3 | import { CosmaPlayground } from "@/components/cosma/playground";
    | ^^^^^^^^^^^^^^^^^^^^^^^^^^^^^^^^^^^^^^^^^^^^^^^^^^^^^^^^^^^^^^^^
  4 | import { SiteFooter } from "@/components/site-footer";
  5 | import { CoffeeSupportCard } from "@/components/coffee-support-card";
  6 |

Import map: aliased to relative './components/cosma/playground' inside of [project]/

https://nextjs.org/docs/messages/module-not-found @ http://localhost:4200/_next/static/chunks/0aus_next_dist_00tg.dm._.js:1945
[    5173ms] [ERROR] ./app/page.tsx:15:1
Module not found: Can't resolve '@/components/cosma/cosmo-morph'
  13 | import { PixelIconRocket } from "@/components/pixel-icon-rocket";
  14 | import CodeIcon from "@/components/icons/code-icon";
> 15 | import { CosmoMorph } from "@/components/cosma/cosmo-morph";
     | ^^^^^^^^^^^^^^^^^^^^^^^^^^^^^^^^^^^^^^^^^^^^^^^^^^^^^^^^^^^^
  16 | import { SpinnerMorph } from "@/components/spinners/spinner-morph";
  17 |
  18 | const structuredData = {

Import map: aliased to relative './components/cosma/cosmo-morph' inside of [project]/

Import traces:
  Client Component Browser:
    ./app/page.tsx [Client Component Browser]
    ./app/page.tsx [Server Component]

  Client Component SSR:
    ./app/page.tsx [Client Component SSR]
    ./app/page.tsx [Server Component]

https://nextjs.org/docs/messages/module-not-found @ http://localhost:4200/_next/static/chunks/0aus_next_dist_00tg.dm._.js:1945
[    5173ms] [ERROR] ./components/spinners/spinner-morph.tsx:16:1
Module not found: Can't resolve '@/components/cosma/cosmo-morph'
  14 | import { ScrollTrigger } from "gsap/ScrollTrigger";
  15 | import { useGSAP } from "@gsap/react";
> 16 | import { TickSlider } from "@/components/cosma/cosmo-morph";
     | ^^^^^^^^^^^^^^^^^^^^^^^^^^^^^^^^^^^^^^^^^^^^^^^^^^^^^^^^^^^^
  17 | import {
  18 |   PixelSpinner,
  19 |   type SpinnerAnimation,

Import map: aliased to relative './components/cosma/cosmo-morph' inside of [project]/

Import traces:
  Client Component Browser:
    ./components/spinners/spinner-morph.tsx [Client Component Browser]
    ./app/page.tsx [Client Component Browser]
    ./app/page.tsx [Server Component]

  Client Component SSR:
    ./components/spinners/spinner-morph.tsx [Client Component SSR]
    ./app/page.tsx [Client Component SSR]
    ./app/page.tsx [Server Component]

https://nextjs.org/docs/messages/module-not-found @ http://localhost:4200/_next/static/chunks/0aus_next_dist_00tg.dm._.js:1945
[    5173ms] [ERROR] ./app/cosma/page.tsx:3:1
Module not found: Can't resolve '@/components/cosma/playground'
  1 | import type { Metadata } from "next";
  2 | import { Navigation } from "@/components/navigation";
> 3 | import { CosmaPlayground } from "@/components/cosma/playground";
    | ^^^^^^^^^^^^^^^^^^^^^^^^^^^^^^^^^^^^^^^^^^^^^^^^^^^^^^^^^^^^^^^^
  4 | import { SiteFooter } from "@/components/site-footer";
  5 | import { CoffeeSupportCard } from "@/components/coffee-support-card";
  6 |

Import map: aliased to relative './components/cosma/playground' inside of [project]/

https://nextjs.org/docs/messages/module-not-found @ http://localhost:4200/_next/static/chunks/0aus_next_dist_00tg.dm._.js:1945
[    5238ms] [ERROR] ./app/page.tsx:15:1
Module not found: Can't resolve '@/components/cosma/cosmo-morph'
  13 | import { PixelIconRocket } from "@/components/pixel-icon-rocket";
  14 | import CodeIcon from "@/components/icons/code-icon";
> 15 | import { CosmoMorph } from "@/components/cosma/cosmo-morph";
     | ^^^^^^^^^^^^^^^^^^^^^^^^^^^^^^^^^^^^^^^^^^^^^^^^^^^^^^^^^^^^
  16 | import { SpinnerMorph } from "@/components/spinners/spinner-morph";
  17 |
  18 | const structuredData = {

Import map: aliased to relative './components/cosma/cosmo-morph' inside of [project]/

Import traces:
  Client Component Browser:
    ./app/page.tsx [Client Component Browser]
    ./app/page.tsx [Server Component]

  Client Component SSR:
    ./app/page.tsx [Client Component SSR]
    ./app/page.tsx [Server Component]

https://nextjs.org/docs/messages/module-not-found @ http://localhost:4200/_next/static/chunks/0aus_next_dist_00tg.dm._.js:1945
[    5238ms] [ERROR] ./components/spinners/spinner-morph.tsx:16:1
Module not found: Can't resolve '@/components/cosma/cosmo-morph'
  14 | import { ScrollTrigger } from "gsap/ScrollTrigger";
  15 | import { useGSAP } from "@gsap/react";
> 16 | import { TickSlider } from "@/components/cosma/cosmo-morph";
     | ^^^^^^^^^^^^^^^^^^^^^^^^^^^^^^^^^^^^^^^^^^^^^^^^^^^^^^^^^^^^
  17 | import {
  18 |   PixelSpinner,
  19 |   type SpinnerAnimation,

Import map: aliased to relative './components/cosma/cosmo-morph' inside of [project]/

Import traces:
  Client Component Browser:
    ./components/spinners/spinner-morph.tsx [Client Component Browser]
    ./app/page.tsx [Client Component Browser]
    ./app/page.tsx [Server Component]

  Client Component SSR:
    ./components/spinners/spinner-morph.tsx [Client Component SSR]
    ./app/page.tsx [Client Component SSR]
    ./app/page.tsx [Server Component]

https://nextjs.org/docs/messages/module-not-found @ http://localhost:4200/_next/static/chunks/0aus_next_dist_00tg.dm._.js:1945
[    5238ms] [ERROR] ./app/cosma/page.tsx:3:1
Module not found: Can't resolve '@/components/cosma/playground'
  1 | import type { Metadata } from "next";
  2 | import { Navigation } from "@/components/navigation";
> 3 | import { CosmaPlayground } from "@/components/cosma/playground";
    | ^^^^^^^^^^^^^^^^^^^^^^^^^^^^^^^^^^^^^^^^^^^^^^^^^^^^^^^^^^^^^^^^
  4 | import { SiteFooter } from "@/components/site-footer";
  5 | import { CoffeeSupportCard } from "@/components/coffee-support-card";
  6 |

Import map: aliased to relative './components/cosma/playground' inside of [project]/

https://nextjs.org/docs/messages/module-not-found @ http://localhost:4200/_next/static/chunks/0aus_next_dist_00tg.dm._.js:1945
[    5301ms] [ERROR] ./app/page.tsx:15:1
Module not found: Can't resolve '@/components/cosma/cosmo-morph'
  13 | import { PixelIconRocket } from "@/components/pixel-icon-rocket";
  14 | import CodeIcon from "@/components/icons/code-icon";
> 15 | import { CosmoMorph } from "@/components/cosma/cosmo-morph";
     | ^^^^^^^^^^^^^^^^^^^^^^^^^^^^^^^^^^^^^^^^^^^^^^^^^^^^^^^^^^^^
  16 | import { SpinnerMorph } from "@/components/spinners/spinner-morph";
  17 |
  18 | const structuredData = {

Import map: aliased to relative './components/cosma/cosmo-morph' inside of [project]/

Import traces:
  Client Component Browser:
    ./app/page.tsx [Client Component Browser]
    ./app/page.tsx [Server Component]

  Client Component SSR:
    ./app/page.tsx [Client Component SSR]
    ./app/page.tsx [Server Component]

https://nextjs.org/docs/messages/module-not-found @ http://localhost:4200/_next/static/chunks/0aus_next_dist_00tg.dm._.js:1945
[    5302ms] [ERROR] ./components/spinners/spinner-morph.tsx:16:1
Module not found: Can't resolve '@/components/cosma/cosmo-morph'
  14 | import { ScrollTrigger } from "gsap/ScrollTrigger";
  15 | import { useGSAP } from "@gsap/react";
> 16 | import { TickSlider } from "@/components/cosma/cosmo-morph";
     | ^^^^^^^^^^^^^^^^^^^^^^^^^^^^^^^^^^^^^^^^^^^^^^^^^^^^^^^^^^^^
  17 | import {
  18 |   PixelSpinner,
  19 |   type SpinnerAnimation,

Import map: aliased to relative './components/cosma/cosmo-morph' inside of [project]/

Import traces:
  Client Component Browser:
    ./components/spinners/spinner-morph.tsx [Client Component Browser]
    ./app/page.tsx [Client Component Browser]
    ./app/page.tsx [Server Component]

  Client Component SSR:
    ./components/spinners/spinner-morph.tsx [Client Component SSR]
    ./app/page.tsx [Client Component SSR]
    ./app/page.tsx [Server Component]

https://nextjs.org/docs/messages/module-not-found @ http://localhost:4200/_next/static/chunks/0aus_next_dist_00tg.dm._.js:1945
[    5302ms] [ERROR] ./app/cosma/page.tsx:3:1
Module not found: Can't resolve '@/components/cosma/playground'
  1 | import type { Metadata } from "next";
  2 | import { Navigation } from "@/components/navigation";
> 3 | import { CosmaPlayground } from "@/components/cosma/playground";
    | ^^^^^^^^^^^^^^^^^^^^^^^^^^^^^^^^^^^^^^^^^^^^^^^^^^^^^^^^^^^^^^^^
  4 | import { SiteFooter } from "@/components/site-footer";
  5 | import { CoffeeSupportCard } from "@/components/coffee-support-card";
  6 |

Import map: aliased to relative './components/cosma/playground' inside of [project]/

https://nextjs.org/docs/messages/module-not-found @ http://localhost:4200/_next/static/chunks/0aus_next_dist_00tg.dm._.js:1945
[    5364ms] [ERROR] ./app/page.tsx:15:1
Module not found: Can't resolve '@/components/cosma/cosmo-morph'
  13 | import { PixelIconRocket } from "@/components/pixel-icon-rocket";
  14 | import CodeIcon from "@/components/icons/code-icon";
> 15 | import { CosmoMorph } from "@/components/cosma/cosmo-morph";
     | ^^^^^^^^^^^^^^^^^^^^^^^^^^^^^^^^^^^^^^^^^^^^^^^^^^^^^^^^^^^^
  16 | import { SpinnerMorph } from "@/components/spinners/spinner-morph";
  17 |
  18 | const structuredData = {

Import map: aliased to relative './components/cosma/cosmo-morph' inside of [project]/

Import traces:
  Client Component Browser:
    ./app/page.tsx [Client Component Browser]
    ./app/page.tsx [Server Component]

  Client Component SSR:
    ./app/page.tsx [Client Component SSR]
    ./app/page.tsx [Server Component]

https://nextjs.org/docs/messages/module-not-found @ http://localhost:4200/_next/static/chunks/0aus_next_dist_00tg.dm._.js:1945
[    5364ms] [ERROR] ./components/spinners/spinner-morph.tsx:16:1
Module not found: Can't resolve '@/components/cosma/cosmo-morph'
  14 | import { ScrollTrigger } from "gsap/ScrollTrigger";
  15 | import { useGSAP } from "@gsap/react";
> 16 | import { TickSlider } from "@/components/cosma/cosmo-morph";
     | ^^^^^^^^^^^^^^^^^^^^^^^^^^^^^^^^^^^^^^^^^^^^^^^^^^^^^^^^^^^^
  17 | import {
  18 |   PixelSpinner,
  19 |   type SpinnerAnimation,

Import map: aliased to relative './components/cosma/cosmo-morph' inside of [project]/

Import traces:
  Client Component Browser:
    ./components/spinners/spinner-morph.tsx [Client Component Browser]
    ./app/page.tsx [Client Component Browser]
    ./app/page.tsx [Server Component]

  Client Component SSR:
    ./components/spinners/spinner-morph.tsx [Client Component SSR]
    ./app/page.tsx [Client Component SSR]
    ./app/page.tsx [Server Component]

https://nextjs.org/docs/messages/module-not-found @ http://localhost:4200/_next/static/chunks/0aus_next_dist_00tg.dm._.js:1945
[    5364ms] [ERROR] ./app/cosma/page.tsx:3:1
Module not found: Can't resolve '@/components/cosma/playground'
  1 | import type { Metadata } from "next";
  2 | import { Navigation } from "@/components/navigation";
> 3 | import { CosmaPlayground } from "@/components/cosma/playground";
    | ^^^^^^^^^^^^^^^^^^^^^^^^^^^^^^^^^^^^^^^^^^^^^^^^^^^^^^^^^^^^^^^^
  4 | import { SiteFooter } from "@/components/site-footer";
  5 | import { CoffeeSupportCard } from "@/components/coffee-support-card";
  6 |

Import map: aliased to relative './components/cosma/playground' inside of [project]/

https://nextjs.org/docs/messages/module-not-found @ http://localhost:4200/_next/static/chunks/0aus_next_dist_00tg.dm._.js:1945
[    5427ms] [ERROR] ./app/page.tsx:15:1
Module not found: Can't resolve '@/components/cosma/cosmo-morph'
  13 | import { PixelIconRocket } from "@/components/pixel-icon-rocket";
  14 | import CodeIcon from "@/components/icons/code-icon";
> 15 | import { CosmoMorph } from "@/components/cosma/cosmo-morph";
     | ^^^^^^^^^^^^^^^^^^^^^^^^^^^^^^^^^^^^^^^^^^^^^^^^^^^^^^^^^^^^
  16 | import { SpinnerMorph } from "@/components/spinners/spinner-morph";
  17 |
  18 | const structuredData = {

Import map: aliased to relative './components/cosma/cosmo-morph' inside of [project]/

Import traces:
  Client Component Browser:
    ./app/page.tsx [Client Component Browser]
    ./app/page.tsx [Server Component]

  Client Component SSR:
    ./app/page.tsx [Client Component SSR]
    ./app/page.tsx [Server Component]

https://nextjs.org/docs/messages/module-not-found @ http://localhost:4200/_next/static/chunks/0aus_next_dist_00tg.dm._.js:1945
[    5427ms] [ERROR] ./components/spinners/spinner-morph.tsx:16:1
Module not found: Can't resolve '@/components/cosma/cosmo-morph'
  14 | import { ScrollTrigger } from "gsap/ScrollTrigger";
  15 | import { useGSAP } from "@gsap/react";
> 16 | import { TickSlider } from "@/components/cosma/cosmo-morph";
     | ^^^^^^^^^^^^^^^^^^^^^^^^^^^^^^^^^^^^^^^^^^^^^^^^^^^^^^^^^^^^
  17 | import {
  18 |   PixelSpinner,
  19 |   type SpinnerAnimation,

Import map: aliased to relative './components/cosma/cosmo-morph' inside of [project]/

Import traces:
  Client Component Browser:
    ./components/spinners/spinner-morph.tsx [Client Component Browser]
    ./app/page.tsx [Client Component Browser]
    ./app/page.tsx [Server Component]

  Client Component SSR:
    ./components/spinners/spinner-morph.tsx [Client Component SSR]
    ./app/page.tsx [Client Component SSR]
    ./app/page.tsx [Server Component]

https://nextjs.org/docs/messages/module-not-found @ http://localhost:4200/_next/static/chunks/0aus_next_dist_00tg.dm._.js:1945
[    5427ms] [ERROR] ./app/cosma/page.tsx:3:1
Module not found: Can't resolve '@/components/cosma/playground'
  1 | import type { Metadata } from "next";
  2 | import { Navigation } from "@/components/navigation";
> 3 | import { CosmaPlayground } from "@/components/cosma/playground";
    | ^^^^^^^^^^^^^^^^^^^^^^^^^^^^^^^^^^^^^^^^^^^^^^^^^^^^^^^^^^^^^^^^
  4 | import { SiteFooter } from "@/components/site-footer";
  5 | import { CoffeeSupportCard } from "@/components/coffee-support-card";
  6 |

Import map: aliased to relative './components/cosma/playground' inside of [project]/

https://nextjs.org/docs/messages/module-not-found @ http://localhost:4200/_next/static/chunks/0aus_next_dist_00tg.dm._.js:1945
[    5491ms] [ERROR] ./app/page.tsx:15:1
Module not found: Can't resolve '@/components/cosma/cosmo-morph'
  13 | import { PixelIconRocket } from "@/components/pixel-icon-rocket";
  14 | import CodeIcon from "@/components/icons/code-icon";
> 15 | import { CosmoMorph } from "@/components/cosma/cosmo-morph";
     | ^^^^^^^^^^^^^^^^^^^^^^^^^^^^^^^^^^^^^^^^^^^^^^^^^^^^^^^^^^^^
  16 | import { SpinnerMorph } from "@/components/spinners/spinner-morph";
  17 |
  18 | const structuredData = {

Import map: aliased to relative './components/cosma/cosmo-morph' inside of [project]/

Import traces:
  Client Component Browser:
    ./app/page.tsx [Client Component Browser]
    ./app/page.tsx [Server Component]

  Client Component SSR:
    ./app/page.tsx [Client Component SSR]
    ./app/page.tsx [Server Component]

https://nextjs.org/docs/messages/module-not-found @ http://localhost:4200/_next/static/chunks/0aus_next_dist_00tg.dm._.js:1945
[    5491ms] [ERROR] ./components/spinners/spinner-morph.tsx:16:1
Module not found: Can't resolve '@/components/cosma/cosmo-morph'
  14 | import { ScrollTrigger } from "gsap/ScrollTrigger";
  15 | import { useGSAP } from "@gsap/react";
> 16 | import { TickSlider } from "@/components/cosma/cosmo-morph";
     | ^^^^^^^^^^^^^^^^^^^^^^^^^^^^^^^^^^^^^^^^^^^^^^^^^^^^^^^^^^^^
  17 | import {
  18 |   PixelSpinner,
  19 |   type SpinnerAnimation,

Import map: aliased to relative './components/cosma/cosmo-morph' inside of [project]/

Import traces:
  Client Component Browser:
    ./components/spinners/spinner-morph.tsx [Client Component Browser]
    ./app/page.tsx [Client Component Browser]
    ./app/page.tsx [Server Component]

  Client Component SSR:
    ./components/spinners/spinner-morph.tsx [Client Component SSR]
    ./app/page.tsx [Client Component SSR]
    ./app/page.tsx [Server Component]

https://nextjs.org/docs/messages/module-not-found @ http://localhost:4200/_next/static/chunks/0aus_next_dist_00tg.dm._.js:1945
[    5491ms] [ERROR] ./app/cosma/page.tsx:3:1
Module not found: Can't resolve '@/components/cosma/playground'
  1 | import type { Metadata } from "next";
  2 | import { Navigation } from "@/components/navigation";
> 3 | import { CosmaPlayground } from "@/components/cosma/playground";
    | ^^^^^^^^^^^^^^^^^^^^^^^^^^^^^^^^^^^^^^^^^^^^^^^^^^^^^^^^^^^^^^^^
  4 | import { SiteFooter } from "@/components/site-footer";
  5 | import { CoffeeSupportCard } from "@/components/coffee-support-card";
  6 |

Import map: aliased to relative './components/cosma/playground' inside of [project]/

https://nextjs.org/docs/messages/module-not-found @ http://localhost:4200/_next/static/chunks/0aus_next_dist_00tg.dm._.js:1945
[    5555ms] [ERROR] ./app/page.tsx:15:1
Module not found: Can't resolve '@/components/cosma/cosmo-morph'
  13 | import { PixelIconRocket } from "@/components/pixel-icon-rocket";
  14 | import CodeIcon from "@/components/icons/code-icon";
> 15 | import { CosmoMorph } from "@/components/cosma/cosmo-morph";
     | ^^^^^^^^^^^^^^^^^^^^^^^^^^^^^^^^^^^^^^^^^^^^^^^^^^^^^^^^^^^^
  16 | import { SpinnerMorph } from "@/components/spinners/spinner-morph";
  17 |
  18 | const structuredData = {

Import map: aliased to relative './components/cosma/cosmo-morph' inside of [project]/

Import traces:
  Client Component Browser:
    ./app/page.tsx [Client Component Browser]
    ./app/page.tsx [Server Component]

  Client Component SSR:
    ./app/page.tsx [Client Component SSR]
    ./app/page.tsx [Server Component]

https://nextjs.org/docs/messages/module-not-found @ http://localhost:4200/_next/static/chunks/0aus_next_dist_00tg.dm._.js:1945
[    5555ms] [ERROR] ./components/spinners/spinner-morph.tsx:16:1
Module not found: Can't resolve '@/components/cosma/cosmo-morph'
  14 | import { ScrollTrigger } from "gsap/ScrollTrigger";
  15 | import { useGSAP } from "@gsap/react";
> 16 | import { TickSlider } from "@/components/cosma/cosmo-morph";
     | ^^^^^^^^^^^^^^^^^^^^^^^^^^^^^^^^^^^^^^^^^^^^^^^^^^^^^^^^^^^^
  17 | import {
  18 |   PixelSpinner,
  19 |   type SpinnerAnimation,

Import map: aliased to relative './components/cosma/cosmo-morph' inside of [project]/

Import traces:
  Client Component Browser:
    ./components/spinners/spinner-morph.tsx [Client Component Browser]
    ./app/page.tsx [Client Component Browser]
    ./app/page.tsx [Server Component]

  Client Component SSR:
    ./components/spinners/spinner-morph.tsx [Client Component SSR]
    ./app/page.tsx [Client Component SSR]
    ./app/page.tsx [Server Component]

https://nextjs.org/docs/messages/module-not-found @ http://localhost:4200/_next/static/chunks/0aus_next_dist_00tg.dm._.js:1945
[    5555ms] [ERROR] ./app/cosma/page.tsx:3:1
Module not found: Can't resolve '@/components/cosma/playground'
  1 | import type { Metadata } from "next";
  2 | import { Navigation } from "@/components/navigation";
> 3 | import { CosmaPlayground } from "@/components/cosma/playground";
    | ^^^^^^^^^^^^^^^^^^^^^^^^^^^^^^^^^^^^^^^^^^^^^^^^^^^^^^^^^^^^^^^^
  4 | import { SiteFooter } from "@/components/site-footer";
  5 | import { CoffeeSupportCard } from "@/components/coffee-support-card";
  6 |

Import map: aliased to relative './components/cosma/playground' inside of [project]/

https://nextjs.org/docs/messages/module-not-found @ http://localhost:4200/_next/static/chunks/0aus_next_dist_00tg.dm._.js:1945
[    5618ms] [ERROR] ./app/page.tsx:15:1
Module not found: Can't resolve '@/components/cosma/cosmo-morph'
  13 | import { PixelIconRocket } from "@/components/pixel-icon-rocket";
  14 | import CodeIcon from "@/components/icons/code-icon";
> 15 | import { CosmoMorph } from "@/components/cosma/cosmo-morph";
     | ^^^^^^^^^^^^^^^^^^^^^^^^^^^^^^^^^^^^^^^^^^^^^^^^^^^^^^^^^^^^
  16 | import { SpinnerMorph } from "@/components/spinners/spinner-morph";
  17 |
  18 | const structuredData = {

Import map: aliased to relative './components/cosma/cosmo-morph' inside of [project]/

Import traces:
  Client Component Browser:
    ./app/page.tsx [Client Component Browser]
    ./app/page.tsx [Server Component]

  Client Component SSR:
    ./app/page.tsx [Client Component SSR]
    ./app/page.tsx [Server Component]

https://nextjs.org/docs/messages/module-not-found @ http://localhost:4200/_next/static/chunks/0aus_next_dist_00tg.dm._.js:1945
[    5618ms] [ERROR] ./components/spinners/spinner-morph.tsx:16:1
Module not found: Can't resolve '@/components/cosma/cosmo-morph'
  14 | import { ScrollTrigger } from "gsap/ScrollTrigger";
  15 | import { useGSAP } from "@gsap/react";
> 16 | import { TickSlider } from "@/components/cosma/cosmo-morph";
     | ^^^^^^^^^^^^^^^^^^^^^^^^^^^^^^^^^^^^^^^^^^^^^^^^^^^^^^^^^^^^
  17 | import {
  18 |   PixelSpinner,
  19 |   type SpinnerAnimation,

Import map: aliased to relative './components/cosma/cosmo-morph' inside of [project]/

Import traces:
  Client Component Browser:
    ./components/spinners/spinner-morph.tsx [Client Component Browser]
    ./app/page.tsx [Client Component Browser]
    ./app/page.tsx [Server Component]

  Client Component SSR:
    ./components/spinners/spinner-morph.tsx [Client Component SSR]
    ./app/page.tsx [Client Component SSR]
    ./app/page.tsx [Server Component]

https://nextjs.org/docs/messages/module-not-found @ http://localhost:4200/_next/static/chunks/0aus_next_dist_00tg.dm._.js:1945
[    5618ms] [ERROR] ./app/cosma/page.tsx:3:1
Module not found: Can't resolve '@/components/cosma/playground'
  1 | import type { Metadata } from "next";
  2 | import { Navigation } from "@/components/navigation";
> 3 | import { CosmaPlayground } from "@/components/cosma/playground";
    | ^^^^^^^^^^^^^^^^^^^^^^^^^^^^^^^^^^^^^^^^^^^^^^^^^^^^^^^^^^^^^^^^
  4 | import { SiteFooter } from "@/components/site-footer";
  5 | import { CoffeeSupportCard } from "@/components/coffee-support-card";
  6 |

Import map: aliased to relative './components/cosma/playground' inside of [project]/

https://nextjs.org/docs/messages/module-not-found @ http://localhost:4200/_next/static/chunks/0aus_next_dist_00tg.dm._.js:1945
[    5683ms] [ERROR] ./app/page.tsx:15:1
Module not found: Can't resolve '@/components/cosma/cosmo-morph'
  13 | import { PixelIconRocket } from "@/components/pixel-icon-rocket";
  14 | import CodeIcon from "@/components/icons/code-icon";
> 15 | import { CosmoMorph } from "@/components/cosma/cosmo-morph";
     | ^^^^^^^^^^^^^^^^^^^^^^^^^^^^^^^^^^^^^^^^^^^^^^^^^^^^^^^^^^^^
  16 | import { SpinnerMorph } from "@/components/spinners/spinner-morph";
  17 |
  18 | const structuredData = {

Import map: aliased to relative './components/cosma/cosmo-morph' inside of [project]/

Import traces:
  Client Component Browser:
    ./app/page.tsx [Client Component Browser]
    ./app/page.tsx [Server Component]

  Client Component SSR:
    ./app/page.tsx [Client Component SSR]
    ./app/page.tsx [Server Component]

https://nextjs.org/docs/messages/module-not-found @ http://localhost:4200/_next/static/chunks/0aus_next_dist_00tg.dm._.js:1945
[    5683ms] [ERROR] ./components/spinners/spinner-morph.tsx:16:1
Module not found: Can't resolve '@/components/cosma/cosmo-morph'
  14 | import { ScrollTrigger } from "gsap/ScrollTrigger";
  15 | import { useGSAP } from "@gsap/react";
> 16 | import { TickSlider } from "@/components/cosma/cosmo-morph";
     | ^^^^^^^^^^^^^^^^^^^^^^^^^^^^^^^^^^^^^^^^^^^^^^^^^^^^^^^^^^^^
  17 | import {
  18 |   PixelSpinner,
  19 |   type SpinnerAnimation,

Import map: aliased to relative './components/cosma/cosmo-morph' inside of [project]/

Import traces:
  Client Component Browser:
    ./components/spinners/spinner-morph.tsx [Client Component Browser]
    ./app/page.tsx [Client Component Browser]
    ./app/page.tsx [Server Component]

  Client Component SSR:
    ./components/spinners/spinner-morph.tsx [Client Component SSR]
    ./app/page.tsx [Client Component SSR]
    ./app/page.tsx [Server Component]

https://nextjs.org/docs/messages/module-not-found @ http://localhost:4200/_next/static/chunks/0aus_next_dist_00tg.dm._.js:1945
[    5683ms] [ERROR] ./app/cosma/page.tsx:3:1
Module not found: Can't resolve '@/components/cosma/playground'
  1 | import type { Metadata } from "next";
  2 | import { Navigation } from "@/components/navigation";
> 3 | import { CosmaPlayground } from "@/components/cosma/playground";
    | ^^^^^^^^^^^^^^^^^^^^^^^^^^^^^^^^^^^^^^^^^^^^^^^^^^^^^^^^^^^^^^^^
  4 | import { SiteFooter } from "@/components/site-footer";
  5 | import { CoffeeSupportCard } from "@/components/coffee-support-card";
  6 |

Import map: aliased to relative './components/cosma/playground' inside of [project]/

https://nextjs.org/docs/messages/module-not-found @ http://localhost:4200/_next/static/chunks/0aus_next_dist_00tg.dm._.js:1945
[    5749ms] [ERROR] ./app/page.tsx:15:1
Module not found: Can't resolve '@/components/cosma/cosmo-morph'
  13 | import { PixelIconRocket } from "@/components/pixel-icon-rocket";
  14 | import CodeIcon from "@/components/icons/code-icon";
> 15 | import { CosmoMorph } from "@/components/cosma/cosmo-morph";
     | ^^^^^^^^^^^^^^^^^^^^^^^^^^^^^^^^^^^^^^^^^^^^^^^^^^^^^^^^^^^^
  16 | import { SpinnerMorph } from "@/components/spinners/spinner-morph";
  17 |
  18 | const structuredData = {

Import map: aliased to relative './components/cosma/cosmo-morph' inside of [project]/

Import traces:
  Client Component Browser:
    ./app/page.tsx [Client Component Browser]
    ./app/page.tsx [Server Component]

  Client Component SSR:
    ./app/page.tsx [Client Component SSR]
    ./app/page.tsx [Server Component]

https://nextjs.org/docs/messages/module-not-found @ http://localhost:4200/_next/static/chunks/0aus_next_dist_00tg.dm._.js:1945
[    5749ms] [ERROR] ./components/spinners/spinner-morph.tsx:16:1
Module not found: Can't resolve '@/components/cosma/cosmo-morph'
  14 | import { ScrollTrigger } from "gsap/ScrollTrigger";
  15 | import { useGSAP } from "@gsap/react";
> 16 | import { TickSlider } from "@/components/cosma/cosmo-morph";
     | ^^^^^^^^^^^^^^^^^^^^^^^^^^^^^^^^^^^^^^^^^^^^^^^^^^^^^^^^^^^^
  17 | import {
  18 |   PixelSpinner,
  19 |   type SpinnerAnimation,

Import map: aliased to relative './components/cosma/cosmo-morph' inside of [project]/

Import traces:
  Client Component Browser:
    ./components/spinners/spinner-morph.tsx [Client Component Browser]
    ./app/page.tsx [Client Component Browser]
    ./app/page.tsx [Server Component]

  Client Component SSR:
    ./components/spinners/spinner-morph.tsx [Client Component SSR]
    ./app/page.tsx [Client Component SSR]
    ./app/page.tsx [Server Component]

https://nextjs.org/docs/messages/module-not-found @ http://localhost:4200/_next/static/chunks/0aus_next_dist_00tg.dm._.js:1945
[    5749ms] [ERROR] ./app/cosma/page.tsx:3:1
Module not found: Can't resolve '@/components/cosma/playground'
  1 | import type { Metadata } from "next";
  2 | import { Navigation } from "@/components/navigation";
> 3 | import { CosmaPlayground } from "@/components/cosma/playground";
    | ^^^^^^^^^^^^^^^^^^^^^^^^^^^^^^^^^^^^^^^^^^^^^^^^^^^^^^^^^^^^^^^^
  4 | import { SiteFooter } from "@/components/site-footer";
  5 | import { CoffeeSupportCard } from "@/components/coffee-support-card";
  6 |

Import map: aliased to relative './components/cosma/playground' inside of [project]/

https://nextjs.org/docs/messages/module-not-found @ http://localhost:4200/_next/static/chunks/0aus_next_dist_00tg.dm._.js:1945
[    5814ms] [ERROR] ./app/page.tsx:15:1
Module not found: Can't resolve '@/components/cosma/cosmo-morph'
  13 | import { PixelIconRocket } from "@/components/pixel-icon-rocket";
  14 | import CodeIcon from "@/components/icons/code-icon";
> 15 | import { CosmoMorph } from "@/components/cosma/cosmo-morph";
     | ^^^^^^^^^^^^^^^^^^^^^^^^^^^^^^^^^^^^^^^^^^^^^^^^^^^^^^^^^^^^
  16 | import { SpinnerMorph } from "@/components/spinners/spinner-morph";
  17 |
  18 | const structuredData = {

Import map: aliased to relative './components/cosma/cosmo-morph' inside of [project]/

Import traces:
  Client Component Browser:
    ./app/page.tsx [Client Component Browser]
    ./app/page.tsx [Server Component]

  Client Component SSR:
    ./app/page.tsx [Client Component SSR]
    ./app/page.tsx [Server Component]

https://nextjs.org/docs/messages/module-not-found @ http://localhost:4200/_next/static/chunks/0aus_next_dist_00tg.dm._.js:1945
[    5814ms] [ERROR] ./components/spinners/spinner-morph.tsx:16:1
Module not found: Can't resolve '@/components/cosma/cosmo-morph'
  14 | import { ScrollTrigger } from "gsap/ScrollTrigger";
  15 | import { useGSAP } from "@gsap/react";
> 16 | import { TickSlider } from "@/components/cosma/cosmo-morph";
     | ^^^^^^^^^^^^^^^^^^^^^^^^^^^^^^^^^^^^^^^^^^^^^^^^^^^^^^^^^^^^
  17 | import {
  18 |   PixelSpinner,
  19 |   type SpinnerAnimation,

Import map: aliased to relative './components/cosma/cosmo-morph' inside of [project]/

Import traces:
  Client Component Browser:
    ./components/spinners/spinner-morph.tsx [Client Component Browser]
    ./app/page.tsx [Client Component Browser]
    ./app/page.tsx [Server Component]

  Client Component SSR:
    ./components/spinners/spinner-morph.tsx [Client Component SSR]
    ./app/page.tsx [Client Component SSR]
    ./app/page.tsx [Server Component]

https://nextjs.org/docs/messages/module-not-found @ http://localhost:4200/_next/static/chunks/0aus_next_dist_00tg.dm._.js:1945
[    5814ms] [ERROR] ./app/cosma/page.tsx:3:1
Module not found: Can't resolve '@/components/cosma/playground'
  1 | import type { Metadata } from "next";
  2 | import { Navigation } from "@/components/navigation";
> 3 | import { CosmaPlayground } from "@/components/cosma/playground";
    | ^^^^^^^^^^^^^^^^^^^^^^^^^^^^^^^^^^^^^^^^^^^^^^^^^^^^^^^^^^^^^^^^
  4 | import { SiteFooter } from "@/components/site-footer";
  5 | import { CoffeeSupportCard } from "@/components/coffee-support-card";
  6 |

Import map: aliased to relative './components/cosma/playground' inside of [project]/

https://nextjs.org/docs/messages/module-not-found @ http://localhost:4200/_next/static/chunks/0aus_next_dist_00tg.dm._.js:1945
[    5876ms] [ERROR] ./app/page.tsx:15:1
Module not found: Can't resolve '@/components/cosma/cosmo-morph'
  13 | import { PixelIconRocket } from "@/components/pixel-icon-rocket";
  14 | import CodeIcon from "@/components/icons/code-icon";
> 15 | import { CosmoMorph } from "@/components/cosma/cosmo-morph";
     | ^^^^^^^^^^^^^^^^^^^^^^^^^^^^^^^^^^^^^^^^^^^^^^^^^^^^^^^^^^^^
  16 | import { SpinnerMorph } from "@/components/spinners/spinner-morph";
  17 |
  18 | const structuredData = {

Import map: aliased to relative './components/cosma/cosmo-morph' inside of [project]/

Import traces:
  Client Component Browser:
    ./app/page.tsx [Client Component Browser]
    ./app/page.tsx [Server Component]

  Client Component SSR:
    ./app/page.tsx [Client Component SSR]
    ./app/page.tsx [Server Component]

https://nextjs.org/docs/messages/module-not-found @ http://localhost:4200/_next/static/chunks/0aus_next_dist_00tg.dm._.js:1945
[    5876ms] [ERROR] ./components/spinners/spinner-morph.tsx:16:1
Module not found: Can't resolve '@/components/cosma/cosmo-morph'
  14 | import { ScrollTrigger } from "gsap/ScrollTrigger";
  15 | import { useGSAP } from "@gsap/react";
> 16 | import { TickSlider } from "@/components/cosma/cosmo-morph";
     | ^^^^^^^^^^^^^^^^^^^^^^^^^^^^^^^^^^^^^^^^^^^^^^^^^^^^^^^^^^^^
  17 | import {
  18 |   PixelSpinner,
  19 |   type SpinnerAnimation,

Import map: aliased to relative './components/cosma/cosmo-morph' inside of [project]/

Import traces:
  Client Component Browser:
    ./components/spinners/spinner-morph.tsx [Client Component Browser]
    ./app/page.tsx [Client Component Browser]
    ./app/page.tsx [Server Component]

  Client Component SSR:
    ./components/spinners/spinner-morph.tsx [Client Component SSR]
    ./app/page.tsx [Client Component SSR]
    ./app/page.tsx [Server Component]

https://nextjs.org/docs/messages/module-not-found @ http://localhost:4200/_next/static/chunks/0aus_next_dist_00tg.dm._.js:1945
[    5877ms] [ERROR] ./app/cosma/page.tsx:3:1
Module not found: Can't resolve '@/components/cosma/playground'
  1 | import type { Metadata } from "next";
  2 | import { Navigation } from "@/components/navigation";
> 3 | import { CosmaPlayground } from "@/components/cosma/playground";
    | ^^^^^^^^^^^^^^^^^^^^^^^^^^^^^^^^^^^^^^^^^^^^^^^^^^^^^^^^^^^^^^^^
  4 | import { SiteFooter } from "@/components/site-footer";
  5 | import { CoffeeSupportCard } from "@/components/coffee-support-card";
  6 |

Import map: aliased to relative './components/cosma/playground' inside of [project]/

https://nextjs.org/docs/messages/module-not-found @ http://localhost:4200/_next/static/chunks/0aus_next_dist_00tg.dm._.js:1945
[    5939ms] [ERROR] ./app/page.tsx:15:1
Module not found: Can't resolve '@/components/cosma/cosmo-morph'
  13 | import { PixelIconRocket } from "@/components/pixel-icon-rocket";
  14 | import CodeIcon from "@/components/icons/code-icon";
> 15 | import { CosmoMorph } from "@/components/cosma/cosmo-morph";
     | ^^^^^^^^^^^^^^^^^^^^^^^^^^^^^^^^^^^^^^^^^^^^^^^^^^^^^^^^^^^^
  16 | import { SpinnerMorph } from "@/components/spinners/spinner-morph";
  17 |
  18 | const structuredData = {

Import map: aliased to relative './components/cosma/cosmo-morph' inside of [project]/

Import traces:
  Client Component Browser:
    ./app/page.tsx [Client Component Browser]
    ./app/page.tsx [Server Component]

  Client Component SSR:
    ./app/page.tsx [Client Component SSR]
    ./app/page.tsx [Server Component]

https://nextjs.org/docs/messages/module-not-found @ http://localhost:4200/_next/static/chunks/0aus_next_dist_00tg.dm._.js:1945
[    5939ms] [ERROR] ./components/spinners/spinner-morph.tsx:16:1
Module not found: Can't resolve '@/components/cosma/cosmo-morph'
  14 | import { ScrollTrigger } from "gsap/ScrollTrigger";
  15 | import { useGSAP } from "@gsap/react";
> 16 | import { TickSlider } from "@/components/cosma/cosmo-morph";
     | ^^^^^^^^^^^^^^^^^^^^^^^^^^^^^^^^^^^^^^^^^^^^^^^^^^^^^^^^^^^^
  17 | import {
  18 |   PixelSpinner,
  19 |   type SpinnerAnimation,

Import map: aliased to relative './components/cosma/cosmo-morph' inside of [project]/

Import traces:
  Client Component Browser:
    ./components/spinners/spinner-morph.tsx [Client Component Browser]
    ./app/page.tsx [Client Component Browser]
    ./app/page.tsx [Server Component]

  Client Component SSR:
    ./components/spinners/spinner-morph.tsx [Client Component SSR]
    ./app/page.tsx [Client Component SSR]
    ./app/page.tsx [Server Component]

https://nextjs.org/docs/messages/module-not-found @ http://localhost:4200/_next/static/chunks/0aus_next_dist_00tg.dm._.js:1945
[    5939ms] [ERROR] ./app/cosma/page.tsx:3:1
Module not found: Can't resolve '@/components/cosma/playground'
  1 | import type { Metadata } from "next";
  2 | import { Navigation } from "@/components/navigation";
> 3 | import { CosmaPlayground } from "@/components/cosma/playground";
    | ^^^^^^^^^^^^^^^^^^^^^^^^^^^^^^^^^^^^^^^^^^^^^^^^^^^^^^^^^^^^^^^^
  4 | import { SiteFooter } from "@/components/site-footer";
  5 | import { CoffeeSupportCard } from "@/components/coffee-support-card";
  6 |

Import map: aliased to relative './components/cosma/playground' inside of [project]/

https://nextjs.org/docs/messages/module-not-found @ http://localhost:4200/_next/static/chunks/0aus_next_dist_00tg.dm._.js:1945
[    6004ms] [ERROR] ./app/page.tsx:15:1
Module not found: Can't resolve '@/components/cosma/cosmo-morph'
  13 | import { PixelIconRocket } from "@/components/pixel-icon-rocket";
  14 | import CodeIcon from "@/components/icons/code-icon";
> 15 | import { CosmoMorph } from "@/components/cosma/cosmo-morph";
     | ^^^^^^^^^^^^^^^^^^^^^^^^^^^^^^^^^^^^^^^^^^^^^^^^^^^^^^^^^^^^
  16 | import { SpinnerMorph } from "@/components/spinners/spinner-morph";
  17 |
  18 | const structuredData = {

Import map: aliased to relative './components/cosma/cosmo-morph' inside of [project]/

Import traces:
  Client Component Browser:
    ./app/page.tsx [Client Component Browser]
    ./app/page.tsx [Server Component]

  Client Component SSR:
    ./app/page.tsx [Client Component SSR]
    ./app/page.tsx [Server Component]

https://nextjs.org/docs/messages/module-not-found @ http://localhost:4200/_next/static/chunks/0aus_next_dist_00tg.dm._.js:1945
[    6004ms] [ERROR] ./components/spinners/spinner-morph.tsx:16:1
Module not found: Can't resolve '@/components/cosma/cosmo-morph'
  14 | import { ScrollTrigger } from "gsap/ScrollTrigger";
  15 | import { useGSAP } from "@gsap/react";
> 16 | import { TickSlider } from "@/components/cosma/cosmo-morph";
     | ^^^^^^^^^^^^^^^^^^^^^^^^^^^^^^^^^^^^^^^^^^^^^^^^^^^^^^^^^^^^
  17 | import {
  18 |   PixelSpinner,
  19 |   type SpinnerAnimation,

Import map: aliased to relative './components/cosma/cosmo-morph' inside of [project]/

Import traces:
  Client Component Browser:
    ./components/spinners/spinner-morph.tsx [Client Component Browser]
    ./app/page.tsx [Client Component Browser]
    ./app/page.tsx [Server Component]

  Client Component SSR:
    ./components/spinners/spinner-morph.tsx [Client Component SSR]
    ./app/page.tsx [Client Component SSR]
    ./app/page.tsx [Server Component]

https://nextjs.org/docs/messages/module-not-found @ http://localhost:4200/_next/static/chunks/0aus_next_dist_00tg.dm._.js:1945
[    6004ms] [ERROR] ./app/cosma/page.tsx:3:1
Module not found: Can't resolve '@/components/cosma/playground'
  1 | import type { Metadata } from "next";
  2 | import { Navigation } from "@/components/navigation";
> 3 | import { CosmaPlayground } from "@/components/cosma/playground";
    | ^^^^^^^^^^^^^^^^^^^^^^^^^^^^^^^^^^^^^^^^^^^^^^^^^^^^^^^^^^^^^^^^
  4 | import { SiteFooter } from "@/components/site-footer";
  5 | import { CoffeeSupportCard } from "@/components/coffee-support-card";
  6 |

Import map: aliased to relative './components/cosma/playground' inside of [project]/

https://nextjs.org/docs/messages/module-not-found @ http://localhost:4200/_next/static/chunks/0aus_next_dist_00tg.dm._.js:1945
[    6068ms] [ERROR] ./app/page.tsx:15:1
Module not found: Can't resolve '@/components/cosma/cosmo-morph'
  13 | import { PixelIconRocket } from "@/components/pixel-icon-rocket";
  14 | import CodeIcon from "@/components/icons/code-icon";
> 15 | import { CosmoMorph } from "@/components/cosma/cosmo-morph";
     | ^^^^^^^^^^^^^^^^^^^^^^^^^^^^^^^^^^^^^^^^^^^^^^^^^^^^^^^^^^^^
  16 | import { SpinnerMorph } from "@/components/spinners/spinner-morph";
  17 |
  18 | const structuredData = {

Import map: aliased to relative './components/cosma/cosmo-morph' inside of [project]/

Import traces:
  Client Component Browser:
    ./app/page.tsx [Client Component Browser]
    ./app/page.tsx [Server Component]

  Client Component SSR:
    ./app/page.tsx [Client Component SSR]
    ./app/page.tsx [Server Component]

https://nextjs.org/docs/messages/module-not-found @ http://localhost:4200/_next/static/chunks/0aus_next_dist_00tg.dm._.js:1945
[    6068ms] [ERROR] ./components/spinners/spinner-morph.tsx:16:1
Module not found: Can't resolve '@/components/cosma/cosmo-morph'
  14 | import { ScrollTrigger } from "gsap/ScrollTrigger";
  15 | import { useGSAP } from "@gsap/react";
> 16 | import { TickSlider } from "@/components/cosma/cosmo-morph";
     | ^^^^^^^^^^^^^^^^^^^^^^^^^^^^^^^^^^^^^^^^^^^^^^^^^^^^^^^^^^^^
  17 | import {
  18 |   PixelSpinner,
  19 |   type SpinnerAnimation,

Import map: aliased to relative './components/cosma/cosmo-morph' inside of [project]/

Import traces:
  Client Component Browser:
    ./components/spinners/spinner-morph.tsx [Client Component Browser]
    ./app/page.tsx [Client Component Browser]
    ./app/page.tsx [Server Component]

  Client Component SSR:
    ./components/spinners/spinner-morph.tsx [Client Component SSR]
    ./app/page.tsx [Client Component SSR]
    ./app/page.tsx [Server Component]

https://nextjs.org/docs/messages/module-not-found @ http://localhost:4200/_next/static/chunks/0aus_next_dist_00tg.dm._.js:1945
[    6068ms] [ERROR] ./app/cosma/page.tsx:3:1
Module not found: Can't resolve '@/components/cosma/playground'
  1 | import type { Metadata } from "next";
  2 | import { Navigation } from "@/components/navigation";
> 3 | import { CosmaPlayground } from "@/components/cosma/playground";
    | ^^^^^^^^^^^^^^^^^^^^^^^^^^^^^^^^^^^^^^^^^^^^^^^^^^^^^^^^^^^^^^^^
  4 | import { SiteFooter } from "@/components/site-footer";
  5 | import { CoffeeSupportCard } from "@/components/coffee-support-card";
  6 |

Import map: aliased to relative './components/cosma/playground' inside of [project]/

https://nextjs.org/docs/messages/module-not-found @ http://localhost:4200/_next/static/chunks/0aus_next_dist_00tg.dm._.js:1945
[    6131ms] [ERROR] ./app/page.tsx:15:1
Module not found: Can't resolve '@/components/cosma/cosmo-morph'
  13 | import { PixelIconRocket } from "@/components/pixel-icon-rocket";
  14 | import CodeIcon from "@/components/icons/code-icon";
> 15 | import { CosmoMorph } from "@/components/cosma/cosmo-morph";
     | ^^^^^^^^^^^^^^^^^^^^^^^^^^^^^^^^^^^^^^^^^^^^^^^^^^^^^^^^^^^^
  16 | import { SpinnerMorph } from "@/components/spinners/spinner-morph";
  17 |
  18 | const structuredData = {

Import map: aliased to relative './components/cosma/cosmo-morph' inside of [project]/

Import traces:
  Client Component Browser:
    ./app/page.tsx [Client Component Browser]
    ./app/page.tsx [Server Component]

  Client Component SSR:
    ./app/page.tsx [Client Component SSR]
    ./app/page.tsx [Server Component]

https://nextjs.org/docs/messages/module-not-found @ http://localhost:4200/_next/static/chunks/0aus_next_dist_00tg.dm._.js:1945
[    6131ms] [ERROR] ./components/spinners/spinner-morph.tsx:16:1
Module not found: Can't resolve '@/components/cosma/cosmo-morph'
  14 | import { ScrollTrigger } from "gsap/ScrollTrigger";
  15 | import { useGSAP } from "@gsap/react";
> 16 | import { TickSlider } from "@/components/cosma/cosmo-morph";
     | ^^^^^^^^^^^^^^^^^^^^^^^^^^^^^^^^^^^^^^^^^^^^^^^^^^^^^^^^^^^^
  17 | import {
  18 |   PixelSpinner,
  19 |   type SpinnerAnimation,

Import map: aliased to relative './components/cosma/cosmo-morph' inside of [project]/

Import traces:
  Client Component Browser:
    ./components/spinners/spinner-morph.tsx [Client Component Browser]
    ./app/page.tsx [Client Component Browser]
    ./app/page.tsx [Server Component]

  Client Component SSR:
    ./components/spinners/spinner-morph.tsx [Client Component SSR]
    ./app/page.tsx [Client Component SSR]
    ./app/page.tsx [Server Component]

https://nextjs.org/docs/messages/module-not-found @ http://localhost:4200/_next/static/chunks/0aus_next_dist_00tg.dm._.js:1945
[    6131ms] [ERROR] ./app/cosma/page.tsx:3:1
Module not found: Can't resolve '@/components/cosma/playground'
  1 | import type { Metadata } from "next";
  2 | import { Navigation } from "@/components/navigation";
> 3 | import { CosmaPlayground } from "@/components/cosma/playground";
    | ^^^^^^^^^^^^^^^^^^^^^^^^^^^^^^^^^^^^^^^^^^^^^^^^^^^^^^^^^^^^^^^^
  4 | import { SiteFooter } from "@/components/site-footer";
  5 | import { CoffeeSupportCard } from "@/components/coffee-support-card";
  6 |

Import map: aliased to relative './components/cosma/playground' inside of [project]/

https://nextjs.org/docs/messages/module-not-found @ http://localhost:4200/_next/static/chunks/0aus_next_dist_00tg.dm._.js:1945
[    6194ms] [ERROR] ./app/page.tsx:15:1
Module not found: Can't resolve '@/components/cosma/cosmo-morph'
  13 | import { PixelIconRocket } from "@/components/pixel-icon-rocket";
  14 | import CodeIcon from "@/components/icons/code-icon";
> 15 | import { CosmoMorph } from "@/components/cosma/cosmo-morph";
     | ^^^^^^^^^^^^^^^^^^^^^^^^^^^^^^^^^^^^^^^^^^^^^^^^^^^^^^^^^^^^
  16 | import { SpinnerMorph } from "@/components/spinners/spinner-morph";
  17 |
  18 | const structuredData = {

Import map: aliased to relative './components/cosma/cosmo-morph' inside of [project]/

Import traces:
  Client Component Browser:
    ./app/page.tsx [Client Component Browser]
    ./app/page.tsx [Server Component]

  Client Component SSR:
    ./app/page.tsx [Client Component SSR]
    ./app/page.tsx [Server Component]

https://nextjs.org/docs/messages/module-not-found @ http://localhost:4200/_next/static/chunks/0aus_next_dist_00tg.dm._.js:1945
[    6194ms] [ERROR] ./components/spinners/spinner-morph.tsx:16:1
Module not found: Can't resolve '@/components/cosma/cosmo-morph'
  14 | import { ScrollTrigger } from "gsap/ScrollTrigger";
  15 | import { useGSAP } from "@gsap/react";
> 16 | import { TickSlider } from "@/components/cosma/cosmo-morph";
     | ^^^^^^^^^^^^^^^^^^^^^^^^^^^^^^^^^^^^^^^^^^^^^^^^^^^^^^^^^^^^
  17 | import {
  18 |   PixelSpinner,
  19 |   type SpinnerAnimation,

Import map: aliased to relative './components/cosma/cosmo-morph' inside of [project]/

Import traces:
  Client Component Browser:
    ./components/spinners/spinner-morph.tsx [Client Component Browser]
    ./app/page.tsx [Client Component Browser]
    ./app/page.tsx [Server Component]

  Client Component SSR:
    ./components/spinners/spinner-morph.tsx [Client Component SSR]
    ./app/page.tsx [Client Component SSR]
    ./app/page.tsx [Server Component]

https://nextjs.org/docs/messages/module-not-found @ http://localhost:4200/_next/static/chunks/0aus_next_dist_00tg.dm._.js:1945
[    6195ms] [ERROR] ./app/cosma/page.tsx:3:1
Module not found: Can't resolve '@/components/cosma/playground'
  1 | import type { Metadata } from "next";
  2 | import { Navigation } from "@/components/navigation";
> 3 | import { CosmaPlayground } from "@/components/cosma/playground";
    | ^^^^^^^^^^^^^^^^^^^^^^^^^^^^^^^^^^^^^^^^^^^^^^^^^^^^^^^^^^^^^^^^
  4 | import { SiteFooter } from "@/components/site-footer";
  5 | import { CoffeeSupportCard } from "@/components/coffee-support-card";
  6 |

Import map: aliased to relative './components/cosma/playground' inside of [project]/

https://nextjs.org/docs/messages/module-not-found @ http://localhost:4200/_next/static/chunks/0aus_next_dist_00tg.dm._.js:1945
[    6259ms] [ERROR] ./app/page.tsx:15:1
Module not found: Can't resolve '@/components/cosma/cosmo-morph'
  13 | import { PixelIconRocket } from "@/components/pixel-icon-rocket";
  14 | import CodeIcon from "@/components/icons/code-icon";
> 15 | import { CosmoMorph } from "@/components/cosma/cosmo-morph";
     | ^^^^^^^^^^^^^^^^^^^^^^^^^^^^^^^^^^^^^^^^^^^^^^^^^^^^^^^^^^^^
  16 | import { SpinnerMorph } from "@/components/spinners/spinner-morph";
  17 |
  18 | const structuredData = {

Import map: aliased to relative './components/cosma/cosmo-morph' inside of [project]/

Import traces:
  Client Component Browser:
    ./app/page.tsx [Client Component Browser]
    ./app/page.tsx [Server Component]

  Client Component SSR:
    ./app/page.tsx [Client Component SSR]
    ./app/page.tsx [Server Component]

https://nextjs.org/docs/messages/module-not-found @ http://localhost:4200/_next/static/chunks/0aus_next_dist_00tg.dm._.js:1945
[    6259ms] [ERROR] ./components/spinners/spinner-morph.tsx:16:1
Module not found: Can't resolve '@/components/cosma/cosmo-morph'
  14 | import { ScrollTrigger } from "gsap/ScrollTrigger";
  15 | import { useGSAP } from "@gsap/react";
> 16 | import { TickSlider } from "@/components/cosma/cosmo-morph";
     | ^^^^^^^^^^^^^^^^^^^^^^^^^^^^^^^^^^^^^^^^^^^^^^^^^^^^^^^^^^^^
  17 | import {
  18 |   PixelSpinner,
  19 |   type SpinnerAnimation,

Import map: aliased to relative './components/cosma/cosmo-morph' inside of [project]/

Import traces:
  Client Component Browser:
    ./components/spinners/spinner-morph.tsx [Client Component Browser]
    ./app/page.tsx [Client Component Browser]
    ./app/page.tsx [Server Component]

  Client Component SSR:
    ./components/spinners/spinner-morph.tsx [Client Component SSR]
    ./app/page.tsx [Client Component SSR]
    ./app/page.tsx [Server Component]

https://nextjs.org/docs/messages/module-not-found @ http://localhost:4200/_next/static/chunks/0aus_next_dist_00tg.dm._.js:1945
[    6259ms] [ERROR] ./app/cosma/page.tsx:3:1
Module not found: Can't resolve '@/components/cosma/playground'
  1 | import type { Metadata } from "next";
  2 | import { Navigation } from "@/components/navigation";
> 3 | import { CosmaPlayground } from "@/components/cosma/playground";
    | ^^^^^^^^^^^^^^^^^^^^^^^^^^^^^^^^^^^^^^^^^^^^^^^^^^^^^^^^^^^^^^^^
  4 | import { SiteFooter } from "@/components/site-footer";
  5 | import { CoffeeSupportCard } from "@/components/coffee-support-card";
  6 |

Import map: aliased to relative './components/cosma/playground' inside of [project]/

https://nextjs.org/docs/messages/module-not-found @ http://localhost:4200/_next/static/chunks/0aus_next_dist_00tg.dm._.js:1945
[    6322ms] [ERROR] ./app/page.tsx:15:1
Module not found: Can't resolve '@/components/cosma/cosmo-morph'
  13 | import { PixelIconRocket } from "@/components/pixel-icon-rocket";
  14 | import CodeIcon from "@/components/icons/code-icon";
> 15 | import { CosmoMorph } from "@/components/cosma/cosmo-morph";
     | ^^^^^^^^^^^^^^^^^^^^^^^^^^^^^^^^^^^^^^^^^^^^^^^^^^^^^^^^^^^^
  16 | import { SpinnerMorph } from "@/components/spinners/spinner-morph";
  17 |
  18 | const structuredData = {

Import map: aliased to relative './components/cosma/cosmo-morph' inside of [project]/

Import traces:
  Client Component Browser:
    ./app/page.tsx [Client Component Browser]
    ./app/page.tsx [Server Component]

  Client Component SSR:
    ./app/page.tsx [Client Component SSR]
    ./app/page.tsx [Server Component]

https://nextjs.org/docs/messages/module-not-found @ http://localhost:4200/_next/static/chunks/0aus_next_dist_00tg.dm._.js:1945
[    6322ms] [ERROR] ./components/spinners/spinner-morph.tsx:16:1
Module not found: Can't resolve '@/components/cosma/cosmo-morph'
  14 | import { ScrollTrigger } from "gsap/ScrollTrigger";
  15 | import { useGSAP } from "@gsap/react";
> 16 | import { TickSlider } from "@/components/cosma/cosmo-morph";
     | ^^^^^^^^^^^^^^^^^^^^^^^^^^^^^^^^^^^^^^^^^^^^^^^^^^^^^^^^^^^^
  17 | import {
  18 |   PixelSpinner,
  19 |   type SpinnerAnimation,

Import map: aliased to relative './components/cosma/cosmo-morph' inside of [project]/

Import traces:
  Client Component Browser:
    ./components/spinners/spinner-morph.tsx [Client Component Browser]
    ./app/page.tsx [Client Component Browser]
    ./app/page.tsx [Server Component]

  Client Component SSR:
    ./components/spinners/spinner-morph.tsx [Client Component SSR]
    ./app/page.tsx [Client Component SSR]
    ./app/page.tsx [Server Component]

https://nextjs.org/docs/messages/module-not-found @ http://localhost:4200/_next/static/chunks/0aus_next_dist_00tg.dm._.js:1945
[    6322ms] [ERROR] ./app/cosma/page.tsx:3:1
Module not found: Can't resolve '@/components/cosma/playground'
  1 | import type { Metadata } from "next";
  2 | import { Navigation } from "@/components/navigation";
> 3 | import { CosmaPlayground } from "@/components/cosma/playground";
    | ^^^^^^^^^^^^^^^^^^^^^^^^^^^^^^^^^^^^^^^^^^^^^^^^^^^^^^^^^^^^^^^^
  4 | import { SiteFooter } from "@/components/site-footer";
  5 | import { CoffeeSupportCard } from "@/components/coffee-support-card";
  6 |

Import map: aliased to relative './components/cosma/playground' inside of [project]/

https://nextjs.org/docs/messages/module-not-found @ http://localhost:4200/_next/static/chunks/0aus_next_dist_00tg.dm._.js:1945
[    6387ms] [ERROR] ./app/page.tsx:15:1
Module not found: Can't resolve '@/components/cosma/cosmo-morph'
  13 | import { PixelIconRocket } from "@/components/pixel-icon-rocket";
  14 | import CodeIcon from "@/components/icons/code-icon";
> 15 | import { CosmoMorph } from "@/components/cosma/cosmo-morph";
     | ^^^^^^^^^^^^^^^^^^^^^^^^^^^^^^^^^^^^^^^^^^^^^^^^^^^^^^^^^^^^
  16 | import { SpinnerMorph } from "@/components/spinners/spinner-morph";
  17 |
  18 | const structuredData = {

Import map: aliased to relative './components/cosma/cosmo-morph' inside of [project]/

Import traces:
  Client Component Browser:
    ./app/page.tsx [Client Component Browser]
    ./app/page.tsx [Server Component]

  Client Component SSR:
    ./app/page.tsx [Client Component SSR]
    ./app/page.tsx [Server Component]

https://nextjs.org/docs/messages/module-not-found @ http://localhost:4200/_next/static/chunks/0aus_next_dist_00tg.dm._.js:1945
[    6387ms] [ERROR] ./components/spinners/spinner-morph.tsx:16:1
Module not found: Can't resolve '@/components/cosma/cosmo-morph'
  14 | import { ScrollTrigger } from "gsap/ScrollTrigger";
  15 | import { useGSAP } from "@gsap/react";
> 16 | import { TickSlider } from "@/components/cosma/cosmo-morph";
     | ^^^^^^^^^^^^^^^^^^^^^^^^^^^^^^^^^^^^^^^^^^^^^^^^^^^^^^^^^^^^
  17 | import {
  18 |   PixelSpinner,
  19 |   type SpinnerAnimation,

Import map: aliased to relative './components/cosma/cosmo-morph' inside of [project]/

Import traces:
  Client Component Browser:
    ./components/spinners/spinner-morph.tsx [Client Component Browser]
    ./app/page.tsx [Client Component Browser]
    ./app/page.tsx [Server Component]

  Client Component SSR:
    ./components/spinners/spinner-morph.tsx [Client Component SSR]
    ./app/page.tsx [Client Component SSR]
    ./app/page.tsx [Server Component]

https://nextjs.org/docs/messages/module-not-found @ http://localhost:4200/_next/static/chunks/0aus_next_dist_00tg.dm._.js:1945
[    6387ms] [ERROR] ./app/cosma/page.tsx:3:1
Module not found: Can't resolve '@/components/cosma/playground'
  1 | import type { Metadata } from "next";
  2 | import { Navigation } from "@/components/navigation";
> 3 | import { CosmaPlayground } from "@/components/cosma/playground";
    | ^^^^^^^^^^^^^^^^^^^^^^^^^^^^^^^^^^^^^^^^^^^^^^^^^^^^^^^^^^^^^^^^
  4 | import { SiteFooter } from "@/components/site-footer";
  5 | import { CoffeeSupportCard } from "@/components/coffee-support-card";
  6 |

Import map: aliased to relative './components/cosma/playground' inside of [project]/

https://nextjs.org/docs/messages/module-not-found @ http://localhost:4200/_next/static/chunks/0aus_next_dist_00tg.dm._.js:1945
[    6452ms] [ERROR] ./app/page.tsx:15:1
Module not found: Can't resolve '@/components/cosma/cosmo-morph'
  13 | import { PixelIconRocket } from "@/components/pixel-icon-rocket";
  14 | import CodeIcon from "@/components/icons/code-icon";
> 15 | import { CosmoMorph } from "@/components/cosma/cosmo-morph";
     | ^^^^^^^^^^^^^^^^^^^^^^^^^^^^^^^^^^^^^^^^^^^^^^^^^^^^^^^^^^^^
  16 | import { SpinnerMorph } from "@/components/spinners/spinner-morph";
  17 |
  18 | const structuredData = {

Import map: aliased to relative './components/cosma/cosmo-morph' inside of [project]/

Import traces:
  Client Component Browser:
    ./app/page.tsx [Client Component Browser]
    ./app/page.tsx [Server Component]

  Client Component SSR:
    ./app/page.tsx [Client Component SSR]
    ./app/page.tsx [Server Component]

https://nextjs.org/docs/messages/module-not-found @ http://localhost:4200/_next/static/chunks/0aus_next_dist_00tg.dm._.js:1945
[    6452ms] [ERROR] ./components/spinners/spinner-morph.tsx:16:1
Module not found: Can't resolve '@/components/cosma/cosmo-morph'
  14 | import { ScrollTrigger } from "gsap/ScrollTrigger";
  15 | import { useGSAP } from "@gsap/react";
> 16 | import { TickSlider } from "@/components/cosma/cosmo-morph";
     | ^^^^^^^^^^^^^^^^^^^^^^^^^^^^^^^^^^^^^^^^^^^^^^^^^^^^^^^^^^^^
  17 | import {
  18 |   PixelSpinner,
  19 |   type SpinnerAnimation,

Import map: aliased to relative './components/cosma/cosmo-morph' inside of [project]/

Import traces:
  Client Component Browser:
    ./components/spinners/spinner-morph.tsx [Client Component Browser]
    ./app/page.tsx [Client Component Browser]
    ./app/page.tsx [Server Component]

  Client Component SSR:
    ./components/spinners/spinner-morph.tsx [Client Component SSR]
    ./app/page.tsx [Client Component SSR]
    ./app/page.tsx [Server Component]

https://nextjs.org/docs/messages/module-not-found @ http://localhost:4200/_next/static/chunks/0aus_next_dist_00tg.dm._.js:1945
[    6452ms] [ERROR] ./app/cosma/page.tsx:3:1
Module not found: Can't resolve '@/components/cosma/playground'
  1 | import type { Metadata } from "next";
  2 | import { Navigation } from "@/components/navigation";
> 3 | import { CosmaPlayground } from "@/components/cosma/playground";
    | ^^^^^^^^^^^^^^^^^^^^^^^^^^^^^^^^^^^^^^^^^^^^^^^^^^^^^^^^^^^^^^^^
  4 | import { SiteFooter } from "@/components/site-footer";
  5 | import { CoffeeSupportCard } from "@/components/coffee-support-card";
  6 |

Import map: aliased to relative './components/cosma/playground' inside of [project]/

https://nextjs.org/docs/messages/module-not-found @ http://localhost:4200/_next/static/chunks/0aus_next_dist_00tg.dm._.js:1945
[    6517ms] [ERROR] ./app/page.tsx:15:1
Module not found: Can't resolve '@/components/cosma/cosmo-morph'
  13 | import { PixelIconRocket } from "@/components/pixel-icon-rocket";
  14 | import CodeIcon from "@/components/icons/code-icon";
> 15 | import { CosmoMorph } from "@/components/cosma/cosmo-morph";
     | ^^^^^^^^^^^^^^^^^^^^^^^^^^^^^^^^^^^^^^^^^^^^^^^^^^^^^^^^^^^^
  16 | import { SpinnerMorph } from "@/components/spinners/spinner-morph";
  17 |
  18 | const structuredData = {

Import map: aliased to relative './components/cosma/cosmo-morph' inside of [project]/

Import traces:
  Client Component Browser:
    ./app/page.tsx [Client Component Browser]
    ./app/page.tsx [Server Component]

  Client Component SSR:
    ./app/page.tsx [Client Component SSR]
    ./app/page.tsx [Server Component]

https://nextjs.org/docs/messages/module-not-found @ http://localhost:4200/_next/static/chunks/0aus_next_dist_00tg.dm._.js:1945
[    6517ms] [ERROR] ./components/spinners/spinner-morph.tsx:16:1
Module not found: Can't resolve '@/components/cosma/cosmo-morph'
  14 | import { ScrollTrigger } from "gsap/ScrollTrigger";
  15 | import { useGSAP } from "@gsap/react";
> 16 | import { TickSlider } from "@/components/cosma/cosmo-morph";
     | ^^^^^^^^^^^^^^^^^^^^^^^^^^^^^^^^^^^^^^^^^^^^^^^^^^^^^^^^^^^^
  17 | import {
  18 |   PixelSpinner,
  19 |   type SpinnerAnimation,

Import map: aliased to relative './components/cosma/cosmo-morph' inside of [project]/

Import traces:
  Client Component Browser:
    ./components/spinners/spinner-morph.tsx [Client Component Browser]
    ./app/page.tsx [Client Component Browser]
    ./app/page.tsx [Server Component]

  Client Component SSR:
    ./components/spinners/spinner-morph.tsx [Client Component SSR]
    ./app/page.tsx [Client Component SSR]
    ./app/page.tsx [Server Component]

https://nextjs.org/docs/messages/module-not-found @ http://localhost:4200/_next/static/chunks/0aus_next_dist_00tg.dm._.js:1945
[    6517ms] [ERROR] ./app/cosma/page.tsx:3:1
Module not found: Can't resolve '@/components/cosma/playground'
  1 | import type { Metadata } from "next";
  2 | import { Navigation } from "@/components/navigation";
> 3 | import { CosmaPlayground } from "@/components/cosma/playground";
    | ^^^^^^^^^^^^^^^^^^^^^^^^^^^^^^^^^^^^^^^^^^^^^^^^^^^^^^^^^^^^^^^^
  4 | import { SiteFooter } from "@/components/site-footer";
  5 | import { CoffeeSupportCard } from "@/components/coffee-support-card";
  6 |

Import map: aliased to relative './components/cosma/playground' inside of [project]/

https://nextjs.org/docs/messages/module-not-found @ http://localhost:4200/_next/static/chunks/0aus_next_dist_00tg.dm._.js:1945
[    6583ms] [ERROR] ./app/page.tsx:15:1
Module not found: Can't resolve '@/components/cosma/cosmo-morph'
  13 | import { PixelIconRocket } from "@/components/pixel-icon-rocket";
  14 | import CodeIcon from "@/components/icons/code-icon";
> 15 | import { CosmoMorph } from "@/components/cosma/cosmo-morph";
     | ^^^^^^^^^^^^^^^^^^^^^^^^^^^^^^^^^^^^^^^^^^^^^^^^^^^^^^^^^^^^
  16 | import { SpinnerMorph } from "@/components/spinners/spinner-morph";
  17 |
  18 | const structuredData = {

Import map: aliased to relative './components/cosma/cosmo-morph' inside of [project]/

Import traces:
  Client Component Browser:
    ./app/page.tsx [Client Component Browser]
    ./app/page.tsx [Server Component]

  Client Component SSR:
    ./app/page.tsx [Client Component SSR]
    ./app/page.tsx [Server Component]

https://nextjs.org/docs/messages/module-not-found @ http://localhost:4200/_next/static/chunks/0aus_next_dist_00tg.dm._.js:1945
[    6583ms] [ERROR] ./components/spinners/spinner-morph.tsx:16:1
Module not found: Can't resolve '@/components/cosma/cosmo-morph'
  14 | import { ScrollTrigger } from "gsap/ScrollTrigger";
  15 | import { useGSAP } from "@gsap/react";
> 16 | import { TickSlider } from "@/components/cosma/cosmo-morph";
     | ^^^^^^^^^^^^^^^^^^^^^^^^^^^^^^^^^^^^^^^^^^^^^^^^^^^^^^^^^^^^
  17 | import {
  18 |   PixelSpinner,
  19 |   type SpinnerAnimation,

Import map: aliased to relative './components/cosma/cosmo-morph' inside of [project]/

Import traces:
  Client Component Browser:
    ./components/spinners/spinner-morph.tsx [Client Component Browser]
    ./app/page.tsx [Client Component Browser]
    ./app/page.tsx [Server Component]

  Client Component SSR:
    ./components/spinners/spinner-morph.tsx [Client Component SSR]
    ./app/page.tsx [Client Component SSR]
    ./app/page.tsx [Server Component]

https://nextjs.org/docs/messages/module-not-found @ http://localhost:4200/_next/static/chunks/0aus_next_dist_00tg.dm._.js:1945
[    6583ms] [ERROR] ./app/cosma/page.tsx:3:1
Module not found: Can't resolve '@/components/cosma/playground'
  1 | import type { Metadata } from "next";
  2 | import { Navigation } from "@/components/navigation";
> 3 | import { CosmaPlayground } from "@/components/cosma/playground";
    | ^^^^^^^^^^^^^^^^^^^^^^^^^^^^^^^^^^^^^^^^^^^^^^^^^^^^^^^^^^^^^^^^
  4 | import { SiteFooter } from "@/components/site-footer";
  5 | import { CoffeeSupportCard } from "@/components/coffee-support-card";
  6 |

Import map: aliased to relative './components/cosma/playground' inside of [project]/

https://nextjs.org/docs/messages/module-not-found @ http://localhost:4200/_next/static/chunks/0aus_next_dist_00tg.dm._.js:1945
[    6648ms] [ERROR] ./app/page.tsx:15:1
Module not found: Can't resolve '@/components/cosma/cosmo-morph'
  13 | import { PixelIconRocket } from "@/components/pixel-icon-rocket";
  14 | import CodeIcon from "@/components/icons/code-icon";
> 15 | import { CosmoMorph } from "@/components/cosma/cosmo-morph";
     | ^^^^^^^^^^^^^^^^^^^^^^^^^^^^^^^^^^^^^^^^^^^^^^^^^^^^^^^^^^^^
  16 | import { SpinnerMorph } from "@/components/spinners/spinner-morph";
  17 |
  18 | const structuredData = {

Import map: aliased to relative './components/cosma/cosmo-morph' inside of [project]/

Import traces:
  Client Component Browser:
    ./app/page.tsx [Client Component Browser]
    ./app/page.tsx [Server Component]

  Client Component SSR:
    ./app/page.tsx [Client Component SSR]
    ./app/page.tsx [Server Component]

https://nextjs.org/docs/messages/module-not-found @ http://localhost:4200/_next/static/chunks/0aus_next_dist_00tg.dm._.js:1945
[    6648ms] [ERROR] ./components/spinners/spinner-morph.tsx:16:1
Module not found: Can't resolve '@/components/cosma/cosmo-morph'
  14 | import { ScrollTrigger } from "gsap/ScrollTrigger";
  15 | import { useGSAP } from "@gsap/react";
> 16 | import { TickSlider } from "@/components/cosma/cosmo-morph";
     | ^^^^^^^^^^^^^^^^^^^^^^^^^^^^^^^^^^^^^^^^^^^^^^^^^^^^^^^^^^^^
  17 | import {
  18 |   PixelSpinner,
  19 |   type SpinnerAnimation,

Import map: aliased to relative './components/cosma/cosmo-morph' inside of [project]/

Import traces:
  Client Component Browser:
    ./components/spinners/spinner-morph.tsx [Client Component Browser]
    ./app/page.tsx [Client Component Browser]
    ./app/page.tsx [Server Component]

  Client Component SSR:
    ./components/spinners/spinner-morph.tsx [Client Component SSR]
    ./app/page.tsx [Client Component SSR]
    ./app/page.tsx [Server Component]

https://nextjs.org/docs/messages/module-not-found @ http://localhost:4200/_next/static/chunks/0aus_next_dist_00tg.dm._.js:1945
[    6648ms] [ERROR] ./app/cosma/page.tsx:3:1
Module not found: Can't resolve '@/components/cosma/playground'
  1 | import type { Metadata } from "next";
  2 | import { Navigation } from "@/components/navigation";
> 3 | import { CosmaPlayground } from "@/components/cosma/playground";
    | ^^^^^^^^^^^^^^^^^^^^^^^^^^^^^^^^^^^^^^^^^^^^^^^^^^^^^^^^^^^^^^^^
  4 | import { SiteFooter } from "@/components/site-footer";
  5 | import { CoffeeSupportCard } from "@/components/coffee-support-card";
  6 |

Import map: aliased to relative './components/cosma/playground' inside of [project]/

https://nextjs.org/docs/messages/module-not-found @ http://localhost:4200/_next/static/chunks/0aus_next_dist_00tg.dm._.js:1945
[    6714ms] [ERROR] ./app/page.tsx:15:1
Module not found: Can't resolve '@/components/cosma/cosmo-morph'
  13 | import { PixelIconRocket } from "@/components/pixel-icon-rocket";
  14 | import CodeIcon from "@/components/icons/code-icon";
> 15 | import { CosmoMorph } from "@/components/cosma/cosmo-morph";
     | ^^^^^^^^^^^^^^^^^^^^^^^^^^^^^^^^^^^^^^^^^^^^^^^^^^^^^^^^^^^^
  16 | import { SpinnerMorph } from "@/components/spinners/spinner-morph";
  17 |
  18 | const structuredData = {

Import map: aliased to relative './components/cosma/cosmo-morph' inside of [project]/

Import traces:
  Client Component Browser:
    ./app/page.tsx [Client Component Browser]
    ./app/page.tsx [Server Component]

  Client Component SSR:
    ./app/page.tsx [Client Component SSR]
    ./app/page.tsx [Server Component]

https://nextjs.org/docs/messages/module-not-found @ http://localhost:4200/_next/static/chunks/0aus_next_dist_00tg.dm._.js:1945
[    6714ms] [ERROR] ./components/spinners/spinner-morph.tsx:16:1
Module not found: Can't resolve '@/components/cosma/cosmo-morph'
  14 | import { ScrollTrigger } from "gsap/ScrollTrigger";
  15 | import { useGSAP } from "@gsap/react";
> 16 | import { TickSlider } from "@/components/cosma/cosmo-morph";
     | ^^^^^^^^^^^^^^^^^^^^^^^^^^^^^^^^^^^^^^^^^^^^^^^^^^^^^^^^^^^^
  17 | import {
  18 |   PixelSpinner,
  19 |   type SpinnerAnimation,

Import map: aliased to relative './components/cosma/cosmo-morph' inside of [project]/

Import traces:
  Client Component Browser:
    ./components/spinners/spinner-morph.tsx [Client Component Browser]
    ./app/page.tsx [Client Component Browser]
    ./app/page.tsx [Server Component]

  Client Component SSR:
    ./components/spinners/spinner-morph.tsx [Client Component SSR]
    ./app/page.tsx [Client Component SSR]
    ./app/page.tsx [Server Component]

https://nextjs.org/docs/messages/module-not-found @ http://localhost:4200/_next/static/chunks/0aus_next_dist_00tg.dm._.js:1945
[    6714ms] [ERROR] ./app/cosma/page.tsx:3:1
Module not found: Can't resolve '@/components/cosma/playground'
  1 | import type { Metadata } from "next";
  2 | import { Navigation } from "@/components/navigation";
> 3 | import { CosmaPlayground } from "@/components/cosma/playground";
    | ^^^^^^^^^^^^^^^^^^^^^^^^^^^^^^^^^^^^^^^^^^^^^^^^^^^^^^^^^^^^^^^^
  4 | import { SiteFooter } from "@/components/site-footer";
  5 | import { CoffeeSupportCard } from "@/components/coffee-support-card";
  6 |

Import map: aliased to relative './components/cosma/playground' inside of [project]/

https://nextjs.org/docs/messages/module-not-found @ http://localhost:4200/_next/static/chunks/0aus_next_dist_00tg.dm._.js:1945
[    6777ms] [ERROR] ./app/page.tsx:15:1
Module not found: Can't resolve '@/components/cosma/cosmo-morph'
  13 | import { PixelIconRocket } from "@/components/pixel-icon-rocket";
  14 | import CodeIcon from "@/components/icons/code-icon";
> 15 | import { CosmoMorph } from "@/components/cosma/cosmo-morph";
     | ^^^^^^^^^^^^^^^^^^^^^^^^^^^^^^^^^^^^^^^^^^^^^^^^^^^^^^^^^^^^
  16 | import { SpinnerMorph } from "@/components/spinners/spinner-morph";
  17 |
  18 | const structuredData = {

Import map: aliased to relative './components/cosma/cosmo-morph' inside of [project]/

Import traces:
  Client Component Browser:
    ./app/page.tsx [Client Component Browser]
    ./app/page.tsx [Server Component]

  Client Component SSR:
    ./app/page.tsx [Client Component SSR]
    ./app/page.tsx [Server Component]

https://nextjs.org/docs/messages/module-not-found @ http://localhost:4200/_next/static/chunks/0aus_next_dist_00tg.dm._.js:1945
[    6777ms] [ERROR] ./components/spinners/spinner-morph.tsx:16:1
Module not found: Can't resolve '@/components/cosma/cosmo-morph'
  14 | import { ScrollTrigger } from "gsap/ScrollTrigger";
  15 | import { useGSAP } from "@gsap/react";
> 16 | import { TickSlider } from "@/components/cosma/cosmo-morph";
     | ^^^^^^^^^^^^^^^^^^^^^^^^^^^^^^^^^^^^^^^^^^^^^^^^^^^^^^^^^^^^
  17 | import {
  18 |   PixelSpinner,
  19 |   type SpinnerAnimation,

Import map: aliased to relative './components/cosma/cosmo-morph' inside of [project]/

Import traces:
  Client Component Browser:
    ./components/spinners/spinner-morph.tsx [Client Component Browser]
    ./app/page.tsx [Client Component Browser]
    ./app/page.tsx [Server Component]

  Client Component SSR:
    ./components/spinners/spinner-morph.tsx [Client Component SSR]
    ./app/page.tsx [Client Component SSR]
    ./app/page.tsx [Server Component]

https://nextjs.org/docs/messages/module-not-found @ http://localhost:4200/_next/static/chunks/0aus_next_dist_00tg.dm._.js:1945
[    6777ms] [ERROR] ./app/cosma/page.tsx:3:1
Module not found: Can't resolve '@/components/cosma/playground'
  1 | import type { Metadata } from "next";
  2 | import { Navigation } from "@/components/navigation";
> 3 | import { CosmaPlayground } from "@/components/cosma/playground";
    | ^^^^^^^^^^^^^^^^^^^^^^^^^^^^^^^^^^^^^^^^^^^^^^^^^^^^^^^^^^^^^^^^
  4 | import { SiteFooter } from "@/components/site-footer";
  5 | import { CoffeeSupportCard } from "@/components/coffee-support-card";
  6 |

Import map: aliased to relative './components/cosma/playground' inside of [project]/

https://nextjs.org/docs/messages/module-not-found @ http://localhost:4200/_next/static/chunks/0aus_next_dist_00tg.dm._.js:1945
[    6840ms] [ERROR] ./app/page.tsx:15:1
Module not found: Can't resolve '@/components/cosma/cosmo-morph'
  13 | import { PixelIconRocket } from "@/components/pixel-icon-rocket";
  14 | import CodeIcon from "@/components/icons/code-icon";
> 15 | import { CosmoMorph } from "@/components/cosma/cosmo-morph";
     | ^^^^^^^^^^^^^^^^^^^^^^^^^^^^^^^^^^^^^^^^^^^^^^^^^^^^^^^^^^^^
  16 | import { SpinnerMorph } from "@/components/spinners/spinner-morph";
  17 |
  18 | const structuredData = {

Import map: aliased to relative './components/cosma/cosmo-morph' inside of [project]/

Import traces:
  Client Component Browser:
    ./app/page.tsx [Client Component Browser]
    ./app/page.tsx [Server Component]

  Client Component SSR:
    ./app/page.tsx [Client Component SSR]
    ./app/page.tsx [Server Component]

https://nextjs.org/docs/messages/module-not-found @ http://localhost:4200/_next/static/chunks/0aus_next_dist_00tg.dm._.js:1945
[    6840ms] [ERROR] ./components/spinners/spinner-morph.tsx:16:1
Module not found: Can't resolve '@/components/cosma/cosmo-morph'
  14 | import { ScrollTrigger } from "gsap/ScrollTrigger";
  15 | import { useGSAP } from "@gsap/react";
> 16 | import { TickSlider } from "@/components/cosma/cosmo-morph";
     | ^^^^^^^^^^^^^^^^^^^^^^^^^^^^^^^^^^^^^^^^^^^^^^^^^^^^^^^^^^^^
  17 | import {
  18 |   PixelSpinner,
  19 |   type SpinnerAnimation,

Import map: aliased to relative './components/cosma/cosmo-morph' inside of [project]/

Import traces:
  Client Component Browser:
    ./components/spinners/spinner-morph.tsx [Client Component Browser]
    ./app/page.tsx [Client Component Browser]
    ./app/page.tsx [Server Component]

  Client Component SSR:
    ./components/spinners/spinner-morph.tsx [Client Component SSR]
    ./app/page.tsx [Client Component SSR]
    ./app/page.tsx [Server Component]

https://nextjs.org/docs/messages/module-not-found @ http://localhost:4200/_next/static/chunks/0aus_next_dist_00tg.dm._.js:1945
[    6841ms] [ERROR] ./app/cosma/page.tsx:3:1
Module not found: Can't resolve '@/components/cosma/playground'
  1 | import type { Metadata } from "next";
  2 | import { Navigation } from "@/components/navigation";
> 3 | import { CosmaPlayground } from "@/components/cosma/playground";
    | ^^^^^^^^^^^^^^^^^^^^^^^^^^^^^^^^^^^^^^^^^^^^^^^^^^^^^^^^^^^^^^^^
  4 | import { SiteFooter } from "@/components/site-footer";
  5 | import { CoffeeSupportCard } from "@/components/coffee-support-card";
  6 |

Import map: aliased to relative './components/cosma/playground' inside of [project]/

https://nextjs.org/docs/messages/module-not-found @ http://localhost:4200/_next/static/chunks/0aus_next_dist_00tg.dm._.js:1945
[    6904ms] [ERROR] ./app/page.tsx:15:1
Module not found: Can't resolve '@/components/cosma/cosmo-morph'
  13 | import { PixelIconRocket } from "@/components/pixel-icon-rocket";
  14 | import CodeIcon from "@/components/icons/code-icon";
> 15 | import { CosmoMorph } from "@/components/cosma/cosmo-morph";
     | ^^^^^^^^^^^^^^^^^^^^^^^^^^^^^^^^^^^^^^^^^^^^^^^^^^^^^^^^^^^^
  16 | import { SpinnerMorph } from "@/components/spinners/spinner-morph";
  17 |
  18 | const structuredData = {

Import map: aliased to relative './components/cosma/cosmo-morph' inside of [project]/

Import traces:
  Client Component Browser:
    ./app/page.tsx [Client Component Browser]
    ./app/page.tsx [Server Component]

  Client Component SSR:
    ./app/page.tsx [Client Component SSR]
    ./app/page.tsx [Server Component]

https://nextjs.org/docs/messages/module-not-found @ http://localhost:4200/_next/static/chunks/0aus_next_dist_00tg.dm._.js:1945
[    6904ms] [ERROR] ./components/spinners/spinner-morph.tsx:16:1
Module not found: Can't resolve '@/components/cosma/cosmo-morph'
  14 | import { ScrollTrigger } from "gsap/ScrollTrigger";
  15 | import { useGSAP } from "@gsap/react";
> 16 | import { TickSlider } from "@/components/cosma/cosmo-morph";
     | ^^^^^^^^^^^^^^^^^^^^^^^^^^^^^^^^^^^^^^^^^^^^^^^^^^^^^^^^^^^^
  17 | import {
  18 |   PixelSpinner,
  19 |   type SpinnerAnimation,

Import map: aliased to relative './components/cosma/cosmo-morph' inside of [project]/

Import traces:
  Client Component Browser:
    ./components/spinners/spinner-morph.tsx [Client Component Browser]
    ./app/page.tsx [Client Component Browser]
    ./app/page.tsx [Server Component]

  Client Component SSR:
    ./components/spinners/spinner-morph.tsx [Client Component SSR]
    ./app/page.tsx [Client Component SSR]
    ./app/page.tsx [Server Component]

https://nextjs.org/docs/messages/module-not-found @ http://localhost:4200/_next/static/chunks/0aus_next_dist_00tg.dm._.js:1945
[    6904ms] [ERROR] ./app/cosma/page.tsx:3:1
Module not found: Can't resolve '@/components/cosma/playground'
  1 | import type { Metadata } from "next";
  2 | import { Navigation } from "@/components/navigation";
> 3 | import { CosmaPlayground } from "@/components/cosma/playground";
    | ^^^^^^^^^^^^^^^^^^^^^^^^^^^^^^^^^^^^^^^^^^^^^^^^^^^^^^^^^^^^^^^^
  4 | import { SiteFooter } from "@/components/site-footer";
  5 | import { CoffeeSupportCard } from "@/components/coffee-support-card";
  6 |

Import map: aliased to relative './components/cosma/playground' inside of [project]/

https://nextjs.org/docs/messages/module-not-found @ http://localhost:4200/_next/static/chunks/0aus_next_dist_00tg.dm._.js:1945
[    6970ms] [ERROR] ./app/page.tsx:15:1
Module not found: Can't resolve '@/components/cosma/cosmo-morph'
  13 | import { PixelIconRocket } from "@/components/pixel-icon-rocket";
  14 | import CodeIcon from "@/components/icons/code-icon";
> 15 | import { CosmoMorph } from "@/components/cosma/cosmo-morph";
     | ^^^^^^^^^^^^^^^^^^^^^^^^^^^^^^^^^^^^^^^^^^^^^^^^^^^^^^^^^^^^
  16 | import { SpinnerMorph } from "@/components/spinners/spinner-morph";
  17 |
  18 | const structuredData = {

Import map: aliased to relative './components/cosma/cosmo-morph' inside of [project]/

Import traces:
  Client Component Browser:
    ./app/page.tsx [Client Component Browser]
    ./app/page.tsx [Server Component]

  Client Component SSR:
    ./app/page.tsx [Client Component SSR]
    ./app/page.tsx [Server Component]

https://nextjs.org/docs/messages/module-not-found @ http://localhost:4200/_next/static/chunks/0aus_next_dist_00tg.dm._.js:1945
[    6970ms] [ERROR] ./components/spinners/spinner-morph.tsx:16:1
Module not found: Can't resolve '@/components/cosma/cosmo-morph'
  14 | import { ScrollTrigger } from "gsap/ScrollTrigger";
  15 | import { useGSAP } from "@gsap/react";
> 16 | import { TickSlider } from "@/components/cosma/cosmo-morph";
     | ^^^^^^^^^^^^^^^^^^^^^^^^^^^^^^^^^^^^^^^^^^^^^^^^^^^^^^^^^^^^
  17 | import {
  18 |   PixelSpinner,
  19 |   type SpinnerAnimation,

Import map: aliased to relative './components/cosma/cosmo-morph' inside of [project]/

Import traces:
  Client Component Browser:
    ./components/spinners/spinner-morph.tsx [Client Component Browser]
    ./app/page.tsx [Client Component Browser]
    ./app/page.tsx [Server Component]

  Client Component SSR:
    ./components/spinners/spinner-morph.tsx [Client Component SSR]
    ./app/page.tsx [Client Component SSR]
    ./app/page.tsx [Server Component]

https://nextjs.org/docs/messages/module-not-found @ http://localhost:4200/_next/static/chunks/0aus_next_dist_00tg.dm._.js:1945
[    6970ms] [ERROR] ./app/cosma/page.tsx:3:1
Module not found: Can't resolve '@/components/cosma/playground'
  1 | import type { Metadata } from "next";
  2 | import { Navigation } from "@/components/navigation";
> 3 | import { CosmaPlayground } from "@/components/cosma/playground";
    | ^^^^^^^^^^^^^^^^^^^^^^^^^^^^^^^^^^^^^^^^^^^^^^^^^^^^^^^^^^^^^^^^
  4 | import { SiteFooter } from "@/components/site-footer";
  5 | import { CoffeeSupportCard } from "@/components/coffee-support-card";
  6 |

Import map: aliased to relative './components/cosma/playground' inside of [project]/

https://nextjs.org/docs/messages/module-not-found @ http://localhost:4200/_next/static/chunks/0aus_next_dist_00tg.dm._.js:1945
[    7035ms] [ERROR] ./app/page.tsx:15:1
Module not found: Can't resolve '@/components/cosma/cosmo-morph'
  13 | import { PixelIconRocket } from "@/components/pixel-icon-rocket";
  14 | import CodeIcon from "@/components/icons/code-icon";
> 15 | import { CosmoMorph } from "@/components/cosma/cosmo-morph";
     | ^^^^^^^^^^^^^^^^^^^^^^^^^^^^^^^^^^^^^^^^^^^^^^^^^^^^^^^^^^^^
  16 | import { SpinnerMorph } from "@/components/spinners/spinner-morph";
  17 |
  18 | const structuredData = {

Import map: aliased to relative './components/cosma/cosmo-morph' inside of [project]/

Import traces:
  Client Component Browser:
    ./app/page.tsx [Client Component Browser]
    ./app/page.tsx [Server Component]

  Client Component SSR:
    ./app/page.tsx [Client Component SSR]
    ./app/page.tsx [Server Component]

https://nextjs.org/docs/messages/module-not-found @ http://localhost:4200/_next/static/chunks/0aus_next_dist_00tg.dm._.js:1945
[    7035ms] [ERROR] ./components/spinners/spinner-morph.tsx:16:1
Module not found: Can't resolve '@/components/cosma/cosmo-morph'
  14 | import { ScrollTrigger } from "gsap/ScrollTrigger";
  15 | import { useGSAP } from "@gsap/react";
> 16 | import { TickSlider } from "@/components/cosma/cosmo-morph";
     | ^^^^^^^^^^^^^^^^^^^^^^^^^^^^^^^^^^^^^^^^^^^^^^^^^^^^^^^^^^^^
  17 | import {
  18 |   PixelSpinner,
  19 |   type SpinnerAnimation,

Import map: aliased to relative './components/cosma/cosmo-morph' inside of [project]/

Import traces:
  Client Component Browser:
    ./components/spinners/spinner-morph.tsx [Client Component Browser]
    ./app/page.tsx [Client Component Browser]
    ./app/page.tsx [Server Component]

  Client Component SSR:
    ./components/spinners/spinner-morph.tsx [Client Component SSR]
    ./app/page.tsx [Client Component SSR]
    ./app/page.tsx [Server Component]

https://nextjs.org/docs/messages/module-not-found @ http://localhost:4200/_next/static/chunks/0aus_next_dist_00tg.dm._.js:1945
[    7035ms] [ERROR] ./app/cosma/page.tsx:3:1
Module not found: Can't resolve '@/components/cosma/playground'
  1 | import type { Metadata } from "next";
  2 | import { Navigation } from "@/components/navigation";
> 3 | import { CosmaPlayground } from "@/components/cosma/playground";
    | ^^^^^^^^^^^^^^^^^^^^^^^^^^^^^^^^^^^^^^^^^^^^^^^^^^^^^^^^^^^^^^^^
  4 | import { SiteFooter } from "@/components/site-footer";
  5 | import { CoffeeSupportCard } from "@/components/coffee-support-card";
  6 |

Import map: aliased to relative './components/cosma/playground' inside of [project]/

https://nextjs.org/docs/messages/module-not-found @ http://localhost:4200/_next/static/chunks/0aus_next_dist_00tg.dm._.js:1945
[    7099ms] [ERROR] ./app/page.tsx:15:1
Module not found: Can't resolve '@/components/cosma/cosmo-morph'
  13 | import { PixelIconRocket } from "@/components/pixel-icon-rocket";
  14 | import CodeIcon from "@/components/icons/code-icon";
> 15 | import { CosmoMorph } from "@/components/cosma/cosmo-morph";
     | ^^^^^^^^^^^^^^^^^^^^^^^^^^^^^^^^^^^^^^^^^^^^^^^^^^^^^^^^^^^^
  16 | import { SpinnerMorph } from "@/components/spinners/spinner-morph";
  17 |
  18 | const structuredData = {

Import map: aliased to relative './components/cosma/cosmo-morph' inside of [project]/

Import traces:
  Client Component Browser:
    ./app/page.tsx [Client Component Browser]
    ./app/page.tsx [Server Component]

  Client Component SSR:
    ./app/page.tsx [Client Component SSR]
    ./app/page.tsx [Server Component]

https://nextjs.org/docs/messages/module-not-found @ http://localhost:4200/_next/static/chunks/0aus_next_dist_00tg.dm._.js:1945
[    7099ms] [ERROR] ./components/spinners/spinner-morph.tsx:16:1
Module not found: Can't resolve '@/components/cosma/cosmo-morph'
  14 | import { ScrollTrigger } from "gsap/ScrollTrigger";
  15 | import { useGSAP } from "@gsap/react";
> 16 | import { TickSlider } from "@/components/cosma/cosmo-morph";
     | ^^^^^^^^^^^^^^^^^^^^^^^^^^^^^^^^^^^^^^^^^^^^^^^^^^^^^^^^^^^^
  17 | import {
  18 |   PixelSpinner,
  19 |   type SpinnerAnimation,

Import map: aliased to relative './components/cosma/cosmo-morph' inside of [project]/

Import traces:
  Client Component Browser:
    ./components/spinners/spinner-morph.tsx [Client Component Browser]
    ./app/page.tsx [Client Component Browser]
    ./app/page.tsx [Server Component]

  Client Component SSR:
    ./components/spinners/spinner-morph.tsx [Client Component SSR]
    ./app/page.tsx [Client Component SSR]
    ./app/page.tsx [Server Component]

https://nextjs.org/docs/messages/module-not-found @ http://localhost:4200/_next/static/chunks/0aus_next_dist_00tg.dm._.js:1945
[    7099ms] [ERROR] ./app/cosma/page.tsx:3:1
Module not found: Can't resolve '@/components/cosma/playground'
  1 | import type { Metadata } from "next";
  2 | import { Navigation } from "@/components/navigation";
> 3 | import { CosmaPlayground } from "@/components/cosma/playground";
    | ^^^^^^^^^^^^^^^^^^^^^^^^^^^^^^^^^^^^^^^^^^^^^^^^^^^^^^^^^^^^^^^^
  4 | import { SiteFooter } from "@/components/site-footer";
  5 | import { CoffeeSupportCard } from "@/components/coffee-support-card";
  6 |

Import map: aliased to relative './components/cosma/playground' inside of [project]/

https://nextjs.org/docs/messages/module-not-found @ http://localhost:4200/_next/static/chunks/0aus_next_dist_00tg.dm._.js:1945
[    7160ms] [ERROR] ./app/page.tsx:15:1
Module not found: Can't resolve '@/components/cosma/cosmo-morph'
  13 | import { PixelIconRocket } from "@/components/pixel-icon-rocket";
  14 | import CodeIcon from "@/components/icons/code-icon";
> 15 | import { CosmoMorph } from "@/components/cosma/cosmo-morph";
     | ^^^^^^^^^^^^^^^^^^^^^^^^^^^^^^^^^^^^^^^^^^^^^^^^^^^^^^^^^^^^
  16 | import { SpinnerMorph } from "@/components/spinners/spinner-morph";
  17 |
  18 | const structuredData = {

Import map: aliased to relative './components/cosma/cosmo-morph' inside of [project]/

Import traces:
  Client Component Browser:
    ./app/page.tsx [Client Component Browser]
    ./app/page.tsx [Server Component]

  Client Component SSR:
    ./app/page.tsx [Client Component SSR]
    ./app/page.tsx [Server Component]

https://nextjs.org/docs/messages/module-not-found @ http://localhost:4200/_next/static/chunks/0aus_next_dist_00tg.dm._.js:1945
[    7160ms] [ERROR] ./components/spinners/spinner-morph.tsx:16:1
Module not found: Can't resolve '@/components/cosma/cosmo-morph'
  14 | import { ScrollTrigger } from "gsap/ScrollTrigger";
  15 | import { useGSAP } from "@gsap/react";
> 16 | import { TickSlider } from "@/components/cosma/cosmo-morph";
     | ^^^^^^^^^^^^^^^^^^^^^^^^^^^^^^^^^^^^^^^^^^^^^^^^^^^^^^^^^^^^
  17 | import {
  18 |   PixelSpinner,
  19 |   type SpinnerAnimation,

Import map: aliased to relative './components/cosma/cosmo-morph' inside of [project]/

Import traces:
  Client Component Browser:
    ./components/spinners/spinner-morph.tsx [Client Component Browser]
    ./app/page.tsx [Client Component Browser]
    ./app/page.tsx [Server Component]

  Client Component SSR:
    ./components/spinners/spinner-morph.tsx [Client Component SSR]
    ./app/page.tsx [Client Component SSR]
    ./app/page.tsx [Server Component]

https://nextjs.org/docs/messages/module-not-found @ http://localhost:4200/_next/static/chunks/0aus_next_dist_00tg.dm._.js:1945
[    7160ms] [ERROR] ./app/cosma/page.tsx:3:1
Module not found: Can't resolve '@/components/cosma/playground'
  1 | import type { Metadata } from "next";
  2 | import { Navigation } from "@/components/navigation";
> 3 | import { CosmaPlayground } from "@/components/cosma/playground";
    | ^^^^^^^^^^^^^^^^^^^^^^^^^^^^^^^^^^^^^^^^^^^^^^^^^^^^^^^^^^^^^^^^
  4 | import { SiteFooter } from "@/components/site-footer";
  5 | import { CoffeeSupportCard } from "@/components/coffee-support-card";
  6 |

Import map: aliased to relative './components/cosma/playground' inside of [project]/

https://nextjs.org/docs/messages/module-not-found @ http://localhost:4200/_next/static/chunks/0aus_next_dist_00tg.dm._.js:1945
[    7225ms] [LOG] [Fast Refresh] rebuilding @ http://localhost:4200/_next/static/chunks/0aus_next_dist_00tg.dm._.js:1226
[    7300ms] [ERROR] ./app/page.tsx:15:1
Module not found: Can't resolve '@/components/cosma/cosmo-morph'
  13 | import { PixelIconRocket } from "@/components/pixel-icon-rocket";
  14 | import CodeIcon from "@/components/icons/code-icon";
> 15 | import { CosmoMorph } from "@/components/cosma/cosmo-morph";
     | ^^^^^^^^^^^^^^^^^^^^^^^^^^^^^^^^^^^^^^^^^^^^^^^^^^^^^^^^^^^^
  16 | import { SpinnerMorph } from "@/components/spinners/spinner-morph";
  17 |
  18 | const structuredData = {

Import map: aliased to relative './components/cosma/cosmo-morph' inside of [project]/

Import traces:
  Client Component Browser:
    ./app/page.tsx [Client Component Browser]
    ./app/page.tsx [Server Component]

  Client Component SSR:
    ./app/page.tsx [Client Component SSR]
    ./app/page.tsx [Server Component]

https://nextjs.org/docs/messages/module-not-found @ http://localhost:4200/_next/static/chunks/0aus_next_dist_00tg.dm._.js:1945
[    7300ms] [ERROR] ./components/spinners/spinner-morph.tsx:16:1
Module not found: Can't resolve '@/components/cosma/cosmo-morph'
  14 | import { ScrollTrigger } from "gsap/ScrollTrigger";
  15 | import { useGSAP } from "@gsap/react";
> 16 | import { TickSlider } from "@/components/cosma/cosmo-morph";
     | ^^^^^^^^^^^^^^^^^^^^^^^^^^^^^^^^^^^^^^^^^^^^^^^^^^^^^^^^^^^^
  17 | import {
  18 |   PixelSpinner,
  19 |   type SpinnerAnimation,

Import map: aliased to relative './components/cosma/cosmo-morph' inside of [project]/

Import traces:
  Client Component Browser:
    ./components/spinners/spinner-morph.tsx [Client Component Browser]
    ./app/page.tsx [Client Component Browser]
    ./app/page.tsx [Server Component]

  Client Component SSR:
    ./components/spinners/spinner-morph.tsx [Client Component SSR]
    ./app/page.tsx [Client Component SSR]
    ./app/page.tsx [Server Component]

https://nextjs.org/docs/messages/module-not-found @ http://localhost:4200/_next/static/chunks/0aus_next_dist_00tg.dm._.js:1945
[    7300ms] [ERROR] ./app/cosma/page.tsx:3:1
Module not found: Can't resolve '@/components/cosma/playground'
  1 | import type { Metadata } from "next";
  2 | import { Navigation } from "@/components/navigation";
> 3 | import { CosmaPlayground } from "@/components/cosma/playground";
    | ^^^^^^^^^^^^^^^^^^^^^^^^^^^^^^^^^^^^^^^^^^^^^^^^^^^^^^^^^^^^^^^^
  4 | import { SiteFooter } from "@/components/site-footer";
  5 | import { CoffeeSupportCard } from "@/components/coffee-support-card";
  6 |

Import map: aliased to relative './components/cosma/playground' inside of [project]/

https://nextjs.org/docs/messages/module-not-found @ http://localhost:4200/_next/static/chunks/0aus_next_dist_00tg.dm._.js:1945
[    7363ms] [ERROR] ./app/page.tsx:15:1
Module not found: Can't resolve '@/components/cosma/cosmo-morph'
  13 | import { PixelIconRocket } from "@/components/pixel-icon-rocket";
  14 | import CodeIcon from "@/components/icons/code-icon";
> 15 | import { CosmoMorph } from "@/components/cosma/cosmo-morph";
     | ^^^^^^^^^^^^^^^^^^^^^^^^^^^^^^^^^^^^^^^^^^^^^^^^^^^^^^^^^^^^
  16 | import { SpinnerMorph } from "@/components/spinners/spinner-morph";
  17 |
  18 | const structuredData = {

Import map: aliased to relative './components/cosma/cosmo-morph' inside of [project]/

Import traces:
  Client Component Browser:
    ./app/page.tsx [Client Component Browser]
    ./app/page.tsx [Server Component]

  Client Component SSR:
    ./app/page.tsx [Client Component SSR]
    ./app/page.tsx [Server Component]

https://nextjs.org/docs/messages/module-not-found @ http://localhost:4200/_next/static/chunks/0aus_next_dist_00tg.dm._.js:1945
[    7363ms] [ERROR] ./components/spinners/spinner-morph.tsx:16:1
Module not found: Can't resolve '@/components/cosma/cosmo-morph'
  14 | import { ScrollTrigger } from "gsap/ScrollTrigger";
  15 | import { useGSAP } from "@gsap/react";
> 16 | import { TickSlider } from "@/components/cosma/cosmo-morph";
     | ^^^^^^^^^^^^^^^^^^^^^^^^^^^^^^^^^^^^^^^^^^^^^^^^^^^^^^^^^^^^
  17 | import {
  18 |   PixelSpinner,
  19 |   type SpinnerAnimation,

Import map: aliased to relative './components/cosma/cosmo-morph' inside of [project]/

Import traces:
  Client Component Browser:
    ./components/spinners/spinner-morph.tsx [Client Component Browser]
    ./app/page.tsx [Client Component Browser]
    ./app/page.tsx [Server Component]

  Client Component SSR:
    ./components/spinners/spinner-morph.tsx [Client Component SSR]
    ./app/page.tsx [Client Component SSR]
    ./app/page.tsx [Server Component]

https://nextjs.org/docs/messages/module-not-found @ http://localhost:4200/_next/static/chunks/0aus_next_dist_00tg.dm._.js:1945
[    7363ms] [ERROR] ./app/cosma/page.tsx:3:1
Module not found: Can't resolve '@/components/cosma/playground'
  1 | import type { Metadata } from "next";
  2 | import { Navigation } from "@/components/navigation";
> 3 | import { CosmaPlayground } from "@/components/cosma/playground";
    | ^^^^^^^^^^^^^^^^^^^^^^^^^^^^^^^^^^^^^^^^^^^^^^^^^^^^^^^^^^^^^^^^
  4 | import { SiteFooter } from "@/components/site-footer";
  5 | import { CoffeeSupportCard } from "@/components/coffee-support-card";
  6 |

Import map: aliased to relative './components/cosma/playground' inside of [project]/

https://nextjs.org/docs/messages/module-not-found @ http://localhost:4200/_next/static/chunks/0aus_next_dist_00tg.dm._.js:1945
[    7425ms] [ERROR] ./app/page.tsx:15:1
Module not found: Can't resolve '@/components/cosma/cosmo-morph'
  13 | import { PixelIconRocket } from "@/components/pixel-icon-rocket";
  14 | import CodeIcon from "@/components/icons/code-icon";
> 15 | import { CosmoMorph } from "@/components/cosma/cosmo-morph";
     | ^^^^^^^^^^^^^^^^^^^^^^^^^^^^^^^^^^^^^^^^^^^^^^^^^^^^^^^^^^^^
  16 | import { SpinnerMorph } from "@/components/spinners/spinner-morph";
  17 |
  18 | const structuredData = {

Import map: aliased to relative './components/cosma/cosmo-morph' inside of [project]/

Import traces:
  Client Component Browser:
    ./app/page.tsx [Client Component Browser]
    ./app/page.tsx [Server Component]

  Client Component SSR:
    ./app/page.tsx [Client Component SSR]
    ./app/page.tsx [Server Component]

https://nextjs.org/docs/messages/module-not-found @ http://localhost:4200/_next/static/chunks/0aus_next_dist_00tg.dm._.js:1945
[    7425ms] [ERROR] ./components/spinners/spinner-morph.tsx:16:1
Module not found: Can't resolve '@/components/cosma/cosmo-morph'
  14 | import { ScrollTrigger } from "gsap/ScrollTrigger";
  15 | import { useGSAP } from "@gsap/react";
> 16 | import { TickSlider } from "@/components/cosma/cosmo-morph";
     | ^^^^^^^^^^^^^^^^^^^^^^^^^^^^^^^^^^^^^^^^^^^^^^^^^^^^^^^^^^^^
  17 | import {
  18 |   PixelSpinner,
  19 |   type SpinnerAnimation,

Import map: aliased to relative './components/cosma/cosmo-morph' inside of [project]/

Import traces:
  Client Component Browser:
    ./components/spinners/spinner-morph.tsx [Client Component Browser]
    ./app/page.tsx [Client Component Browser]
    ./app/page.tsx [Server Component]

  Client Component SSR:
    ./components/spinners/spinner-morph.tsx [Client Component SSR]
    ./app/page.tsx [Client Component SSR]
    ./app/page.tsx [Server Component]

https://nextjs.org/docs/messages/module-not-found @ http://localhost:4200/_next/static/chunks/0aus_next_dist_00tg.dm._.js:1945
[    7425ms] [ERROR] ./app/cosma/page.tsx:3:1
Module not found: Can't resolve '@/components/cosma/playground'
  1 | import type { Metadata } from "next";
  2 | import { Navigation } from "@/components/navigation";
> 3 | import { CosmaPlayground } from "@/components/cosma/playground";
    | ^^^^^^^^^^^^^^^^^^^^^^^^^^^^^^^^^^^^^^^^^^^^^^^^^^^^^^^^^^^^^^^^
  4 | import { SiteFooter } from "@/components/site-footer";
  5 | import { CoffeeSupportCard } from "@/components/coffee-support-card";
  6 |

Import map: aliased to relative './components/cosma/playground' inside of [project]/

https://nextjs.org/docs/messages/module-not-found @ http://localhost:4200/_next/static/chunks/0aus_next_dist_00tg.dm._.js:1945
[    7489ms] [ERROR] ./app/page.tsx:15:1
Module not found: Can't resolve '@/components/cosma/cosmo-morph'
  13 | import { PixelIconRocket } from "@/components/pixel-icon-rocket";
  14 | import CodeIcon from "@/components/icons/code-icon";
> 15 | import { CosmoMorph } from "@/components/cosma/cosmo-morph";
     | ^^^^^^^^^^^^^^^^^^^^^^^^^^^^^^^^^^^^^^^^^^^^^^^^^^^^^^^^^^^^
  16 | import { SpinnerMorph } from "@/components/spinners/spinner-morph";
  17 |
  18 | const structuredData = {

Import map: aliased to relative './components/cosma/cosmo-morph' inside of [project]/

Import traces:
  Client Component Browser:
    ./app/page.tsx [Client Component Browser]
    ./app/page.tsx [Server Component]

  Client Component SSR:
    ./app/page.tsx [Client Component SSR]
    ./app/page.tsx [Server Component]

https://nextjs.org/docs/messages/module-not-found @ http://localhost:4200/_next/static/chunks/0aus_next_dist_00tg.dm._.js:1945
[    7489ms] [ERROR] ./components/spinners/spinner-morph.tsx:16:1
Module not found: Can't resolve '@/components/cosma/cosmo-morph'
  14 | import { ScrollTrigger } from "gsap/ScrollTrigger";
  15 | import { useGSAP } from "@gsap/react";
> 16 | import { TickSlider } from "@/components/cosma/cosmo-morph";
     | ^^^^^^^^^^^^^^^^^^^^^^^^^^^^^^^^^^^^^^^^^^^^^^^^^^^^^^^^^^^^
  17 | import {
  18 |   PixelSpinner,
  19 |   type SpinnerAnimation,

Import map: aliased to relative './components/cosma/cosmo-morph' inside of [project]/

Import traces:
  Client Component Browser:
    ./components/spinners/spinner-morph.tsx [Client Component Browser]
    ./app/page.tsx [Client Component Browser]
    ./app/page.tsx [Server Component]

  Client Component SSR:
    ./components/spinners/spinner-morph.tsx [Client Component SSR]
    ./app/page.tsx [Client Component SSR]
    ./app/page.tsx [Server Component]

https://nextjs.org/docs/messages/module-not-found @ http://localhost:4200/_next/static/chunks/0aus_next_dist_00tg.dm._.js:1945
[    7489ms] [ERROR] ./app/cosma/page.tsx:3:1
Module not found: Can't resolve '@/components/cosma/playground'
  1 | import type { Metadata } from "next";
  2 | import { Navigation } from "@/components/navigation";
> 3 | import { CosmaPlayground } from "@/components/cosma/playground";
    | ^^^^^^^^^^^^^^^^^^^^^^^^^^^^^^^^^^^^^^^^^^^^^^^^^^^^^^^^^^^^^^^^
  4 | import { SiteFooter } from "@/components/site-footer";
  5 | import { CoffeeSupportCard } from "@/components/coffee-support-card";
  6 |

Import map: aliased to relative './components/cosma/playground' inside of [project]/

https://nextjs.org/docs/messages/module-not-found @ http://localhost:4200/_next/static/chunks/0aus_next_dist_00tg.dm._.js:1945
[    7555ms] [ERROR] ./app/page.tsx:15:1
Module not found: Can't resolve '@/components/cosma/cosmo-morph'
  13 | import { PixelIconRocket } from "@/components/pixel-icon-rocket";
  14 | import CodeIcon from "@/components/icons/code-icon";
> 15 | import { CosmoMorph } from "@/components/cosma/cosmo-morph";
     | ^^^^^^^^^^^^^^^^^^^^^^^^^^^^^^^^^^^^^^^^^^^^^^^^^^^^^^^^^^^^
  16 | import { SpinnerMorph } from "@/components/spinners/spinner-morph";
  17 |
  18 | const structuredData = {

Import map: aliased to relative './components/cosma/cosmo-morph' inside of [project]/

Import traces:
  Client Component Browser:
    ./app/page.tsx [Client Component Browser]
    ./app/page.tsx [Server Component]

  Client Component SSR:
    ./app/page.tsx [Client Component SSR]
    ./app/page.tsx [Server Component]

https://nextjs.org/docs/messages/module-not-found @ http://localhost:4200/_next/static/chunks/0aus_next_dist_00tg.dm._.js:1945
[    7555ms] [ERROR] ./components/spinners/spinner-morph.tsx:16:1
Module not found: Can't resolve '@/components/cosma/cosmo-morph'
  14 | import { ScrollTrigger } from "gsap/ScrollTrigger";
  15 | import { useGSAP } from "@gsap/react";
> 16 | import { TickSlider } from "@/components/cosma/cosmo-morph";
     | ^^^^^^^^^^^^^^^^^^^^^^^^^^^^^^^^^^^^^^^^^^^^^^^^^^^^^^^^^^^^
  17 | import {
  18 |   PixelSpinner,
  19 |   type SpinnerAnimation,

Import map: aliased to relative './components/cosma/cosmo-morph' inside of [project]/

Import traces:
  Client Component Browser:
    ./components/spinners/spinner-morph.tsx [Client Component Browser]
    ./app/page.tsx [Client Component Browser]
    ./app/page.tsx [Server Component]

  Client Component SSR:
    ./components/spinners/spinner-morph.tsx [Client Component SSR]
    ./app/page.tsx [Client Component SSR]
    ./app/page.tsx [Server Component]

https://nextjs.org/docs/messages/module-not-found @ http://localhost:4200/_next/static/chunks/0aus_next_dist_00tg.dm._.js:1945
[    7555ms] [ERROR] ./app/cosma/page.tsx:3:1
Module not found: Can't resolve '@/components/cosma/playground'
  1 | import type { Metadata } from "next";
  2 | import { Navigation } from "@/components/navigation";
> 3 | import { CosmaPlayground } from "@/components/cosma/playground";
    | ^^^^^^^^^^^^^^^^^^^^^^^^^^^^^^^^^^^^^^^^^^^^^^^^^^^^^^^^^^^^^^^^
  4 | import { SiteFooter } from "@/components/site-footer";
  5 | import { CoffeeSupportCard } from "@/components/coffee-support-card";
  6 |

Import map: aliased to relative './components/cosma/playground' inside of [project]/

https://nextjs.org/docs/messages/module-not-found @ http://localhost:4200/_next/static/chunks/0aus_next_dist_00tg.dm._.js:1945
[    7619ms] [ERROR] ./app/page.tsx:15:1
Module not found: Can't resolve '@/components/cosma/cosmo-morph'
  13 | import { PixelIconRocket } from "@/components/pixel-icon-rocket";
  14 | import CodeIcon from "@/components/icons/code-icon";
> 15 | import { CosmoMorph } from "@/components/cosma/cosmo-morph";
     | ^^^^^^^^^^^^^^^^^^^^^^^^^^^^^^^^^^^^^^^^^^^^^^^^^^^^^^^^^^^^
  16 | import { SpinnerMorph } from "@/components/spinners/spinner-morph";
  17 |
  18 | const structuredData = {

Import map: aliased to relative './components/cosma/cosmo-morph' inside of [project]/

Import traces:
  Client Component Browser:
    ./app/page.tsx [Client Component Browser]
    ./app/page.tsx [Server Component]

  Client Component SSR:
    ./app/page.tsx [Client Component SSR]
    ./app/page.tsx [Server Component]

https://nextjs.org/docs/messages/module-not-found @ http://localhost:4200/_next/static/chunks/0aus_next_dist_00tg.dm._.js:1945
[    7619ms] [ERROR] ./components/spinners/spinner-morph.tsx:16:1
Module not found: Can't resolve '@/components/cosma/cosmo-morph'
  14 | import { ScrollTrigger } from "gsap/ScrollTrigger";
  15 | import { useGSAP } from "@gsap/react";
> 16 | import { TickSlider } from "@/components/cosma/cosmo-morph";
     | ^^^^^^^^^^^^^^^^^^^^^^^^^^^^^^^^^^^^^^^^^^^^^^^^^^^^^^^^^^^^
  17 | import {
  18 |   PixelSpinner,
  19 |   type SpinnerAnimation,

Import map: aliased to relative './components/cosma/cosmo-morph' inside of [project]/

Import traces:
  Client Component Browser:
    ./components/spinners/spinner-morph.tsx [Client Component Browser]
    ./app/page.tsx [Client Component Browser]
    ./app/page.tsx [Server Component]

  Client Component SSR:
    ./components/spinners/spinner-morph.tsx [Client Component SSR]
    ./app/page.tsx [Client Component SSR]
    ./app/page.tsx [Server Component]

https://nextjs.org/docs/messages/module-not-found @ http://localhost:4200/_next/static/chunks/0aus_next_dist_00tg.dm._.js:1945
[    7619ms] [ERROR] ./app/cosma/page.tsx:3:1
Module not found: Can't resolve '@/components/cosma/playground'
  1 | import type { Metadata } from "next";
  2 | import { Navigation } from "@/components/navigation";
> 3 | import { CosmaPlayground } from "@/components/cosma/playground";
    | ^^^^^^^^^^^^^^^^^^^^^^^^^^^^^^^^^^^^^^^^^^^^^^^^^^^^^^^^^^^^^^^^
  4 | import { SiteFooter } from "@/components/site-footer";
  5 | import { CoffeeSupportCard } from "@/components/coffee-support-card";
  6 |

Import map: aliased to relative './components/cosma/playground' inside of [project]/

https://nextjs.org/docs/messages/module-not-found @ http://localhost:4200/_next/static/chunks/0aus_next_dist_00tg.dm._.js:1945
[    7683ms] [ERROR] ./app/page.tsx:15:1
Module not found: Can't resolve '@/components/cosma/cosmo-morph'
  13 | import { PixelIconRocket } from "@/components/pixel-icon-rocket";
  14 | import CodeIcon from "@/components/icons/code-icon";
> 15 | import { CosmoMorph } from "@/components/cosma/cosmo-morph";
     | ^^^^^^^^^^^^^^^^^^^^^^^^^^^^^^^^^^^^^^^^^^^^^^^^^^^^^^^^^^^^
  16 | import { SpinnerMorph } from "@/components/spinners/spinner-morph";
  17 |
  18 | const structuredData = {

Import map: aliased to relative './components/cosma/cosmo-morph' inside of [project]/

Import traces:
  Client Component Browser:
    ./app/page.tsx [Client Component Browser]
    ./app/page.tsx [Server Component]

  Client Component SSR:
    ./app/page.tsx [Client Component SSR]
    ./app/page.tsx [Server Component]

https://nextjs.org/docs/messages/module-not-found @ http://localhost:4200/_next/static/chunks/0aus_next_dist_00tg.dm._.js:1945
[    7683ms] [ERROR] ./components/spinners/spinner-morph.tsx:16:1
Module not found: Can't resolve '@/components/cosma/cosmo-morph'
  14 | import { ScrollTrigger } from "gsap/ScrollTrigger";
  15 | import { useGSAP } from "@gsap/react";
> 16 | import { TickSlider } from "@/components/cosma/cosmo-morph";
     | ^^^^^^^^^^^^^^^^^^^^^^^^^^^^^^^^^^^^^^^^^^^^^^^^^^^^^^^^^^^^
  17 | import {
  18 |   PixelSpinner,
  19 |   type SpinnerAnimation,

Import map: aliased to relative './components/cosma/cosmo-morph' inside of [project]/

Import traces:
  Client Component Browser:
    ./components/spinners/spinner-morph.tsx [Client Component Browser]
    ./app/page.tsx [Client Component Browser]
    ./app/page.tsx [Server Component]

  Client Component SSR:
    ./components/spinners/spinner-morph.tsx [Client Component SSR]
    ./app/page.tsx [Client Component SSR]
    ./app/page.tsx [Server Component]

https://nextjs.org/docs/messages/module-not-found @ http://localhost:4200/_next/static/chunks/0aus_next_dist_00tg.dm._.js:1945
[    7683ms] [ERROR] ./app/cosma/page.tsx:3:1
Module not found: Can't resolve '@/components/cosma/playground'
  1 | import type { Metadata } from "next";
  2 | import { Navigation } from "@/components/navigation";
> 3 | import { CosmaPlayground } from "@/components/cosma/playground";
    | ^^^^^^^^^^^^^^^^^^^^^^^^^^^^^^^^^^^^^^^^^^^^^^^^^^^^^^^^^^^^^^^^
  4 | import { SiteFooter } from "@/components/site-footer";
  5 | import { CoffeeSupportCard } from "@/components/coffee-support-card";
  6 |

Import map: aliased to relative './components/cosma/playground' inside of [project]/

https://nextjs.org/docs/messages/module-not-found @ http://localhost:4200/_next/static/chunks/0aus_next_dist_00tg.dm._.js:1945
[    7747ms] [ERROR] ./app/page.tsx:15:1
Module not found: Can't resolve '@/components/cosma/cosmo-morph'
  13 | import { PixelIconRocket } from "@/components/pixel-icon-rocket";
  14 | import CodeIcon from "@/components/icons/code-icon";
> 15 | import { CosmoMorph } from "@/components/cosma/cosmo-morph";
     | ^^^^^^^^^^^^^^^^^^^^^^^^^^^^^^^^^^^^^^^^^^^^^^^^^^^^^^^^^^^^
  16 | import { SpinnerMorph } from "@/components/spinners/spinner-morph";
  17 |
  18 | const structuredData = {

Import map: aliased to relative './components/cosma/cosmo-morph' inside of [project]/

Import traces:
  Client Component Browser:
    ./app/page.tsx [Client Component Browser]
    ./app/page.tsx [Server Component]

  Client Component SSR:
    ./app/page.tsx [Client Component SSR]
    ./app/page.tsx [Server Component]

https://nextjs.org/docs/messages/module-not-found @ http://localhost:4200/_next/static/chunks/0aus_next_dist_00tg.dm._.js:1945
[    7747ms] [ERROR] ./components/spinners/spinner-morph.tsx:16:1
Module not found: Can't resolve '@/components/cosma/cosmo-morph'
  14 | import { ScrollTrigger } from "gsap/ScrollTrigger";
  15 | import { useGSAP } from "@gsap/react";
> 16 | import { TickSlider } from "@/components/cosma/cosmo-morph";
     | ^^^^^^^^^^^^^^^^^^^^^^^^^^^^^^^^^^^^^^^^^^^^^^^^^^^^^^^^^^^^
  17 | import {
  18 |   PixelSpinner,
  19 |   type SpinnerAnimation,

Import map: aliased to relative './components/cosma/cosmo-morph' inside of [project]/

Import traces:
  Client Component Browser:
    ./components/spinners/spinner-morph.tsx [Client Component Browser]
    ./app/page.tsx [Client Component Browser]
    ./app/page.tsx [Server Component]

  Client Component SSR:
    ./components/spinners/spinner-morph.tsx [Client Component SSR]
    ./app/page.tsx [Client Component SSR]
    ./app/page.tsx [Server Component]

https://nextjs.org/docs/messages/module-not-found @ http://localhost:4200/_next/static/chunks/0aus_next_dist_00tg.dm._.js:1945
[    7748ms] [ERROR] ./app/cosma/page.tsx:3:1
Module not found: Can't resolve '@/components/cosma/playground'
  1 | import type { Metadata } from "next";
  2 | import { Navigation } from "@/components/navigation";
> 3 | import { CosmaPlayground } from "@/components/cosma/playground";
    | ^^^^^^^^^^^^^^^^^^^^^^^^^^^^^^^^^^^^^^^^^^^^^^^^^^^^^^^^^^^^^^^^
  4 | import { SiteFooter } from "@/components/site-footer";
  5 | import { CoffeeSupportCard } from "@/components/coffee-support-card";
  6 |

Import map: aliased to relative './components/cosma/playground' inside of [project]/

https://nextjs.org/docs/messages/module-not-found @ http://localhost:4200/_next/static/chunks/0aus_next_dist_00tg.dm._.js:1945
[    7811ms] [ERROR] ./app/page.tsx:15:1
Module not found: Can't resolve '@/components/cosma/cosmo-morph'
  13 | import { PixelIconRocket } from "@/components/pixel-icon-rocket";
  14 | import CodeIcon from "@/components/icons/code-icon";
> 15 | import { CosmoMorph } from "@/components/cosma/cosmo-morph";
     | ^^^^^^^^^^^^^^^^^^^^^^^^^^^^^^^^^^^^^^^^^^^^^^^^^^^^^^^^^^^^
  16 | import { SpinnerMorph } from "@/components/spinners/spinner-morph";
  17 |
  18 | const structuredData = {

Import map: aliased to relative './components/cosma/cosmo-morph' inside of [project]/

Import traces:
  Client Component Browser:
    ./app/page.tsx [Client Component Browser]
    ./app/page.tsx [Server Component]

  Client Component SSR:
    ./app/page.tsx [Client Component SSR]
    ./app/page.tsx [Server Component]

https://nextjs.org/docs/messages/module-not-found @ http://localhost:4200/_next/static/chunks/0aus_next_dist_00tg.dm._.js:1945
[    7811ms] [ERROR] ./components/spinners/spinner-morph.tsx:16:1
Module not found: Can't resolve '@/components/cosma/cosmo-morph'
  14 | import { ScrollTrigger } from "gsap/ScrollTrigger";
  15 | import { useGSAP } from "@gsap/react";
> 16 | import { TickSlider } from "@/components/cosma/cosmo-morph";
     | ^^^^^^^^^^^^^^^^^^^^^^^^^^^^^^^^^^^^^^^^^^^^^^^^^^^^^^^^^^^^
  17 | import {
  18 |   PixelSpinner,
  19 |   type SpinnerAnimation,

Import map: aliased to relative './components/cosma/cosmo-morph' inside of [project]/

Import traces:
  Client Component Browser:
    ./components/spinners/spinner-morph.tsx [Client Component Browser]
    ./app/page.tsx [Client Component Browser]
    ./app/page.tsx [Server Component]

  Client Component SSR:
    ./components/spinners/spinner-morph.tsx [Client Component SSR]
    ./app/page.tsx [Client Component SSR]
    ./app/page.tsx [Server Component]

https://nextjs.org/docs/messages/module-not-found @ http://localhost:4200/_next/static/chunks/0aus_next_dist_00tg.dm._.js:1945
[    7811ms] [ERROR] ./app/cosma/page.tsx:3:1
Module not found: Can't resolve '@/components/cosma/playground'
  1 | import type { Metadata } from "next";
  2 | import { Navigation } from "@/components/navigation";
> 3 | import { CosmaPlayground } from "@/components/cosma/playground";
    | ^^^^^^^^^^^^^^^^^^^^^^^^^^^^^^^^^^^^^^^^^^^^^^^^^^^^^^^^^^^^^^^^
  4 | import { SiteFooter } from "@/components/site-footer";
  5 | import { CoffeeSupportCard } from "@/components/coffee-support-card";
  6 |

Import map: aliased to relative './components/cosma/playground' inside of [project]/

https://nextjs.org/docs/messages/module-not-found @ http://localhost:4200/_next/static/chunks/0aus_next_dist_00tg.dm._.js:1945
[    7874ms] [ERROR] ./app/page.tsx:15:1
Module not found: Can't resolve '@/components/cosma/cosmo-morph'
  13 | import { PixelIconRocket } from "@/components/pixel-icon-rocket";
  14 | import CodeIcon from "@/components/icons/code-icon";
> 15 | import { CosmoMorph } from "@/components/cosma/cosmo-morph";
     | ^^^^^^^^^^^^^^^^^^^^^^^^^^^^^^^^^^^^^^^^^^^^^^^^^^^^^^^^^^^^
  16 | import { SpinnerMorph } from "@/components/spinners/spinner-morph";
  17 |
  18 | const structuredData = {

Import map: aliased to relative './components/cosma/cosmo-morph' inside of [project]/

Import traces:
  Client Component Browser:
    ./app/page.tsx [Client Component Browser]
    ./app/page.tsx [Server Component]

  Client Component SSR:
    ./app/page.tsx [Client Component SSR]
    ./app/page.tsx [Server Component]

https://nextjs.org/docs/messages/module-not-found @ http://localhost:4200/_next/static/chunks/0aus_next_dist_00tg.dm._.js:1945
[    7874ms] [ERROR] ./components/spinners/spinner-morph.tsx:16:1
Module not found: Can't resolve '@/components/cosma/cosmo-morph'
  14 | import { ScrollTrigger } from "gsap/ScrollTrigger";
  15 | import { useGSAP } from "@gsap/react";
> 16 | import { TickSlider } from "@/components/cosma/cosmo-morph";
     | ^^^^^^^^^^^^^^^^^^^^^^^^^^^^^^^^^^^^^^^^^^^^^^^^^^^^^^^^^^^^
  17 | import {
  18 |   PixelSpinner,
  19 |   type SpinnerAnimation,

Import map: aliased to relative './components/cosma/cosmo-morph' inside of [project]/

Import traces:
  Client Component Browser:
    ./components/spinners/spinner-morph.tsx [Client Component Browser]
    ./app/page.tsx [Client Component Browser]
    ./app/page.tsx [Server Component]

  Client Component SSR:
    ./components/spinners/spinner-morph.tsx [Client Component SSR]
    ./app/page.tsx [Client Component SSR]
    ./app/page.tsx [Server Component]

https://nextjs.org/docs/messages/module-not-found @ http://localhost:4200/_next/static/chunks/0aus_next_dist_00tg.dm._.js:1945
[    7874ms] [ERROR] ./app/cosma/page.tsx:3:1
Module not found: Can't resolve '@/components/cosma/playground'
  1 | import type { Metadata } from "next";
  2 | import { Navigation } from "@/components/navigation";
> 3 | import { CosmaPlayground } from "@/components/cosma/playground";
    | ^^^^^^^^^^^^^^^^^^^^^^^^^^^^^^^^^^^^^^^^^^^^^^^^^^^^^^^^^^^^^^^^
  4 | import { SiteFooter } from "@/components/site-footer";
  5 | import { CoffeeSupportCard } from "@/components/coffee-support-card";
  6 |

Import map: aliased to relative './components/cosma/playground' inside of [project]/

https://nextjs.org/docs/messages/module-not-found @ http://localhost:4200/_next/static/chunks/0aus_next_dist_00tg.dm._.js:1945
[    7937ms] [ERROR] ./app/page.tsx:15:1
Module not found: Can't resolve '@/components/cosma/cosmo-morph'
  13 | import { PixelIconRocket } from "@/components/pixel-icon-rocket";
  14 | import CodeIcon from "@/components/icons/code-icon";
> 15 | import { CosmoMorph } from "@/components/cosma/cosmo-morph";
     | ^^^^^^^^^^^^^^^^^^^^^^^^^^^^^^^^^^^^^^^^^^^^^^^^^^^^^^^^^^^^
  16 | import { SpinnerMorph } from "@/components/spinners/spinner-morph";
  17 |
  18 | const structuredData = {

Import map: aliased to relative './components/cosma/cosmo-morph' inside of [project]/

Import traces:
  Client Component Browser:
    ./app/page.tsx [Client Component Browser]
    ./app/page.tsx [Server Component]

  Client Component SSR:
    ./app/page.tsx [Client Component SSR]
    ./app/page.tsx [Server Component]

https://nextjs.org/docs/messages/module-not-found @ http://localhost:4200/_next/static/chunks/0aus_next_dist_00tg.dm._.js:1945
[    7937ms] [ERROR] ./components/spinners/spinner-morph.tsx:16:1
Module not found: Can't resolve '@/components/cosma/cosmo-morph'
  14 | import { ScrollTrigger } from "gsap/ScrollTrigger";
  15 | import { useGSAP } from "@gsap/react";
> 16 | import { TickSlider } from "@/components/cosma/cosmo-morph";
     | ^^^^^^^^^^^^^^^^^^^^^^^^^^^^^^^^^^^^^^^^^^^^^^^^^^^^^^^^^^^^
  17 | import {
  18 |   PixelSpinner,
  19 |   type SpinnerAnimation,

Import map: aliased to relative './components/cosma/cosmo-morph' inside of [project]/

Import traces:
  Client Component Browser:
    ./components/spinners/spinner-morph.tsx [Client Component Browser]
    ./app/page.tsx [Client Component Browser]
    ./app/page.tsx [Server Component]

  Client Component SSR:
    ./components/spinners/spinner-morph.tsx [Client Component SSR]
    ./app/page.tsx [Client Component SSR]
    ./app/page.tsx [Server Component]

https://nextjs.org/docs/messages/module-not-found @ http://localhost:4200/_next/static/chunks/0aus_next_dist_00tg.dm._.js:1945
[    7937ms] [ERROR] ./app/cosma/page.tsx:3:1
Module not found: Can't resolve '@/components/cosma/playground'
  1 | import type { Metadata } from "next";
  2 | import { Navigation } from "@/components/navigation";
> 3 | import { CosmaPlayground } from "@/components/cosma/playground";
    | ^^^^^^^^^^^^^^^^^^^^^^^^^^^^^^^^^^^^^^^^^^^^^^^^^^^^^^^^^^^^^^^^
  4 | import { SiteFooter } from "@/components/site-footer";
  5 | import { CoffeeSupportCard } from "@/components/coffee-support-card";
  6 |

Import map: aliased to relative './components/cosma/playground' inside of [project]/

https://nextjs.org/docs/messages/module-not-found @ http://localhost:4200/_next/static/chunks/0aus_next_dist_00tg.dm._.js:1945
[    7999ms] [ERROR] ./app/page.tsx:15:1
Module not found: Can't resolve '@/components/cosma/cosmo-morph'
  13 | import { PixelIconRocket } from "@/components/pixel-icon-rocket";
  14 | import CodeIcon from "@/components/icons/code-icon";
> 15 | import { CosmoMorph } from "@/components/cosma/cosmo-morph";
     | ^^^^^^^^^^^^^^^^^^^^^^^^^^^^^^^^^^^^^^^^^^^^^^^^^^^^^^^^^^^^
  16 | import { SpinnerMorph } from "@/components/spinners/spinner-morph";
  17 |
  18 | const structuredData = {

Import map: aliased to relative './components/cosma/cosmo-morph' inside of [project]/

Import traces:
  Client Component Browser:
    ./app/page.tsx [Client Component Browser]
    ./app/page.tsx [Server Component]

  Client Component SSR:
    ./app/page.tsx [Client Component SSR]
    ./app/page.tsx [Server Component]

https://nextjs.org/docs/messages/module-not-found @ http://localhost:4200/_next/static/chunks/0aus_next_dist_00tg.dm._.js:1945
[    7999ms] [ERROR] ./components/spinners/spinner-morph.tsx:16:1
Module not found: Can't resolve '@/components/cosma/cosmo-morph'
  14 | import { ScrollTrigger } from "gsap/ScrollTrigger";
  15 | import { useGSAP } from "@gsap/react";
> 16 | import { TickSlider } from "@/components/cosma/cosmo-morph";
     | ^^^^^^^^^^^^^^^^^^^^^^^^^^^^^^^^^^^^^^^^^^^^^^^^^^^^^^^^^^^^
  17 | import {
  18 |   PixelSpinner,
  19 |   type SpinnerAnimation,

Import map: aliased to relative './components/cosma/cosmo-morph' inside of [project]/

Import traces:
  Client Component Browser:
    ./components/spinners/spinner-morph.tsx [Client Component Browser]
    ./app/page.tsx [Client Component Browser]
    ./app/page.tsx [Server Component]

  Client Component SSR:
    ./components/spinners/spinner-morph.tsx [Client Component SSR]
    ./app/page.tsx [Client Component SSR]
    ./app/page.tsx [Server Component]

https://nextjs.org/docs/messages/module-not-found @ http://localhost:4200/_next/static/chunks/0aus_next_dist_00tg.dm._.js:1945
[    7999ms] [ERROR] ./app/cosma/page.tsx:3:1
Module not found: Can't resolve '@/components/cosma/playground'
  1 | import type { Metadata } from "next";
  2 | import { Navigation } from "@/components/navigation";
> 3 | import { CosmaPlayground } from "@/components/cosma/playground";
    | ^^^^^^^^^^^^^^^^^^^^^^^^^^^^^^^^^^^^^^^^^^^^^^^^^^^^^^^^^^^^^^^^
  4 | import { SiteFooter } from "@/components/site-footer";
  5 | import { CoffeeSupportCard } from "@/components/coffee-support-card";
  6 |

Import map: aliased to relative './components/cosma/playground' inside of [project]/

https://nextjs.org/docs/messages/module-not-found @ http://localhost:4200/_next/static/chunks/0aus_next_dist_00tg.dm._.js:1945
[    8065ms] [ERROR] ./app/page.tsx:15:1
Module not found: Can't resolve '@/components/cosma/cosmo-morph'
  13 | import { PixelIconRocket } from "@/components/pixel-icon-rocket";
  14 | import CodeIcon from "@/components/icons/code-icon";
> 15 | import { CosmoMorph } from "@/components/cosma/cosmo-morph";
     | ^^^^^^^^^^^^^^^^^^^^^^^^^^^^^^^^^^^^^^^^^^^^^^^^^^^^^^^^^^^^
  16 | import { SpinnerMorph } from "@/components/spinners/spinner-morph";
  17 |
  18 | const structuredData = {

Import map: aliased to relative './components/cosma/cosmo-morph' inside of [project]/

Import traces:
  Client Component Browser:
    ./app/page.tsx [Client Component Browser]
    ./app/page.tsx [Server Component]

  Client Component SSR:
    ./app/page.tsx [Client Component SSR]
    ./app/page.tsx [Server Component]

https://nextjs.org/docs/messages/module-not-found @ http://localhost:4200/_next/static/chunks/0aus_next_dist_00tg.dm._.js:1945
[    8065ms] [ERROR] ./components/spinners/spinner-morph.tsx:16:1
Module not found: Can't resolve '@/components/cosma/cosmo-morph'
  14 | import { ScrollTrigger } from "gsap/ScrollTrigger";
  15 | import { useGSAP } from "@gsap/react";
> 16 | import { TickSlider } from "@/components/cosma/cosmo-morph";
     | ^^^^^^^^^^^^^^^^^^^^^^^^^^^^^^^^^^^^^^^^^^^^^^^^^^^^^^^^^^^^
  17 | import {
  18 |   PixelSpinner,
  19 |   type SpinnerAnimation,

Import map: aliased to relative './components/cosma/cosmo-morph' inside of [project]/

Import traces:
  Client Component Browser:
    ./components/spinners/spinner-morph.tsx [Client Component Browser]
    ./app/page.tsx [Client Component Browser]
    ./app/page.tsx [Server Component]

  Client Component SSR:
    ./components/spinners/spinner-morph.tsx [Client Component SSR]
    ./app/page.tsx [Client Component SSR]
    ./app/page.tsx [Server Component]

https://nextjs.org/docs/messages/module-not-found @ http://localhost:4200/_next/static/chunks/0aus_next_dist_00tg.dm._.js:1945
[    8065ms] [ERROR] ./app/cosma/page.tsx:3:1
Module not found: Can't resolve '@/components/cosma/playground'
  1 | import type { Metadata } from "next";
  2 | import { Navigation } from "@/components/navigation";
> 3 | import { CosmaPlayground } from "@/components/cosma/playground";
    | ^^^^^^^^^^^^^^^^^^^^^^^^^^^^^^^^^^^^^^^^^^^^^^^^^^^^^^^^^^^^^^^^
  4 | import { SiteFooter } from "@/components/site-footer";
  5 | import { CoffeeSupportCard } from "@/components/coffee-support-card";
  6 |

Import map: aliased to relative './components/cosma/playground' inside of [project]/

https://nextjs.org/docs/messages/module-not-found @ http://localhost:4200/_next/static/chunks/0aus_next_dist_00tg.dm._.js:1945
[    8126ms] [ERROR] ./app/page.tsx:15:1
Module not found: Can't resolve '@/components/cosma/cosmo-morph'
  13 | import { PixelIconRocket } from "@/components/pixel-icon-rocket";
  14 | import CodeIcon from "@/components/icons/code-icon";
> 15 | import { CosmoMorph } from "@/components/cosma/cosmo-morph";
     | ^^^^^^^^^^^^^^^^^^^^^^^^^^^^^^^^^^^^^^^^^^^^^^^^^^^^^^^^^^^^
  16 | import { SpinnerMorph } from "@/components/spinners/spinner-morph";
  17 |
  18 | const structuredData = {

Import map: aliased to relative './components/cosma/cosmo-morph' inside of [project]/

Import traces:
  Client Component Browser:
    ./app/page.tsx [Client Component Browser]
    ./app/page.tsx [Server Component]

  Client Component SSR:
    ./app/page.tsx [Client Component SSR]
    ./app/page.tsx [Server Component]

https://nextjs.org/docs/messages/module-not-found @ http://localhost:4200/_next/static/chunks/0aus_next_dist_00tg.dm._.js:1945
[    8126ms] [ERROR] ./components/spinners/spinner-morph.tsx:16:1
Module not found: Can't resolve '@/components/cosma/cosmo-morph'
  14 | import { ScrollTrigger } from "gsap/ScrollTrigger";
  15 | import { useGSAP } from "@gsap/react";
> 16 | import { TickSlider } from "@/components/cosma/cosmo-morph";
     | ^^^^^^^^^^^^^^^^^^^^^^^^^^^^^^^^^^^^^^^^^^^^^^^^^^^^^^^^^^^^
  17 | import {
  18 |   PixelSpinner,
  19 |   type SpinnerAnimation,

Import map: aliased to relative './components/cosma/cosmo-morph' inside of [project]/

Import traces:
  Client Component Browser:
    ./components/spinners/spinner-morph.tsx [Client Component Browser]
    ./app/page.tsx [Client Component Browser]
    ./app/page.tsx [Server Component]

  Client Component SSR:
    ./components/spinners/spinner-morph.tsx [Client Component SSR]
    ./app/page.tsx [Client Component SSR]
    ./app/page.tsx [Server Component]

https://nextjs.org/docs/messages/module-not-found @ http://localhost:4200/_next/static/chunks/0aus_next_dist_00tg.dm._.js:1945
[    8126ms] [ERROR] ./app/cosma/page.tsx:3:1
Module not found: Can't resolve '@/components/cosma/playground'
  1 | import type { Metadata } from "next";
  2 | import { Navigation } from "@/components/navigation";
> 3 | import { CosmaPlayground } from "@/components/cosma/playground";
    | ^^^^^^^^^^^^^^^^^^^^^^^^^^^^^^^^^^^^^^^^^^^^^^^^^^^^^^^^^^^^^^^^
  4 | import { SiteFooter } from "@/components/site-footer";
  5 | import { CoffeeSupportCard } from "@/components/coffee-support-card";
  6 |

Import map: aliased to relative './components/cosma/playground' inside of [project]/

https://nextjs.org/docs/messages/module-not-found @ http://localhost:4200/_next/static/chunks/0aus_next_dist_00tg.dm._.js:1945
[    8189ms] [ERROR] ./app/page.tsx:15:1
Module not found: Can't resolve '@/components/cosma/cosmo-morph'
  13 | import { PixelIconRocket } from "@/components/pixel-icon-rocket";
  14 | import CodeIcon from "@/components/icons/code-icon";
> 15 | import { CosmoMorph } from "@/components/cosma/cosmo-morph";
     | ^^^^^^^^^^^^^^^^^^^^^^^^^^^^^^^^^^^^^^^^^^^^^^^^^^^^^^^^^^^^
  16 | import { SpinnerMorph } from "@/components/spinners/spinner-morph";
  17 |
  18 | const structuredData = {

Import map: aliased to relative './components/cosma/cosmo-morph' inside of [project]/

Import traces:
  Client Component Browser:
    ./app/page.tsx [Client Component Browser]
    ./app/page.tsx [Server Component]

  Client Component SSR:
    ./app/page.tsx [Client Component SSR]
    ./app/page.tsx [Server Component]

https://nextjs.org/docs/messages/module-not-found @ http://localhost:4200/_next/static/chunks/0aus_next_dist_00tg.dm._.js:1945
[    8189ms] [ERROR] ./components/spinners/spinner-morph.tsx:16:1
Module not found: Can't resolve '@/components/cosma/cosmo-morph'
  14 | import { ScrollTrigger } from "gsap/ScrollTrigger";
  15 | import { useGSAP } from "@gsap/react";
> 16 | import { TickSlider } from "@/components/cosma/cosmo-morph";
     | ^^^^^^^^^^^^^^^^^^^^^^^^^^^^^^^^^^^^^^^^^^^^^^^^^^^^^^^^^^^^
  17 | import {
  18 |   PixelSpinner,
  19 |   type SpinnerAnimation,

Import map: aliased to relative './components/cosma/cosmo-morph' inside of [project]/

Import traces:
  Client Component Browser:
    ./components/spinners/spinner-morph.tsx [Client Component Browser]
    ./app/page.tsx [Client Component Browser]
    ./app/page.tsx [Server Component]

  Client Component SSR:
    ./components/spinners/spinner-morph.tsx [Client Component SSR]
    ./app/page.tsx [Client Component SSR]
    ./app/page.tsx [Server Component]

https://nextjs.org/docs/messages/module-not-found @ http://localhost:4200/_next/static/chunks/0aus_next_dist_00tg.dm._.js:1945
[    8190ms] [ERROR] ./app/cosma/page.tsx:3:1
Module not found: Can't resolve '@/components/cosma/playground'
  1 | import type { Metadata } from "next";
  2 | import { Navigation } from "@/components/navigation";
> 3 | import { CosmaPlayground } from "@/components/cosma/playground";
    | ^^^^^^^^^^^^^^^^^^^^^^^^^^^^^^^^^^^^^^^^^^^^^^^^^^^^^^^^^^^^^^^^
  4 | import { SiteFooter } from "@/components/site-footer";
  5 | import { CoffeeSupportCard } from "@/components/coffee-support-card";
  6 |

Import map: aliased to relative './components/cosma/playground' inside of [project]/

https://nextjs.org/docs/messages/module-not-found @ http://localhost:4200/_next/static/chunks/0aus_next_dist_00tg.dm._.js:1945
[    8255ms] [ERROR] ./app/page.tsx:15:1
Module not found: Can't resolve '@/components/cosma/cosmo-morph'
  13 | import { PixelIconRocket } from "@/components/pixel-icon-rocket";
  14 | import CodeIcon from "@/components/icons/code-icon";
> 15 | import { CosmoMorph } from "@/components/cosma/cosmo-morph";
     | ^^^^^^^^^^^^^^^^^^^^^^^^^^^^^^^^^^^^^^^^^^^^^^^^^^^^^^^^^^^^
  16 | import { SpinnerMorph } from "@/components/spinners/spinner-morph";
  17 |
  18 | const structuredData = {

Import map: aliased to relative './components/cosma/cosmo-morph' inside of [project]/

Import traces:
  Client Component Browser:
    ./app/page.tsx [Client Component Browser]
    ./app/page.tsx [Server Component]

  Client Component SSR:
    ./app/page.tsx [Client Component SSR]
    ./app/page.tsx [Server Component]

https://nextjs.org/docs/messages/module-not-found @ http://localhost:4200/_next/static/chunks/0aus_next_dist_00tg.dm._.js:1945
[    8255ms] [ERROR] ./components/spinners/spinner-morph.tsx:16:1
Module not found: Can't resolve '@/components/cosma/cosmo-morph'
  14 | import { ScrollTrigger } from "gsap/ScrollTrigger";
  15 | import { useGSAP } from "@gsap/react";
> 16 | import { TickSlider } from "@/components/cosma/cosmo-morph";
     | ^^^^^^^^^^^^^^^^^^^^^^^^^^^^^^^^^^^^^^^^^^^^^^^^^^^^^^^^^^^^
  17 | import {
  18 |   PixelSpinner,
  19 |   type SpinnerAnimation,

Import map: aliased to relative './components/cosma/cosmo-morph' inside of [project]/

Import traces:
  Client Component Browser:
    ./components/spinners/spinner-morph.tsx [Client Component Browser]
    ./app/page.tsx [Client Component Browser]
    ./app/page.tsx [Server Component]

  Client Component SSR:
    ./components/spinners/spinner-morph.tsx [Client Component SSR]
    ./app/page.tsx [Client Component SSR]
    ./app/page.tsx [Server Component]

https://nextjs.org/docs/messages/module-not-found @ http://localhost:4200/_next/static/chunks/0aus_next_dist_00tg.dm._.js:1945
[    8255ms] [ERROR] ./app/cosma/page.tsx:3:1
Module not found: Can't resolve '@/components/cosma/playground'
  1 | import type { Metadata } from "next";
  2 | import { Navigation } from "@/components/navigation";
> 3 | import { CosmaPlayground } from "@/components/cosma/playground";
    | ^^^^^^^^^^^^^^^^^^^^^^^^^^^^^^^^^^^^^^^^^^^^^^^^^^^^^^^^^^^^^^^^
  4 | import { SiteFooter } from "@/components/site-footer";
  5 | import { CoffeeSupportCard } from "@/components/coffee-support-card";
  6 |

Import map: aliased to relative './components/cosma/playground' inside of [project]/

https://nextjs.org/docs/messages/module-not-found @ http://localhost:4200/_next/static/chunks/0aus_next_dist_00tg.dm._.js:1945
[    8320ms] [ERROR] ./app/page.tsx:15:1
Module not found: Can't resolve '@/components/cosma/cosmo-morph'
  13 | import { PixelIconRocket } from "@/components/pixel-icon-rocket";
  14 | import CodeIcon from "@/components/icons/code-icon";
> 15 | import { CosmoMorph } from "@/components/cosma/cosmo-morph";
     | ^^^^^^^^^^^^^^^^^^^^^^^^^^^^^^^^^^^^^^^^^^^^^^^^^^^^^^^^^^^^
  16 | import { SpinnerMorph } from "@/components/spinners/spinner-morph";
  17 |
  18 | const structuredData = {

Import map: aliased to relative './components/cosma/cosmo-morph' inside of [project]/

Import traces:
  Client Component Browser:
    ./app/page.tsx [Client Component Browser]
    ./app/page.tsx [Server Component]

  Client Component SSR:
    ./app/page.tsx [Client Component SSR]
    ./app/page.tsx [Server Component]

https://nextjs.org/docs/messages/module-not-found @ http://localhost:4200/_next/static/chunks/0aus_next_dist_00tg.dm._.js:1945
[    8320ms] [ERROR] ./components/spinners/spinner-morph.tsx:16:1
Module not found: Can't resolve '@/components/cosma/cosmo-morph'
  14 | import { ScrollTrigger } from "gsap/ScrollTrigger";
  15 | import { useGSAP } from "@gsap/react";
> 16 | import { TickSlider } from "@/components/cosma/cosmo-morph";
     | ^^^^^^^^^^^^^^^^^^^^^^^^^^^^^^^^^^^^^^^^^^^^^^^^^^^^^^^^^^^^
  17 | import {
  18 |   PixelSpinner,
  19 |   type SpinnerAnimation,

Import map: aliased to relative './components/cosma/cosmo-morph' inside of [project]/

Import traces:
  Client Component Browser:
    ./components/spinners/spinner-morph.tsx [Client Component Browser]
    ./app/page.tsx [Client Component Browser]
    ./app/page.tsx [Server Component]

  Client Component SSR:
    ./components/spinners/spinner-morph.tsx [Client Component SSR]
    ./app/page.tsx [Client Component SSR]
    ./app/page.tsx [Server Component]

https://nextjs.org/docs/messages/module-not-found @ http://localhost:4200/_next/static/chunks/0aus_next_dist_00tg.dm._.js:1945
[    8320ms] [ERROR] ./app/cosma/page.tsx:3:1
Module not found: Can't resolve '@/components/cosma/playground'
  1 | import type { Metadata } from "next";
  2 | import { Navigation } from "@/components/navigation";
> 3 | import { CosmaPlayground } from "@/components/cosma/playground";
    | ^^^^^^^^^^^^^^^^^^^^^^^^^^^^^^^^^^^^^^^^^^^^^^^^^^^^^^^^^^^^^^^^
  4 | import { SiteFooter } from "@/components/site-footer";
  5 | import { CoffeeSupportCard } from "@/components/coffee-support-card";
  6 |

Import map: aliased to relative './components/cosma/playground' inside of [project]/

https://nextjs.org/docs/messages/module-not-found @ http://localhost:4200/_next/static/chunks/0aus_next_dist_00tg.dm._.js:1945
[    8383ms] [ERROR] ./app/page.tsx:15:1
Module not found: Can't resolve '@/components/cosma/cosmo-morph'
  13 | import { PixelIconRocket } from "@/components/pixel-icon-rocket";
  14 | import CodeIcon from "@/components/icons/code-icon";
> 15 | import { CosmoMorph } from "@/components/cosma/cosmo-morph";
     | ^^^^^^^^^^^^^^^^^^^^^^^^^^^^^^^^^^^^^^^^^^^^^^^^^^^^^^^^^^^^
  16 | import { SpinnerMorph } from "@/components/spinners/spinner-morph";
  17 |
  18 | const structuredData = {

Import map: aliased to relative './components/cosma/cosmo-morph' inside of [project]/

Import traces:
  Client Component Browser:
    ./app/page.tsx [Client Component Browser]
    ./app/page.tsx [Server Component]

  Client Component SSR:
    ./app/page.tsx [Client Component SSR]
    ./app/page.tsx [Server Component]

https://nextjs.org/docs/messages/module-not-found @ http://localhost:4200/_next/static/chunks/0aus_next_dist_00tg.dm._.js:1945
[    8383ms] [ERROR] ./components/spinners/spinner-morph.tsx:16:1
Module not found: Can't resolve '@/components/cosma/cosmo-morph'
  14 | import { ScrollTrigger } from "gsap/ScrollTrigger";
  15 | import { useGSAP } from "@gsap/react";
> 16 | import { TickSlider } from "@/components/cosma/cosmo-morph";
     | ^^^^^^^^^^^^^^^^^^^^^^^^^^^^^^^^^^^^^^^^^^^^^^^^^^^^^^^^^^^^
  17 | import {
  18 |   PixelSpinner,
  19 |   type SpinnerAnimation,

Import map: aliased to relative './components/cosma/cosmo-morph' inside of [project]/

Import traces:
  Client Component Browser:
    ./components/spinners/spinner-morph.tsx [Client Component Browser]
    ./app/page.tsx [Client Component Browser]
    ./app/page.tsx [Server Component]

  Client Component SSR:
    ./components/spinners/spinner-morph.tsx [Client Component SSR]
    ./app/page.tsx [Client Component SSR]
    ./app/page.tsx [Server Component]

https://nextjs.org/docs/messages/module-not-found @ http://localhost:4200/_next/static/chunks/0aus_next_dist_00tg.dm._.js:1945
[    8383ms] [ERROR] ./app/cosma/page.tsx:3:1
Module not found: Can't resolve '@/components/cosma/playground'
  1 | import type { Metadata } from "next";
  2 | import { Navigation } from "@/components/navigation";
> 3 | import { CosmaPlayground } from "@/components/cosma/playground";
    | ^^^^^^^^^^^^^^^^^^^^^^^^^^^^^^^^^^^^^^^^^^^^^^^^^^^^^^^^^^^^^^^^
  4 | import { SiteFooter } from "@/components/site-footer";
  5 | import { CoffeeSupportCard } from "@/components/coffee-support-card";
  6 |

Import map: aliased to relative './components/cosma/playground' inside of [project]/

https://nextjs.org/docs/messages/module-not-found @ http://localhost:4200/_next/static/chunks/0aus_next_dist_00tg.dm._.js:1945
[    8447ms] [ERROR] ./app/page.tsx:15:1
Module not found: Can't resolve '@/components/cosma/cosmo-morph'
  13 | import { PixelIconRocket } from "@/components/pixel-icon-rocket";
  14 | import CodeIcon from "@/components/icons/code-icon";
> 15 | import { CosmoMorph } from "@/components/cosma/cosmo-morph";
     | ^^^^^^^^^^^^^^^^^^^^^^^^^^^^^^^^^^^^^^^^^^^^^^^^^^^^^^^^^^^^
  16 | import { SpinnerMorph } from "@/components/spinners/spinner-morph";
  17 |
  18 | const structuredData = {

Import map: aliased to relative './components/cosma/cosmo-morph' inside of [project]/

Import traces:
  Client Component Browser:
    ./app/page.tsx [Client Component Browser]
    ./app/page.tsx [Server Component]

  Client Component SSR:
    ./app/page.tsx [Client Component SSR]
    ./app/page.tsx [Server Component]

https://nextjs.org/docs/messages/module-not-found @ http://localhost:4200/_next/static/chunks/0aus_next_dist_00tg.dm._.js:1945
[    8447ms] [ERROR] ./components/spinners/spinner-morph.tsx:16:1
Module not found: Can't resolve '@/components/cosma/cosmo-morph'
  14 | import { ScrollTrigger } from "gsap/ScrollTrigger";
  15 | import { useGSAP } from "@gsap/react";
> 16 | import { TickSlider } from "@/components/cosma/cosmo-morph";
     | ^^^^^^^^^^^^^^^^^^^^^^^^^^^^^^^^^^^^^^^^^^^^^^^^^^^^^^^^^^^^
  17 | import {
  18 |   PixelSpinner,
  19 |   type SpinnerAnimation,

Import map: aliased to relative './components/cosma/cosmo-morph' inside of [project]/

Import traces:
  Client Component Browser:
    ./components/spinners/spinner-morph.tsx [Client Component Browser]
    ./app/page.tsx [Client Component Browser]
    ./app/page.tsx [Server Component]

  Client Component SSR:
    ./components/spinners/spinner-morph.tsx [Client Component SSR]
    ./app/page.tsx [Client Component SSR]
    ./app/page.tsx [Server Component]

https://nextjs.org/docs/messages/module-not-found @ http://localhost:4200/_next/static/chunks/0aus_next_dist_00tg.dm._.js:1945
[    8447ms] [ERROR] ./app/cosma/page.tsx:3:1
Module not found: Can't resolve '@/components/cosma/playground'
  1 | import type { Metadata } from "next";
  2 | import { Navigation } from "@/components/navigation";
> 3 | import { CosmaPlayground } from "@/components/cosma/playground";
    | ^^^^^^^^^^^^^^^^^^^^^^^^^^^^^^^^^^^^^^^^^^^^^^^^^^^^^^^^^^^^^^^^
  4 | import { SiteFooter } from "@/components/site-footer";
  5 | import { CoffeeSupportCard } from "@/components/coffee-support-card";
  6 |

Import map: aliased to relative './components/cosma/playground' inside of [project]/

https://nextjs.org/docs/messages/module-not-found @ http://localhost:4200/_next/static/chunks/0aus_next_dist_00tg.dm._.js:1945
[    8510ms] [ERROR] ./app/page.tsx:15:1
Module not found: Can't resolve '@/components/cosma/cosmo-morph'
  13 | import { PixelIconRocket } from "@/components/pixel-icon-rocket";
  14 | import CodeIcon from "@/components/icons/code-icon";
> 15 | import { CosmoMorph } from "@/components/cosma/cosmo-morph";
     | ^^^^^^^^^^^^^^^^^^^^^^^^^^^^^^^^^^^^^^^^^^^^^^^^^^^^^^^^^^^^
  16 | import { SpinnerMorph } from "@/components/spinners/spinner-morph";
  17 |
  18 | const structuredData = {

Import map: aliased to relative './components/cosma/cosmo-morph' inside of [project]/

Import traces:
  Client Component Browser:
    ./app/page.tsx [Client Component Browser]
    ./app/page.tsx [Server Component]

  Client Component SSR:
    ./app/page.tsx [Client Component SSR]
    ./app/page.tsx [Server Component]

https://nextjs.org/docs/messages/module-not-found @ http://localhost:4200/_next/static/chunks/0aus_next_dist_00tg.dm._.js:1945
[    8510ms] [ERROR] ./components/spinners/spinner-morph.tsx:16:1
Module not found: Can't resolve '@/components/cosma/cosmo-morph'
  14 | import { ScrollTrigger } from "gsap/ScrollTrigger";
  15 | import { useGSAP } from "@gsap/react";
> 16 | import { TickSlider } from "@/components/cosma/cosmo-morph";
     | ^^^^^^^^^^^^^^^^^^^^^^^^^^^^^^^^^^^^^^^^^^^^^^^^^^^^^^^^^^^^
  17 | import {
  18 |   PixelSpinner,
  19 |   type SpinnerAnimation,

Import map: aliased to relative './components/cosma/cosmo-morph' inside of [project]/

Import traces:
  Client Component Browser:
    ./components/spinners/spinner-morph.tsx [Client Component Browser]
    ./app/page.tsx [Client Component Browser]
    ./app/page.tsx [Server Component]

  Client Component SSR:
    ./components/spinners/spinner-morph.tsx [Client Component SSR]
    ./app/page.tsx [Client Component SSR]
    ./app/page.tsx [Server Component]

https://nextjs.org/docs/messages/module-not-found @ http://localhost:4200/_next/static/chunks/0aus_next_dist_00tg.dm._.js:1945
[    8510ms] [ERROR] ./app/cosma/page.tsx:3:1
Module not found: Can't resolve '@/components/cosma/playground'
  1 | import type { Metadata } from "next";
  2 | import { Navigation } from "@/components/navigation";
> 3 | import { CosmaPlayground } from "@/components/cosma/playground";
    | ^^^^^^^^^^^^^^^^^^^^^^^^^^^^^^^^^^^^^^^^^^^^^^^^^^^^^^^^^^^^^^^^
  4 | import { SiteFooter } from "@/components/site-footer";
  5 | import { CoffeeSupportCard } from "@/components/coffee-support-card";
  6 |

Import map: aliased to relative './components/cosma/playground' inside of [project]/

https://nextjs.org/docs/messages/module-not-found @ http://localhost:4200/_next/static/chunks/0aus_next_dist_00tg.dm._.js:1945
[    8578ms] [ERROR] ./app/page.tsx:15:1
Module not found: Can't resolve '@/components/cosma/cosmo-morph'
  13 | import { PixelIconRocket } from "@/components/pixel-icon-rocket";
  14 | import CodeIcon from "@/components/icons/code-icon";
> 15 | import { CosmoMorph } from "@/components/cosma/cosmo-morph";
     | ^^^^^^^^^^^^^^^^^^^^^^^^^^^^^^^^^^^^^^^^^^^^^^^^^^^^^^^^^^^^
  16 | import { SpinnerMorph } from "@/components/spinners/spinner-morph";
  17 |
  18 | const structuredData = {

Import map: aliased to relative './components/cosma/cosmo-morph' inside of [project]/

Import traces:
  Client Component Browser:
    ./app/page.tsx [Client Component Browser]
    ./app/page.tsx [Server Component]

  Client Component SSR:
    ./app/page.tsx [Client Component SSR]
    ./app/page.tsx [Server Component]

https://nextjs.org/docs/messages/module-not-found @ http://localhost:4200/_next/static/chunks/0aus_next_dist_00tg.dm._.js:1945
[    8578ms] [ERROR] ./components/spinners/spinner-morph.tsx:16:1
Module not found: Can't resolve '@/components/cosma/cosmo-morph'
  14 | import { ScrollTrigger } from "gsap/ScrollTrigger";
  15 | import { useGSAP } from "@gsap/react";
> 16 | import { TickSlider } from "@/components/cosma/cosmo-morph";
     | ^^^^^^^^^^^^^^^^^^^^^^^^^^^^^^^^^^^^^^^^^^^^^^^^^^^^^^^^^^^^
  17 | import {
  18 |   PixelSpinner,
  19 |   type SpinnerAnimation,

Import map: aliased to relative './components/cosma/cosmo-morph' inside of [project]/

Import traces:
  Client Component Browser:
    ./components/spinners/spinner-morph.tsx [Client Component Browser]
    ./app/page.tsx [Client Component Browser]
    ./app/page.tsx [Server Component]

  Client Component SSR:
    ./components/spinners/spinner-morph.tsx [Client Component SSR]
    ./app/page.tsx [Client Component SSR]
    ./app/page.tsx [Server Component]

https://nextjs.org/docs/messages/module-not-found @ http://localhost:4200/_next/static/chunks/0aus_next_dist_00tg.dm._.js:1945
[    8578ms] [ERROR] ./app/cosma/page.tsx:3:1
Module not found: Can't resolve '@/components/cosma/playground'
  1 | import type { Metadata } from "next";
  2 | import { Navigation } from "@/components/navigation";
> 3 | import { CosmaPlayground } from "@/components/cosma/playground";
    | ^^^^^^^^^^^^^^^^^^^^^^^^^^^^^^^^^^^^^^^^^^^^^^^^^^^^^^^^^^^^^^^^
  4 | import { SiteFooter } from "@/components/site-footer";
  5 | import { CoffeeSupportCard } from "@/components/coffee-support-card";
  6 |

Import map: aliased to relative './components/cosma/playground' inside of [project]/

https://nextjs.org/docs/messages/module-not-found @ http://localhost:4200/_next/static/chunks/0aus_next_dist_00tg.dm._.js:1945
[    8641ms] [ERROR] ./app/page.tsx:15:1
Module not found: Can't resolve '@/components/cosma/cosmo-morph'
  13 | import { PixelIconRocket } from "@/components/pixel-icon-rocket";
  14 | import CodeIcon from "@/components/icons/code-icon";
> 15 | import { CosmoMorph } from "@/components/cosma/cosmo-morph";
     | ^^^^^^^^^^^^^^^^^^^^^^^^^^^^^^^^^^^^^^^^^^^^^^^^^^^^^^^^^^^^
  16 | import { SpinnerMorph } from "@/components/spinners/spinner-morph";
  17 |
  18 | const structuredData = {

Import map: aliased to relative './components/cosma/cosmo-morph' inside of [project]/

Import traces:
  Client Component Browser:
    ./app/page.tsx [Client Component Browser]
    ./app/page.tsx [Server Component]

  Client Component SSR:
    ./app/page.tsx [Client Component SSR]
    ./app/page.tsx [Server Component]

https://nextjs.org/docs/messages/module-not-found @ http://localhost:4200/_next/static/chunks/0aus_next_dist_00tg.dm._.js:1945
[    8641ms] [ERROR] ./components/spinners/spinner-morph.tsx:16:1
Module not found: Can't resolve '@/components/cosma/cosmo-morph'
  14 | import { ScrollTrigger } from "gsap/ScrollTrigger";
  15 | import { useGSAP } from "@gsap/react";
> 16 | import { TickSlider } from "@/components/cosma/cosmo-morph";
     | ^^^^^^^^^^^^^^^^^^^^^^^^^^^^^^^^^^^^^^^^^^^^^^^^^^^^^^^^^^^^
  17 | import {
  18 |   PixelSpinner,
  19 |   type SpinnerAnimation,

Import map: aliased to relative './components/cosma/cosmo-morph' inside of [project]/

Import traces:
  Client Component Browser:
    ./components/spinners/spinner-morph.tsx [Client Component Browser]
    ./app/page.tsx [Client Component Browser]
    ./app/page.tsx [Server Component]

  Client Component SSR:
    ./components/spinners/spinner-morph.tsx [Client Component SSR]
    ./app/page.tsx [Client Component SSR]
    ./app/page.tsx [Server Component]

https://nextjs.org/docs/messages/module-not-found @ http://localhost:4200/_next/static/chunks/0aus_next_dist_00tg.dm._.js:1945
[    8641ms] [ERROR] ./app/cosma/page.tsx:3:1
Module not found: Can't resolve '@/components/cosma/playground'
  1 | import type { Metadata } from "next";
  2 | import { Navigation } from "@/components/navigation";
> 3 | import { CosmaPlayground } from "@/components/cosma/playground";
    | ^^^^^^^^^^^^^^^^^^^^^^^^^^^^^^^^^^^^^^^^^^^^^^^^^^^^^^^^^^^^^^^^
  4 | import { SiteFooter } from "@/components/site-footer";
  5 | import { CoffeeSupportCard } from "@/components/coffee-support-card";
  6 |

Import map: aliased to relative './components/cosma/playground' inside of [project]/

https://nextjs.org/docs/messages/module-not-found @ http://localhost:4200/_next/static/chunks/0aus_next_dist_00tg.dm._.js:1945
[    8702ms] [ERROR] ./app/page.tsx:15:1
Module not found: Can't resolve '@/components/cosma/cosmo-morph'
  13 | import { PixelIconRocket } from "@/components/pixel-icon-rocket";
  14 | import CodeIcon from "@/components/icons/code-icon";
> 15 | import { CosmoMorph } from "@/components/cosma/cosmo-morph";
     | ^^^^^^^^^^^^^^^^^^^^^^^^^^^^^^^^^^^^^^^^^^^^^^^^^^^^^^^^^^^^
  16 | import { SpinnerMorph } from "@/components/spinners/spinner-morph";
  17 |
  18 | const structuredData = {

Import map: aliased to relative './components/cosma/cosmo-morph' inside of [project]/

Import traces:
  Client Component Browser:
    ./app/page.tsx [Client Component Browser]
    ./app/page.tsx [Server Component]

  Client Component SSR:
    ./app/page.tsx [Client Component SSR]
    ./app/page.tsx [Server Component]

https://nextjs.org/docs/messages/module-not-found @ http://localhost:4200/_next/static/chunks/0aus_next_dist_00tg.dm._.js:1945
[    8702ms] [ERROR] ./components/spinners/spinner-morph.tsx:16:1
Module not found: Can't resolve '@/components/cosma/cosmo-morph'
  14 | import { ScrollTrigger } from "gsap/ScrollTrigger";
  15 | import { useGSAP } from "@gsap/react";
> 16 | import { TickSlider } from "@/components/cosma/cosmo-morph";
     | ^^^^^^^^^^^^^^^^^^^^^^^^^^^^^^^^^^^^^^^^^^^^^^^^^^^^^^^^^^^^
  17 | import {
  18 |   PixelSpinner,
  19 |   type SpinnerAnimation,

Import map: aliased to relative './components/cosma/cosmo-morph' inside of [project]/

Import traces:
  Client Component Browser:
    ./components/spinners/spinner-morph.tsx [Client Component Browser]
    ./app/page.tsx [Client Component Browser]
    ./app/page.tsx [Server Component]

  Client Component SSR:
    ./components/spinners/spinner-morph.tsx [Client Component SSR]
    ./app/page.tsx [Client Component SSR]
    ./app/page.tsx [Server Component]

https://nextjs.org/docs/messages/module-not-found @ http://localhost:4200/_next/static/chunks/0aus_next_dist_00tg.dm._.js:1945
[    8702ms] [ERROR] ./app/cosma/page.tsx:3:1
Module not found: Can't resolve '@/components/cosma/playground'
  1 | import type { Metadata } from "next";
  2 | import { Navigation } from "@/components/navigation";
> 3 | import { CosmaPlayground } from "@/components/cosma/playground";
    | ^^^^^^^^^^^^^^^^^^^^^^^^^^^^^^^^^^^^^^^^^^^^^^^^^^^^^^^^^^^^^^^^
  4 | import { SiteFooter } from "@/components/site-footer";
  5 | import { CoffeeSupportCard } from "@/components/coffee-support-card";
  6 |

Import map: aliased to relative './components/cosma/playground' inside of [project]/

https://nextjs.org/docs/messages/module-not-found @ http://localhost:4200/_next/static/chunks/0aus_next_dist_00tg.dm._.js:1945
[    8766ms] [ERROR] ./app/page.tsx:15:1
Module not found: Can't resolve '@/components/cosma/cosmo-morph'
  13 | import { PixelIconRocket } from "@/components/pixel-icon-rocket";
  14 | import CodeIcon from "@/components/icons/code-icon";
> 15 | import { CosmoMorph } from "@/components/cosma/cosmo-morph";
     | ^^^^^^^^^^^^^^^^^^^^^^^^^^^^^^^^^^^^^^^^^^^^^^^^^^^^^^^^^^^^
  16 | import { SpinnerMorph } from "@/components/spinners/spinner-morph";
  17 |
  18 | const structuredData = {

Import map: aliased to relative './components/cosma/cosmo-morph' inside of [project]/

Import traces:
  Client Component Browser:
    ./app/page.tsx [Client Component Browser]
    ./app/page.tsx [Server Component]

  Client Component SSR:
    ./app/page.tsx [Client Component SSR]
    ./app/page.tsx [Server Component]

https://nextjs.org/docs/messages/module-not-found @ http://localhost:4200/_next/static/chunks/0aus_next_dist_00tg.dm._.js:1945
[    8766ms] [ERROR] ./components/spinners/spinner-morph.tsx:16:1
Module not found: Can't resolve '@/components/cosma/cosmo-morph'
  14 | import { ScrollTrigger } from "gsap/ScrollTrigger";
  15 | import { useGSAP } from "@gsap/react";
> 16 | import { TickSlider } from "@/components/cosma/cosmo-morph";
     | ^^^^^^^^^^^^^^^^^^^^^^^^^^^^^^^^^^^^^^^^^^^^^^^^^^^^^^^^^^^^
  17 | import {
  18 |   PixelSpinner,
  19 |   type SpinnerAnimation,

Import map: aliased to relative './components/cosma/cosmo-morph' inside of [project]/

Import traces:
  Client Component Browser:
    ./components/spinners/spinner-morph.tsx [Client Component Browser]
    ./app/page.tsx [Client Component Browser]
    ./app/page.tsx [Server Component]

  Client Component SSR:
    ./components/spinners/spinner-morph.tsx [Client Component SSR]
    ./app/page.tsx [Client Component SSR]
    ./app/page.tsx [Server Component]

https://nextjs.org/docs/messages/module-not-found @ http://localhost:4200/_next/static/chunks/0aus_next_dist_00tg.dm._.js:1945
[    8766ms] [ERROR] ./app/cosma/page.tsx:3:1
Module not found: Can't resolve '@/components/cosma/playground'
  1 | import type { Metadata } from "next";
  2 | import { Navigation } from "@/components/navigation";
> 3 | import { CosmaPlayground } from "@/components/cosma/playground";
    | ^^^^^^^^^^^^^^^^^^^^^^^^^^^^^^^^^^^^^^^^^^^^^^^^^^^^^^^^^^^^^^^^
  4 | import { SiteFooter } from "@/components/site-footer";
  5 | import { CoffeeSupportCard } from "@/components/coffee-support-card";
  6 |

Import map: aliased to relative './components/cosma/playground' inside of [project]/

https://nextjs.org/docs/messages/module-not-found @ http://localhost:4200/_next/static/chunks/0aus_next_dist_00tg.dm._.js:1945
[    8830ms] [ERROR] ./app/page.tsx:15:1
Module not found: Can't resolve '@/components/cosma/cosmo-morph'
  13 | import { PixelIconRocket } from "@/components/pixel-icon-rocket";
  14 | import CodeIcon from "@/components/icons/code-icon";
> 15 | import { CosmoMorph } from "@/components/cosma/cosmo-morph";
     | ^^^^^^^^^^^^^^^^^^^^^^^^^^^^^^^^^^^^^^^^^^^^^^^^^^^^^^^^^^^^
  16 | import { SpinnerMorph } from "@/components/spinners/spinner-morph";
  17 |
  18 | const structuredData = {

Import map: aliased to relative './components/cosma/cosmo-morph' inside of [project]/

Import traces:
  Client Component Browser:
    ./app/page.tsx [Client Component Browser]
    ./app/page.tsx [Server Component]

  Client Component SSR:
    ./app/page.tsx [Client Component SSR]
    ./app/page.tsx [Server Component]

https://nextjs.org/docs/messages/module-not-found @ http://localhost:4200/_next/static/chunks/0aus_next_dist_00tg.dm._.js:1945
[    8830ms] [ERROR] ./components/spinners/spinner-morph.tsx:16:1
Module not found: Can't resolve '@/components/cosma/cosmo-morph'
  14 | import { ScrollTrigger } from "gsap/ScrollTrigger";
  15 | import { useGSAP } from "@gsap/react";
> 16 | import { TickSlider } from "@/components/cosma/cosmo-morph";
     | ^^^^^^^^^^^^^^^^^^^^^^^^^^^^^^^^^^^^^^^^^^^^^^^^^^^^^^^^^^^^
  17 | import {
  18 |   PixelSpinner,
  19 |   type SpinnerAnimation,

Import map: aliased to relative './components/cosma/cosmo-morph' inside of [project]/

Import traces:
  Client Component Browser:
    ./components/spinners/spinner-morph.tsx [Client Component Browser]
    ./app/page.tsx [Client Component Browser]
    ./app/page.tsx [Server Component]

  Client Component SSR:
    ./components/spinners/spinner-morph.tsx [Client Component SSR]
    ./app/page.tsx [Client Component SSR]
    ./app/page.tsx [Server Component]

https://nextjs.org/docs/messages/module-not-found @ http://localhost:4200/_next/static/chunks/0aus_next_dist_00tg.dm._.js:1945
[    8830ms] [ERROR] ./app/cosma/page.tsx:3:1
Module not found: Can't resolve '@/components/cosma/playground'
  1 | import type { Metadata } from "next";
  2 | import { Navigation } from "@/components/navigation";
> 3 | import { CosmaPlayground } from "@/components/cosma/playground";
    | ^^^^^^^^^^^^^^^^^^^^^^^^^^^^^^^^^^^^^^^^^^^^^^^^^^^^^^^^^^^^^^^^
  4 | import { SiteFooter } from "@/components/site-footer";
  5 | import { CoffeeSupportCard } from "@/components/coffee-support-card";
  6 |

Import map: aliased to relative './components/cosma/playground' inside of [project]/

https://nextjs.org/docs/messages/module-not-found @ http://localhost:4200/_next/static/chunks/0aus_next_dist_00tg.dm._.js:1945
[    8895ms] [ERROR] ./app/page.tsx:15:1
Module not found: Can't resolve '@/components/cosma/cosmo-morph'
  13 | import { PixelIconRocket } from "@/components/pixel-icon-rocket";
  14 | import CodeIcon from "@/components/icons/code-icon";
> 15 | import { CosmoMorph } from "@/components/cosma/cosmo-morph";
     | ^^^^^^^^^^^^^^^^^^^^^^^^^^^^^^^^^^^^^^^^^^^^^^^^^^^^^^^^^^^^
  16 | import { SpinnerMorph } from "@/components/spinners/spinner-morph";
  17 |
  18 | const structuredData = {

Import map: aliased to relative './components/cosma/cosmo-morph' inside of [project]/

Import traces:
  Client Component Browser:
    ./app/page.tsx [Client Component Browser]
    ./app/page.tsx [Server Component]

  Client Component SSR:
    ./app/page.tsx [Client Component SSR]
    ./app/page.tsx [Server Component]

https://nextjs.org/docs/messages/module-not-found @ http://localhost:4200/_next/static/chunks/0aus_next_dist_00tg.dm._.js:1945
[    8896ms] [ERROR] ./components/spinners/spinner-morph.tsx:16:1
Module not found: Can't resolve '@/components/cosma/cosmo-morph'
  14 | import { ScrollTrigger } from "gsap/ScrollTrigger";
  15 | import { useGSAP } from "@gsap/react";
> 16 | import { TickSlider } from "@/components/cosma/cosmo-morph";
     | ^^^^^^^^^^^^^^^^^^^^^^^^^^^^^^^^^^^^^^^^^^^^^^^^^^^^^^^^^^^^
  17 | import {
  18 |   PixelSpinner,
  19 |   type SpinnerAnimation,

Import map: aliased to relative './components/cosma/cosmo-morph' inside of [project]/

Import traces:
  Client Component Browser:
    ./components/spinners/spinner-morph.tsx [Client Component Browser]
    ./app/page.tsx [Client Component Browser]
    ./app/page.tsx [Server Component]

  Client Component SSR:
    ./components/spinners/spinner-morph.tsx [Client Component SSR]
    ./app/page.tsx [Client Component SSR]
    ./app/page.tsx [Server Component]

https://nextjs.org/docs/messages/module-not-found @ http://localhost:4200/_next/static/chunks/0aus_next_dist_00tg.dm._.js:1945
[    8896ms] [ERROR] ./app/cosma/page.tsx:3:1
Module not found: Can't resolve '@/components/cosma/playground'
  1 | import type { Metadata } from "next";
  2 | import { Navigation } from "@/components/navigation";
> 3 | import { CosmaPlayground } from "@/components/cosma/playground";
    | ^^^^^^^^^^^^^^^^^^^^^^^^^^^^^^^^^^^^^^^^^^^^^^^^^^^^^^^^^^^^^^^^
  4 | import { SiteFooter } from "@/components/site-footer";
  5 | import { CoffeeSupportCard } from "@/components/coffee-support-card";
  6 |

Import map: aliased to relative './components/cosma/playground' inside of [project]/

https://nextjs.org/docs/messages/module-not-found @ http://localhost:4200/_next/static/chunks/0aus_next_dist_00tg.dm._.js:1945
[    8960ms] [ERROR] ./app/page.tsx:15:1
Module not found: Can't resolve '@/components/cosma/cosmo-morph'
  13 | import { PixelIconRocket } from "@/components/pixel-icon-rocket";
  14 | import CodeIcon from "@/components/icons/code-icon";
> 15 | import { CosmoMorph } from "@/components/cosma/cosmo-morph";
     | ^^^^^^^^^^^^^^^^^^^^^^^^^^^^^^^^^^^^^^^^^^^^^^^^^^^^^^^^^^^^
  16 | import { SpinnerMorph } from "@/components/spinners/spinner-morph";
  17 |
  18 | const structuredData = {

Import map: aliased to relative './components/cosma/cosmo-morph' inside of [project]/

Import traces:
  Client Component Browser:
    ./app/page.tsx [Client Component Browser]
    ./app/page.tsx [Server Component]

  Client Component SSR:
    ./app/page.tsx [Client Component SSR]
    ./app/page.tsx [Server Component]

https://nextjs.org/docs/messages/module-not-found @ http://localhost:4200/_next/static/chunks/0aus_next_dist_00tg.dm._.js:1945
[    8960ms] [ERROR] ./components/spinners/spinner-morph.tsx:16:1
Module not found: Can't resolve '@/components/cosma/cosmo-morph'
  14 | import { ScrollTrigger } from "gsap/ScrollTrigger";
  15 | import { useGSAP } from "@gsap/react";
> 16 | import { TickSlider } from "@/components/cosma/cosmo-morph";
     | ^^^^^^^^^^^^^^^^^^^^^^^^^^^^^^^^^^^^^^^^^^^^^^^^^^^^^^^^^^^^
  17 | import {
  18 |   PixelSpinner,
  19 |   type SpinnerAnimation,

Import map: aliased to relative './components/cosma/cosmo-morph' inside of [project]/

Import traces:
  Client Component Browser:
    ./components/spinners/spinner-morph.tsx [Client Component Browser]
    ./app/page.tsx [Client Component Browser]
    ./app/page.tsx [Server Component]

  Client Component SSR:
    ./components/spinners/spinner-morph.tsx [Client Component SSR]
    ./app/page.tsx [Client Component SSR]
    ./app/page.tsx [Server Component]

https://nextjs.org/docs/messages/module-not-found @ http://localhost:4200/_next/static/chunks/0aus_next_dist_00tg.dm._.js:1945
[    8961ms] [ERROR] ./app/cosma/page.tsx:3:1
Module not found: Can't resolve '@/components/cosma/playground'
  1 | import type { Metadata } from "next";
  2 | import { Navigation } from "@/components/navigation";
> 3 | import { CosmaPlayground } from "@/components/cosma/playground";
    | ^^^^^^^^^^^^^^^^^^^^^^^^^^^^^^^^^^^^^^^^^^^^^^^^^^^^^^^^^^^^^^^^
  4 | import { SiteFooter } from "@/components/site-footer";
  5 | import { CoffeeSupportCard } from "@/components/coffee-support-card";
  6 |

Import map: aliased to relative './components/cosma/playground' inside of [project]/

https://nextjs.org/docs/messages/module-not-found @ http://localhost:4200/_next/static/chunks/0aus_next_dist_00tg.dm._.js:1945
[    9026ms] [ERROR] ./app/page.tsx:15:1
Module not found: Can't resolve '@/components/cosma/cosmo-morph'
  13 | import { PixelIconRocket } from "@/components/pixel-icon-rocket";
  14 | import CodeIcon from "@/components/icons/code-icon";
> 15 | import { CosmoMorph } from "@/components/cosma/cosmo-morph";
     | ^^^^^^^^^^^^^^^^^^^^^^^^^^^^^^^^^^^^^^^^^^^^^^^^^^^^^^^^^^^^
  16 | import { SpinnerMorph } from "@/components/spinners/spinner-morph";
  17 |
  18 | const structuredData = {

Import map: aliased to relative './components/cosma/cosmo-morph' inside of [project]/

Import traces:
  Client Component Browser:
    ./app/page.tsx [Client Component Browser]
    ./app/page.tsx [Server Component]

  Client Component SSR:
    ./app/page.tsx [Client Component SSR]
    ./app/page.tsx [Server Component]

https://nextjs.org/docs/messages/module-not-found @ http://localhost:4200/_next/static/chunks/0aus_next_dist_00tg.dm._.js:1945
[    9026ms] [ERROR] ./components/spinners/spinner-morph.tsx:16:1
Module not found: Can't resolve '@/components/cosma/cosmo-morph'
  14 | import { ScrollTrigger } from "gsap/ScrollTrigger";
  15 | import { useGSAP } from "@gsap/react";
> 16 | import { TickSlider } from "@/components/cosma/cosmo-morph";
     | ^^^^^^^^^^^^^^^^^^^^^^^^^^^^^^^^^^^^^^^^^^^^^^^^^^^^^^^^^^^^
  17 | import {
  18 |   PixelSpinner,
  19 |   type SpinnerAnimation,

Import map: aliased to relative './components/cosma/cosmo-morph' inside of [project]/

Import traces:
  Client Component Browser:
    ./components/spinners/spinner-morph.tsx [Client Component Browser]
    ./app/page.tsx [Client Component Browser]
    ./app/page.tsx [Server Component]

  Client Component SSR:
    ./components/spinners/spinner-morph.tsx [Client Component SSR]
    ./app/page.tsx [Client Component SSR]
    ./app/page.tsx [Server Component]

https://nextjs.org/docs/messages/module-not-found @ http://localhost:4200/_next/static/chunks/0aus_next_dist_00tg.dm._.js:1945
[    9026ms] [ERROR] ./app/cosma/page.tsx:3:1
Module not found: Can't resolve '@/components/cosma/playground'
  1 | import type { Metadata } from "next";
  2 | import { Navigation } from "@/components/navigation";
> 3 | import { CosmaPlayground } from "@/components/cosma/playground";
    | ^^^^^^^^^^^^^^^^^^^^^^^^^^^^^^^^^^^^^^^^^^^^^^^^^^^^^^^^^^^^^^^^
  4 | import { SiteFooter } from "@/components/site-footer";
  5 | import { CoffeeSupportCard } from "@/components/coffee-support-card";
  6 |

Import map: aliased to relative './components/cosma/playground' inside of [project]/

https://nextjs.org/docs/messages/module-not-found @ http://localhost:4200/_next/static/chunks/0aus_next_dist_00tg.dm._.js:1945
[    9092ms] [ERROR] ./app/page.tsx:15:1
Module not found: Can't resolve '@/components/cosma/cosmo-morph'
  13 | import { PixelIconRocket } from "@/components/pixel-icon-rocket";
  14 | import CodeIcon from "@/components/icons/code-icon";
> 15 | import { CosmoMorph } from "@/components/cosma/cosmo-morph";
     | ^^^^^^^^^^^^^^^^^^^^^^^^^^^^^^^^^^^^^^^^^^^^^^^^^^^^^^^^^^^^
  16 | import { SpinnerMorph } from "@/components/spinners/spinner-morph";
  17 |
  18 | const structuredData = {

Import map: aliased to relative './components/cosma/cosmo-morph' inside of [project]/

Import traces:
  Client Component Browser:
    ./app/page.tsx [Client Component Browser]
    ./app/page.tsx [Server Component]

  Client Component SSR:
    ./app/page.tsx [Client Component SSR]
    ./app/page.tsx [Server Component]

https://nextjs.org/docs/messages/module-not-found @ http://localhost:4200/_next/static/chunks/0aus_next_dist_00tg.dm._.js:1945
[    9092ms] [ERROR] ./components/spinners/spinner-morph.tsx:16:1
Module not found: Can't resolve '@/components/cosma/cosmo-morph'
  14 | import { ScrollTrigger } from "gsap/ScrollTrigger";
  15 | import { useGSAP } from "@gsap/react";
> 16 | import { TickSlider } from "@/components/cosma/cosmo-morph";
     | ^^^^^^^^^^^^^^^^^^^^^^^^^^^^^^^^^^^^^^^^^^^^^^^^^^^^^^^^^^^^
  17 | import {
  18 |   PixelSpinner,
  19 |   type SpinnerAnimation,

Import map: aliased to relative './components/cosma/cosmo-morph' inside of [project]/

Import traces:
  Client Component Browser:
    ./components/spinners/spinner-morph.tsx [Client Component Browser]
    ./app/page.tsx [Client Component Browser]
    ./app/page.tsx [Server Component]

  Client Component SSR:
    ./components/spinners/spinner-morph.tsx [Client Component SSR]
    ./app/page.tsx [Client Component SSR]
    ./app/page.tsx [Server Component]

https://nextjs.org/docs/messages/module-not-found @ http://localhost:4200/_next/static/chunks/0aus_next_dist_00tg.dm._.js:1945
[    9092ms] [ERROR] ./app/cosma/page.tsx:3:1
Module not found: Can't resolve '@/components/cosma/playground'
  1 | import type { Metadata } from "next";
  2 | import { Navigation } from "@/components/navigation";
> 3 | import { CosmaPlayground } from "@/components/cosma/playground";
    | ^^^^^^^^^^^^^^^^^^^^^^^^^^^^^^^^^^^^^^^^^^^^^^^^^^^^^^^^^^^^^^^^
  4 | import { SiteFooter } from "@/components/site-footer";
  5 | import { CoffeeSupportCard } from "@/components/coffee-support-card";
  6 |

Import map: aliased to relative './components/cosma/playground' inside of [project]/

https://nextjs.org/docs/messages/module-not-found @ http://localhost:4200/_next/static/chunks/0aus_next_dist_00tg.dm._.js:1945
[    9159ms] [ERROR] ./app/page.tsx:15:1
Module not found: Can't resolve '@/components/cosma/cosmo-morph'
  13 | import { PixelIconRocket } from "@/components/pixel-icon-rocket";
  14 | import CodeIcon from "@/components/icons/code-icon";
> 15 | import { CosmoMorph } from "@/components/cosma/cosmo-morph";
     | ^^^^^^^^^^^^^^^^^^^^^^^^^^^^^^^^^^^^^^^^^^^^^^^^^^^^^^^^^^^^
  16 | import { SpinnerMorph } from "@/components/spinners/spinner-morph";
  17 |
  18 | const structuredData = {

Import map: aliased to relative './components/cosma/cosmo-morph' inside of [project]/

Import traces:
  Client Component Browser:
    ./app/page.tsx [Client Component Browser]
    ./app/page.tsx [Server Component]

  Client Component SSR:
    ./app/page.tsx [Client Component SSR]
    ./app/page.tsx [Server Component]

https://nextjs.org/docs/messages/module-not-found @ http://localhost:4200/_next/static/chunks/0aus_next_dist_00tg.dm._.js:1945
[    9159ms] [ERROR] ./components/spinners/spinner-morph.tsx:16:1
Module not found: Can't resolve '@/components/cosma/cosmo-morph'
  14 | import { ScrollTrigger } from "gsap/ScrollTrigger";
  15 | import { useGSAP } from "@gsap/react";
> 16 | import { TickSlider } from "@/components/cosma/cosmo-morph";
     | ^^^^^^^^^^^^^^^^^^^^^^^^^^^^^^^^^^^^^^^^^^^^^^^^^^^^^^^^^^^^
  17 | import {
  18 |   PixelSpinner,
  19 |   type SpinnerAnimation,

Import map: aliased to relative './components/cosma/cosmo-morph' inside of [project]/

Import traces:
  Client Component Browser:
    ./components/spinners/spinner-morph.tsx [Client Component Browser]
    ./app/page.tsx [Client Component Browser]
    ./app/page.tsx [Server Component]

  Client Component SSR:
    ./components/spinners/spinner-morph.tsx [Client Component SSR]
    ./app/page.tsx [Client Component SSR]
    ./app/page.tsx [Server Component]

https://nextjs.org/docs/messages/module-not-found @ http://localhost:4200/_next/static/chunks/0aus_next_dist_00tg.dm._.js:1945
[    9159ms] [ERROR] ./app/cosma/page.tsx:3:1
Module not found: Can't resolve '@/components/cosma/playground'
  1 | import type { Metadata } from "next";
  2 | import { Navigation } from "@/components/navigation";
> 3 | import { CosmaPlayground } from "@/components/cosma/playground";
    | ^^^^^^^^^^^^^^^^^^^^^^^^^^^^^^^^^^^^^^^^^^^^^^^^^^^^^^^^^^^^^^^^
  4 | import { SiteFooter } from "@/components/site-footer";
  5 | import { CoffeeSupportCard } from "@/components/coffee-support-card";
  6 |

Import map: aliased to relative './components/cosma/playground' inside of [project]/

https://nextjs.org/docs/messages/module-not-found @ http://localhost:4200/_next/static/chunks/0aus_next_dist_00tg.dm._.js:1945
[    9223ms] [ERROR] ./app/page.tsx:15:1
Module not found: Can't resolve '@/components/cosma/cosmo-morph'
  13 | import { PixelIconRocket } from "@/components/pixel-icon-rocket";
  14 | import CodeIcon from "@/components/icons/code-icon";
> 15 | import { CosmoMorph } from "@/components/cosma/cosmo-morph";
     | ^^^^^^^^^^^^^^^^^^^^^^^^^^^^^^^^^^^^^^^^^^^^^^^^^^^^^^^^^^^^
  16 | import { SpinnerMorph } from "@/components/spinners/spinner-morph";
  17 |
  18 | const structuredData = {

Import map: aliased to relative './components/cosma/cosmo-morph' inside of [project]/

Import traces:
  Client Component Browser:
    ./app/page.tsx [Client Component Browser]
    ./app/page.tsx [Server Component]

  Client Component SSR:
    ./app/page.tsx [Client Component SSR]
    ./app/page.tsx [Server Component]

https://nextjs.org/docs/messages/module-not-found @ http://localhost:4200/_next/static/chunks/0aus_next_dist_00tg.dm._.js:1945
[    9223ms] [ERROR] ./components/spinners/spinner-morph.tsx:16:1
Module not found: Can't resolve '@/components/cosma/cosmo-morph'
  14 | import { ScrollTrigger } from "gsap/ScrollTrigger";
  15 | import { useGSAP } from "@gsap/react";
> 16 | import { TickSlider } from "@/components/cosma/cosmo-morph";
     | ^^^^^^^^^^^^^^^^^^^^^^^^^^^^^^^^^^^^^^^^^^^^^^^^^^^^^^^^^^^^
  17 | import {
  18 |   PixelSpinner,
  19 |   type SpinnerAnimation,

Import map: aliased to relative './components/cosma/cosmo-morph' inside of [project]/

Import traces:
  Client Component Browser:
    ./components/spinners/spinner-morph.tsx [Client Component Browser]
    ./app/page.tsx [Client Component Browser]
    ./app/page.tsx [Server Component]

  Client Component SSR:
    ./components/spinners/spinner-morph.tsx [Client Component SSR]
    ./app/page.tsx [Client Component SSR]
    ./app/page.tsx [Server Component]

https://nextjs.org/docs/messages/module-not-found @ http://localhost:4200/_next/static/chunks/0aus_next_dist_00tg.dm._.js:1945
[    9223ms] [ERROR] ./app/cosma/page.tsx:3:1
Module not found: Can't resolve '@/components/cosma/playground'
  1 | import type { Metadata } from "next";
  2 | import { Navigation } from "@/components/navigation";
> 3 | import { CosmaPlayground } from "@/components/cosma/playground";
    | ^^^^^^^^^^^^^^^^^^^^^^^^^^^^^^^^^^^^^^^^^^^^^^^^^^^^^^^^^^^^^^^^
  4 | import { SiteFooter } from "@/components/site-footer";
  5 | import { CoffeeSupportCard } from "@/components/coffee-support-card";
  6 |

Import map: aliased to relative './components/cosma/playground' inside of [project]/

https://nextjs.org/docs/messages/module-not-found @ http://localhost:4200/_next/static/chunks/0aus_next_dist_00tg.dm._.js:1945
[    9289ms] [ERROR] ./app/page.tsx:15:1
Module not found: Can't resolve '@/components/cosma/cosmo-morph'
  13 | import { PixelIconRocket } from "@/components/pixel-icon-rocket";
  14 | import CodeIcon from "@/components/icons/code-icon";
> 15 | import { CosmoMorph } from "@/components/cosma/cosmo-morph";
     | ^^^^^^^^^^^^^^^^^^^^^^^^^^^^^^^^^^^^^^^^^^^^^^^^^^^^^^^^^^^^
  16 | import { SpinnerMorph } from "@/components/spinners/spinner-morph";
  17 |
  18 | const structuredData = {

Import map: aliased to relative './components/cosma/cosmo-morph' inside of [project]/

Import traces:
  Client Component Browser:
    ./app/page.tsx [Client Component Browser]
    ./app/page.tsx [Server Component]

  Client Component SSR:
    ./app/page.tsx [Client Component SSR]
    ./app/page.tsx [Server Component]

https://nextjs.org/docs/messages/module-not-found @ http://localhost:4200/_next/static/chunks/0aus_next_dist_00tg.dm._.js:1945
[    9289ms] [ERROR] ./components/spinners/spinner-morph.tsx:16:1
Module not found: Can't resolve '@/components/cosma/cosmo-morph'
  14 | import { ScrollTrigger } from "gsap/ScrollTrigger";
  15 | import { useGSAP } from "@gsap/react";
> 16 | import { TickSlider } from "@/components/cosma/cosmo-morph";
     | ^^^^^^^^^^^^^^^^^^^^^^^^^^^^^^^^^^^^^^^^^^^^^^^^^^^^^^^^^^^^
  17 | import {
  18 |   PixelSpinner,
  19 |   type SpinnerAnimation,

Import map: aliased to relative './components/cosma/cosmo-morph' inside of [project]/

Import traces:
  Client Component Browser:
    ./components/spinners/spinner-morph.tsx [Client Component Browser]
    ./app/page.tsx [Client Component Browser]
    ./app/page.tsx [Server Component]

  Client Component SSR:
    ./components/spinners/spinner-morph.tsx [Client Component SSR]
    ./app/page.tsx [Client Component SSR]
    ./app/page.tsx [Server Component]

https://nextjs.org/docs/messages/module-not-found @ http://localhost:4200/_next/static/chunks/0aus_next_dist_00tg.dm._.js:1945
[    9289ms] [ERROR] ./app/cosma/page.tsx:3:1
Module not found: Can't resolve '@/components/cosma/playground'
  1 | import type { Metadata } from "next";
  2 | import { Navigation } from "@/components/navigation";
> 3 | import { CosmaPlayground } from "@/components/cosma/playground";
    | ^^^^^^^^^^^^^^^^^^^^^^^^^^^^^^^^^^^^^^^^^^^^^^^^^^^^^^^^^^^^^^^^
  4 | import { SiteFooter } from "@/components/site-footer";
  5 | import { CoffeeSupportCard } from "@/components/coffee-support-card";
  6 |

Import map: aliased to relative './components/cosma/playground' inside of [project]/

https://nextjs.org/docs/messages/module-not-found @ http://localhost:4200/_next/static/chunks/0aus_next_dist_00tg.dm._.js:1945
[    9344ms] [ERROR] ./app/page.tsx:15:1
Module not found: Can't resolve '@/components/cosma/cosmo-morph'
  13 | import { PixelIconRocket } from "@/components/pixel-icon-rocket";
  14 | import CodeIcon from "@/components/icons/code-icon";
> 15 | import { CosmoMorph } from "@/components/cosma/cosmo-morph";
     | ^^^^^^^^^^^^^^^^^^^^^^^^^^^^^^^^^^^^^^^^^^^^^^^^^^^^^^^^^^^^
  16 | import { SpinnerMorph } from "@/components/spinners/spinner-morph";
  17 |
  18 | const structuredData = {

Import map: aliased to relative './components/cosma/cosmo-morph' inside of [project]/

Import traces:
  Client Component Browser:
    ./app/page.tsx [Client Component Browser]
    ./app/page.tsx [Server Component]

  Client Component SSR:
    ./app/page.tsx [Client Component SSR]
    ./app/page.tsx [Server Component]

https://nextjs.org/docs/messages/module-not-found @ http://localhost:4200/_next/static/chunks/0aus_next_dist_00tg.dm._.js:1945
[    9344ms] [ERROR] ./components/spinners/spinner-morph.tsx:16:1
Module not found: Can't resolve '@/components/cosma/cosmo-morph'
  14 | import { ScrollTrigger } from "gsap/ScrollTrigger";
  15 | import { useGSAP } from "@gsap/react";
> 16 | import { TickSlider } from "@/components/cosma/cosmo-morph";
     | ^^^^^^^^^^^^^^^^^^^^^^^^^^^^^^^^^^^^^^^^^^^^^^^^^^^^^^^^^^^^
  17 | import {
  18 |   PixelSpinner,
  19 |   type SpinnerAnimation,

Import map: aliased to relative './components/cosma/cosmo-morph' inside of [project]/

Import traces:
  Client Component Browser:
    ./components/spinners/spinner-morph.tsx [Client Component Browser]
    ./app/page.tsx [Client Component Browser]
    ./app/page.tsx [Server Component]

  Client Component SSR:
    ./components/spinners/spinner-morph.tsx [Client Component SSR]
    ./app/page.tsx [Client Component SSR]
    ./app/page.tsx [Server Component]

https://nextjs.org/docs/messages/module-not-found @ http://localhost:4200/_next/static/chunks/0aus_next_dist_00tg.dm._.js:1945
[    9344ms] [ERROR] ./app/cosma/page.tsx:3:1
Module not found: Can't resolve '@/components/cosma/playground'
  1 | import type { Metadata } from "next";
  2 | import { Navigation } from "@/components/navigation";
> 3 | import { CosmaPlayground } from "@/components/cosma/playground";
    | ^^^^^^^^^^^^^^^^^^^^^^^^^^^^^^^^^^^^^^^^^^^^^^^^^^^^^^^^^^^^^^^^
  4 | import { SiteFooter } from "@/components/site-footer";
  5 | import { CoffeeSupportCard } from "@/components/coffee-support-card";
  6 |

Import map: aliased to relative './components/cosma/playground' inside of [project]/

https://nextjs.org/docs/messages/module-not-found @ http://localhost:4200/_next/static/chunks/0aus_next_dist_00tg.dm._.js:1945
[    9405ms] [ERROR] ./app/page.tsx:15:1
Module not found: Can't resolve '@/components/cosma/cosmo-morph'
  13 | import { PixelIconRocket } from "@/components/pixel-icon-rocket";
  14 | import CodeIcon from "@/components/icons/code-icon";
> 15 | import { CosmoMorph } from "@/components/cosma/cosmo-morph";
     | ^^^^^^^^^^^^^^^^^^^^^^^^^^^^^^^^^^^^^^^^^^^^^^^^^^^^^^^^^^^^
  16 | import { SpinnerMorph } from "@/components/spinners/spinner-morph";
  17 |
  18 | const structuredData = {

Import map: aliased to relative './components/cosma/cosmo-morph' inside of [project]/

Import traces:
  Client Component Browser:
    ./app/page.tsx [Client Component Browser]
    ./app/page.tsx [Server Component]

  Client Component SSR:
    ./app/page.tsx [Client Component SSR]
    ./app/page.tsx [Server Component]

https://nextjs.org/docs/messages/module-not-found @ http://localhost:4200/_next/static/chunks/0aus_next_dist_00tg.dm._.js:1945
[    9406ms] [ERROR] ./components/spinners/spinner-morph.tsx:16:1
Module not found: Can't resolve '@/components/cosma/cosmo-morph'
  14 | import { ScrollTrigger } from "gsap/ScrollTrigger";
  15 | import { useGSAP } from "@gsap/react";
> 16 | import { TickSlider } from "@/components/cosma/cosmo-morph";
     | ^^^^^^^^^^^^^^^^^^^^^^^^^^^^^^^^^^^^^^^^^^^^^^^^^^^^^^^^^^^^
  17 | import {
  18 |   PixelSpinner,
  19 |   type SpinnerAnimation,

Import map: aliased to relative './components/cosma/cosmo-morph' inside of [project]/

Import traces:
  Client Component Browser:
    ./components/spinners/spinner-morph.tsx [Client Component Browser]
    ./app/page.tsx [Client Component Browser]
    ./app/page.tsx [Server Component]

  Client Component SSR:
    ./components/spinners/spinner-morph.tsx [Client Component SSR]
    ./app/page.tsx [Client Component SSR]
    ./app/page.tsx [Server Component]

https://nextjs.org/docs/messages/module-not-found @ http://localhost:4200/_next/static/chunks/0aus_next_dist_00tg.dm._.js:1945
[    9406ms] [ERROR] ./app/cosma/page.tsx:3:1
Module not found: Can't resolve '@/components/cosma/playground'
  1 | import type { Metadata } from "next";
  2 | import { Navigation } from "@/components/navigation";
> 3 | import { CosmaPlayground } from "@/components/cosma/playground";
    | ^^^^^^^^^^^^^^^^^^^^^^^^^^^^^^^^^^^^^^^^^^^^^^^^^^^^^^^^^^^^^^^^
  4 | import { SiteFooter } from "@/components/site-footer";
  5 | import { CoffeeSupportCard } from "@/components/coffee-support-card";
  6 |

Import map: aliased to relative './components/cosma/playground' inside of [project]/

https://nextjs.org/docs/messages/module-not-found @ http://localhost:4200/_next/static/chunks/0aus_next_dist_00tg.dm._.js:1945
[    9470ms] [ERROR] ./app/page.tsx:15:1
Module not found: Can't resolve '@/components/cosma/cosmo-morph'
  13 | import { PixelIconRocket } from "@/components/pixel-icon-rocket";
  14 | import CodeIcon from "@/components/icons/code-icon";
> 15 | import { CosmoMorph } from "@/components/cosma/cosmo-morph";
     | ^^^^^^^^^^^^^^^^^^^^^^^^^^^^^^^^^^^^^^^^^^^^^^^^^^^^^^^^^^^^
  16 | import { SpinnerMorph } from "@/components/spinners/spinner-morph";
  17 |
  18 | const structuredData = {

Import map: aliased to relative './components/cosma/cosmo-morph' inside of [project]/

Import traces:
  Client Component Browser:
    ./app/page.tsx [Client Component Browser]
    ./app/page.tsx [Server Component]

  Client Component SSR:
    ./app/page.tsx [Client Component SSR]
    ./app/page.tsx [Server Component]

https://nextjs.org/docs/messages/module-not-found @ http://localhost:4200/_next/static/chunks/0aus_next_dist_00tg.dm._.js:1945
[    9470ms] [ERROR] ./components/spinners/spinner-morph.tsx:16:1
Module not found: Can't resolve '@/components/cosma/cosmo-morph'
  14 | import { ScrollTrigger } from "gsap/ScrollTrigger";
  15 | import { useGSAP } from "@gsap/react";
> 16 | import { TickSlider } from "@/components/cosma/cosmo-morph";
     | ^^^^^^^^^^^^^^^^^^^^^^^^^^^^^^^^^^^^^^^^^^^^^^^^^^^^^^^^^^^^
  17 | import {
  18 |   PixelSpinner,
  19 |   type SpinnerAnimation,

Import map: aliased to relative './components/cosma/cosmo-morph' inside of [project]/

Import traces:
  Client Component Browser:
    ./components/spinners/spinner-morph.tsx [Client Component Browser]
    ./app/page.tsx [Client Component Browser]
    ./app/page.tsx [Server Component]

  Client Component SSR:
    ./components/spinners/spinner-morph.tsx [Client Component SSR]
    ./app/page.tsx [Client Component SSR]
    ./app/page.tsx [Server Component]

https://nextjs.org/docs/messages/module-not-found @ http://localhost:4200/_next/static/chunks/0aus_next_dist_00tg.dm._.js:1945
[    9470ms] [ERROR] ./app/cosma/page.tsx:3:1
Module not found: Can't resolve '@/components/cosma/playground'
  1 | import type { Metadata } from "next";
  2 | import { Navigation } from "@/components/navigation";
> 3 | import { CosmaPlayground } from "@/components/cosma/playground";
    | ^^^^^^^^^^^^^^^^^^^^^^^^^^^^^^^^^^^^^^^^^^^^^^^^^^^^^^^^^^^^^^^^
  4 | import { SiteFooter } from "@/components/site-footer";
  5 | import { CoffeeSupportCard } from "@/components/coffee-support-card";
  6 |

Import map: aliased to relative './components/cosma/playground' inside of [project]/

https://nextjs.org/docs/messages/module-not-found @ http://localhost:4200/_next/static/chunks/0aus_next_dist_00tg.dm._.js:1945
[    9533ms] [ERROR] ./app/page.tsx:15:1
Module not found: Can't resolve '@/components/cosma/cosmo-morph'
  13 | import { PixelIconRocket } from "@/components/pixel-icon-rocket";
  14 | import CodeIcon from "@/components/icons/code-icon";
> 15 | import { CosmoMorph } from "@/components/cosma/cosmo-morph";
     | ^^^^^^^^^^^^^^^^^^^^^^^^^^^^^^^^^^^^^^^^^^^^^^^^^^^^^^^^^^^^
  16 | import { SpinnerMorph } from "@/components/spinners/spinner-morph";
  17 |
  18 | const structuredData = {

Import map: aliased to relative './components/cosma/cosmo-morph' inside of [project]/

Import traces:
  Client Component Browser:
    ./app/page.tsx [Client Component Browser]
    ./app/page.tsx [Server Component]

  Client Component SSR:
    ./app/page.tsx [Client Component SSR]
    ./app/page.tsx [Server Component]

https://nextjs.org/docs/messages/module-not-found @ http://localhost:4200/_next/static/chunks/0aus_next_dist_00tg.dm._.js:1945
[    9533ms] [ERROR] ./components/spinners/spinner-morph.tsx:16:1
Module not found: Can't resolve '@/components/cosma/cosmo-morph'
  14 | import { ScrollTrigger } from "gsap/ScrollTrigger";
  15 | import { useGSAP } from "@gsap/react";
> 16 | import { TickSlider } from "@/components/cosma/cosmo-morph";
     | ^^^^^^^^^^^^^^^^^^^^^^^^^^^^^^^^^^^^^^^^^^^^^^^^^^^^^^^^^^^^
  17 | import {
  18 |   PixelSpinner,
  19 |   type SpinnerAnimation,

Import map: aliased to relative './components/cosma/cosmo-morph' inside of [project]/

Import traces:
  Client Component Browser:
    ./components/spinners/spinner-morph.tsx [Client Component Browser]
    ./app/page.tsx [Client Component Browser]
    ./app/page.tsx [Server Component]

  Client Component SSR:
    ./components/spinners/spinner-morph.tsx [Client Component SSR]
    ./app/page.tsx [Client Component SSR]
    ./app/page.tsx [Server Component]

https://nextjs.org/docs/messages/module-not-found @ http://localhost:4200/_next/static/chunks/0aus_next_dist_00tg.dm._.js:1945
[    9533ms] [ERROR] ./app/cosma/page.tsx:3:1
Module not found: Can't resolve '@/components/cosma/playground'
  1 | import type { Metadata } from "next";
  2 | import { Navigation } from "@/components/navigation";
> 3 | import { CosmaPlayground } from "@/components/cosma/playground";
    | ^^^^^^^^^^^^^^^^^^^^^^^^^^^^^^^^^^^^^^^^^^^^^^^^^^^^^^^^^^^^^^^^
  4 | import { SiteFooter } from "@/components/site-footer";
  5 | import { CoffeeSupportCard } from "@/components/coffee-support-card";
  6 |

Import map: aliased to relative './components/cosma/playground' inside of [project]/

https://nextjs.org/docs/messages/module-not-found @ http://localhost:4200/_next/static/chunks/0aus_next_dist_00tg.dm._.js:1945
[    9597ms] [ERROR] ./app/page.tsx:15:1
Module not found: Can't resolve '@/components/cosma/cosmo-morph'
  13 | import { PixelIconRocket } from "@/components/pixel-icon-rocket";
  14 | import CodeIcon from "@/components/icons/code-icon";
> 15 | import { CosmoMorph } from "@/components/cosma/cosmo-morph";
     | ^^^^^^^^^^^^^^^^^^^^^^^^^^^^^^^^^^^^^^^^^^^^^^^^^^^^^^^^^^^^
  16 | import { SpinnerMorph } from "@/components/spinners/spinner-morph";
  17 |
  18 | const structuredData = {

Import map: aliased to relative './components/cosma/cosmo-morph' inside of [project]/

Import traces:
  Client Component Browser:
    ./app/page.tsx [Client Component Browser]
    ./app/page.tsx [Server Component]

  Client Component SSR:
    ./app/page.tsx [Client Component SSR]
    ./app/page.tsx [Server Component]

https://nextjs.org/docs/messages/module-not-found @ http://localhost:4200/_next/static/chunks/0aus_next_dist_00tg.dm._.js:1945
[    9597ms] [ERROR] ./components/spinners/spinner-morph.tsx:16:1
Module not found: Can't resolve '@/components/cosma/cosmo-morph'
  14 | import { ScrollTrigger } from "gsap/ScrollTrigger";
  15 | import { useGSAP } from "@gsap/react";
> 16 | import { TickSlider } from "@/components/cosma/cosmo-morph";
     | ^^^^^^^^^^^^^^^^^^^^^^^^^^^^^^^^^^^^^^^^^^^^^^^^^^^^^^^^^^^^
  17 | import {
  18 |   PixelSpinner,
  19 |   type SpinnerAnimation,

Import map: aliased to relative './components/cosma/cosmo-morph' inside of [project]/

Import traces:
  Client Component Browser:
    ./components/spinners/spinner-morph.tsx [Client Component Browser]
    ./app/page.tsx [Client Component Browser]
    ./app/page.tsx [Server Component]

  Client Component SSR:
    ./components/spinners/spinner-morph.tsx [Client Component SSR]
    ./app/page.tsx [Client Component SSR]
    ./app/page.tsx [Server Component]

https://nextjs.org/docs/messages/module-not-found @ http://localhost:4200/_next/static/chunks/0aus_next_dist_00tg.dm._.js:1945
[    9597ms] [ERROR] ./app/cosma/page.tsx:3:1
Module not found: Can't resolve '@/components/cosma/playground'
  1 | import type { Metadata } from "next";
  2 | import { Navigation } from "@/components/navigation";
> 3 | import { CosmaPlayground } from "@/components/cosma/playground";
    | ^^^^^^^^^^^^^^^^^^^^^^^^^^^^^^^^^^^^^^^^^^^^^^^^^^^^^^^^^^^^^^^^
  4 | import { SiteFooter } from "@/components/site-footer";
  5 | import { CoffeeSupportCard } from "@/components/coffee-support-card";
  6 |

Import map: aliased to relative './components/cosma/playground' inside of [project]/

https://nextjs.org/docs/messages/module-not-found @ http://localhost:4200/_next/static/chunks/0aus_next_dist_00tg.dm._.js:1945
[    9698ms] [LOG] [Fast Refresh] rebuilding @ http://localhost:4200/_next/static/chunks/0aus_next_dist_00tg.dm._.js:1226
[   10776ms] [ERROR] ./components/spinners/spinner-morph.tsx:16:1
Module not found: Can't resolve '@/components/cosma/cosmo-morph'
  14 | import { ScrollTrigger } from "gsap/ScrollTrigger";
  15 | import { useGSAP } from "@gsap/react";
> 16 | import { TickSlider } from "@/components/cosma/cosmo-morph";
     | ^^^^^^^^^^^^^^^^^^^^^^^^^^^^^^^^^^^^^^^^^^^^^^^^^^^^^^^^^^^^
  17 | import {
  18 |   PixelSpinner,
  19 |   type SpinnerAnimation,

Import map: aliased to relative './components/cosma/cosmo-morph' inside of [project]/

Import traces:
  Client Component Browser:
    ./components/spinners/spinner-morph.tsx [Client Component Browser]
    ./app/page.tsx [Client Component Browser]
    ./app/page.tsx [Server Component]

  Client Component SSR:
    ./components/spinners/spinner-morph.tsx [Client Component SSR]
    ./app/page.tsx [Client Component SSR]
    ./app/page.tsx [Server Component]

https://nextjs.org/docs/messages/module-not-found @ http://localhost:4200/_next/static/chunks/0aus_next_dist_00tg.dm._.js:1945
[   10776ms] [ERROR] ./app/cosma/page.tsx:3:1
Module not found: Can't resolve '@/components/cosma/playground'
  1 | import type { Metadata } from "next";
  2 | import { Navigation } from "@/components/navigation";
> 3 | import { CosmaPlayground } from "@/components/cosma/playground";
    | ^^^^^^^^^^^^^^^^^^^^^^^^^^^^^^^^^^^^^^^^^^^^^^^^^^^^^^^^^^^^^^^^
  4 | import { SiteFooter } from "@/components/site-footer";
  5 | import { CoffeeSupportCard } from "@/components/coffee-support-card";
  6 |

Import map: aliased to relative './components/cosma/playground' inside of [project]/

https://nextjs.org/docs/messages/module-not-found @ http://localhost:4200/_next/static/chunks/0aus_next_dist_00tg.dm._.js:1945
[   10890ms] [ERROR] ./components/spinners/spinner-morph.tsx:16:1
Module not found: Can't resolve '@/components/cosma/cosmo-morph'
  14 | import { ScrollTrigger } from "gsap/ScrollTrigger";
  15 | import { useGSAP } from "@gsap/react";
> 16 | import { TickSlider } from "@/components/cosma/cosmo-morph";
     | ^^^^^^^^^^^^^^^^^^^^^^^^^^^^^^^^^^^^^^^^^^^^^^^^^^^^^^^^^^^^
  17 | import {
  18 |   PixelSpinner,
  19 |   type SpinnerAnimation,

Import map: aliased to relative './components/cosma/cosmo-morph' inside of [project]/

Import traces:
  Client Component Browser:
    ./components/spinners/spinner-morph.tsx [Client Component Browser]
    ./app/page.tsx [Client Component Browser]
    ./app/page.tsx [Server Component]

  Client Component SSR:
    ./components/spinners/spinner-morph.tsx [Client Component SSR]
    ./app/page.tsx [Client Component SSR]
    ./app/page.tsx [Server Component]

https://nextjs.org/docs/messages/module-not-found @ http://localhost:4200/_next/static/chunks/0aus_next_dist_00tg.dm._.js:1945
[   10890ms] [ERROR] ./app/cosma/page.tsx:3:1
Module not found: Can't resolve '@/components/cosma/playground'
  1 | import type { Metadata } from "next";
  2 | import { Navigation } from "@/components/navigation";
> 3 | import { CosmaPlayground } from "@/components/cosma/playground";
    | ^^^^^^^^^^^^^^^^^^^^^^^^^^^^^^^^^^^^^^^^^^^^^^^^^^^^^^^^^^^^^^^^
  4 | import { SiteFooter } from "@/components/site-footer";
  5 | import { CoffeeSupportCard } from "@/components/coffee-support-card";
  6 |

Import map: aliased to relative './components/cosma/playground' inside of [project]/

https://nextjs.org/docs/messages/module-not-found @ http://localhost:4200/_next/static/chunks/0aus_next_dist_00tg.dm._.js:1945
[   10946ms] [ERROR] Failed to load resource: the server responded with a status of 500 (Internal Server Error) @ http://localhost:4200/cosma:0
[   10990ms] [INFO] %cDownload the React DevTools for a better development experience: https://react.dev/link/react-devtools font-weight:bold @ http://localhost:4200/_next/static/chunks/0e-u_react-dom_0037m-m._.js:15305
[   10994ms] Error: ./components/spinners/spinner-morph.tsx:16:1
Module not found: Can't resolve '@/components/cosma/cosmo-morph'
  14 | import { ScrollTrigger } from "gsap/ScrollTrigger";
  15 | import { useGSAP } from "@gsap/react";
> 16 | import { TickSlider } from "@/components/cosma/cosmo-morph";
     | ^^^^^^^^^^^^^^^^^^^^^^^^^^^^^^^^^^^^^^^^^^^^^^^^^^^^^^^^^^^^
  17 | import {
  18 |   PixelSpinner,
  19 |   type SpinnerAnimation,

Import map: aliased to relative './components/cosma/cosmo-morph' inside of [project]/


Import traces:
  Client Component Browser:
    ./components/spinners/spinner-morph.tsx [Client Component Browser]
    ./app/page.tsx [Client Component Browser]
    ./app/page.tsx [Server Component]

  Client Component SSR:
    ./components/spinners/spinner-morph.tsx [Client Component SSR]
    ./app/page.tsx [Client Component SSR]
    ./app/page.tsx [Server Component]

https://nextjs.org/docs/messages/module-not-found


    at <unknown> (Error: ./components/spinners/spinner-morph.tsx:16:1)
    at <unknown> (https://nextjs.org/docs/messages/module-not-found)
    at Object.getCompilationErrors (file:///Users/godwinjanarthan/Documents/Projects/d2studio-ui/node_modules/.pnpm/next@16.2.4_@babel+core@7.28.4_react-dom@19.2.5_react@19.2.5__react@19.2.5/node_modules/next/dist/server/dev/hot-reloader-turbopack.js:1186:59)
    at DevBundlerService.getCompilationError (file:///Users/godwinjanarthan/Documents/Projects/d2studio-ui/node_modules/.pnpm/next@16.2.4_@babel+core@7.28.4_react-dom@19.2.5_react@19.2.5__react@19.2.5/node_modules/next/dist/server/lib/dev-bundler-service.js:44:55)
    at DevServer.getCompilationError (file:///Users/godwinjanarthan/Documents/Projects/d2studio-ui/node_modules/.pnpm/next@16.2.4_@babel+core@7.28.4_react-dom@19.2.5_react@19.2.5__react@19.2.5/node_modules/next/dist/server/dev/next-dev-server.js:719:42)
    at DevServer.findPageComponents (file:///Users/godwinjanarthan/Documents/Projects/d2studio-ui/node_modules/.pnpm/next@16.2.4_@babel+core@7.28.4_react-dom@19.2.5_react@19.2.5__react@19.2.5/node_modules/next/dist/server/dev/next-dev-server.js:689:43)
    at async DevServer.renderErrorToResponseImpl (file:///Users/godwinjanarthan/Documents/Projects/d2studio-ui/node_modules/.pnpm/next@16.2.4_@babel+core@7.28.4_react-dom@19.2.5_react@19.2.5__react@19.2.5/node_modules/next/dist/server/base-server.js:1745:26)
[   11000ms] [LOG] [HMR] connected @ http://localhost:4200/_next/static/chunks/0aus_next_dist_00tg.dm._.js:1226
[   11023ms] [ERROR] ./components/spinners/spinner-morph.tsx:16:1
Module not found: Can't resolve '@/components/cosma/cosmo-morph'
  14 | import { ScrollTrigger } from "gsap/ScrollTrigger";
  15 | import { useGSAP } from "@gsap/react";
> 16 | import { TickSlider } from "@/components/cosma/cosmo-morph";
     | ^^^^^^^^^^^^^^^^^^^^^^^^^^^^^^^^^^^^^^^^^^^^^^^^^^^^^^^^^^^^
  17 | import {
  18 |   PixelSpinner,
  19 |   type SpinnerAnimation,

Import map: aliased to relative './components/cosma/cosmo-morph' inside of [project]/

Import traces:
  Client Component Browser:
    ./components/spinners/spinner-morph.tsx [Client Component Browser]
    ./app/page.tsx [Client Component Browser]
    ./app/page.tsx [Server Component]

  Client Component SSR:
    ./components/spinners/spinner-morph.tsx [Client Component SSR]
    ./app/page.tsx [Client Component SSR]
    ./app/page.tsx [Server Component]

https://nextjs.org/docs/messages/module-not-found @ http://localhost:4200/_next/static/chunks/0aus_next_dist_00tg.dm._.js:1945
[   11023ms] [ERROR] ./app/cosma/page.tsx:3:1
Module not found: Can't resolve '@/components/cosma/playground'
  1 | import type { Metadata } from "next";
  2 | import { Navigation } from "@/components/navigation";
> 3 | import { CosmaPlayground } from "@/components/cosma/playground";
    | ^^^^^^^^^^^^^^^^^^^^^^^^^^^^^^^^^^^^^^^^^^^^^^^^^^^^^^^^^^^^^^^^
  4 | import { SiteFooter } from "@/components/site-footer";
  5 | import { CoffeeSupportCard } from "@/components/coffee-support-card";
  6 |

Import map: aliased to relative './components/cosma/playground' inside of [project]/

https://nextjs.org/docs/messages/module-not-found @ http://localhost:4200/_next/static/chunks/0aus_next_dist_00tg.dm._.js:1945
[   11052ms] [ERROR] ./components/spinners/spinner-morph.tsx:16:1
Module not found: Can't resolve '@/components/cosma/cosmo-morph'
  14 | import { ScrollTrigger } from "gsap/ScrollTrigger";
  15 | import { useGSAP } from "@gsap/react";
> 16 | import { TickSlider } from "@/components/cosma/cosmo-morph";
     | ^^^^^^^^^^^^^^^^^^^^^^^^^^^^^^^^^^^^^^^^^^^^^^^^^^^^^^^^^^^^
  17 | import {
  18 |   PixelSpinner,
  19 |   type SpinnerAnimation,

Import map: aliased to relative './components/cosma/cosmo-morph' inside of [project]/

Import traces:
  Client Component Browser:
    ./components/spinners/spinner-morph.tsx [Client Component Browser]
    ./app/page.tsx [Client Component Browser]
    ./app/page.tsx [Server Component]

  Client Component SSR:
    ./components/spinners/spinner-morph.tsx [Client Component SSR]
    ./app/page.tsx [Client Component SSR]
    ./app/page.tsx [Server Component]

https://nextjs.org/docs/messages/module-not-found @ http://localhost:4200/_next/static/chunks/0aus_next_dist_00tg.dm._.js:1945
[   11052ms] [ERROR] ./app/cosma/page.tsx:3:1
Module not found: Can't resolve '@/components/cosma/playground'
  1 | import type { Metadata } from "next";
  2 | import { Navigation } from "@/components/navigation";
> 3 | import { CosmaPlayground } from "@/components/cosma/playground";
    | ^^^^^^^^^^^^^^^^^^^^^^^^^^^^^^^^^^^^^^^^^^^^^^^^^^^^^^^^^^^^^^^^
  4 | import { SiteFooter } from "@/components/site-footer";
  5 | import { CoffeeSupportCard } from "@/components/coffee-support-card";
  6 |

Import map: aliased to relative './components/cosma/playground' inside of [project]/

https://nextjs.org/docs/messages/module-not-found @ http://localhost:4200/_next/static/chunks/0aus_next_dist_00tg.dm._.js:1945
[   11115ms] [ERROR] ./components/spinners/spinner-morph.tsx:16:1
Module not found: Can't resolve '@/components/cosma/cosmo-morph'
  14 | import { ScrollTrigger } from "gsap/ScrollTrigger";
  15 | import { useGSAP } from "@gsap/react";
> 16 | import { TickSlider } from "@/components/cosma/cosmo-morph";
     | ^^^^^^^^^^^^^^^^^^^^^^^^^^^^^^^^^^^^^^^^^^^^^^^^^^^^^^^^^^^^
  17 | import {
  18 |   PixelSpinner,
  19 |   type SpinnerAnimation,

Import map: aliased to relative './components/cosma/cosmo-morph' inside of [project]/

Import traces:
  Client Component Browser:
    ./components/spinners/spinner-morph.tsx [Client Component Browser]
    ./app/page.tsx [Client Component Browser]
    ./app/page.tsx [Server Component]

  Client Component SSR:
    ./components/spinners/spinner-morph.tsx [Client Component SSR]
    ./app/page.tsx [Client Component SSR]
    ./app/page.tsx [Server Component]

https://nextjs.org/docs/messages/module-not-found @ http://localhost:4200/_next/static/chunks/0aus_next_dist_00tg.dm._.js:1945
[   11115ms] [ERROR] ./app/cosma/page.tsx:3:1
Module not found: Can't resolve '@/components/cosma/playground'
  1 | import type { Metadata } from "next";
  2 | import { Navigation } from "@/components/navigation";
> 3 | import { CosmaPlayground } from "@/components/cosma/playground";
    | ^^^^^^^^^^^^^^^^^^^^^^^^^^^^^^^^^^^^^^^^^^^^^^^^^^^^^^^^^^^^^^^^
  4 | import { SiteFooter } from "@/components/site-footer";
  5 | import { CoffeeSupportCard } from "@/components/coffee-support-card";
  6 |

Import map: aliased to relative './components/cosma/playground' inside of [project]/

https://nextjs.org/docs/messages/module-not-found @ http://localhost:4200/_next/static/chunks/0aus_next_dist_00tg.dm._.js:1945
[   11187ms] [ERROR] ./components/spinners/spinner-morph.tsx:16:1
Module not found: Can't resolve '@/components/cosma/cosmo-morph'
  14 | import { ScrollTrigger } from "gsap/ScrollTrigger";
  15 | import { useGSAP } from "@gsap/react";
> 16 | import { TickSlider } from "@/components/cosma/cosmo-morph";
     | ^^^^^^^^^^^^^^^^^^^^^^^^^^^^^^^^^^^^^^^^^^^^^^^^^^^^^^^^^^^^
  17 | import {
  18 |   PixelSpinner,
  19 |   type SpinnerAnimation,

Import map: aliased to relative './components/cosma/cosmo-morph' inside of [project]/

Import traces:
  Client Component Browser:
    ./components/spinners/spinner-morph.tsx [Client Component Browser]
    ./app/page.tsx [Client Component Browser]
    ./app/page.tsx [Server Component]

  Client Component SSR:
    ./components/spinners/spinner-morph.tsx [Client Component SSR]
    ./app/page.tsx [Client Component SSR]
    ./app/page.tsx [Server Component]

https://nextjs.org/docs/messages/module-not-found @ http://localhost:4200/_next/static/chunks/0aus_next_dist_00tg.dm._.js:1945
[   11187ms] [ERROR] ./app/cosma/page.tsx:3:1
Module not found: Can't resolve '@/components/cosma/playground'
  1 | import type { Metadata } from "next";
  2 | import { Navigation } from "@/components/navigation";
> 3 | import { CosmaPlayground } from "@/components/cosma/playground";
    | ^^^^^^^^^^^^^^^^^^^^^^^^^^^^^^^^^^^^^^^^^^^^^^^^^^^^^^^^^^^^^^^^
  4 | import { SiteFooter } from "@/components/site-footer";
  5 | import { CoffeeSupportCard } from "@/components/coffee-support-card";
  6 |

Import map: aliased to relative './components/cosma/playground' inside of [project]/

https://nextjs.org/docs/messages/module-not-found @ http://localhost:4200/_next/static/chunks/0aus_next_dist_00tg.dm._.js:1945
[   11254ms] [ERROR] ./components/spinners/spinner-morph.tsx:16:1
Module not found: Can't resolve '@/components/cosma/cosmo-morph'
  14 | import { ScrollTrigger } from "gsap/ScrollTrigger";
  15 | import { useGSAP } from "@gsap/react";
> 16 | import { TickSlider } from "@/components/cosma/cosmo-morph";
     | ^^^^^^^^^^^^^^^^^^^^^^^^^^^^^^^^^^^^^^^^^^^^^^^^^^^^^^^^^^^^
  17 | import {
  18 |   PixelSpinner,
  19 |   type SpinnerAnimation,

Import map: aliased to relative './components/cosma/cosmo-morph' inside of [project]/

Import traces:
  Client Component Browser:
    ./components/spinners/spinner-morph.tsx [Client Component Browser]
    ./app/page.tsx [Client Component Browser]
    ./app/page.tsx [Server Component]

  Client Component SSR:
    ./components/spinners/spinner-morph.tsx [Client Component SSR]
    ./app/page.tsx [Client Component SSR]
    ./app/page.tsx [Server Component]

https://nextjs.org/docs/messages/module-not-found @ http://localhost:4200/_next/static/chunks/0aus_next_dist_00tg.dm._.js:1945
[   11255ms] [ERROR] ./app/cosma/page.tsx:3:1
Module not found: Can't resolve '@/components/cosma/playground'
  1 | import type { Metadata } from "next";
  2 | import { Navigation } from "@/components/navigation";
> 3 | import { CosmaPlayground } from "@/components/cosma/playground";
    | ^^^^^^^^^^^^^^^^^^^^^^^^^^^^^^^^^^^^^^^^^^^^^^^^^^^^^^^^^^^^^^^^
  4 | import { SiteFooter } from "@/components/site-footer";
  5 | import { CoffeeSupportCard } from "@/components/coffee-support-card";
  6 |

Import map: aliased to relative './components/cosma/playground' inside of [project]/

https://nextjs.org/docs/messages/module-not-found @ http://localhost:4200/_next/static/chunks/0aus_next_dist_00tg.dm._.js:1945
[   11320ms] [ERROR] ./components/spinners/spinner-morph.tsx:16:1
Module not found: Can't resolve '@/components/cosma/cosmo-morph'
  14 | import { ScrollTrigger } from "gsap/ScrollTrigger";
  15 | import { useGSAP } from "@gsap/react";
> 16 | import { TickSlider } from "@/components/cosma/cosmo-morph";
     | ^^^^^^^^^^^^^^^^^^^^^^^^^^^^^^^^^^^^^^^^^^^^^^^^^^^^^^^^^^^^
  17 | import {
  18 |   PixelSpinner,
  19 |   type SpinnerAnimation,

Import map: aliased to relative './components/cosma/cosmo-morph' inside of [project]/

Import traces:
  Client Component Browser:
    ./components/spinners/spinner-morph.tsx [Client Component Browser]
    ./app/page.tsx [Client Component Browser]
    ./app/page.tsx [Server Component]

  Client Component SSR:
    ./components/spinners/spinner-morph.tsx [Client Component SSR]
    ./app/page.tsx [Client Component SSR]
    ./app/page.tsx [Server Component]

https://nextjs.org/docs/messages/module-not-found @ http://localhost:4200/_next/static/chunks/0aus_next_dist_00tg.dm._.js:1945
[   11320ms] [ERROR] ./app/cosma/page.tsx:3:1
Module not found: Can't resolve '@/components/cosma/playground'
  1 | import type { Metadata } from "next";
  2 | import { Navigation } from "@/components/navigation";
> 3 | import { CosmaPlayground } from "@/components/cosma/playground";
    | ^^^^^^^^^^^^^^^^^^^^^^^^^^^^^^^^^^^^^^^^^^^^^^^^^^^^^^^^^^^^^^^^
  4 | import { SiteFooter } from "@/components/site-footer";
  5 | import { CoffeeSupportCard } from "@/components/coffee-support-card";
  6 |

Import map: aliased to relative './components/cosma/playground' inside of [project]/

https://nextjs.org/docs/messages/module-not-found @ http://localhost:4200/_next/static/chunks/0aus_next_dist_00tg.dm._.js:1945
[   11384ms] [ERROR] ./components/spinners/spinner-morph.tsx:16:1
Module not found: Can't resolve '@/components/cosma/cosmo-morph'
  14 | import { ScrollTrigger } from "gsap/ScrollTrigger";
  15 | import { useGSAP } from "@gsap/react";
> 16 | import { TickSlider } from "@/components/cosma/cosmo-morph";
     | ^^^^^^^^^^^^^^^^^^^^^^^^^^^^^^^^^^^^^^^^^^^^^^^^^^^^^^^^^^^^
  17 | import {
  18 |   PixelSpinner,
  19 |   type SpinnerAnimation,

Import map: aliased to relative './components/cosma/cosmo-morph' inside of [project]/

Import traces:
  Client Component Browser:
    ./components/spinners/spinner-morph.tsx [Client Component Browser]
    ./app/page.tsx [Client Component Browser]
    ./app/page.tsx [Server Component]

  Client Component SSR:
    ./components/spinners/spinner-morph.tsx [Client Component SSR]
    ./app/page.tsx [Client Component SSR]
    ./app/page.tsx [Server Component]

https://nextjs.org/docs/messages/module-not-found @ http://localhost:4200/_next/static/chunks/0aus_next_dist_00tg.dm._.js:1945
[   11384ms] [ERROR] ./app/cosma/page.tsx:3:1
Module not found: Can't resolve '@/components/cosma/playground'
  1 | import type { Metadata } from "next";
  2 | import { Navigation } from "@/components/navigation";
> 3 | import { CosmaPlayground } from "@/components/cosma/playground";
    | ^^^^^^^^^^^^^^^^^^^^^^^^^^^^^^^^^^^^^^^^^^^^^^^^^^^^^^^^^^^^^^^^
  4 | import { SiteFooter } from "@/components/site-footer";
  5 | import { CoffeeSupportCard } from "@/components/coffee-support-card";
  6 |

Import map: aliased to relative './components/cosma/playground' inside of [project]/

https://nextjs.org/docs/messages/module-not-found @ http://localhost:4200/_next/static/chunks/0aus_next_dist_00tg.dm._.js:1945
[   11454ms] [ERROR] ./components/spinners/spinner-morph.tsx:16:1
Module not found: Can't resolve '@/components/cosma/cosmo-morph'
  14 | import { ScrollTrigger } from "gsap/ScrollTrigger";
  15 | import { useGSAP } from "@gsap/react";
> 16 | import { TickSlider } from "@/components/cosma/cosmo-morph";
     | ^^^^^^^^^^^^^^^^^^^^^^^^^^^^^^^^^^^^^^^^^^^^^^^^^^^^^^^^^^^^
  17 | import {
  18 |   PixelSpinner,
  19 |   type SpinnerAnimation,

Import map: aliased to relative './components/cosma/cosmo-morph' inside of [project]/

Import traces:
  Client Component Browser:
    ./components/spinners/spinner-morph.tsx [Client Component Browser]
    ./app/page.tsx [Client Component Browser]
    ./app/page.tsx [Server Component]

  Client Component SSR:
    ./components/spinners/spinner-morph.tsx [Client Component SSR]
    ./app/page.tsx [Client Component SSR]
    ./app/page.tsx [Server Component]

https://nextjs.org/docs/messages/module-not-found @ http://localhost:4200/_next/static/chunks/0aus_next_dist_00tg.dm._.js:1945
[   11454ms] [ERROR] ./app/cosma/page.tsx:3:1
Module not found: Can't resolve '@/components/cosma/playground'
  1 | import type { Metadata } from "next";
  2 | import { Navigation } from "@/components/navigation";
> 3 | import { CosmaPlayground } from "@/components/cosma/playground";
    | ^^^^^^^^^^^^^^^^^^^^^^^^^^^^^^^^^^^^^^^^^^^^^^^^^^^^^^^^^^^^^^^^
  4 | import { SiteFooter } from "@/components/site-footer";
  5 | import { CoffeeSupportCard } from "@/components/coffee-support-card";
  6 |

Import map: aliased to relative './components/cosma/playground' inside of [project]/

https://nextjs.org/docs/messages/module-not-found @ http://localhost:4200/_next/static/chunks/0aus_next_dist_00tg.dm._.js:1945
[   11518ms] [ERROR] ./components/spinners/spinner-morph.tsx:16:1
Module not found: Can't resolve '@/components/cosma/cosmo-morph'
  14 | import { ScrollTrigger } from "gsap/ScrollTrigger";
  15 | import { useGSAP } from "@gsap/react";
> 16 | import { TickSlider } from "@/components/cosma/cosmo-morph";
     | ^^^^^^^^^^^^^^^^^^^^^^^^^^^^^^^^^^^^^^^^^^^^^^^^^^^^^^^^^^^^
  17 | import {
  18 |   PixelSpinner,
  19 |   type SpinnerAnimation,

Import map: aliased to relative './components/cosma/cosmo-morph' inside of [project]/

Import traces:
  Client Component Browser:
    ./components/spinners/spinner-morph.tsx [Client Component Browser]
    ./app/page.tsx [Client Component Browser]
    ./app/page.tsx [Server Component]

  Client Component SSR:
    ./components/spinners/spinner-morph.tsx [Client Component SSR]
    ./app/page.tsx [Client Component SSR]
    ./app/page.tsx [Server Component]

https://nextjs.org/docs/messages/module-not-found @ http://localhost:4200/_next/static/chunks/0aus_next_dist_00tg.dm._.js:1945
[   11518ms] [ERROR] ./app/cosma/page.tsx:3:1
Module not found: Can't resolve '@/components/cosma/playground'
  1 | import type { Metadata } from "next";
  2 | import { Navigation } from "@/components/navigation";
> 3 | import { CosmaPlayground } from "@/components/cosma/playground";
    | ^^^^^^^^^^^^^^^^^^^^^^^^^^^^^^^^^^^^^^^^^^^^^^^^^^^^^^^^^^^^^^^^
  4 | import { SiteFooter } from "@/components/site-footer";
  5 | import { CoffeeSupportCard } from "@/components/coffee-support-card";
  6 |

Import map: aliased to relative './components/cosma/playground' inside of [project]/

https://nextjs.org/docs/messages/module-not-found @ http://localhost:4200/_next/static/chunks/0aus_next_dist_00tg.dm._.js:1945
[   11582ms] [ERROR] ./components/spinners/spinner-morph.tsx:16:1
Module not found: Can't resolve '@/components/cosma/cosmo-morph'
  14 | import { ScrollTrigger } from "gsap/ScrollTrigger";
  15 | import { useGSAP } from "@gsap/react";
> 16 | import { TickSlider } from "@/components/cosma/cosmo-morph";
     | ^^^^^^^^^^^^^^^^^^^^^^^^^^^^^^^^^^^^^^^^^^^^^^^^^^^^^^^^^^^^
  17 | import {
  18 |   PixelSpinner,
  19 |   type SpinnerAnimation,

Import map: aliased to relative './components/cosma/cosmo-morph' inside of [project]/

Import traces:
  Client Component Browser:
    ./components/spinners/spinner-morph.tsx [Client Component Browser]
    ./app/page.tsx [Client Component Browser]
    ./app/page.tsx [Server Component]

  Client Component SSR:
    ./components/spinners/spinner-morph.tsx [Client Component SSR]
    ./app/page.tsx [Client Component SSR]
    ./app/page.tsx [Server Component]

https://nextjs.org/docs/messages/module-not-found @ http://localhost:4200/_next/static/chunks/0aus_next_dist_00tg.dm._.js:1945
[   11582ms] [ERROR] ./app/cosma/page.tsx:3:1
Module not found: Can't resolve '@/components/cosma/playground'
  1 | import type { Metadata } from "next";
  2 | import { Navigation } from "@/components/navigation";
> 3 | import { CosmaPlayground } from "@/components/cosma/playground";
    | ^^^^^^^^^^^^^^^^^^^^^^^^^^^^^^^^^^^^^^^^^^^^^^^^^^^^^^^^^^^^^^^^
  4 | import { SiteFooter } from "@/components/site-footer";
  5 | import { CoffeeSupportCard } from "@/components/coffee-support-card";
  6 |

Import map: aliased to relative './components/cosma/playground' inside of [project]/

https://nextjs.org/docs/messages/module-not-found @ http://localhost:4200/_next/static/chunks/0aus_next_dist_00tg.dm._.js:1945
[   11646ms] [ERROR] ./components/spinners/spinner-morph.tsx:16:1
Module not found: Can't resolve '@/components/cosma/cosmo-morph'
  14 | import { ScrollTrigger } from "gsap/ScrollTrigger";
  15 | import { useGSAP } from "@gsap/react";
> 16 | import { TickSlider } from "@/components/cosma/cosmo-morph";
     | ^^^^^^^^^^^^^^^^^^^^^^^^^^^^^^^^^^^^^^^^^^^^^^^^^^^^^^^^^^^^
  17 | import {
  18 |   PixelSpinner,
  19 |   type SpinnerAnimation,

Import map: aliased to relative './components/cosma/cosmo-morph' inside of [project]/

Import traces:
  Client Component Browser:
    ./components/spinners/spinner-morph.tsx [Client Component Browser]
    ./app/page.tsx [Client Component Browser]
    ./app/page.tsx [Server Component]

  Client Component SSR:
    ./components/spinners/spinner-morph.tsx [Client Component SSR]
    ./app/page.tsx [Client Component SSR]
    ./app/page.tsx [Server Component]

https://nextjs.org/docs/messages/module-not-found @ http://localhost:4200/_next/static/chunks/0aus_next_dist_00tg.dm._.js:1945
[   11646ms] [ERROR] ./app/cosma/page.tsx:3:1
Module not found: Can't resolve '@/components/cosma/playground'
  1 | import type { Metadata } from "next";
  2 | import { Navigation } from "@/components/navigation";
> 3 | import { CosmaPlayground } from "@/components/cosma/playground";
    | ^^^^^^^^^^^^^^^^^^^^^^^^^^^^^^^^^^^^^^^^^^^^^^^^^^^^^^^^^^^^^^^^
  4 | import { SiteFooter } from "@/components/site-footer";
  5 | import { CoffeeSupportCard } from "@/components/coffee-support-card";
  6 |

Import map: aliased to relative './components/cosma/playground' inside of [project]/

https://nextjs.org/docs/messages/module-not-found @ http://localhost:4200/_next/static/chunks/0aus_next_dist_00tg.dm._.js:1945
[   11710ms] [ERROR] ./components/spinners/spinner-morph.tsx:16:1
Module not found: Can't resolve '@/components/cosma/cosmo-morph'
  14 | import { ScrollTrigger } from "gsap/ScrollTrigger";
  15 | import { useGSAP } from "@gsap/react";
> 16 | import { TickSlider } from "@/components/cosma/cosmo-morph";
     | ^^^^^^^^^^^^^^^^^^^^^^^^^^^^^^^^^^^^^^^^^^^^^^^^^^^^^^^^^^^^
  17 | import {
  18 |   PixelSpinner,
  19 |   type SpinnerAnimation,

Import map: aliased to relative './components/cosma/cosmo-morph' inside of [project]/

Import traces:
  Client Component Browser:
    ./components/spinners/spinner-morph.tsx [Client Component Browser]
    ./app/page.tsx [Client Component Browser]
    ./app/page.tsx [Server Component]

  Client Component SSR:
    ./components/spinners/spinner-morph.tsx [Client Component SSR]
    ./app/page.tsx [Client Component SSR]
    ./app/page.tsx [Server Component]

https://nextjs.org/docs/messages/module-not-found @ http://localhost:4200/_next/static/chunks/0aus_next_dist_00tg.dm._.js:1945
[   11710ms] [ERROR] ./app/cosma/page.tsx:3:1
Module not found: Can't resolve '@/components/cosma/playground'
  1 | import type { Metadata } from "next";
  2 | import { Navigation } from "@/components/navigation";
> 3 | import { CosmaPlayground } from "@/components/cosma/playground";
    | ^^^^^^^^^^^^^^^^^^^^^^^^^^^^^^^^^^^^^^^^^^^^^^^^^^^^^^^^^^^^^^^^
  4 | import { SiteFooter } from "@/components/site-footer";
  5 | import { CoffeeSupportCard } from "@/components/coffee-support-card";
  6 |

Import map: aliased to relative './components/cosma/playground' inside of [project]/

https://nextjs.org/docs/messages/module-not-found @ http://localhost:4200/_next/static/chunks/0aus_next_dist_00tg.dm._.js:1945
[   11774ms] [ERROR] ./components/spinners/spinner-morph.tsx:16:1
Module not found: Can't resolve '@/components/cosma/cosmo-morph'
  14 | import { ScrollTrigger } from "gsap/ScrollTrigger";
  15 | import { useGSAP } from "@gsap/react";
> 16 | import { TickSlider } from "@/components/cosma/cosmo-morph";
     | ^^^^^^^^^^^^^^^^^^^^^^^^^^^^^^^^^^^^^^^^^^^^^^^^^^^^^^^^^^^^
  17 | import {
  18 |   PixelSpinner,
  19 |   type SpinnerAnimation,

Import map: aliased to relative './components/cosma/cosmo-morph' inside of [project]/

Import traces:
  Client Component Browser:
    ./components/spinners/spinner-morph.tsx [Client Component Browser]
    ./app/page.tsx [Client Component Browser]
    ./app/page.tsx [Server Component]

  Client Component SSR:
    ./components/spinners/spinner-morph.tsx [Client Component SSR]
    ./app/page.tsx [Client Component SSR]
    ./app/page.tsx [Server Component]

https://nextjs.org/docs/messages/module-not-found @ http://localhost:4200/_next/static/chunks/0aus_next_dist_00tg.dm._.js:1945
[   11774ms] [ERROR] ./app/cosma/page.tsx:3:1
Module not found: Can't resolve '@/components/cosma/playground'
  1 | import type { Metadata } from "next";
  2 | import { Navigation } from "@/components/navigation";
> 3 | import { CosmaPlayground } from "@/components/cosma/playground";
    | ^^^^^^^^^^^^^^^^^^^^^^^^^^^^^^^^^^^^^^^^^^^^^^^^^^^^^^^^^^^^^^^^
  4 | import { SiteFooter } from "@/components/site-footer";
  5 | import { CoffeeSupportCard } from "@/components/coffee-support-card";
  6 |

Import map: aliased to relative './components/cosma/playground' inside of [project]/

https://nextjs.org/docs/messages/module-not-found @ http://localhost:4200/_next/static/chunks/0aus_next_dist_00tg.dm._.js:1945
[   11839ms] [ERROR] ./components/spinners/spinner-morph.tsx:16:1
Module not found: Can't resolve '@/components/cosma/cosmo-morph'
  14 | import { ScrollTrigger } from "gsap/ScrollTrigger";
  15 | import { useGSAP } from "@gsap/react";
> 16 | import { TickSlider } from "@/components/cosma/cosmo-morph";
     | ^^^^^^^^^^^^^^^^^^^^^^^^^^^^^^^^^^^^^^^^^^^^^^^^^^^^^^^^^^^^
  17 | import {
  18 |   PixelSpinner,
  19 |   type SpinnerAnimation,

Import map: aliased to relative './components/cosma/cosmo-morph' inside of [project]/

Import traces:
  Client Component Browser:
    ./components/spinners/spinner-morph.tsx [Client Component Browser]
    ./app/page.tsx [Client Component Browser]
    ./app/page.tsx [Server Component]

  Client Component SSR:
    ./components/spinners/spinner-morph.tsx [Client Component SSR]
    ./app/page.tsx [Client Component SSR]
    ./app/page.tsx [Server Component]

https://nextjs.org/docs/messages/module-not-found @ http://localhost:4200/_next/static/chunks/0aus_next_dist_00tg.dm._.js:1945
[   11839ms] [ERROR] ./app/cosma/page.tsx:3:1
Module not found: Can't resolve '@/components/cosma/playground'
  1 | import type { Metadata } from "next";
  2 | import { Navigation } from "@/components/navigation";
> 3 | import { CosmaPlayground } from "@/components/cosma/playground";
    | ^^^^^^^^^^^^^^^^^^^^^^^^^^^^^^^^^^^^^^^^^^^^^^^^^^^^^^^^^^^^^^^^
  4 | import { SiteFooter } from "@/components/site-footer";
  5 | import { CoffeeSupportCard } from "@/components/coffee-support-card";
  6 |

Import map: aliased to relative './components/cosma/playground' inside of [project]/

https://nextjs.org/docs/messages/module-not-found @ http://localhost:4200/_next/static/chunks/0aus_next_dist_00tg.dm._.js:1945
[   11902ms] [ERROR] ./components/spinners/spinner-morph.tsx:16:1
Module not found: Can't resolve '@/components/cosma/cosmo-morph'
  14 | import { ScrollTrigger } from "gsap/ScrollTrigger";
  15 | import { useGSAP } from "@gsap/react";
> 16 | import { TickSlider } from "@/components/cosma/cosmo-morph";
     | ^^^^^^^^^^^^^^^^^^^^^^^^^^^^^^^^^^^^^^^^^^^^^^^^^^^^^^^^^^^^
  17 | import {
  18 |   PixelSpinner,
  19 |   type SpinnerAnimation,

Import map: aliased to relative './components/cosma/cosmo-morph' inside of [project]/

Import traces:
  Client Component Browser:
    ./components/spinners/spinner-morph.tsx [Client Component Browser]
    ./app/page.tsx [Client Component Browser]
    ./app/page.tsx [Server Component]

  Client Component SSR:
    ./components/spinners/spinner-morph.tsx [Client Component SSR]
    ./app/page.tsx [Client Component SSR]
    ./app/page.tsx [Server Component]

https://nextjs.org/docs/messages/module-not-found @ http://localhost:4200/_next/static/chunks/0aus_next_dist_00tg.dm._.js:1945
[   11902ms] [ERROR] ./app/cosma/page.tsx:3:1
Module not found: Can't resolve '@/components/cosma/playground'
  1 | import type { Metadata } from "next";
  2 | import { Navigation } from "@/components/navigation";
> 3 | import { CosmaPlayground } from "@/components/cosma/playground";
    | ^^^^^^^^^^^^^^^^^^^^^^^^^^^^^^^^^^^^^^^^^^^^^^^^^^^^^^^^^^^^^^^^
  4 | import { SiteFooter } from "@/components/site-footer";
  5 | import { CoffeeSupportCard } from "@/components/coffee-support-card";
  6 |

Import map: aliased to relative './components/cosma/playground' inside of [project]/

https://nextjs.org/docs/messages/module-not-found @ http://localhost:4200/_next/static/chunks/0aus_next_dist_00tg.dm._.js:1945
[   11967ms] [ERROR] ./components/spinners/spinner-morph.tsx:16:1
Module not found: Can't resolve '@/components/cosma/cosmo-morph'
  14 | import { ScrollTrigger } from "gsap/ScrollTrigger";
  15 | import { useGSAP } from "@gsap/react";
> 16 | import { TickSlider } from "@/components/cosma/cosmo-morph";
     | ^^^^^^^^^^^^^^^^^^^^^^^^^^^^^^^^^^^^^^^^^^^^^^^^^^^^^^^^^^^^
  17 | import {
  18 |   PixelSpinner,
  19 |   type SpinnerAnimation,

Import map: aliased to relative './components/cosma/cosmo-morph' inside of [project]/

Import traces:
  Client Component Browser:
    ./components/spinners/spinner-morph.tsx [Client Component Browser]
    ./app/page.tsx [Client Component Browser]
    ./app/page.tsx [Server Component]

  Client Component SSR:
    ./components/spinners/spinner-morph.tsx [Client Component SSR]
    ./app/page.tsx [Client Component SSR]
    ./app/page.tsx [Server Component]

https://nextjs.org/docs/messages/module-not-found @ http://localhost:4200/_next/static/chunks/0aus_next_dist_00tg.dm._.js:1945
[   11967ms] [ERROR] ./app/cosma/page.tsx:3:1
Module not found: Can't resolve '@/components/cosma/playground'
  1 | import type { Metadata } from "next";
  2 | import { Navigation } from "@/components/navigation";
> 3 | import { CosmaPlayground } from "@/components/cosma/playground";
    | ^^^^^^^^^^^^^^^^^^^^^^^^^^^^^^^^^^^^^^^^^^^^^^^^^^^^^^^^^^^^^^^^
  4 | import { SiteFooter } from "@/components/site-footer";
  5 | import { CoffeeSupportCard } from "@/components/coffee-support-card";
  6 |

Import map: aliased to relative './components/cosma/playground' inside of [project]/

https://nextjs.org/docs/messages/module-not-found @ http://localhost:4200/_next/static/chunks/0aus_next_dist_00tg.dm._.js:1945
[   12030ms] [ERROR] ./components/spinners/spinner-morph.tsx:16:1
Module not found: Can't resolve '@/components/cosma/cosmo-morph'
  14 | import { ScrollTrigger } from "gsap/ScrollTrigger";
  15 | import { useGSAP } from "@gsap/react";
> 16 | import { TickSlider } from "@/components/cosma/cosmo-morph";
     | ^^^^^^^^^^^^^^^^^^^^^^^^^^^^^^^^^^^^^^^^^^^^^^^^^^^^^^^^^^^^
  17 | import {
  18 |   PixelSpinner,
  19 |   type SpinnerAnimation,

Import map: aliased to relative './components/cosma/cosmo-morph' inside of [project]/

Import traces:
  Client Component Browser:
    ./components/spinners/spinner-morph.tsx [Client Component Browser]
    ./app/page.tsx [Client Component Browser]
    ./app/page.tsx [Server Component]

  Client Component SSR:
    ./components/spinners/spinner-morph.tsx [Client Component SSR]
    ./app/page.tsx [Client Component SSR]
    ./app/page.tsx [Server Component]

https://nextjs.org/docs/messages/module-not-found @ http://localhost:4200/_next/static/chunks/0aus_next_dist_00tg.dm._.js:1945
[   12030ms] [ERROR] ./app/cosma/page.tsx:3:1
Module not found: Can't resolve '@/components/cosma/playground'
  1 | import type { Metadata } from "next";
  2 | import { Navigation } from "@/components/navigation";
> 3 | import { CosmaPlayground } from "@/components/cosma/playground";
    | ^^^^^^^^^^^^^^^^^^^^^^^^^^^^^^^^^^^^^^^^^^^^^^^^^^^^^^^^^^^^^^^^
  4 | import { SiteFooter } from "@/components/site-footer";
  5 | import { CoffeeSupportCard } from "@/components/coffee-support-card";
  6 |

Import map: aliased to relative './components/cosma/playground' inside of [project]/

https://nextjs.org/docs/messages/module-not-found @ http://localhost:4200/_next/static/chunks/0aus_next_dist_00tg.dm._.js:1945
[   12093ms] [ERROR] ./components/spinners/spinner-morph.tsx:16:1
Module not found: Can't resolve '@/components/cosma/cosmo-morph'
  14 | import { ScrollTrigger } from "gsap/ScrollTrigger";
  15 | import { useGSAP } from "@gsap/react";
> 16 | import { TickSlider } from "@/components/cosma/cosmo-morph";
     | ^^^^^^^^^^^^^^^^^^^^^^^^^^^^^^^^^^^^^^^^^^^^^^^^^^^^^^^^^^^^
  17 | import {
  18 |   PixelSpinner,
  19 |   type SpinnerAnimation,

Import map: aliased to relative './components/cosma/cosmo-morph' inside of [project]/

Import traces:
  Client Component Browser:
    ./components/spinners/spinner-morph.tsx [Client Component Browser]
    ./app/page.tsx [Client Component Browser]
    ./app/page.tsx [Server Component]

  Client Component SSR:
    ./components/spinners/spinner-morph.tsx [Client Component SSR]
    ./app/page.tsx [Client Component SSR]
    ./app/page.tsx [Server Component]

https://nextjs.org/docs/messages/module-not-found @ http://localhost:4200/_next/static/chunks/0aus_next_dist_00tg.dm._.js:1945
[   12093ms] [ERROR] ./app/cosma/page.tsx:3:1
Module not found: Can't resolve '@/components/cosma/playground'
  1 | import type { Metadata } from "next";
  2 | import { Navigation } from "@/components/navigation";
> 3 | import { CosmaPlayground } from "@/components/cosma/playground";
    | ^^^^^^^^^^^^^^^^^^^^^^^^^^^^^^^^^^^^^^^^^^^^^^^^^^^^^^^^^^^^^^^^
  4 | import { SiteFooter } from "@/components/site-footer";
  5 | import { CoffeeSupportCard } from "@/components/coffee-support-card";
  6 |

Import map: aliased to relative './components/cosma/playground' inside of [project]/

https://nextjs.org/docs/messages/module-not-found @ http://localhost:4200/_next/static/chunks/0aus_next_dist_00tg.dm._.js:1945
[   12156ms] [ERROR] ./components/spinners/spinner-morph.tsx:16:1
Module not found: Can't resolve '@/components/cosma/cosmo-morph'
  14 | import { ScrollTrigger } from "gsap/ScrollTrigger";
  15 | import { useGSAP } from "@gsap/react";
> 16 | import { TickSlider } from "@/components/cosma/cosmo-morph";
     | ^^^^^^^^^^^^^^^^^^^^^^^^^^^^^^^^^^^^^^^^^^^^^^^^^^^^^^^^^^^^
  17 | import {
  18 |   PixelSpinner,
  19 |   type SpinnerAnimation,

Import map: aliased to relative './components/cosma/cosmo-morph' inside of [project]/

Import traces:
  Client Component Browser:
    ./components/spinners/spinner-morph.tsx [Client Component Browser]
    ./app/page.tsx [Client Component Browser]
    ./app/page.tsx [Server Component]

  Client Component SSR:
    ./components/spinners/spinner-morph.tsx [Client Component SSR]
    ./app/page.tsx [Client Component SSR]
    ./app/page.tsx [Server Component]

https://nextjs.org/docs/messages/module-not-found @ http://localhost:4200/_next/static/chunks/0aus_next_dist_00tg.dm._.js:1945
[   12156ms] [ERROR] ./app/cosma/page.tsx:3:1
Module not found: Can't resolve '@/components/cosma/playground'
  1 | import type { Metadata } from "next";
  2 | import { Navigation } from "@/components/navigation";
> 3 | import { CosmaPlayground } from "@/components/cosma/playground";
    | ^^^^^^^^^^^^^^^^^^^^^^^^^^^^^^^^^^^^^^^^^^^^^^^^^^^^^^^^^^^^^^^^
  4 | import { SiteFooter } from "@/components/site-footer";
  5 | import { CoffeeSupportCard } from "@/components/coffee-support-card";
  6 |

Import map: aliased to relative './components/cosma/playground' inside of [project]/

https://nextjs.org/docs/messages/module-not-found @ http://localhost:4200/_next/static/chunks/0aus_next_dist_00tg.dm._.js:1945
[   12220ms] [ERROR] ./components/spinners/spinner-morph.tsx:16:1
Module not found: Can't resolve '@/components/cosma/cosmo-morph'
  14 | import { ScrollTrigger } from "gsap/ScrollTrigger";
  15 | import { useGSAP } from "@gsap/react";
> 16 | import { TickSlider } from "@/components/cosma/cosmo-morph";
     | ^^^^^^^^^^^^^^^^^^^^^^^^^^^^^^^^^^^^^^^^^^^^^^^^^^^^^^^^^^^^
  17 | import {
  18 |   PixelSpinner,
  19 |   type SpinnerAnimation,

Import map: aliased to relative './components/cosma/cosmo-morph' inside of [project]/

Import traces:
  Client Component Browser:
    ./components/spinners/spinner-morph.tsx [Client Component Browser]
    ./app/page.tsx [Client Component Browser]
    ./app/page.tsx [Server Component]

  Client Component SSR:
    ./components/spinners/spinner-morph.tsx [Client Component SSR]
    ./app/page.tsx [Client Component SSR]
    ./app/page.tsx [Server Component]

https://nextjs.org/docs/messages/module-not-found @ http://localhost:4200/_next/static/chunks/0aus_next_dist_00tg.dm._.js:1945
[   12220ms] [ERROR] ./app/cosma/page.tsx:3:1
Module not found: Can't resolve '@/components/cosma/playground'
  1 | import type { Metadata } from "next";
  2 | import { Navigation } from "@/components/navigation";
> 3 | import { CosmaPlayground } from "@/components/cosma/playground";
    | ^^^^^^^^^^^^^^^^^^^^^^^^^^^^^^^^^^^^^^^^^^^^^^^^^^^^^^^^^^^^^^^^
  4 | import { SiteFooter } from "@/components/site-footer";
  5 | import { CoffeeSupportCard } from "@/components/coffee-support-card";
  6 |

Import map: aliased to relative './components/cosma/playground' inside of [project]/

https://nextjs.org/docs/messages/module-not-found @ http://localhost:4200/_next/static/chunks/0aus_next_dist_00tg.dm._.js:1945
[   12284ms] [ERROR] ./components/spinners/spinner-morph.tsx:16:1
Module not found: Can't resolve '@/components/cosma/cosmo-morph'
  14 | import { ScrollTrigger } from "gsap/ScrollTrigger";
  15 | import { useGSAP } from "@gsap/react";
> 16 | import { TickSlider } from "@/components/cosma/cosmo-morph";
     | ^^^^^^^^^^^^^^^^^^^^^^^^^^^^^^^^^^^^^^^^^^^^^^^^^^^^^^^^^^^^
  17 | import {
  18 |   PixelSpinner,
  19 |   type SpinnerAnimation,

Import map: aliased to relative './components/cosma/cosmo-morph' inside of [project]/

Import traces:
  Client Component Browser:
    ./components/spinners/spinner-morph.tsx [Client Component Browser]
    ./app/page.tsx [Client Component Browser]
    ./app/page.tsx [Server Component]

  Client Component SSR:
    ./components/spinners/spinner-morph.tsx [Client Component SSR]
    ./app/page.tsx [Client Component SSR]
    ./app/page.tsx [Server Component]

https://nextjs.org/docs/messages/module-not-found @ http://localhost:4200/_next/static/chunks/0aus_next_dist_00tg.dm._.js:1945
[   12285ms] [ERROR] ./app/cosma/page.tsx:3:1
Module not found: Can't resolve '@/components/cosma/playground'
  1 | import type { Metadata } from "next";
  2 | import { Navigation } from "@/components/navigation";
> 3 | import { CosmaPlayground } from "@/components/cosma/playground";
    | ^^^^^^^^^^^^^^^^^^^^^^^^^^^^^^^^^^^^^^^^^^^^^^^^^^^^^^^^^^^^^^^^
  4 | import { SiteFooter } from "@/components/site-footer";
  5 | import { CoffeeSupportCard } from "@/components/coffee-support-card";
  6 |

Import map: aliased to relative './components/cosma/playground' inside of [project]/

https://nextjs.org/docs/messages/module-not-found @ http://localhost:4200/_next/static/chunks/0aus_next_dist_00tg.dm._.js:1945
[   12348ms] [ERROR] ./components/spinners/spinner-morph.tsx:16:1
Module not found: Can't resolve '@/components/cosma/cosmo-morph'
  14 | import { ScrollTrigger } from "gsap/ScrollTrigger";
  15 | import { useGSAP } from "@gsap/react";
> 16 | import { TickSlider } from "@/components/cosma/cosmo-morph";
     | ^^^^^^^^^^^^^^^^^^^^^^^^^^^^^^^^^^^^^^^^^^^^^^^^^^^^^^^^^^^^
  17 | import {
  18 |   PixelSpinner,
  19 |   type SpinnerAnimation,

Import map: aliased to relative './components/cosma/cosmo-morph' inside of [project]/

Import traces:
  Client Component Browser:
    ./components/spinners/spinner-morph.tsx [Client Component Browser]
    ./app/page.tsx [Client Component Browser]
    ./app/page.tsx [Server Component]

  Client Component SSR:
    ./components/spinners/spinner-morph.tsx [Client Component SSR]
    ./app/page.tsx [Client Component SSR]
    ./app/page.tsx [Server Component]

https://nextjs.org/docs/messages/module-not-found @ http://localhost:4200/_next/static/chunks/0aus_next_dist_00tg.dm._.js:1945
[   12348ms] [ERROR] ./app/cosma/page.tsx:3:1
Module not found: Can't resolve '@/components/cosma/playground'
  1 | import type { Metadata } from "next";
  2 | import { Navigation } from "@/components/navigation";
> 3 | import { CosmaPlayground } from "@/components/cosma/playground";
    | ^^^^^^^^^^^^^^^^^^^^^^^^^^^^^^^^^^^^^^^^^^^^^^^^^^^^^^^^^^^^^^^^
  4 | import { SiteFooter } from "@/components/site-footer";
  5 | import { CoffeeSupportCard } from "@/components/coffee-support-card";
  6 |

Import map: aliased to relative './components/cosma/playground' inside of [project]/

https://nextjs.org/docs/messages/module-not-found @ http://localhost:4200/_next/static/chunks/0aus_next_dist_00tg.dm._.js:1945
[   12410ms] [ERROR] ./components/spinners/spinner-morph.tsx:16:1
Module not found: Can't resolve '@/components/cosma/cosmo-morph'
  14 | import { ScrollTrigger } from "gsap/ScrollTrigger";
  15 | import { useGSAP } from "@gsap/react";
> 16 | import { TickSlider } from "@/components/cosma/cosmo-morph";
     | ^^^^^^^^^^^^^^^^^^^^^^^^^^^^^^^^^^^^^^^^^^^^^^^^^^^^^^^^^^^^
  17 | import {
  18 |   PixelSpinner,
  19 |   type SpinnerAnimation,

Import map: aliased to relative './components/cosma/cosmo-morph' inside of [project]/

Import traces:
  Client Component Browser:
    ./components/spinners/spinner-morph.tsx [Client Component Browser]
    ./app/page.tsx [Client Component Browser]
    ./app/page.tsx [Server Component]

  Client Component SSR:
    ./components/spinners/spinner-morph.tsx [Client Component SSR]
    ./app/page.tsx [Client Component SSR]
    ./app/page.tsx [Server Component]

https://nextjs.org/docs/messages/module-not-found @ http://localhost:4200/_next/static/chunks/0aus_next_dist_00tg.dm._.js:1945
[   12411ms] [ERROR] ./app/cosma/page.tsx:3:1
Module not found: Can't resolve '@/components/cosma/playground'
  1 | import type { Metadata } from "next";
  2 | import { Navigation } from "@/components/navigation";
> 3 | import { CosmaPlayground } from "@/components/cosma/playground";
    | ^^^^^^^^^^^^^^^^^^^^^^^^^^^^^^^^^^^^^^^^^^^^^^^^^^^^^^^^^^^^^^^^
  4 | import { SiteFooter } from "@/components/site-footer";
  5 | import { CoffeeSupportCard } from "@/components/coffee-support-card";
  6 |

Import map: aliased to relative './components/cosma/playground' inside of [project]/

https://nextjs.org/docs/messages/module-not-found @ http://localhost:4200/_next/static/chunks/0aus_next_dist_00tg.dm._.js:1945
[   12475ms] [ERROR] ./components/spinners/spinner-morph.tsx:16:1
Module not found: Can't resolve '@/components/cosma/cosmo-morph'
  14 | import { ScrollTrigger } from "gsap/ScrollTrigger";
  15 | import { useGSAP } from "@gsap/react";
> 16 | import { TickSlider } from "@/components/cosma/cosmo-morph";
     | ^^^^^^^^^^^^^^^^^^^^^^^^^^^^^^^^^^^^^^^^^^^^^^^^^^^^^^^^^^^^
  17 | import {
  18 |   PixelSpinner,
  19 |   type SpinnerAnimation,

Import map: aliased to relative './components/cosma/cosmo-morph' inside of [project]/

Import traces:
  Client Component Browser:
    ./components/spinners/spinner-morph.tsx [Client Component Browser]
    ./app/page.tsx [Client Component Browser]
    ./app/page.tsx [Server Component]

  Client Component SSR:
    ./components/spinners/spinner-morph.tsx [Client Component SSR]
    ./app/page.tsx [Client Component SSR]
    ./app/page.tsx [Server Component]

https://nextjs.org/docs/messages/module-not-found @ http://localhost:4200/_next/static/chunks/0aus_next_dist_00tg.dm._.js:1945
[   12476ms] [ERROR] ./app/cosma/page.tsx:3:1
Module not found: Can't resolve '@/components/cosma/playground'
  1 | import type { Metadata } from "next";
  2 | import { Navigation } from "@/components/navigation";
> 3 | import { CosmaPlayground } from "@/components/cosma/playground";
    | ^^^^^^^^^^^^^^^^^^^^^^^^^^^^^^^^^^^^^^^^^^^^^^^^^^^^^^^^^^^^^^^^
  4 | import { SiteFooter } from "@/components/site-footer";
  5 | import { CoffeeSupportCard } from "@/components/coffee-support-card";
  6 |

Import map: aliased to relative './components/cosma/playground' inside of [project]/

https://nextjs.org/docs/messages/module-not-found @ http://localhost:4200/_next/static/chunks/0aus_next_dist_00tg.dm._.js:1945
[   12539ms] [ERROR] ./components/spinners/spinner-morph.tsx:16:1
Module not found: Can't resolve '@/components/cosma/cosmo-morph'
  14 | import { ScrollTrigger } from "gsap/ScrollTrigger";
  15 | import { useGSAP } from "@gsap/react";
> 16 | import { TickSlider } from "@/components/cosma/cosmo-morph";
     | ^^^^^^^^^^^^^^^^^^^^^^^^^^^^^^^^^^^^^^^^^^^^^^^^^^^^^^^^^^^^
  17 | import {
  18 |   PixelSpinner,
  19 |   type SpinnerAnimation,

Import map: aliased to relative './components/cosma/cosmo-morph' inside of [project]/

Import traces:
  Client Component Browser:
    ./components/spinners/spinner-morph.tsx [Client Component Browser]
    ./app/page.tsx [Client Component Browser]
    ./app/page.tsx [Server Component]

  Client Component SSR:
    ./components/spinners/spinner-morph.tsx [Client Component SSR]
    ./app/page.tsx [Client Component SSR]
    ./app/page.tsx [Server Component]

https://nextjs.org/docs/messages/module-not-found @ http://localhost:4200/_next/static/chunks/0aus_next_dist_00tg.dm._.js:1945
[   12539ms] [ERROR] ./app/cosma/page.tsx:3:1
Module not found: Can't resolve '@/components/cosma/playground'
  1 | import type { Metadata } from "next";
  2 | import { Navigation } from "@/components/navigation";
> 3 | import { CosmaPlayground } from "@/components/cosma/playground";
    | ^^^^^^^^^^^^^^^^^^^^^^^^^^^^^^^^^^^^^^^^^^^^^^^^^^^^^^^^^^^^^^^^
  4 | import { SiteFooter } from "@/components/site-footer";
  5 | import { CoffeeSupportCard } from "@/components/coffee-support-card";
  6 |

Import map: aliased to relative './components/cosma/playground' inside of [project]/

https://nextjs.org/docs/messages/module-not-found @ http://localhost:4200/_next/static/chunks/0aus_next_dist_00tg.dm._.js:1945
[   12604ms] [ERROR] ./components/spinners/spinner-morph.tsx:16:1
Module not found: Can't resolve '@/components/cosma/cosmo-morph'
  14 | import { ScrollTrigger } from "gsap/ScrollTrigger";
  15 | import { useGSAP } from "@gsap/react";
> 16 | import { TickSlider } from "@/components/cosma/cosmo-morph";
     | ^^^^^^^^^^^^^^^^^^^^^^^^^^^^^^^^^^^^^^^^^^^^^^^^^^^^^^^^^^^^
  17 | import {
  18 |   PixelSpinner,
  19 |   type SpinnerAnimation,

Import map: aliased to relative './components/cosma/cosmo-morph' inside of [project]/

Import traces:
  Client Component Browser:
    ./components/spinners/spinner-morph.tsx [Client Component Browser]
    ./app/page.tsx [Client Component Browser]
    ./app/page.tsx [Server Component]

  Client Component SSR:
    ./components/spinners/spinner-morph.tsx [Client Component SSR]
    ./app/page.tsx [Client Component SSR]
    ./app/page.tsx [Server Component]

https://nextjs.org/docs/messages/module-not-found @ http://localhost:4200/_next/static/chunks/0aus_next_dist_00tg.dm._.js:1945
[   12604ms] [ERROR] ./app/cosma/page.tsx:3:1
Module not found: Can't resolve '@/components/cosma/playground'
  1 | import type { Metadata } from "next";
  2 | import { Navigation } from "@/components/navigation";
> 3 | import { CosmaPlayground } from "@/components/cosma/playground";
    | ^^^^^^^^^^^^^^^^^^^^^^^^^^^^^^^^^^^^^^^^^^^^^^^^^^^^^^^^^^^^^^^^
  4 | import { SiteFooter } from "@/components/site-footer";
  5 | import { CoffeeSupportCard } from "@/components/coffee-support-card";
  6 |

Import map: aliased to relative './components/cosma/playground' inside of [project]/

https://nextjs.org/docs/messages/module-not-found @ http://localhost:4200/_next/static/chunks/0aus_next_dist_00tg.dm._.js:1945
[   12669ms] [ERROR] ./components/spinners/spinner-morph.tsx:16:1
Module not found: Can't resolve '@/components/cosma/cosmo-morph'
  14 | import { ScrollTrigger } from "gsap/ScrollTrigger";
  15 | import { useGSAP } from "@gsap/react";
> 16 | import { TickSlider } from "@/components/cosma/cosmo-morph";
     | ^^^^^^^^^^^^^^^^^^^^^^^^^^^^^^^^^^^^^^^^^^^^^^^^^^^^^^^^^^^^
  17 | import {
  18 |   PixelSpinner,
  19 |   type SpinnerAnimation,

Import map: aliased to relative './components/cosma/cosmo-morph' inside of [project]/

Import traces:
  Client Component Browser:
    ./components/spinners/spinner-morph.tsx [Client Component Browser]
    ./app/page.tsx [Client Component Browser]
    ./app/page.tsx [Server Component]

  Client Component SSR:
    ./components/spinners/spinner-morph.tsx [Client Component SSR]
    ./app/page.tsx [Client Component SSR]
    ./app/page.tsx [Server Component]

https://nextjs.org/docs/messages/module-not-found @ http://localhost:4200/_next/static/chunks/0aus_next_dist_00tg.dm._.js:1945
[   12669ms] [ERROR] ./app/cosma/page.tsx:3:1
Module not found: Can't resolve '@/components/cosma/playground'
  1 | import type { Metadata } from "next";
  2 | import { Navigation } from "@/components/navigation";
> 3 | import { CosmaPlayground } from "@/components/cosma/playground";
    | ^^^^^^^^^^^^^^^^^^^^^^^^^^^^^^^^^^^^^^^^^^^^^^^^^^^^^^^^^^^^^^^^
  4 | import { SiteFooter } from "@/components/site-footer";
  5 | import { CoffeeSupportCard } from "@/components/coffee-support-card";
  6 |

Import map: aliased to relative './components/cosma/playground' inside of [project]/

https://nextjs.org/docs/messages/module-not-found @ http://localhost:4200/_next/static/chunks/0aus_next_dist_00tg.dm._.js:1945
[   12733ms] [ERROR] ./components/spinners/spinner-morph.tsx:16:1
Module not found: Can't resolve '@/components/cosma/cosmo-morph'
  14 | import { ScrollTrigger } from "gsap/ScrollTrigger";
  15 | import { useGSAP } from "@gsap/react";
> 16 | import { TickSlider } from "@/components/cosma/cosmo-morph";
     | ^^^^^^^^^^^^^^^^^^^^^^^^^^^^^^^^^^^^^^^^^^^^^^^^^^^^^^^^^^^^
  17 | import {
  18 |   PixelSpinner,
  19 |   type SpinnerAnimation,

Import map: aliased to relative './components/cosma/cosmo-morph' inside of [project]/

Import traces:
  Client Component Browser:
    ./components/spinners/spinner-morph.tsx [Client Component Browser]
    ./app/page.tsx [Client Component Browser]
    ./app/page.tsx [Server Component]

  Client Component SSR:
    ./components/spinners/spinner-morph.tsx [Client Component SSR]
    ./app/page.tsx [Client Component SSR]
    ./app/page.tsx [Server Component]

https://nextjs.org/docs/messages/module-not-found @ http://localhost:4200/_next/static/chunks/0aus_next_dist_00tg.dm._.js:1945
[   12733ms] [ERROR] ./app/cosma/page.tsx:3:1
Module not found: Can't resolve '@/components/cosma/playground'
  1 | import type { Metadata } from "next";
  2 | import { Navigation } from "@/components/navigation";
> 3 | import { CosmaPlayground } from "@/components/cosma/playground";
    | ^^^^^^^^^^^^^^^^^^^^^^^^^^^^^^^^^^^^^^^^^^^^^^^^^^^^^^^^^^^^^^^^
  4 | import { SiteFooter } from "@/components/site-footer";
  5 | import { CoffeeSupportCard } from "@/components/coffee-support-card";
  6 |

Import map: aliased to relative './components/cosma/playground' inside of [project]/

https://nextjs.org/docs/messages/module-not-found @ http://localhost:4200/_next/static/chunks/0aus_next_dist_00tg.dm._.js:1945
[   12817ms] [ERROR] ./components/spinners/spinner-morph.tsx:16:1
Module not found: Can't resolve '@/components/cosma/cosmo-morph'
  14 | import { ScrollTrigger } from "gsap/ScrollTrigger";
  15 | import { useGSAP } from "@gsap/react";
> 16 | import { TickSlider } from "@/components/cosma/cosmo-morph";
     | ^^^^^^^^^^^^^^^^^^^^^^^^^^^^^^^^^^^^^^^^^^^^^^^^^^^^^^^^^^^^
  17 | import {
  18 |   PixelSpinner,
  19 |   type SpinnerAnimation,

Import map: aliased to relative './components/cosma/cosmo-morph' inside of [project]/

Import traces:
  Client Component Browser:
    ./components/spinners/spinner-morph.tsx [Client Component Browser]
    ./app/page.tsx [Client Component Browser]
    ./app/page.tsx [Server Component]

  Client Component SSR:
    ./components/spinners/spinner-morph.tsx [Client Component SSR]
    ./app/page.tsx [Client Component SSR]
    ./app/page.tsx [Server Component]

https://nextjs.org/docs/messages/module-not-found @ http://localhost:4200/_next/static/chunks/0aus_next_dist_00tg.dm._.js:1945
[   12817ms] [ERROR] ./app/cosma/page.tsx:3:1
Module not found: Can't resolve '@/components/cosma/playground'
  1 | import type { Metadata } from "next";
  2 | import { Navigation } from "@/components/navigation";
> 3 | import { CosmaPlayground } from "@/components/cosma/playground";
    | ^^^^^^^^^^^^^^^^^^^^^^^^^^^^^^^^^^^^^^^^^^^^^^^^^^^^^^^^^^^^^^^^
  4 | import { SiteFooter } from "@/components/site-footer";
  5 | import { CoffeeSupportCard } from "@/components/coffee-support-card";
  6 |

Import map: aliased to relative './components/cosma/playground' inside of [project]/

https://nextjs.org/docs/messages/module-not-found @ http://localhost:4200/_next/static/chunks/0aus_next_dist_00tg.dm._.js:1945
[   12894ms] [ERROR] ./components/spinners/spinner-morph.tsx:16:1
Module not found: Can't resolve '@/components/cosma/cosmo-morph'
  14 | import { ScrollTrigger } from "gsap/ScrollTrigger";
  15 | import { useGSAP } from "@gsap/react";
> 16 | import { TickSlider } from "@/components/cosma/cosmo-morph";
     | ^^^^^^^^^^^^^^^^^^^^^^^^^^^^^^^^^^^^^^^^^^^^^^^^^^^^^^^^^^^^
  17 | import {
  18 |   PixelSpinner,
  19 |   type SpinnerAnimation,

Import map: aliased to relative './components/cosma/cosmo-morph' inside of [project]/

Import traces:
  Client Component Browser:
    ./components/spinners/spinner-morph.tsx [Client Component Browser]
    ./app/page.tsx [Client Component Browser]
    ./app/page.tsx [Server Component]

  Client Component SSR:
    ./components/spinners/spinner-morph.tsx [Client Component SSR]
    ./app/page.tsx [Client Component SSR]
    ./app/page.tsx [Server Component]

https://nextjs.org/docs/messages/module-not-found @ http://localhost:4200/_next/static/chunks/0aus_next_dist_00tg.dm._.js:1945
[   12894ms] [ERROR] ./app/cosma/page.tsx:3:1
Module not found: Can't resolve '@/components/cosma/playground'
  1 | import type { Metadata } from "next";
  2 | import { Navigation } from "@/components/navigation";
> 3 | import { CosmaPlayground } from "@/components/cosma/playground";
    | ^^^^^^^^^^^^^^^^^^^^^^^^^^^^^^^^^^^^^^^^^^^^^^^^^^^^^^^^^^^^^^^^
  4 | import { SiteFooter } from "@/components/site-footer";
  5 | import { CoffeeSupportCard } from "@/components/coffee-support-card";
  6 |

Import map: aliased to relative './components/cosma/playground' inside of [project]/

https://nextjs.org/docs/messages/module-not-found @ http://localhost:4200/_next/static/chunks/0aus_next_dist_00tg.dm._.js:1945
[   12957ms] [ERROR] ./components/spinners/spinner-morph.tsx:16:1
Module not found: Can't resolve '@/components/cosma/cosmo-morph'
  14 | import { ScrollTrigger } from "gsap/ScrollTrigger";
  15 | import { useGSAP } from "@gsap/react";
> 16 | import { TickSlider } from "@/components/cosma/cosmo-morph";
     | ^^^^^^^^^^^^^^^^^^^^^^^^^^^^^^^^^^^^^^^^^^^^^^^^^^^^^^^^^^^^
  17 | import {
  18 |   PixelSpinner,
  19 |   type SpinnerAnimation,

Import map: aliased to relative './components/cosma/cosmo-morph' inside of [project]/

Import traces:
  Client Component Browser:
    ./components/spinners/spinner-morph.tsx [Client Component Browser]
    ./app/page.tsx [Client Component Browser]
    ./app/page.tsx [Server Component]

  Client Component SSR:
    ./components/spinners/spinner-morph.tsx [Client Component SSR]
    ./app/page.tsx [Client Component SSR]
    ./app/page.tsx [Server Component]

https://nextjs.org/docs/messages/module-not-found @ http://localhost:4200/_next/static/chunks/0aus_next_dist_00tg.dm._.js:1945
[   12957ms] [ERROR] ./app/cosma/page.tsx:3:1
Module not found: Can't resolve '@/components/cosma/playground'
  1 | import type { Metadata } from "next";
  2 | import { Navigation } from "@/components/navigation";
> 3 | import { CosmaPlayground } from "@/components/cosma/playground";
    | ^^^^^^^^^^^^^^^^^^^^^^^^^^^^^^^^^^^^^^^^^^^^^^^^^^^^^^^^^^^^^^^^
  4 | import { SiteFooter } from "@/components/site-footer";
  5 | import { CoffeeSupportCard } from "@/components/coffee-support-card";
  6 |

Import map: aliased to relative './components/cosma/playground' inside of [project]/

https://nextjs.org/docs/messages/module-not-found @ http://localhost:4200/_next/static/chunks/0aus_next_dist_00tg.dm._.js:1945
[   13021ms] [ERROR] ./components/spinners/spinner-morph.tsx:16:1
Module not found: Can't resolve '@/components/cosma/cosmo-morph'
  14 | import { ScrollTrigger } from "gsap/ScrollTrigger";
  15 | import { useGSAP } from "@gsap/react";
> 16 | import { TickSlider } from "@/components/cosma/cosmo-morph";
     | ^^^^^^^^^^^^^^^^^^^^^^^^^^^^^^^^^^^^^^^^^^^^^^^^^^^^^^^^^^^^
  17 | import {
  18 |   PixelSpinner,
  19 |   type SpinnerAnimation,

Import map: aliased to relative './components/cosma/cosmo-morph' inside of [project]/

Import traces:
  Client Component Browser:
    ./components/spinners/spinner-morph.tsx [Client Component Browser]
    ./app/page.tsx [Client Component Browser]
    ./app/page.tsx [Server Component]

  Client Component SSR:
    ./components/spinners/spinner-morph.tsx [Client Component SSR]
    ./app/page.tsx [Client Component SSR]
    ./app/page.tsx [Server Component]

https://nextjs.org/docs/messages/module-not-found @ http://localhost:4200/_next/static/chunks/0aus_next_dist_00tg.dm._.js:1945
[   13021ms] [ERROR] ./app/cosma/page.tsx:3:1
Module not found: Can't resolve '@/components/cosma/playground'
  1 | import type { Metadata } from "next";
  2 | import { Navigation } from "@/components/navigation";
> 3 | import { CosmaPlayground } from "@/components/cosma/playground";
    | ^^^^^^^^^^^^^^^^^^^^^^^^^^^^^^^^^^^^^^^^^^^^^^^^^^^^^^^^^^^^^^^^
  4 | import { SiteFooter } from "@/components/site-footer";
  5 | import { CoffeeSupportCard } from "@/components/coffee-support-card";
  6 |

Import map: aliased to relative './components/cosma/playground' inside of [project]/

https://nextjs.org/docs/messages/module-not-found @ http://localhost:4200/_next/static/chunks/0aus_next_dist_00tg.dm._.js:1945
[   13084ms] [ERROR] ./components/spinners/spinner-morph.tsx:16:1
Module not found: Can't resolve '@/components/cosma/cosmo-morph'
  14 | import { ScrollTrigger } from "gsap/ScrollTrigger";
  15 | import { useGSAP } from "@gsap/react";
> 16 | import { TickSlider } from "@/components/cosma/cosmo-morph";
     | ^^^^^^^^^^^^^^^^^^^^^^^^^^^^^^^^^^^^^^^^^^^^^^^^^^^^^^^^^^^^
  17 | import {
  18 |   PixelSpinner,
  19 |   type SpinnerAnimation,

Import map: aliased to relative './components/cosma/cosmo-morph' inside of [project]/

Import traces:
  Client Component Browser:
    ./components/spinners/spinner-morph.tsx [Client Component Browser]
    ./app/page.tsx [Client Component Browser]
    ./app/page.tsx [Server Component]

  Client Component SSR:
    ./components/spinners/spinner-morph.tsx [Client Component SSR]
    ./app/page.tsx [Client Component SSR]
    ./app/page.tsx [Server Component]

https://nextjs.org/docs/messages/module-not-found @ http://localhost:4200/_next/static/chunks/0aus_next_dist_00tg.dm._.js:1945
[   13084ms] [ERROR] ./app/cosma/page.tsx:3:1
Module not found: Can't resolve '@/components/cosma/playground'
  1 | import type { Metadata } from "next";
  2 | import { Navigation } from "@/components/navigation";
> 3 | import { CosmaPlayground } from "@/components/cosma/playground";
    | ^^^^^^^^^^^^^^^^^^^^^^^^^^^^^^^^^^^^^^^^^^^^^^^^^^^^^^^^^^^^^^^^
  4 | import { SiteFooter } from "@/components/site-footer";
  5 | import { CoffeeSupportCard } from "@/components/coffee-support-card";
  6 |

Import map: aliased to relative './components/cosma/playground' inside of [project]/

https://nextjs.org/docs/messages/module-not-found @ http://localhost:4200/_next/static/chunks/0aus_next_dist_00tg.dm._.js:1945
[   13147ms] [ERROR] ./components/spinners/spinner-morph.tsx:16:1
Module not found: Can't resolve '@/components/cosma/cosmo-morph'
  14 | import { ScrollTrigger } from "gsap/ScrollTrigger";
  15 | import { useGSAP } from "@gsap/react";
> 16 | import { TickSlider } from "@/components/cosma/cosmo-morph";
     | ^^^^^^^^^^^^^^^^^^^^^^^^^^^^^^^^^^^^^^^^^^^^^^^^^^^^^^^^^^^^
  17 | import {
  18 |   PixelSpinner,
  19 |   type SpinnerAnimation,

Import map: aliased to relative './components/cosma/cosmo-morph' inside of [project]/

Import traces:
  Client Component Browser:
    ./components/spinners/spinner-morph.tsx [Client Component Browser]
    ./app/page.tsx [Client Component Browser]
    ./app/page.tsx [Server Component]

  Client Component SSR:
    ./components/spinners/spinner-morph.tsx [Client Component SSR]
    ./app/page.tsx [Client Component SSR]
    ./app/page.tsx [Server Component]

https://nextjs.org/docs/messages/module-not-found @ http://localhost:4200/_next/static/chunks/0aus_next_dist_00tg.dm._.js:1945
[   13147ms] [ERROR] ./app/cosma/page.tsx:3:1
Module not found: Can't resolve '@/components/cosma/playground'
  1 | import type { Metadata } from "next";
  2 | import { Navigation } from "@/components/navigation";
> 3 | import { CosmaPlayground } from "@/components/cosma/playground";
    | ^^^^^^^^^^^^^^^^^^^^^^^^^^^^^^^^^^^^^^^^^^^^^^^^^^^^^^^^^^^^^^^^
  4 | import { SiteFooter } from "@/components/site-footer";
  5 | import { CoffeeSupportCard } from "@/components/coffee-support-card";
  6 |

Import map: aliased to relative './components/cosma/playground' inside of [project]/

https://nextjs.org/docs/messages/module-not-found @ http://localhost:4200/_next/static/chunks/0aus_next_dist_00tg.dm._.js:1945
[   13208ms] [ERROR] ./components/spinners/spinner-morph.tsx:16:1
Module not found: Can't resolve '@/components/cosma/cosmo-morph'
  14 | import { ScrollTrigger } from "gsap/ScrollTrigger";
  15 | import { useGSAP } from "@gsap/react";
> 16 | import { TickSlider } from "@/components/cosma/cosmo-morph";
     | ^^^^^^^^^^^^^^^^^^^^^^^^^^^^^^^^^^^^^^^^^^^^^^^^^^^^^^^^^^^^
  17 | import {
  18 |   PixelSpinner,
  19 |   type SpinnerAnimation,

Import map: aliased to relative './components/cosma/cosmo-morph' inside of [project]/

Import traces:
  Client Component Browser:
    ./components/spinners/spinner-morph.tsx [Client Component Browser]
    ./app/page.tsx [Client Component Browser]
    ./app/page.tsx [Server Component]

  Client Component SSR:
    ./components/spinners/spinner-morph.tsx [Client Component SSR]
    ./app/page.tsx [Client Component SSR]
    ./app/page.tsx [Server Component]

https://nextjs.org/docs/messages/module-not-found @ http://localhost:4200/_next/static/chunks/0aus_next_dist_00tg.dm._.js:1945
[   13208ms] [ERROR] ./app/cosma/page.tsx:3:1
Module not found: Can't resolve '@/components/cosma/playground'
  1 | import type { Metadata } from "next";
  2 | import { Navigation } from "@/components/navigation";
> 3 | import { CosmaPlayground } from "@/components/cosma/playground";
    | ^^^^^^^^^^^^^^^^^^^^^^^^^^^^^^^^^^^^^^^^^^^^^^^^^^^^^^^^^^^^^^^^
  4 | import { SiteFooter } from "@/components/site-footer";
  5 | import { CoffeeSupportCard } from "@/components/coffee-support-card";
  6 |

Import map: aliased to relative './components/cosma/playground' inside of [project]/

https://nextjs.org/docs/messages/module-not-found @ http://localhost:4200/_next/static/chunks/0aus_next_dist_00tg.dm._.js:1945
[   13272ms] [ERROR] ./components/spinners/spinner-morph.tsx:16:1
Module not found: Can't resolve '@/components/cosma/cosmo-morph'
  14 | import { ScrollTrigger } from "gsap/ScrollTrigger";
  15 | import { useGSAP } from "@gsap/react";
> 16 | import { TickSlider } from "@/components/cosma/cosmo-morph";
     | ^^^^^^^^^^^^^^^^^^^^^^^^^^^^^^^^^^^^^^^^^^^^^^^^^^^^^^^^^^^^
  17 | import {
  18 |   PixelSpinner,
  19 |   type SpinnerAnimation,

Import map: aliased to relative './components/cosma/cosmo-morph' inside of [project]/

Import traces:
  Client Component Browser:
    ./components/spinners/spinner-morph.tsx [Client Component Browser]
    ./app/page.tsx [Client Component Browser]
    ./app/page.tsx [Server Component]

  Client Component SSR:
    ./components/spinners/spinner-morph.tsx [Client Component SSR]
    ./app/page.tsx [Client Component SSR]
    ./app/page.tsx [Server Component]

https://nextjs.org/docs/messages/module-not-found @ http://localhost:4200/_next/static/chunks/0aus_next_dist_00tg.dm._.js:1945
[   13272ms] [ERROR] ./app/cosma/page.tsx:3:1
Module not found: Can't resolve '@/components/cosma/playground'
  1 | import type { Metadata } from "next";
  2 | import { Navigation } from "@/components/navigation";
> 3 | import { CosmaPlayground } from "@/components/cosma/playground";
    | ^^^^^^^^^^^^^^^^^^^^^^^^^^^^^^^^^^^^^^^^^^^^^^^^^^^^^^^^^^^^^^^^
  4 | import { SiteFooter } from "@/components/site-footer";
  5 | import { CoffeeSupportCard } from "@/components/coffee-support-card";
  6 |

Import map: aliased to relative './components/cosma/playground' inside of [project]/

https://nextjs.org/docs/messages/module-not-found @ http://localhost:4200/_next/static/chunks/0aus_next_dist_00tg.dm._.js:1945
[   13333ms] [ERROR] ./components/spinners/spinner-morph.tsx:16:1
Module not found: Can't resolve '@/components/cosma/cosmo-morph'
  14 | import { ScrollTrigger } from "gsap/ScrollTrigger";
  15 | import { useGSAP } from "@gsap/react";
> 16 | import { TickSlider } from "@/components/cosma/cosmo-morph";
     | ^^^^^^^^^^^^^^^^^^^^^^^^^^^^^^^^^^^^^^^^^^^^^^^^^^^^^^^^^^^^
  17 | import {
  18 |   PixelSpinner,
  19 |   type SpinnerAnimation,

Import map: aliased to relative './components/cosma/cosmo-morph' inside of [project]/

Import traces:
  Client Component Browser:
    ./components/spinners/spinner-morph.tsx [Client Component Browser]
    ./app/page.tsx [Client Component Browser]
    ./app/page.tsx [Server Component]

  Client Component SSR:
    ./components/spinners/spinner-morph.tsx [Client Component SSR]
    ./app/page.tsx [Client Component SSR]
    ./app/page.tsx [Server Component]

https://nextjs.org/docs/messages/module-not-found @ http://localhost:4200/_next/static/chunks/0aus_next_dist_00tg.dm._.js:1945
[   13333ms] [ERROR] ./app/cosma/page.tsx:3:1
Module not found: Can't resolve '@/components/cosma/playground'
  1 | import type { Metadata } from "next";
  2 | import { Navigation } from "@/components/navigation";
> 3 | import { CosmaPlayground } from "@/components/cosma/playground";
    | ^^^^^^^^^^^^^^^^^^^^^^^^^^^^^^^^^^^^^^^^^^^^^^^^^^^^^^^^^^^^^^^^
  4 | import { SiteFooter } from "@/components/site-footer";
  5 | import { CoffeeSupportCard } from "@/components/coffee-support-card";
  6 |

Import map: aliased to relative './components/cosma/playground' inside of [project]/

https://nextjs.org/docs/messages/module-not-found @ http://localhost:4200/_next/static/chunks/0aus_next_dist_00tg.dm._.js:1945
[   13397ms] [ERROR] ./components/spinners/spinner-morph.tsx:16:1
Module not found: Can't resolve '@/components/cosma/cosmo-morph'
  14 | import { ScrollTrigger } from "gsap/ScrollTrigger";
  15 | import { useGSAP } from "@gsap/react";
> 16 | import { TickSlider } from "@/components/cosma/cosmo-morph";
     | ^^^^^^^^^^^^^^^^^^^^^^^^^^^^^^^^^^^^^^^^^^^^^^^^^^^^^^^^^^^^
  17 | import {
  18 |   PixelSpinner,
  19 |   type SpinnerAnimation,

Import map: aliased to relative './components/cosma/cosmo-morph' inside of [project]/

Import traces:
  Client Component Browser:
    ./components/spinners/spinner-morph.tsx [Client Component Browser]
    ./app/page.tsx [Client Component Browser]
    ./app/page.tsx [Server Component]

  Client Component SSR:
    ./components/spinners/spinner-morph.tsx [Client Component SSR]
    ./app/page.tsx [Client Component SSR]
    ./app/page.tsx [Server Component]

https://nextjs.org/docs/messages/module-not-found @ http://localhost:4200/_next/static/chunks/0aus_next_dist_00tg.dm._.js:1945
[   13397ms] [ERROR] ./app/cosma/page.tsx:3:1
Module not found: Can't resolve '@/components/cosma/playground'
  1 | import type { Metadata } from "next";
  2 | import { Navigation } from "@/components/navigation";
> 3 | import { CosmaPlayground } from "@/components/cosma/playground";
    | ^^^^^^^^^^^^^^^^^^^^^^^^^^^^^^^^^^^^^^^^^^^^^^^^^^^^^^^^^^^^^^^^
  4 | import { SiteFooter } from "@/components/site-footer";
  5 | import { CoffeeSupportCard } from "@/components/coffee-support-card";
  6 |

Import map: aliased to relative './components/cosma/playground' inside of [project]/

https://nextjs.org/docs/messages/module-not-found @ http://localhost:4200/_next/static/chunks/0aus_next_dist_00tg.dm._.js:1945
[   13459ms] [ERROR] ./components/spinners/spinner-morph.tsx:16:1
Module not found: Can't resolve '@/components/cosma/cosmo-morph'
  14 | import { ScrollTrigger } from "gsap/ScrollTrigger";
  15 | import { useGSAP } from "@gsap/react";
> 16 | import { TickSlider } from "@/components/cosma/cosmo-morph";
     | ^^^^^^^^^^^^^^^^^^^^^^^^^^^^^^^^^^^^^^^^^^^^^^^^^^^^^^^^^^^^
  17 | import {
  18 |   PixelSpinner,
  19 |   type SpinnerAnimation,

Import map: aliased to relative './components/cosma/cosmo-morph' inside of [project]/

Import traces:
  Client Component Browser:
    ./components/spinners/spinner-morph.tsx [Client Component Browser]
    ./app/page.tsx [Client Component Browser]
    ./app/page.tsx [Server Component]

  Client Component SSR:
    ./components/spinners/spinner-morph.tsx [Client Component SSR]
    ./app/page.tsx [Client Component SSR]
    ./app/page.tsx [Server Component]

https://nextjs.org/docs/messages/module-not-found @ http://localhost:4200/_next/static/chunks/0aus_next_dist_00tg.dm._.js:1945
[   13459ms] [ERROR] ./app/cosma/page.tsx:3:1
Module not found: Can't resolve '@/components/cosma/playground'
  1 | import type { Metadata } from "next";
  2 | import { Navigation } from "@/components/navigation";
> 3 | import { CosmaPlayground } from "@/components/cosma/playground";
    | ^^^^^^^^^^^^^^^^^^^^^^^^^^^^^^^^^^^^^^^^^^^^^^^^^^^^^^^^^^^^^^^^
  4 | import { SiteFooter } from "@/components/site-footer";
  5 | import { CoffeeSupportCard } from "@/components/coffee-support-card";
  6 |

Import map: aliased to relative './components/cosma/playground' inside of [project]/

https://nextjs.org/docs/messages/module-not-found @ http://localhost:4200/_next/static/chunks/0aus_next_dist_00tg.dm._.js:1945
[   13522ms] [ERROR] ./components/spinners/spinner-morph.tsx:16:1
Module not found: Can't resolve '@/components/cosma/cosmo-morph'
  14 | import { ScrollTrigger } from "gsap/ScrollTrigger";
  15 | import { useGSAP } from "@gsap/react";
> 16 | import { TickSlider } from "@/components/cosma/cosmo-morph";
     | ^^^^^^^^^^^^^^^^^^^^^^^^^^^^^^^^^^^^^^^^^^^^^^^^^^^^^^^^^^^^
  17 | import {
  18 |   PixelSpinner,
  19 |   type SpinnerAnimation,

Import map: aliased to relative './components/cosma/cosmo-morph' inside of [project]/

Import traces:
  Client Component Browser:
    ./components/spinners/spinner-morph.tsx [Client Component Browser]
    ./app/page.tsx [Client Component Browser]
    ./app/page.tsx [Server Component]

  Client Component SSR:
    ./components/spinners/spinner-morph.tsx [Client Component SSR]
    ./app/page.tsx [Client Component SSR]
    ./app/page.tsx [Server Component]

https://nextjs.org/docs/messages/module-not-found @ http://localhost:4200/_next/static/chunks/0aus_next_dist_00tg.dm._.js:1945
[   13522ms] [ERROR] ./app/cosma/page.tsx:3:1
Module not found: Can't resolve '@/components/cosma/playground'
  1 | import type { Metadata } from "next";
  2 | import { Navigation } from "@/components/navigation";
> 3 | import { CosmaPlayground } from "@/components/cosma/playground";
    | ^^^^^^^^^^^^^^^^^^^^^^^^^^^^^^^^^^^^^^^^^^^^^^^^^^^^^^^^^^^^^^^^
  4 | import { SiteFooter } from "@/components/site-footer";
  5 | import { CoffeeSupportCard } from "@/components/coffee-support-card";
  6 |

Import map: aliased to relative './components/cosma/playground' inside of [project]/

https://nextjs.org/docs/messages/module-not-found @ http://localhost:4200/_next/static/chunks/0aus_next_dist_00tg.dm._.js:1945
[   13585ms] [ERROR] ./components/spinners/spinner-morph.tsx:16:1
Module not found: Can't resolve '@/components/cosma/cosmo-morph'
  14 | import { ScrollTrigger } from "gsap/ScrollTrigger";
  15 | import { useGSAP } from "@gsap/react";
> 16 | import { TickSlider } from "@/components/cosma/cosmo-morph";
     | ^^^^^^^^^^^^^^^^^^^^^^^^^^^^^^^^^^^^^^^^^^^^^^^^^^^^^^^^^^^^
  17 | import {
  18 |   PixelSpinner,
  19 |   type SpinnerAnimation,

Import map: aliased to relative './components/cosma/cosmo-morph' inside of [project]/

Import traces:
  Client Component Browser:
    ./components/spinners/spinner-morph.tsx [Client Component Browser]
    ./app/page.tsx [Client Component Browser]
    ./app/page.tsx [Server Component]

  Client Component SSR:
    ./components/spinners/spinner-morph.tsx [Client Component SSR]
    ./app/page.tsx [Client Component SSR]
    ./app/page.tsx [Server Component]

https://nextjs.org/docs/messages/module-not-found @ http://localhost:4200/_next/static/chunks/0aus_next_dist_00tg.dm._.js:1945
[   13585ms] [ERROR] ./app/cosma/page.tsx:3:1
Module not found: Can't resolve '@/components/cosma/playground'
  1 | import type { Metadata } from "next";
  2 | import { Navigation } from "@/components/navigation";
> 3 | import { CosmaPlayground } from "@/components/cosma/playground";
    | ^^^^^^^^^^^^^^^^^^^^^^^^^^^^^^^^^^^^^^^^^^^^^^^^^^^^^^^^^^^^^^^^
  4 | import { SiteFooter } from "@/components/site-footer";
  5 | import { CoffeeSupportCard } from "@/components/coffee-support-card";
  6 |

Import map: aliased to relative './components/cosma/playground' inside of [project]/

https://nextjs.org/docs/messages/module-not-found @ http://localhost:4200/_next/static/chunks/0aus_next_dist_00tg.dm._.js:1945
[   13652ms] [ERROR] ./components/spinners/spinner-morph.tsx:16:1
Module not found: Can't resolve '@/components/cosma/cosmo-morph'
  14 | import { ScrollTrigger } from "gsap/ScrollTrigger";
  15 | import { useGSAP } from "@gsap/react";
> 16 | import { TickSlider } from "@/components/cosma/cosmo-morph";
     | ^^^^^^^^^^^^^^^^^^^^^^^^^^^^^^^^^^^^^^^^^^^^^^^^^^^^^^^^^^^^
  17 | import {
  18 |   PixelSpinner,
  19 |   type SpinnerAnimation,

Import map: aliased to relative './components/cosma/cosmo-morph' inside of [project]/

Import traces:
  Client Component Browser:
    ./components/spinners/spinner-morph.tsx [Client Component Browser]
    ./app/page.tsx [Client Component Browser]
    ./app/page.tsx [Server Component]

  Client Component SSR:
    ./components/spinners/spinner-morph.tsx [Client Component SSR]
    ./app/page.tsx [Client Component SSR]
    ./app/page.tsx [Server Component]

https://nextjs.org/docs/messages/module-not-found @ http://localhost:4200/_next/static/chunks/0aus_next_dist_00tg.dm._.js:1945
[   13652ms] [ERROR] ./app/cosma/page.tsx:3:1
Module not found: Can't resolve '@/components/cosma/playground'
  1 | import type { Metadata } from "next";
  2 | import { Navigation } from "@/components/navigation";
> 3 | import { CosmaPlayground } from "@/components/cosma/playground";
    | ^^^^^^^^^^^^^^^^^^^^^^^^^^^^^^^^^^^^^^^^^^^^^^^^^^^^^^^^^^^^^^^^
  4 | import { SiteFooter } from "@/components/site-footer";
  5 | import { CoffeeSupportCard } from "@/components/coffee-support-card";
  6 |

Import map: aliased to relative './components/cosma/playground' inside of [project]/

https://nextjs.org/docs/messages/module-not-found @ http://localhost:4200/_next/static/chunks/0aus_next_dist_00tg.dm._.js:1945
[   13716ms] [ERROR] ./components/spinners/spinner-morph.tsx:16:1
Module not found: Can't resolve '@/components/cosma/cosmo-morph'
  14 | import { ScrollTrigger } from "gsap/ScrollTrigger";
  15 | import { useGSAP } from "@gsap/react";
> 16 | import { TickSlider } from "@/components/cosma/cosmo-morph";
     | ^^^^^^^^^^^^^^^^^^^^^^^^^^^^^^^^^^^^^^^^^^^^^^^^^^^^^^^^^^^^
  17 | import {
  18 |   PixelSpinner,
  19 |   type SpinnerAnimation,

Import map: aliased to relative './components/cosma/cosmo-morph' inside of [project]/

Import traces:
  Client Component Browser:
    ./components/spinners/spinner-morph.tsx [Client Component Browser]
    ./app/page.tsx [Client Component Browser]
    ./app/page.tsx [Server Component]

  Client Component SSR:
    ./components/spinners/spinner-morph.tsx [Client Component SSR]
    ./app/page.tsx [Client Component SSR]
    ./app/page.tsx [Server Component]

https://nextjs.org/docs/messages/module-not-found @ http://localhost:4200/_next/static/chunks/0aus_next_dist_00tg.dm._.js:1945
[   13716ms] [ERROR] ./app/cosma/page.tsx:3:1
Module not found: Can't resolve '@/components/cosma/playground'
  1 | import type { Metadata } from "next";
  2 | import { Navigation } from "@/components/navigation";
> 3 | import { CosmaPlayground } from "@/components/cosma/playground";
    | ^^^^^^^^^^^^^^^^^^^^^^^^^^^^^^^^^^^^^^^^^^^^^^^^^^^^^^^^^^^^^^^^
  4 | import { SiteFooter } from "@/components/site-footer";
  5 | import { CoffeeSupportCard } from "@/components/coffee-support-card";
  6 |

Import map: aliased to relative './components/cosma/playground' inside of [project]/

https://nextjs.org/docs/messages/module-not-found @ http://localhost:4200/_next/static/chunks/0aus_next_dist_00tg.dm._.js:1945
[   13779ms] [ERROR] ./components/spinners/spinner-morph.tsx:16:1
Module not found: Can't resolve '@/components/cosma/cosmo-morph'
  14 | import { ScrollTrigger } from "gsap/ScrollTrigger";
  15 | import { useGSAP } from "@gsap/react";
> 16 | import { TickSlider } from "@/components/cosma/cosmo-morph";
     | ^^^^^^^^^^^^^^^^^^^^^^^^^^^^^^^^^^^^^^^^^^^^^^^^^^^^^^^^^^^^
  17 | import {
  18 |   PixelSpinner,
  19 |   type SpinnerAnimation,

Import map: aliased to relative './components/cosma/cosmo-morph' inside of [project]/

Import traces:
  Client Component Browser:
    ./components/spinners/spinner-morph.tsx [Client Component Browser]
    ./app/page.tsx [Client Component Browser]
    ./app/page.tsx [Server Component]

  Client Component SSR:
    ./components/spinners/spinner-morph.tsx [Client Component SSR]
    ./app/page.tsx [Client Component SSR]
    ./app/page.tsx [Server Component]

https://nextjs.org/docs/messages/module-not-found @ http://localhost:4200/_next/static/chunks/0aus_next_dist_00tg.dm._.js:1945
[   13779ms] [ERROR] ./app/cosma/page.tsx:3:1
Module not found: Can't resolve '@/components/cosma/playground'
  1 | import type { Metadata } from "next";
  2 | import { Navigation } from "@/components/navigation";
> 3 | import { CosmaPlayground } from "@/components/cosma/playground";
    | ^^^^^^^^^^^^^^^^^^^^^^^^^^^^^^^^^^^^^^^^^^^^^^^^^^^^^^^^^^^^^^^^
  4 | import { SiteFooter } from "@/components/site-footer";
  5 | import { CoffeeSupportCard } from "@/components/coffee-support-card";
  6 |

Import map: aliased to relative './components/cosma/playground' inside of [project]/

https://nextjs.org/docs/messages/module-not-found @ http://localhost:4200/_next/static/chunks/0aus_next_dist_00tg.dm._.js:1945
[   13842ms] [ERROR] ./components/spinners/spinner-morph.tsx:16:1
Module not found: Can't resolve '@/components/cosma/cosmo-morph'
  14 | import { ScrollTrigger } from "gsap/ScrollTrigger";
  15 | import { useGSAP } from "@gsap/react";
> 16 | import { TickSlider } from "@/components/cosma/cosmo-morph";
     | ^^^^^^^^^^^^^^^^^^^^^^^^^^^^^^^^^^^^^^^^^^^^^^^^^^^^^^^^^^^^
  17 | import {
  18 |   PixelSpinner,
  19 |   type SpinnerAnimation,

Import map: aliased to relative './components/cosma/cosmo-morph' inside of [project]/

Import traces:
  Client Component Browser:
    ./components/spinners/spinner-morph.tsx [Client Component Browser]
    ./app/page.tsx [Client Component Browser]
    ./app/page.tsx [Server Component]

  Client Component SSR:
    ./components/spinners/spinner-morph.tsx [Client Component SSR]
    ./app/page.tsx [Client Component SSR]
    ./app/page.tsx [Server Component]

https://nextjs.org/docs/messages/module-not-found @ http://localhost:4200/_next/static/chunks/0aus_next_dist_00tg.dm._.js:1945
[   13842ms] [ERROR] ./app/cosma/page.tsx:3:1
Module not found: Can't resolve '@/components/cosma/playground'
  1 | import type { Metadata } from "next";
  2 | import { Navigation } from "@/components/navigation";
> 3 | import { CosmaPlayground } from "@/components/cosma/playground";
    | ^^^^^^^^^^^^^^^^^^^^^^^^^^^^^^^^^^^^^^^^^^^^^^^^^^^^^^^^^^^^^^^^
  4 | import { SiteFooter } from "@/components/site-footer";
  5 | import { CoffeeSupportCard } from "@/components/coffee-support-card";
  6 |

Import map: aliased to relative './components/cosma/playground' inside of [project]/

https://nextjs.org/docs/messages/module-not-found @ http://localhost:4200/_next/static/chunks/0aus_next_dist_00tg.dm._.js:1945
[   13905ms] [ERROR] ./components/spinners/spinner-morph.tsx:16:1
Module not found: Can't resolve '@/components/cosma/cosmo-morph'
  14 | import { ScrollTrigger } from "gsap/ScrollTrigger";
  15 | import { useGSAP } from "@gsap/react";
> 16 | import { TickSlider } from "@/components/cosma/cosmo-morph";
     | ^^^^^^^^^^^^^^^^^^^^^^^^^^^^^^^^^^^^^^^^^^^^^^^^^^^^^^^^^^^^
  17 | import {
  18 |   PixelSpinner,
  19 |   type SpinnerAnimation,

Import map: aliased to relative './components/cosma/cosmo-morph' inside of [project]/

Import traces:
  Client Component Browser:
    ./components/spinners/spinner-morph.tsx [Client Component Browser]
    ./app/page.tsx [Client Component Browser]
    ./app/page.tsx [Server Component]

  Client Component SSR:
    ./components/spinners/spinner-morph.tsx [Client Component SSR]
    ./app/page.tsx [Client Component SSR]
    ./app/page.tsx [Server Component]

https://nextjs.org/docs/messages/module-not-found @ http://localhost:4200/_next/static/chunks/0aus_next_dist_00tg.dm._.js:1945
[   13905ms] [ERROR] ./app/cosma/page.tsx:3:1
Module not found: Can't resolve '@/components/cosma/playground'
  1 | import type { Metadata } from "next";
  2 | import { Navigation } from "@/components/navigation";
> 3 | import { CosmaPlayground } from "@/components/cosma/playground";
    | ^^^^^^^^^^^^^^^^^^^^^^^^^^^^^^^^^^^^^^^^^^^^^^^^^^^^^^^^^^^^^^^^
  4 | import { SiteFooter } from "@/components/site-footer";
  5 | import { CoffeeSupportCard } from "@/components/coffee-support-card";
  6 |

Import map: aliased to relative './components/cosma/playground' inside of [project]/

https://nextjs.org/docs/messages/module-not-found @ http://localhost:4200/_next/static/chunks/0aus_next_dist_00tg.dm._.js:1945
[   13968ms] [ERROR] ./components/spinners/spinner-morph.tsx:16:1
Module not found: Can't resolve '@/components/cosma/cosmo-morph'
  14 | import { ScrollTrigger } from "gsap/ScrollTrigger";
  15 | import { useGSAP } from "@gsap/react";
> 16 | import { TickSlider } from "@/components/cosma/cosmo-morph";
     | ^^^^^^^^^^^^^^^^^^^^^^^^^^^^^^^^^^^^^^^^^^^^^^^^^^^^^^^^^^^^
  17 | import {
  18 |   PixelSpinner,
  19 |   type SpinnerAnimation,

Import map: aliased to relative './components/cosma/cosmo-morph' inside of [project]/

Import traces:
  Client Component Browser:
    ./components/spinners/spinner-morph.tsx [Client Component Browser]
    ./app/page.tsx [Client Component Browser]
    ./app/page.tsx [Server Component]

  Client Component SSR:
    ./components/spinners/spinner-morph.tsx [Client Component SSR]
    ./app/page.tsx [Client Component SSR]
    ./app/page.tsx [Server Component]

https://nextjs.org/docs/messages/module-not-found @ http://localhost:4200/_next/static/chunks/0aus_next_dist_00tg.dm._.js:1945
[   13968ms] [ERROR] ./app/cosma/page.tsx:3:1
Module not found: Can't resolve '@/components/cosma/playground'
  1 | import type { Metadata } from "next";
  2 | import { Navigation } from "@/components/navigation";
> 3 | import { CosmaPlayground } from "@/components/cosma/playground";
    | ^^^^^^^^^^^^^^^^^^^^^^^^^^^^^^^^^^^^^^^^^^^^^^^^^^^^^^^^^^^^^^^^
  4 | import { SiteFooter } from "@/components/site-footer";
  5 | import { CoffeeSupportCard } from "@/components/coffee-support-card";
  6 |

Import map: aliased to relative './components/cosma/playground' inside of [project]/

https://nextjs.org/docs/messages/module-not-found @ http://localhost:4200/_next/static/chunks/0aus_next_dist_00tg.dm._.js:1945
[   14030ms] [ERROR] ./components/spinners/spinner-morph.tsx:16:1
Module not found: Can't resolve '@/components/cosma/cosmo-morph'
  14 | import { ScrollTrigger } from "gsap/ScrollTrigger";
  15 | import { useGSAP } from "@gsap/react";
> 16 | import { TickSlider } from "@/components/cosma/cosmo-morph";
     | ^^^^^^^^^^^^^^^^^^^^^^^^^^^^^^^^^^^^^^^^^^^^^^^^^^^^^^^^^^^^
  17 | import {
  18 |   PixelSpinner,
  19 |   type SpinnerAnimation,

Import map: aliased to relative './components/cosma/cosmo-morph' inside of [project]/

Import traces:
  Client Component Browser:
    ./components/spinners/spinner-morph.tsx [Client Component Browser]
    ./app/page.tsx [Client Component Browser]
    ./app/page.tsx [Server Component]

  Client Component SSR:
    ./components/spinners/spinner-morph.tsx [Client Component SSR]
    ./app/page.tsx [Client Component SSR]
    ./app/page.tsx [Server Component]

https://nextjs.org/docs/messages/module-not-found @ http://localhost:4200/_next/static/chunks/0aus_next_dist_00tg.dm._.js:1945
[   14030ms] [ERROR] ./app/cosma/page.tsx:3:1
Module not found: Can't resolve '@/components/cosma/playground'
  1 | import type { Metadata } from "next";
  2 | import { Navigation } from "@/components/navigation";
> 3 | import { CosmaPlayground } from "@/components/cosma/playground";
    | ^^^^^^^^^^^^^^^^^^^^^^^^^^^^^^^^^^^^^^^^^^^^^^^^^^^^^^^^^^^^^^^^
  4 | import { SiteFooter } from "@/components/site-footer";
  5 | import { CoffeeSupportCard } from "@/components/coffee-support-card";
  6 |

Import map: aliased to relative './components/cosma/playground' inside of [project]/

https://nextjs.org/docs/messages/module-not-found @ http://localhost:4200/_next/static/chunks/0aus_next_dist_00tg.dm._.js:1945
[   14091ms] [ERROR] ./components/spinners/spinner-morph.tsx:16:1
Module not found: Can't resolve '@/components/cosma/cosmo-morph'
  14 | import { ScrollTrigger } from "gsap/ScrollTrigger";
  15 | import { useGSAP } from "@gsap/react";
> 16 | import { TickSlider } from "@/components/cosma/cosmo-morph";
     | ^^^^^^^^^^^^^^^^^^^^^^^^^^^^^^^^^^^^^^^^^^^^^^^^^^^^^^^^^^^^
  17 | import {
  18 |   PixelSpinner,
  19 |   type SpinnerAnimation,

Import map: aliased to relative './components/cosma/cosmo-morph' inside of [project]/

Import traces:
  Client Component Browser:
    ./components/spinners/spinner-morph.tsx [Client Component Browser]
    ./app/page.tsx [Client Component Browser]
    ./app/page.tsx [Server Component]

  Client Component SSR:
    ./components/spinners/spinner-morph.tsx [Client Component SSR]
    ./app/page.tsx [Client Component SSR]
    ./app/page.tsx [Server Component]

https://nextjs.org/docs/messages/module-not-found @ http://localhost:4200/_next/static/chunks/0aus_next_dist_00tg.dm._.js:1945
[   14091ms] [ERROR] ./app/cosma/page.tsx:3:1
Module not found: Can't resolve '@/components/cosma/playground'
  1 | import type { Metadata } from "next";
  2 | import { Navigation } from "@/components/navigation";
> 3 | import { CosmaPlayground } from "@/components/cosma/playground";
    | ^^^^^^^^^^^^^^^^^^^^^^^^^^^^^^^^^^^^^^^^^^^^^^^^^^^^^^^^^^^^^^^^
  4 | import { SiteFooter } from "@/components/site-footer";
  5 | import { CoffeeSupportCard } from "@/components/coffee-support-card";
  6 |

Import map: aliased to relative './components/cosma/playground' inside of [project]/

https://nextjs.org/docs/messages/module-not-found @ http://localhost:4200/_next/static/chunks/0aus_next_dist_00tg.dm._.js:1945
[   14154ms] [ERROR] ./components/spinners/spinner-morph.tsx:16:1
Module not found: Can't resolve '@/components/cosma/cosmo-morph'
  14 | import { ScrollTrigger } from "gsap/ScrollTrigger";
  15 | import { useGSAP } from "@gsap/react";
> 16 | import { TickSlider } from "@/components/cosma/cosmo-morph";
     | ^^^^^^^^^^^^^^^^^^^^^^^^^^^^^^^^^^^^^^^^^^^^^^^^^^^^^^^^^^^^
  17 | import {
  18 |   PixelSpinner,
  19 |   type SpinnerAnimation,

Import map: aliased to relative './components/cosma/cosmo-morph' inside of [project]/

Import traces:
  Client Component Browser:
    ./components/spinners/spinner-morph.tsx [Client Component Browser]
    ./app/page.tsx [Client Component Browser]
    ./app/page.tsx [Server Component]

  Client Component SSR:
    ./components/spinners/spinner-morph.tsx [Client Component SSR]
    ./app/page.tsx [Client Component SSR]
    ./app/page.tsx [Server Component]

https://nextjs.org/docs/messages/module-not-found @ http://localhost:4200/_next/static/chunks/0aus_next_dist_00tg.dm._.js:1945
[   14154ms] [ERROR] ./app/cosma/page.tsx:3:1
Module not found: Can't resolve '@/components/cosma/playground'
  1 | import type { Metadata } from "next";
  2 | import { Navigation } from "@/components/navigation";
> 3 | import { CosmaPlayground } from "@/components/cosma/playground";
    | ^^^^^^^^^^^^^^^^^^^^^^^^^^^^^^^^^^^^^^^^^^^^^^^^^^^^^^^^^^^^^^^^
  4 | import { SiteFooter } from "@/components/site-footer";
  5 | import { CoffeeSupportCard } from "@/components/coffee-support-card";
  6 |

Import map: aliased to relative './components/cosma/playground' inside of [project]/

https://nextjs.org/docs/messages/module-not-found @ http://localhost:4200/_next/static/chunks/0aus_next_dist_00tg.dm._.js:1945
[   14219ms] [ERROR] ./components/spinners/spinner-morph.tsx:16:1
Module not found: Can't resolve '@/components/cosma/cosmo-morph'
  14 | import { ScrollTrigger } from "gsap/ScrollTrigger";
  15 | import { useGSAP } from "@gsap/react";
> 16 | import { TickSlider } from "@/components/cosma/cosmo-morph";
     | ^^^^^^^^^^^^^^^^^^^^^^^^^^^^^^^^^^^^^^^^^^^^^^^^^^^^^^^^^^^^
  17 | import {
  18 |   PixelSpinner,
  19 |   type SpinnerAnimation,

Import map: aliased to relative './components/cosma/cosmo-morph' inside of [project]/

Import traces:
  Client Component Browser:
    ./components/spinners/spinner-morph.tsx [Client Component Browser]
    ./app/page.tsx [Client Component Browser]
    ./app/page.tsx [Server Component]

  Client Component SSR:
    ./components/spinners/spinner-morph.tsx [Client Component SSR]
    ./app/page.tsx [Client Component SSR]
    ./app/page.tsx [Server Component]

https://nextjs.org/docs/messages/module-not-found @ http://localhost:4200/_next/static/chunks/0aus_next_dist_00tg.dm._.js:1945
[   14219ms] [ERROR] ./app/cosma/page.tsx:3:1
Module not found: Can't resolve '@/components/cosma/playground'
  1 | import type { Metadata } from "next";
  2 | import { Navigation } from "@/components/navigation";
> 3 | import { CosmaPlayground } from "@/components/cosma/playground";
    | ^^^^^^^^^^^^^^^^^^^^^^^^^^^^^^^^^^^^^^^^^^^^^^^^^^^^^^^^^^^^^^^^
  4 | import { SiteFooter } from "@/components/site-footer";
  5 | import { CoffeeSupportCard } from "@/components/coffee-support-card";
  6 |

Import map: aliased to relative './components/cosma/playground' inside of [project]/

https://nextjs.org/docs/messages/module-not-found @ http://localhost:4200/_next/static/chunks/0aus_next_dist_00tg.dm._.js:1945
[   14290ms] [ERROR] ./components/spinners/spinner-morph.tsx:16:1
Module not found: Can't resolve '@/components/cosma/cosmo-morph'
  14 | import { ScrollTrigger } from "gsap/ScrollTrigger";
  15 | import { useGSAP } from "@gsap/react";
> 16 | import { TickSlider } from "@/components/cosma/cosmo-morph";
     | ^^^^^^^^^^^^^^^^^^^^^^^^^^^^^^^^^^^^^^^^^^^^^^^^^^^^^^^^^^^^
  17 | import {
  18 |   PixelSpinner,
  19 |   type SpinnerAnimation,

Import map: aliased to relative './components/cosma/cosmo-morph' inside of [project]/

Import traces:
  Client Component Browser:
    ./components/spinners/spinner-morph.tsx [Client Component Browser]
    ./app/page.tsx [Client Component Browser]
    ./app/page.tsx [Server Component]

  Client Component SSR:
    ./components/spinners/spinner-morph.tsx [Client Component SSR]
    ./app/page.tsx [Client Component SSR]
    ./app/page.tsx [Server Component]

https://nextjs.org/docs/messages/module-not-found @ http://localhost:4200/_next/static/chunks/0aus_next_dist_00tg.dm._.js:1945
[   14290ms] [ERROR] ./app/cosma/page.tsx:3:1
Module not found: Can't resolve '@/components/cosma/playground'
  1 | import type { Metadata } from "next";
  2 | import { Navigation } from "@/components/navigation";
> 3 | import { CosmaPlayground } from "@/components/cosma/playground";
    | ^^^^^^^^^^^^^^^^^^^^^^^^^^^^^^^^^^^^^^^^^^^^^^^^^^^^^^^^^^^^^^^^
  4 | import { SiteFooter } from "@/components/site-footer";
  5 | import { CoffeeSupportCard } from "@/components/coffee-support-card";
  6 |

Import map: aliased to relative './components/cosma/playground' inside of [project]/

https://nextjs.org/docs/messages/module-not-found @ http://localhost:4200/_next/static/chunks/0aus_next_dist_00tg.dm._.js:1945
[   14356ms] [ERROR] ./components/spinners/spinner-morph.tsx:16:1
Module not found: Can't resolve '@/components/cosma/cosmo-morph'
  14 | import { ScrollTrigger } from "gsap/ScrollTrigger";
  15 | import { useGSAP } from "@gsap/react";
> 16 | import { TickSlider } from "@/components/cosma/cosmo-morph";
     | ^^^^^^^^^^^^^^^^^^^^^^^^^^^^^^^^^^^^^^^^^^^^^^^^^^^^^^^^^^^^
  17 | import {
  18 |   PixelSpinner,
  19 |   type SpinnerAnimation,

Import map: aliased to relative './components/cosma/cosmo-morph' inside of [project]/

Import traces:
  Client Component Browser:
    ./components/spinners/spinner-morph.tsx [Client Component Browser]
    ./app/page.tsx [Client Component Browser]
    ./app/page.tsx [Server Component]

  Client Component SSR:
    ./components/spinners/spinner-morph.tsx [Client Component SSR]
    ./app/page.tsx [Client Component SSR]
    ./app/page.tsx [Server Component]

https://nextjs.org/docs/messages/module-not-found @ http://localhost:4200/_next/static/chunks/0aus_next_dist_00tg.dm._.js:1945
[   14356ms] [ERROR] ./app/cosma/page.tsx:3:1
Module not found: Can't resolve '@/components/cosma/playground'
  1 | import type { Metadata } from "next";
  2 | import { Navigation } from "@/components/navigation";
> 3 | import { CosmaPlayground } from "@/components/cosma/playground";
    | ^^^^^^^^^^^^^^^^^^^^^^^^^^^^^^^^^^^^^^^^^^^^^^^^^^^^^^^^^^^^^^^^
  4 | import { SiteFooter } from "@/components/site-footer";
  5 | import { CoffeeSupportCard } from "@/components/coffee-support-card";
  6 |

Import map: aliased to relative './components/cosma/playground' inside of [project]/

https://nextjs.org/docs/messages/module-not-found @ http://localhost:4200/_next/static/chunks/0aus_next_dist_00tg.dm._.js:1945
[   14418ms] [ERROR] ./components/spinners/spinner-morph.tsx:16:1
Module not found: Can't resolve '@/components/cosma/cosmo-morph'
  14 | import { ScrollTrigger } from "gsap/ScrollTrigger";
  15 | import { useGSAP } from "@gsap/react";
> 16 | import { TickSlider } from "@/components/cosma/cosmo-morph";
     | ^^^^^^^^^^^^^^^^^^^^^^^^^^^^^^^^^^^^^^^^^^^^^^^^^^^^^^^^^^^^
  17 | import {
  18 |   PixelSpinner,
  19 |   type SpinnerAnimation,

Import map: aliased to relative './components/cosma/cosmo-morph' inside of [project]/

Import traces:
  Client Component Browser:
    ./components/spinners/spinner-morph.tsx [Client Component Browser]
    ./app/page.tsx [Client Component Browser]
    ./app/page.tsx [Server Component]

  Client Component SSR:
    ./components/spinners/spinner-morph.tsx [Client Component SSR]
    ./app/page.tsx [Client Component SSR]
    ./app/page.tsx [Server Component]

https://nextjs.org/docs/messages/module-not-found @ http://localhost:4200/_next/static/chunks/0aus_next_dist_00tg.dm._.js:1945
[   14418ms] [ERROR] ./app/cosma/page.tsx:3:1
Module not found: Can't resolve '@/components/cosma/playground'
  1 | import type { Metadata } from "next";
  2 | import { Navigation } from "@/components/navigation";
> 3 | import { CosmaPlayground } from "@/components/cosma/playground";
    | ^^^^^^^^^^^^^^^^^^^^^^^^^^^^^^^^^^^^^^^^^^^^^^^^^^^^^^^^^^^^^^^^
  4 | import { SiteFooter } from "@/components/site-footer";
  5 | import { CoffeeSupportCard } from "@/components/coffee-support-card";
  6 |

Import map: aliased to relative './components/cosma/playground' inside of [project]/

https://nextjs.org/docs/messages/module-not-found @ http://localhost:4200/_next/static/chunks/0aus_next_dist_00tg.dm._.js:1945
[   14480ms] [ERROR] ./components/spinners/spinner-morph.tsx:16:1
Module not found: Can't resolve '@/components/cosma/cosmo-morph'
  14 | import { ScrollTrigger } from "gsap/ScrollTrigger";
  15 | import { useGSAP } from "@gsap/react";
> 16 | import { TickSlider } from "@/components/cosma/cosmo-morph";
     | ^^^^^^^^^^^^^^^^^^^^^^^^^^^^^^^^^^^^^^^^^^^^^^^^^^^^^^^^^^^^
  17 | import {
  18 |   PixelSpinner,
  19 |   type SpinnerAnimation,

Import map: aliased to relative './components/cosma/cosmo-morph' inside of [project]/

Import traces:
  Client Component Browser:
    ./components/spinners/spinner-morph.tsx [Client Component Browser]
    ./app/page.tsx [Client Component Browser]
    ./app/page.tsx [Server Component]

  Client Component SSR:
    ./components/spinners/spinner-morph.tsx [Client Component SSR]
    ./app/page.tsx [Client Component SSR]
    ./app/page.tsx [Server Component]

https://nextjs.org/docs/messages/module-not-found @ http://localhost:4200/_next/static/chunks/0aus_next_dist_00tg.dm._.js:1945
[   14480ms] [ERROR] ./app/cosma/page.tsx:3:1
Module not found: Can't resolve '@/components/cosma/playground'
  1 | import type { Metadata } from "next";
  2 | import { Navigation } from "@/components/navigation";
> 3 | import { CosmaPlayground } from "@/components/cosma/playground";
    | ^^^^^^^^^^^^^^^^^^^^^^^^^^^^^^^^^^^^^^^^^^^^^^^^^^^^^^^^^^^^^^^^
  4 | import { SiteFooter } from "@/components/site-footer";
  5 | import { CoffeeSupportCard } from "@/components/coffee-support-card";
  6 |

Import map: aliased to relative './components/cosma/playground' inside of [project]/

https://nextjs.org/docs/messages/module-not-found @ http://localhost:4200/_next/static/chunks/0aus_next_dist_00tg.dm._.js:1945
[   14542ms] [ERROR] ./components/spinners/spinner-morph.tsx:16:1
Module not found: Can't resolve '@/components/cosma/cosmo-morph'
  14 | import { ScrollTrigger } from "gsap/ScrollTrigger";
  15 | import { useGSAP } from "@gsap/react";
> 16 | import { TickSlider } from "@/components/cosma/cosmo-morph";
     | ^^^^^^^^^^^^^^^^^^^^^^^^^^^^^^^^^^^^^^^^^^^^^^^^^^^^^^^^^^^^
  17 | import {
  18 |   PixelSpinner,
  19 |   type SpinnerAnimation,

Import map: aliased to relative './components/cosma/cosmo-morph' inside of [project]/

Import traces:
  Client Component Browser:
    ./components/spinners/spinner-morph.tsx [Client Component Browser]
    ./app/page.tsx [Client Component Browser]
    ./app/page.tsx [Server Component]

  Client Component SSR:
    ./components/spinners/spinner-morph.tsx [Client Component SSR]
    ./app/page.tsx [Client Component SSR]
    ./app/page.tsx [Server Component]

https://nextjs.org/docs/messages/module-not-found @ http://localhost:4200/_next/static/chunks/0aus_next_dist_00tg.dm._.js:1945
[   14542ms] [ERROR] ./app/cosma/page.tsx:3:1
Module not found: Can't resolve '@/components/cosma/playground'
  1 | import type { Metadata } from "next";
  2 | import { Navigation } from "@/components/navigation";
> 3 | import { CosmaPlayground } from "@/components/cosma/playground";
    | ^^^^^^^^^^^^^^^^^^^^^^^^^^^^^^^^^^^^^^^^^^^^^^^^^^^^^^^^^^^^^^^^
  4 | import { SiteFooter } from "@/components/site-footer";
  5 | import { CoffeeSupportCard } from "@/components/coffee-support-card";
  6 |

Import map: aliased to relative './components/cosma/playground' inside of [project]/

https://nextjs.org/docs/messages/module-not-found @ http://localhost:4200/_next/static/chunks/0aus_next_dist_00tg.dm._.js:1945
[   14604ms] [ERROR] ./components/spinners/spinner-morph.tsx:16:1
Module not found: Can't resolve '@/components/cosma/cosmo-morph'
  14 | import { ScrollTrigger } from "gsap/ScrollTrigger";
  15 | import { useGSAP } from "@gsap/react";
> 16 | import { TickSlider } from "@/components/cosma/cosmo-morph";
     | ^^^^^^^^^^^^^^^^^^^^^^^^^^^^^^^^^^^^^^^^^^^^^^^^^^^^^^^^^^^^
  17 | import {
  18 |   PixelSpinner,
  19 |   type SpinnerAnimation,

Import map: aliased to relative './components/cosma/cosmo-morph' inside of [project]/

Import traces:
  Client Component Browser:
    ./components/spinners/spinner-morph.tsx [Client Component Browser]
    ./app/page.tsx [Client Component Browser]
    ./app/page.tsx [Server Component]

  Client Component SSR:
    ./components/spinners/spinner-morph.tsx [Client Component SSR]
    ./app/page.tsx [Client Component SSR]
    ./app/page.tsx [Server Component]

https://nextjs.org/docs/messages/module-not-found @ http://localhost:4200/_next/static/chunks/0aus_next_dist_00tg.dm._.js:1945
[   14605ms] [ERROR] ./app/cosma/page.tsx:3:1
Module not found: Can't resolve '@/components/cosma/playground'
  1 | import type { Metadata } from "next";
  2 | import { Navigation } from "@/components/navigation";
> 3 | import { CosmaPlayground } from "@/components/cosma/playground";
    | ^^^^^^^^^^^^^^^^^^^^^^^^^^^^^^^^^^^^^^^^^^^^^^^^^^^^^^^^^^^^^^^^
  4 | import { SiteFooter } from "@/components/site-footer";
  5 | import { CoffeeSupportCard } from "@/components/coffee-support-card";
  6 |

Import map: aliased to relative './components/cosma/playground' inside of [project]/

https://nextjs.org/docs/messages/module-not-found @ http://localhost:4200/_next/static/chunks/0aus_next_dist_00tg.dm._.js:1945
[   14668ms] [ERROR] ./components/spinners/spinner-morph.tsx:16:1
Module not found: Can't resolve '@/components/cosma/cosmo-morph'
  14 | import { ScrollTrigger } from "gsap/ScrollTrigger";
  15 | import { useGSAP } from "@gsap/react";
> 16 | import { TickSlider } from "@/components/cosma/cosmo-morph";
     | ^^^^^^^^^^^^^^^^^^^^^^^^^^^^^^^^^^^^^^^^^^^^^^^^^^^^^^^^^^^^
  17 | import {
  18 |   PixelSpinner,
  19 |   type SpinnerAnimation,

Import map: aliased to relative './components/cosma/cosmo-morph' inside of [project]/

Import traces:
  Client Component Browser:
    ./components/spinners/spinner-morph.tsx [Client Component Browser]
    ./app/page.tsx [Client Component Browser]
    ./app/page.tsx [Server Component]

  Client Component SSR:
    ./components/spinners/spinner-morph.tsx [Client Component SSR]
    ./app/page.tsx [Client Component SSR]
    ./app/page.tsx [Server Component]

https://nextjs.org/docs/messages/module-not-found @ http://localhost:4200/_next/static/chunks/0aus_next_dist_00tg.dm._.js:1945
[   14668ms] [ERROR] ./app/cosma/page.tsx:3:1
Module not found: Can't resolve '@/components/cosma/playground'
  1 | import type { Metadata } from "next";
  2 | import { Navigation } from "@/components/navigation";
> 3 | import { CosmaPlayground } from "@/components/cosma/playground";
    | ^^^^^^^^^^^^^^^^^^^^^^^^^^^^^^^^^^^^^^^^^^^^^^^^^^^^^^^^^^^^^^^^
  4 | import { SiteFooter } from "@/components/site-footer";
  5 | import { CoffeeSupportCard } from "@/components/coffee-support-card";
  6 |

Import map: aliased to relative './components/cosma/playground' inside of [project]/

https://nextjs.org/docs/messages/module-not-found @ http://localhost:4200/_next/static/chunks/0aus_next_dist_00tg.dm._.js:1945
[   14730ms] [ERROR] ./components/spinners/spinner-morph.tsx:16:1
Module not found: Can't resolve '@/components/cosma/cosmo-morph'
  14 | import { ScrollTrigger } from "gsap/ScrollTrigger";
  15 | import { useGSAP } from "@gsap/react";
> 16 | import { TickSlider } from "@/components/cosma/cosmo-morph";
     | ^^^^^^^^^^^^^^^^^^^^^^^^^^^^^^^^^^^^^^^^^^^^^^^^^^^^^^^^^^^^
  17 | import {
  18 |   PixelSpinner,
  19 |   type SpinnerAnimation,

Import map: aliased to relative './components/cosma/cosmo-morph' inside of [project]/

Import traces:
  Client Component Browser:
    ./components/spinners/spinner-morph.tsx [Client Component Browser]
    ./app/page.tsx [Client Component Browser]
    ./app/page.tsx [Server Component]

  Client Component SSR:
    ./components/spinners/spinner-morph.tsx [Client Component SSR]
    ./app/page.tsx [Client Component SSR]
    ./app/page.tsx [Server Component]

https://nextjs.org/docs/messages/module-not-found @ http://localhost:4200/_next/static/chunks/0aus_next_dist_00tg.dm._.js:1945
[   14730ms] [ERROR] ./app/cosma/page.tsx:3:1
Module not found: Can't resolve '@/components/cosma/playground'
  1 | import type { Metadata } from "next";
  2 | import { Navigation } from "@/components/navigation";
> 3 | import { CosmaPlayground } from "@/components/cosma/playground";
    | ^^^^^^^^^^^^^^^^^^^^^^^^^^^^^^^^^^^^^^^^^^^^^^^^^^^^^^^^^^^^^^^^
  4 | import { SiteFooter } from "@/components/site-footer";
  5 | import { CoffeeSupportCard } from "@/components/coffee-support-card";
  6 |

Import map: aliased to relative './components/cosma/playground' inside of [project]/

https://nextjs.org/docs/messages/module-not-found @ http://localhost:4200/_next/static/chunks/0aus_next_dist_00tg.dm._.js:1945
[   14793ms] [ERROR] ./components/spinners/spinner-morph.tsx:16:1
Module not found: Can't resolve '@/components/cosma/cosmo-morph'
  14 | import { ScrollTrigger } from "gsap/ScrollTrigger";
  15 | import { useGSAP } from "@gsap/react";
> 16 | import { TickSlider } from "@/components/cosma/cosmo-morph";
     | ^^^^^^^^^^^^^^^^^^^^^^^^^^^^^^^^^^^^^^^^^^^^^^^^^^^^^^^^^^^^
  17 | import {
  18 |   PixelSpinner,
  19 |   type SpinnerAnimation,

Import map: aliased to relative './components/cosma/cosmo-morph' inside of [project]/

Import traces:
  Client Component Browser:
    ./components/spinners/spinner-morph.tsx [Client Component Browser]
    ./app/page.tsx [Client Component Browser]
    ./app/page.tsx [Server Component]

  Client Component SSR:
    ./components/spinners/spinner-morph.tsx [Client Component SSR]
    ./app/page.tsx [Client Component SSR]
    ./app/page.tsx [Server Component]

https://nextjs.org/docs/messages/module-not-found @ http://localhost:4200/_next/static/chunks/0aus_next_dist_00tg.dm._.js:1945
[   14793ms] [ERROR] ./app/cosma/page.tsx:3:1
Module not found: Can't resolve '@/components/cosma/playground'
  1 | import type { Metadata } from "next";
  2 | import { Navigation } from "@/components/navigation";
> 3 | import { CosmaPlayground } from "@/components/cosma/playground";
    | ^^^^^^^^^^^^^^^^^^^^^^^^^^^^^^^^^^^^^^^^^^^^^^^^^^^^^^^^^^^^^^^^
  4 | import { SiteFooter } from "@/components/site-footer";
  5 | import { CoffeeSupportCard } from "@/components/coffee-support-card";
  6 |

Import map: aliased to relative './components/cosma/playground' inside of [project]/

https://nextjs.org/docs/messages/module-not-found @ http://localhost:4200/_next/static/chunks/0aus_next_dist_00tg.dm._.js:1945
[   14855ms] [ERROR] ./components/spinners/spinner-morph.tsx:16:1
Module not found: Can't resolve '@/components/cosma/cosmo-morph'
  14 | import { ScrollTrigger } from "gsap/ScrollTrigger";
  15 | import { useGSAP } from "@gsap/react";
> 16 | import { TickSlider } from "@/components/cosma/cosmo-morph";
     | ^^^^^^^^^^^^^^^^^^^^^^^^^^^^^^^^^^^^^^^^^^^^^^^^^^^^^^^^^^^^
  17 | import {
  18 |   PixelSpinner,
  19 |   type SpinnerAnimation,

Import map: aliased to relative './components/cosma/cosmo-morph' inside of [project]/

Import traces:
  Client Component Browser:
    ./components/spinners/spinner-morph.tsx [Client Component Browser]
    ./app/page.tsx [Client Component Browser]
    ./app/page.tsx [Server Component]

  Client Component SSR:
    ./components/spinners/spinner-morph.tsx [Client Component SSR]
    ./app/page.tsx [Client Component SSR]
    ./app/page.tsx [Server Component]

https://nextjs.org/docs/messages/module-not-found @ http://localhost:4200/_next/static/chunks/0aus_next_dist_00tg.dm._.js:1945
[   14856ms] [ERROR] ./app/cosma/page.tsx:3:1
Module not found: Can't resolve '@/components/cosma/playground'
  1 | import type { Metadata } from "next";
  2 | import { Navigation } from "@/components/navigation";
> 3 | import { CosmaPlayground } from "@/components/cosma/playground";
    | ^^^^^^^^^^^^^^^^^^^^^^^^^^^^^^^^^^^^^^^^^^^^^^^^^^^^^^^^^^^^^^^^
  4 | import { SiteFooter } from "@/components/site-footer";
  5 | import { CoffeeSupportCard } from "@/components/coffee-support-card";
  6 |

Import map: aliased to relative './components/cosma/playground' inside of [project]/

https://nextjs.org/docs/messages/module-not-found @ http://localhost:4200/_next/static/chunks/0aus_next_dist_00tg.dm._.js:1945
[   14917ms] [ERROR] ./components/spinners/spinner-morph.tsx:16:1
Module not found: Can't resolve '@/components/cosma/cosmo-morph'
  14 | import { ScrollTrigger } from "gsap/ScrollTrigger";
  15 | import { useGSAP } from "@gsap/react";
> 16 | import { TickSlider } from "@/components/cosma/cosmo-morph";
     | ^^^^^^^^^^^^^^^^^^^^^^^^^^^^^^^^^^^^^^^^^^^^^^^^^^^^^^^^^^^^
  17 | import {
  18 |   PixelSpinner,
  19 |   type SpinnerAnimation,

Import map: aliased to relative './components/cosma/cosmo-morph' inside of [project]/

Import traces:
  Client Component Browser:
    ./components/spinners/spinner-morph.tsx [Client Component Browser]
    ./app/page.tsx [Client Component Browser]
    ./app/page.tsx [Server Component]

  Client Component SSR:
    ./components/spinners/spinner-morph.tsx [Client Component SSR]
    ./app/page.tsx [Client Component SSR]
    ./app/page.tsx [Server Component]

https://nextjs.org/docs/messages/module-not-found @ http://localhost:4200/_next/static/chunks/0aus_next_dist_00tg.dm._.js:1945
[   14917ms] [ERROR] ./app/cosma/page.tsx:3:1
Module not found: Can't resolve '@/components/cosma/playground'
  1 | import type { Metadata } from "next";
  2 | import { Navigation } from "@/components/navigation";
> 3 | import { CosmaPlayground } from "@/components/cosma/playground";
    | ^^^^^^^^^^^^^^^^^^^^^^^^^^^^^^^^^^^^^^^^^^^^^^^^^^^^^^^^^^^^^^^^
  4 | import { SiteFooter } from "@/components/site-footer";
  5 | import { CoffeeSupportCard } from "@/components/coffee-support-card";
  6 |

Import map: aliased to relative './components/cosma/playground' inside of [project]/

https://nextjs.org/docs/messages/module-not-found @ http://localhost:4200/_next/static/chunks/0aus_next_dist_00tg.dm._.js:1945
[   14982ms] [ERROR] ./components/spinners/spinner-morph.tsx:16:1
Module not found: Can't resolve '@/components/cosma/cosmo-morph'
  14 | import { ScrollTrigger } from "gsap/ScrollTrigger";
  15 | import { useGSAP } from "@gsap/react";
> 16 | import { TickSlider } from "@/components/cosma/cosmo-morph";
     | ^^^^^^^^^^^^^^^^^^^^^^^^^^^^^^^^^^^^^^^^^^^^^^^^^^^^^^^^^^^^
  17 | import {
  18 |   PixelSpinner,
  19 |   type SpinnerAnimation,

Import map: aliased to relative './components/cosma/cosmo-morph' inside of [project]/

Import traces:
  Client Component Browser:
    ./components/spinners/spinner-morph.tsx [Client Component Browser]
    ./app/page.tsx [Client Component Browser]
    ./app/page.tsx [Server Component]

  Client Component SSR:
    ./components/spinners/spinner-morph.tsx [Client Component SSR]
    ./app/page.tsx [Client Component SSR]
    ./app/page.tsx [Server Component]

https://nextjs.org/docs/messages/module-not-found @ http://localhost:4200/_next/static/chunks/0aus_next_dist_00tg.dm._.js:1945
[   14982ms] [ERROR] ./app/cosma/page.tsx:3:1
Module not found: Can't resolve '@/components/cosma/playground'
  1 | import type { Metadata } from "next";
  2 | import { Navigation } from "@/components/navigation";
> 3 | import { CosmaPlayground } from "@/components/cosma/playground";
    | ^^^^^^^^^^^^^^^^^^^^^^^^^^^^^^^^^^^^^^^^^^^^^^^^^^^^^^^^^^^^^^^^
  4 | import { SiteFooter } from "@/components/site-footer";
  5 | import { CoffeeSupportCard } from "@/components/coffee-support-card";
  6 |

Import map: aliased to relative './components/cosma/playground' inside of [project]/

https://nextjs.org/docs/messages/module-not-found @ http://localhost:4200/_next/static/chunks/0aus_next_dist_00tg.dm._.js:1945
[   15046ms] [ERROR] ./components/spinners/spinner-morph.tsx:16:1
Module not found: Can't resolve '@/components/cosma/cosmo-morph'
  14 | import { ScrollTrigger } from "gsap/ScrollTrigger";
  15 | import { useGSAP } from "@gsap/react";
> 16 | import { TickSlider } from "@/components/cosma/cosmo-morph";
     | ^^^^^^^^^^^^^^^^^^^^^^^^^^^^^^^^^^^^^^^^^^^^^^^^^^^^^^^^^^^^
  17 | import {
  18 |   PixelSpinner,
  19 |   type SpinnerAnimation,

Import map: aliased to relative './components/cosma/cosmo-morph' inside of [project]/

Import traces:
  Client Component Browser:
    ./components/spinners/spinner-morph.tsx [Client Component Browser]
    ./app/page.tsx [Client Component Browser]
    ./app/page.tsx [Server Component]

  Client Component SSR:
    ./components/spinners/spinner-morph.tsx [Client Component SSR]
    ./app/page.tsx [Client Component SSR]
    ./app/page.tsx [Server Component]

https://nextjs.org/docs/messages/module-not-found @ http://localhost:4200/_next/static/chunks/0aus_next_dist_00tg.dm._.js:1945
[   15046ms] [ERROR] ./app/cosma/page.tsx:3:1
Module not found: Can't resolve '@/components/cosma/playground'
  1 | import type { Metadata } from "next";
  2 | import { Navigation } from "@/components/navigation";
> 3 | import { CosmaPlayground } from "@/components/cosma/playground";
    | ^^^^^^^^^^^^^^^^^^^^^^^^^^^^^^^^^^^^^^^^^^^^^^^^^^^^^^^^^^^^^^^^
  4 | import { SiteFooter } from "@/components/site-footer";
  5 | import { CoffeeSupportCard } from "@/components/coffee-support-card";
  6 |

Import map: aliased to relative './components/cosma/playground' inside of [project]/

https://nextjs.org/docs/messages/module-not-found @ http://localhost:4200/_next/static/chunks/0aus_next_dist_00tg.dm._.js:1945
[   15109ms] [ERROR] ./components/spinners/spinner-morph.tsx:16:1
Module not found: Can't resolve '@/components/cosma/cosmo-morph'
  14 | import { ScrollTrigger } from "gsap/ScrollTrigger";
  15 | import { useGSAP } from "@gsap/react";
> 16 | import { TickSlider } from "@/components/cosma/cosmo-morph";
     | ^^^^^^^^^^^^^^^^^^^^^^^^^^^^^^^^^^^^^^^^^^^^^^^^^^^^^^^^^^^^
  17 | import {
  18 |   PixelSpinner,
  19 |   type SpinnerAnimation,

Import map: aliased to relative './components/cosma/cosmo-morph' inside of [project]/

Import traces:
  Client Component Browser:
    ./components/spinners/spinner-morph.tsx [Client Component Browser]
    ./app/page.tsx [Client Component Browser]
    ./app/page.tsx [Server Component]

  Client Component SSR:
    ./components/spinners/spinner-morph.tsx [Client Component SSR]
    ./app/page.tsx [Client Component SSR]
    ./app/page.tsx [Server Component]

https://nextjs.org/docs/messages/module-not-found @ http://localhost:4200/_next/static/chunks/0aus_next_dist_00tg.dm._.js:1945
[   15109ms] [ERROR] ./app/cosma/page.tsx:3:1
Module not found: Can't resolve '@/components/cosma/playground'
  1 | import type { Metadata } from "next";
  2 | import { Navigation } from "@/components/navigation";
> 3 | import { CosmaPlayground } from "@/components/cosma/playground";
    | ^^^^^^^^^^^^^^^^^^^^^^^^^^^^^^^^^^^^^^^^^^^^^^^^^^^^^^^^^^^^^^^^
  4 | import { SiteFooter } from "@/components/site-footer";
  5 | import { CoffeeSupportCard } from "@/components/coffee-support-card";
  6 |

Import map: aliased to relative './components/cosma/playground' inside of [project]/

https://nextjs.org/docs/messages/module-not-found @ http://localhost:4200/_next/static/chunks/0aus_next_dist_00tg.dm._.js:1945
[   15171ms] [ERROR] ./components/spinners/spinner-morph.tsx:16:1
Module not found: Can't resolve '@/components/cosma/cosmo-morph'
  14 | import { ScrollTrigger } from "gsap/ScrollTrigger";
  15 | import { useGSAP } from "@gsap/react";
> 16 | import { TickSlider } from "@/components/cosma/cosmo-morph";
     | ^^^^^^^^^^^^^^^^^^^^^^^^^^^^^^^^^^^^^^^^^^^^^^^^^^^^^^^^^^^^
  17 | import {
  18 |   PixelSpinner,
  19 |   type SpinnerAnimation,

Import map: aliased to relative './components/cosma/cosmo-morph' inside of [project]/

Import traces:
  Client Component Browser:
    ./components/spinners/spinner-morph.tsx [Client Component Browser]
    ./app/page.tsx [Client Component Browser]
    ./app/page.tsx [Server Component]

  Client Component SSR:
    ./components/spinners/spinner-morph.tsx [Client Component SSR]
    ./app/page.tsx [Client Component SSR]
    ./app/page.tsx [Server Component]

https://nextjs.org/docs/messages/module-not-found @ http://localhost:4200/_next/static/chunks/0aus_next_dist_00tg.dm._.js:1945
[   15171ms] [ERROR] ./app/cosma/page.tsx:3:1
Module not found: Can't resolve '@/components/cosma/playground'
  1 | import type { Metadata } from "next";
  2 | import { Navigation } from "@/components/navigation";
> 3 | import { CosmaPlayground } from "@/components/cosma/playground";
    | ^^^^^^^^^^^^^^^^^^^^^^^^^^^^^^^^^^^^^^^^^^^^^^^^^^^^^^^^^^^^^^^^
  4 | import { SiteFooter } from "@/components/site-footer";
  5 | import { CoffeeSupportCard } from "@/components/coffee-support-card";
  6 |

Import map: aliased to relative './components/cosma/playground' inside of [project]/

https://nextjs.org/docs/messages/module-not-found @ http://localhost:4200/_next/static/chunks/0aus_next_dist_00tg.dm._.js:1945
[   15235ms] [ERROR] ./components/spinners/spinner-morph.tsx:16:1
Module not found: Can't resolve '@/components/cosma/cosmo-morph'
  14 | import { ScrollTrigger } from "gsap/ScrollTrigger";
  15 | import { useGSAP } from "@gsap/react";
> 16 | import { TickSlider } from "@/components/cosma/cosmo-morph";
     | ^^^^^^^^^^^^^^^^^^^^^^^^^^^^^^^^^^^^^^^^^^^^^^^^^^^^^^^^^^^^
  17 | import {
  18 |   PixelSpinner,
  19 |   type SpinnerAnimation,

Import map: aliased to relative './components/cosma/cosmo-morph' inside of [project]/

Import traces:
  Client Component Browser:
    ./components/spinners/spinner-morph.tsx [Client Component Browser]
    ./app/page.tsx [Client Component Browser]
    ./app/page.tsx [Server Component]

  Client Component SSR:
    ./components/spinners/spinner-morph.tsx [Client Component SSR]
    ./app/page.tsx [Client Component SSR]
    ./app/page.tsx [Server Component]

https://nextjs.org/docs/messages/module-not-found @ http://localhost:4200/_next/static/chunks/0aus_next_dist_00tg.dm._.js:1945
[   15235ms] [ERROR] ./app/cosma/page.tsx:3:1
Module not found: Can't resolve '@/components/cosma/playground'
  1 | import type { Metadata } from "next";
  2 | import { Navigation } from "@/components/navigation";
> 3 | import { CosmaPlayground } from "@/components/cosma/playground";
    | ^^^^^^^^^^^^^^^^^^^^^^^^^^^^^^^^^^^^^^^^^^^^^^^^^^^^^^^^^^^^^^^^
  4 | import { SiteFooter } from "@/components/site-footer";
  5 | import { CoffeeSupportCard } from "@/components/coffee-support-card";
  6 |

Import map: aliased to relative './components/cosma/playground' inside of [project]/

https://nextjs.org/docs/messages/module-not-found @ http://localhost:4200/_next/static/chunks/0aus_next_dist_00tg.dm._.js:1945
[   15298ms] [LOG] [Fast Refresh] rebuilding @ http://localhost:4200/_next/static/chunks/0aus_next_dist_00tg.dm._.js:1226
[   15363ms] [ERROR] ./components/spinners/spinner-morph.tsx:16:1
Module not found: Can't resolve '@/components/cosma/cosmo-morph'
  14 | import { ScrollTrigger } from "gsap/ScrollTrigger";
  15 | import { useGSAP } from "@gsap/react";
> 16 | import { TickSlider } from "@/components/cosma/cosmo-morph";
     | ^^^^^^^^^^^^^^^^^^^^^^^^^^^^^^^^^^^^^^^^^^^^^^^^^^^^^^^^^^^^
  17 | import {
  18 |   PixelSpinner,
  19 |   type SpinnerAnimation,

Import map: aliased to relative './components/cosma/cosmo-morph' inside of [project]/

Import traces:
  Client Component Browser:
    ./components/spinners/spinner-morph.tsx [Client Component Browser]
    ./app/page.tsx [Client Component Browser]
    ./app/page.tsx [Server Component]

  Client Component SSR:
    ./components/spinners/spinner-morph.tsx [Client Component SSR]
    ./app/page.tsx [Client Component SSR]
    ./app/page.tsx [Server Component]

https://nextjs.org/docs/messages/module-not-found @ http://localhost:4200/_next/static/chunks/0aus_next_dist_00tg.dm._.js:1945
[   15363ms] [ERROR] ./app/cosma/page.tsx:3:1
Module not found: Can't resolve '@/components/cosma/playground'
  1 | import type { Metadata } from "next";
  2 | import { Navigation } from "@/components/navigation";
> 3 | import { CosmaPlayground } from "@/components/cosma/playground";
    | ^^^^^^^^^^^^^^^^^^^^^^^^^^^^^^^^^^^^^^^^^^^^^^^^^^^^^^^^^^^^^^^^
  4 | import { SiteFooter } from "@/components/site-footer";
  5 | import { CoffeeSupportCard } from "@/components/coffee-support-card";
  6 |

Import map: aliased to relative './components/cosma/playground' inside of [project]/

https://nextjs.org/docs/messages/module-not-found @ http://localhost:4200/_next/static/chunks/0aus_next_dist_00tg.dm._.js:1945
[   15429ms] [ERROR] ./components/spinners/spinner-morph.tsx:16:1
Module not found: Can't resolve '@/components/cosma/cosmo-morph'
  14 | import { ScrollTrigger } from "gsap/ScrollTrigger";
  15 | import { useGSAP } from "@gsap/react";
> 16 | import { TickSlider } from "@/components/cosma/cosmo-morph";
     | ^^^^^^^^^^^^^^^^^^^^^^^^^^^^^^^^^^^^^^^^^^^^^^^^^^^^^^^^^^^^
  17 | import {
  18 |   PixelSpinner,
  19 |   type SpinnerAnimation,

Import map: aliased to relative './components/cosma/cosmo-morph' inside of [project]/

Import traces:
  Client Component Browser:
    ./components/spinners/spinner-morph.tsx [Client Component Browser]
    ./app/page.tsx [Client Component Browser]
    ./app/page.tsx [Server Component]

  Client Component SSR:
    ./components/spinners/spinner-morph.tsx [Client Component SSR]
    ./app/page.tsx [Client Component SSR]
    ./app/page.tsx [Server Component]

https://nextjs.org/docs/messages/module-not-found @ http://localhost:4200/_next/static/chunks/0aus_next_dist_00tg.dm._.js:1945
[   15429ms] [ERROR] ./app/cosma/page.tsx:3:1
Module not found: Can't resolve '@/components/cosma/playground'
  1 | import type { Metadata } from "next";
  2 | import { Navigation } from "@/components/navigation";
> 3 | import { CosmaPlayground } from "@/components/cosma/playground";
    | ^^^^^^^^^^^^^^^^^^^^^^^^^^^^^^^^^^^^^^^^^^^^^^^^^^^^^^^^^^^^^^^^
  4 | import { SiteFooter } from "@/components/site-footer";
  5 | import { CoffeeSupportCard } from "@/components/coffee-support-card";
  6 |

Import map: aliased to relative './components/cosma/playground' inside of [project]/

https://nextjs.org/docs/messages/module-not-found @ http://localhost:4200/_next/static/chunks/0aus_next_dist_00tg.dm._.js:1945
[   15489ms] [ERROR] ./components/spinners/spinner-morph.tsx:16:1
Module not found: Can't resolve '@/components/cosma/cosmo-morph'
  14 | import { ScrollTrigger } from "gsap/ScrollTrigger";
  15 | import { useGSAP } from "@gsap/react";
> 16 | import { TickSlider } from "@/components/cosma/cosmo-morph";
     | ^^^^^^^^^^^^^^^^^^^^^^^^^^^^^^^^^^^^^^^^^^^^^^^^^^^^^^^^^^^^
  17 | import {
  18 |   PixelSpinner,
  19 |   type SpinnerAnimation,

Import map: aliased to relative './components/cosma/cosmo-morph' inside of [project]/

Import traces:
  Client Component Browser:
    ./components/spinners/spinner-morph.tsx [Client Component Browser]
    ./app/page.tsx [Client Component Browser]
    ./app/page.tsx [Server Component]

  Client Component SSR:
    ./components/spinners/spinner-morph.tsx [Client Component SSR]
    ./app/page.tsx [Client Component SSR]
    ./app/page.tsx [Server Component]

https://nextjs.org/docs/messages/module-not-found @ http://localhost:4200/_next/static/chunks/0aus_next_dist_00tg.dm._.js:1945
[   15489ms] [ERROR] ./app/cosma/page.tsx:3:1
Module not found: Can't resolve '@/components/cosma/playground'
  1 | import type { Metadata } from "next";
  2 | import { Navigation } from "@/components/navigation";
> 3 | import { CosmaPlayground } from "@/components/cosma/playground";
    | ^^^^^^^^^^^^^^^^^^^^^^^^^^^^^^^^^^^^^^^^^^^^^^^^^^^^^^^^^^^^^^^^
  4 | import { SiteFooter } from "@/components/site-footer";
  5 | import { CoffeeSupportCard } from "@/components/coffee-support-card";
  6 |

Import map: aliased to relative './components/cosma/playground' inside of [project]/

https://nextjs.org/docs/messages/module-not-found @ http://localhost:4200/_next/static/chunks/0aus_next_dist_00tg.dm._.js:1945
[   15553ms] [ERROR] ./components/spinners/spinner-morph.tsx:16:1
Module not found: Can't resolve '@/components/cosma/cosmo-morph'
  14 | import { ScrollTrigger } from "gsap/ScrollTrigger";
  15 | import { useGSAP } from "@gsap/react";
> 16 | import { TickSlider } from "@/components/cosma/cosmo-morph";
     | ^^^^^^^^^^^^^^^^^^^^^^^^^^^^^^^^^^^^^^^^^^^^^^^^^^^^^^^^^^^^
  17 | import {
  18 |   PixelSpinner,
  19 |   type SpinnerAnimation,

Import map: aliased to relative './components/cosma/cosmo-morph' inside of [project]/

Import traces:
  Client Component Browser:
    ./components/spinners/spinner-morph.tsx [Client Component Browser]
    ./app/page.tsx [Client Component Browser]
    ./app/page.tsx [Server Component]

  Client Component SSR:
    ./components/spinners/spinner-morph.tsx [Client Component SSR]
    ./app/page.tsx [Client Component SSR]
    ./app/page.tsx [Server Component]

https://nextjs.org/docs/messages/module-not-found @ http://localhost:4200/_next/static/chunks/0aus_next_dist_00tg.dm._.js:1945
[   15553ms] [ERROR] ./app/cosma/page.tsx:3:1
Module not found: Can't resolve '@/components/cosma/playground'
  1 | import type { Metadata } from "next";
  2 | import { Navigation } from "@/components/navigation";
> 3 | import { CosmaPlayground } from "@/components/cosma/playground";
    | ^^^^^^^^^^^^^^^^^^^^^^^^^^^^^^^^^^^^^^^^^^^^^^^^^^^^^^^^^^^^^^^^
  4 | import { SiteFooter } from "@/components/site-footer";
  5 | import { CoffeeSupportCard } from "@/components/coffee-support-card";
  6 |

Import map: aliased to relative './components/cosma/playground' inside of [project]/

https://nextjs.org/docs/messages/module-not-found @ http://localhost:4200/_next/static/chunks/0aus_next_dist_00tg.dm._.js:1945
[   15616ms] [ERROR] ./components/spinners/spinner-morph.tsx:16:1
Module not found: Can't resolve '@/components/cosma/cosmo-morph'
  14 | import { ScrollTrigger } from "gsap/ScrollTrigger";
  15 | import { useGSAP } from "@gsap/react";
> 16 | import { TickSlider } from "@/components/cosma/cosmo-morph";
     | ^^^^^^^^^^^^^^^^^^^^^^^^^^^^^^^^^^^^^^^^^^^^^^^^^^^^^^^^^^^^
  17 | import {
  18 |   PixelSpinner,
  19 |   type SpinnerAnimation,

Import map: aliased to relative './components/cosma/cosmo-morph' inside of [project]/

Import traces:
  Client Component Browser:
    ./components/spinners/spinner-morph.tsx [Client Component Browser]
    ./app/page.tsx [Client Component Browser]
    ./app/page.tsx [Server Component]

  Client Component SSR:
    ./components/spinners/spinner-morph.tsx [Client Component SSR]
    ./app/page.tsx [Client Component SSR]
    ./app/page.tsx [Server Component]

https://nextjs.org/docs/messages/module-not-found @ http://localhost:4200/_next/static/chunks/0aus_next_dist_00tg.dm._.js:1945
[   15616ms] [ERROR] ./app/cosma/page.tsx:3:1
Module not found: Can't resolve '@/components/cosma/playground'
  1 | import type { Metadata } from "next";
  2 | import { Navigation } from "@/components/navigation";
> 3 | import { CosmaPlayground } from "@/components/cosma/playground";
    | ^^^^^^^^^^^^^^^^^^^^^^^^^^^^^^^^^^^^^^^^^^^^^^^^^^^^^^^^^^^^^^^^
  4 | import { SiteFooter } from "@/components/site-footer";
  5 | import { CoffeeSupportCard } from "@/components/coffee-support-card";
  6 |

Import map: aliased to relative './components/cosma/playground' inside of [project]/

https://nextjs.org/docs/messages/module-not-found @ http://localhost:4200/_next/static/chunks/0aus_next_dist_00tg.dm._.js:1945
[   15679ms] [LOG] [Fast Refresh] rebuilding @ http://localhost:4200/_next/static/chunks/0aus_next_dist_00tg.dm._.js:1226
[   15814ms] [ERROR] ./components/spinners/spinner-morph.tsx:16:1
Module not found: Can't resolve '@/components/cosma/cosmo-morph'
  14 | import { ScrollTrigger } from "gsap/ScrollTrigger";
  15 | import { useGSAP } from "@gsap/react";
> 16 | import { TickSlider } from "@/components/cosma/cosmo-morph";
     | ^^^^^^^^^^^^^^^^^^^^^^^^^^^^^^^^^^^^^^^^^^^^^^^^^^^^^^^^^^^^
  17 | import {
  18 |   PixelSpinner,
  19 |   type SpinnerAnimation,

Import map: aliased to relative './components/cosma/cosmo-morph' inside of [project]/

Import traces:
  Client Component Browser:
    ./components/spinners/spinner-morph.tsx [Client Component Browser]
    ./app/page.tsx [Client Component Browser]
    ./app/page.tsx [Server Component]

  Client Component SSR:
    ./components/spinners/spinner-morph.tsx [Client Component SSR]
    ./app/page.tsx [Client Component SSR]
    ./app/page.tsx [Server Component]

https://nextjs.org/docs/messages/module-not-found @ http://localhost:4200/_next/static/chunks/0aus_next_dist_00tg.dm._.js:1945
[   15815ms] [ERROR] ./app/cosma/page.tsx:3:1
Module not found: Can't resolve '@/components/cosma/playground'
  1 | import type { Metadata } from "next";
  2 | import { Navigation } from "@/components/navigation";
> 3 | import { CosmaPlayground } from "@/components/cosma/playground";
    | ^^^^^^^^^^^^^^^^^^^^^^^^^^^^^^^^^^^^^^^^^^^^^^^^^^^^^^^^^^^^^^^^
  4 | import { SiteFooter } from "@/components/site-footer";
  5 | import { CoffeeSupportCard } from "@/components/coffee-support-card";
  6 |

Import map: aliased to relative './components/cosma/playground' inside of [project]/

https://nextjs.org/docs/messages/module-not-found @ http://localhost:4200/_next/static/chunks/0aus_next_dist_00tg.dm._.js:1945
[   15881ms] [ERROR] ./components/spinners/spinner-morph.tsx:16:1
Module not found: Can't resolve '@/components/cosma/cosmo-morph'
  14 | import { ScrollTrigger } from "gsap/ScrollTrigger";
  15 | import { useGSAP } from "@gsap/react";
> 16 | import { TickSlider } from "@/components/cosma/cosmo-morph";
     | ^^^^^^^^^^^^^^^^^^^^^^^^^^^^^^^^^^^^^^^^^^^^^^^^^^^^^^^^^^^^
  17 | import {
  18 |   PixelSpinner,
  19 |   type SpinnerAnimation,

Import map: aliased to relative './components/cosma/cosmo-morph' inside of [project]/

Import traces:
  Client Component Browser:
    ./components/spinners/spinner-morph.tsx [Client Component Browser]
    ./app/page.tsx [Client Component Browser]
    ./app/page.tsx [Server Component]

  Client Component SSR:
    ./components/spinners/spinner-morph.tsx [Client Component SSR]
    ./app/page.tsx [Client Component SSR]
    ./app/page.tsx [Server Component]

https://nextjs.org/docs/messages/module-not-found @ http://localhost:4200/_next/static/chunks/0aus_next_dist_00tg.dm._.js:1945
[   15881ms] [ERROR] ./app/cosma/page.tsx:3:1
Module not found: Can't resolve '@/components/cosma/playground'
  1 | import type { Metadata } from "next";
  2 | import { Navigation } from "@/components/navigation";
> 3 | import { CosmaPlayground } from "@/components/cosma/playground";
    | ^^^^^^^^^^^^^^^^^^^^^^^^^^^^^^^^^^^^^^^^^^^^^^^^^^^^^^^^^^^^^^^^
  4 | import { SiteFooter } from "@/components/site-footer";
  5 | import { CoffeeSupportCard } from "@/components/coffee-support-card";
  6 |

Import map: aliased to relative './components/cosma/playground' inside of [project]/

https://nextjs.org/docs/messages/module-not-found @ http://localhost:4200/_next/static/chunks/0aus_next_dist_00tg.dm._.js:1945
[   15983ms] [LOG] [Fast Refresh] rebuilding @ http://localhost:4200/_next/static/chunks/0aus_next_dist_00tg.dm._.js:1226
[   16155ms] [ERROR] ./app/cosma/page.tsx:3:1
Module not found: Can't resolve '@/components/cosma/playground'
  1 | import type { Metadata } from "next";
  2 | import { Navigation } from "@/components/navigation";
> 3 | import { CosmaPlayground } from "@/components/cosma/playground";
    | ^^^^^^^^^^^^^^^^^^^^^^^^^^^^^^^^^^^^^^^^^^^^^^^^^^^^^^^^^^^^^^^^
  4 | import { SiteFooter } from "@/components/site-footer";
  5 | import { CoffeeSupportCard } from "@/components/coffee-support-card";
  6 |

Import map: aliased to relative './components/cosma/playground' inside of [project]/

https://nextjs.org/docs/messages/module-not-found @ http://localhost:4200/_next/static/chunks/0aus_next_dist_00tg.dm._.js:1945
[   16284ms] [ERROR] Failed to load resource: the server responded with a status of 500 (Internal Server Error) @ http://localhost:4200/cosma:0
[   16317ms] [INFO] %cDownload the React DevTools for a better development experience: https://react.dev/link/react-devtools font-weight:bold @ http://localhost:4200/_next/static/chunks/0e-u_react-dom_0037m-m._.js:15305
[   16321ms] Error: ./app/cosma/page.tsx:3:1
Module not found: Can't resolve '@/components/cosma/playground'
  1 | import type { Metadata } from "next";
  2 | import { Navigation } from "@/components/navigation";
> 3 | import { CosmaPlayground } from "@/components/cosma/playground";
    | ^^^^^^^^^^^^^^^^^^^^^^^^^^^^^^^^^^^^^^^^^^^^^^^^^^^^^^^^^^^^^^^^
  4 | import { SiteFooter } from "@/components/site-footer";
  5 | import { CoffeeSupportCard } from "@/components/coffee-support-card";
  6 |

Import map: aliased to relative './components/cosma/playground' inside of [project]/


https://nextjs.org/docs/messages/module-not-found


    at <unknown> (Error: ./app/cosma/page.tsx:3:1)
    at <unknown> (https://nextjs.org/docs/messages/module-not-found)
    at Object.getCompilationErrors (file:///Users/godwinjanarthan/Documents/Projects/d2studio-ui/node_modules/.pnpm/next@16.2.4_@babel+core@7.28.4_react-dom@19.2.5_react@19.2.5__react@19.2.5/node_modules/next/dist/server/dev/hot-reloader-turbopack.js:1186:59)
    at DevBundlerService.getCompilationError (file:///Users/godwinjanarthan/Documents/Projects/d2studio-ui/node_modules/.pnpm/next@16.2.4_@babel+core@7.28.4_react-dom@19.2.5_react@19.2.5__react@19.2.5/node_modules/next/dist/server/lib/dev-bundler-service.js:44:55)
    at DevServer.getCompilationError (file:///Users/godwinjanarthan/Documents/Projects/d2studio-ui/node_modules/.pnpm/next@16.2.4_@babel+core@7.28.4_react-dom@19.2.5_react@19.2.5__react@19.2.5/node_modules/next/dist/server/dev/next-dev-server.js:719:42)
    at DevServer.findPageComponents (file:///Users/godwinjanarthan/Documents/Projects/d2studio-ui/node_modules/.pnpm/next@16.2.4_@babel+core@7.28.4_react-dom@19.2.5_react@19.2.5__react@19.2.5/node_modules/next/dist/server/dev/next-dev-server.js:689:43)
    at async DevServer.renderErrorToResponseImpl (file:///Users/godwinjanarthan/Documents/Projects/d2studio-ui/node_modules/.pnpm/next@16.2.4_@babel+core@7.28.4_react-dom@19.2.5_react@19.2.5__react@19.2.5/node_modules/next/dist/server/base-server.js:1745:26)
[   16337ms] [LOG] [HMR] connected @ http://localhost:4200/_next/static/chunks/0aus_next_dist_00tg.dm._.js:1226
[   16358ms] [ERROR] ./app/cosma/page.tsx:3:1
Module not found: Can't resolve '@/components/cosma/playground'
  1 | import type { Metadata } from "next";
  2 | import { Navigation } from "@/components/navigation";
> 3 | import { CosmaPlayground } from "@/components/cosma/playground";
    | ^^^^^^^^^^^^^^^^^^^^^^^^^^^^^^^^^^^^^^^^^^^^^^^^^^^^^^^^^^^^^^^^
  4 | import { SiteFooter } from "@/components/site-footer";
  5 | import { CoffeeSupportCard } from "@/components/coffee-support-card";
  6 |

Import map: aliased to relative './components/cosma/playground' inside of [project]/

https://nextjs.org/docs/messages/module-not-found @ http://localhost:4200/_next/static/chunks/0aus_next_dist_00tg.dm._.js:1945
[   16437ms] [ERROR] ./app/cosma/page.tsx:3:1
Module not found: Can't resolve '@/components/cosma/playground'
  1 | import type { Metadata } from "next";
  2 | import { Navigation } from "@/components/navigation";
> 3 | import { CosmaPlayground } from "@/components/cosma/playground";
    | ^^^^^^^^^^^^^^^^^^^^^^^^^^^^^^^^^^^^^^^^^^^^^^^^^^^^^^^^^^^^^^^^
  4 | import { SiteFooter } from "@/components/site-footer";
  5 | import { CoffeeSupportCard } from "@/components/coffee-support-card";
  6 |

Import map: aliased to relative './components/cosma/playground' inside of [project]/

https://nextjs.org/docs/messages/module-not-found @ http://localhost:4200/_next/static/chunks/0aus_next_dist_00tg.dm._.js:1945
[   16502ms] [ERROR] ./app/cosma/page.tsx:3:1
Module not found: Can't resolve '@/components/cosma/playground'
  1 | import type { Metadata } from "next";
  2 | import { Navigation } from "@/components/navigation";
> 3 | import { CosmaPlayground } from "@/components/cosma/playground";
    | ^^^^^^^^^^^^^^^^^^^^^^^^^^^^^^^^^^^^^^^^^^^^^^^^^^^^^^^^^^^^^^^^
  4 | import { SiteFooter } from "@/components/site-footer";
  5 | import { CoffeeSupportCard } from "@/components/coffee-support-card";
  6 |

Import map: aliased to relative './components/cosma/playground' inside of [project]/

https://nextjs.org/docs/messages/module-not-found @ http://localhost:4200/_next/static/chunks/0aus_next_dist_00tg.dm._.js:1945
[   16573ms] [ERROR] ./app/cosma/page.tsx:3:1
Module not found: Can't resolve '@/components/cosma/playground'
  1 | import type { Metadata } from "next";
  2 | import { Navigation } from "@/components/navigation";
> 3 | import { CosmaPlayground } from "@/components/cosma/playground";
    | ^^^^^^^^^^^^^^^^^^^^^^^^^^^^^^^^^^^^^^^^^^^^^^^^^^^^^^^^^^^^^^^^
  4 | import { SiteFooter } from "@/components/site-footer";
  5 | import { CoffeeSupportCard } from "@/components/coffee-support-card";
  6 |

Import map: aliased to relative './components/cosma/playground' inside of [project]/

https://nextjs.org/docs/messages/module-not-found @ http://localhost:4200/_next/static/chunks/0aus_next_dist_00tg.dm._.js:1945
[   16650ms] [ERROR] ./app/cosma/page.tsx:3:1
Module not found: Can't resolve '@/components/cosma/playground'
  1 | import type { Metadata } from "next";
  2 | import { Navigation } from "@/components/navigation";
> 3 | import { CosmaPlayground } from "@/components/cosma/playground";
    | ^^^^^^^^^^^^^^^^^^^^^^^^^^^^^^^^^^^^^^^^^^^^^^^^^^^^^^^^^^^^^^^^
  4 | import { SiteFooter } from "@/components/site-footer";
  5 | import { CoffeeSupportCard } from "@/components/coffee-support-card";
  6 |

Import map: aliased to relative './components/cosma/playground' inside of [project]/

https://nextjs.org/docs/messages/module-not-found @ http://localhost:4200/_next/static/chunks/0aus_next_dist_00tg.dm._.js:1945
[   16726ms] [ERROR] ./app/cosma/page.tsx:3:1
Module not found: Can't resolve '@/components/cosma/playground'
  1 | import type { Metadata } from "next";
  2 | import { Navigation } from "@/components/navigation";
> 3 | import { CosmaPlayground } from "@/components/cosma/playground";
    | ^^^^^^^^^^^^^^^^^^^^^^^^^^^^^^^^^^^^^^^^^^^^^^^^^^^^^^^^^^^^^^^^
  4 | import { SiteFooter } from "@/components/site-footer";
  5 | import { CoffeeSupportCard } from "@/components/coffee-support-card";
  6 |

Import map: aliased to relative './components/cosma/playground' inside of [project]/

https://nextjs.org/docs/messages/module-not-found @ http://localhost:4200/_next/static/chunks/0aus_next_dist_00tg.dm._.js:1945
[   16788ms] [ERROR] ./app/cosma/page.tsx:3:1
Module not found: Can't resolve '@/components/cosma/playground'
  1 | import type { Metadata } from "next";
  2 | import { Navigation } from "@/components/navigation";
> 3 | import { CosmaPlayground } from "@/components/cosma/playground";
    | ^^^^^^^^^^^^^^^^^^^^^^^^^^^^^^^^^^^^^^^^^^^^^^^^^^^^^^^^^^^^^^^^
  4 | import { SiteFooter } from "@/components/site-footer";
  5 | import { CoffeeSupportCard } from "@/components/coffee-support-card";
  6 |

Import map: aliased to relative './components/cosma/playground' inside of [project]/

https://nextjs.org/docs/messages/module-not-found @ http://localhost:4200/_next/static/chunks/0aus_next_dist_00tg.dm._.js:1945
[   16850ms] [ERROR] ./app/cosma/page.tsx:3:1
Module not found: Can't resolve '@/components/cosma/playground'
  1 | import type { Metadata } from "next";
  2 | import { Navigation } from "@/components/navigation";
> 3 | import { CosmaPlayground } from "@/components/cosma/playground";
    | ^^^^^^^^^^^^^^^^^^^^^^^^^^^^^^^^^^^^^^^^^^^^^^^^^^^^^^^^^^^^^^^^
  4 | import { SiteFooter } from "@/components/site-footer";
  5 | import { CoffeeSupportCard } from "@/components/coffee-support-card";
  6 |

Import map: aliased to relative './components/cosma/playground' inside of [project]/

https://nextjs.org/docs/messages/module-not-found @ http://localhost:4200/_next/static/chunks/0aus_next_dist_00tg.dm._.js:1945
[   16914ms] [ERROR] ./app/cosma/page.tsx:3:1
Module not found: Can't resolve '@/components/cosma/playground'
  1 | import type { Metadata } from "next";
  2 | import { Navigation } from "@/components/navigation";
> 3 | import { CosmaPlayground } from "@/components/cosma/playground";
    | ^^^^^^^^^^^^^^^^^^^^^^^^^^^^^^^^^^^^^^^^^^^^^^^^^^^^^^^^^^^^^^^^
  4 | import { SiteFooter } from "@/components/site-footer";
  5 | import { CoffeeSupportCard } from "@/components/coffee-support-card";
  6 |

Import map: aliased to relative './components/cosma/playground' inside of [project]/

https://nextjs.org/docs/messages/module-not-found @ http://localhost:4200/_next/static/chunks/0aus_next_dist_00tg.dm._.js:1945
[   16977ms] [ERROR] ./app/cosma/page.tsx:3:1
Module not found: Can't resolve '@/components/cosma/playground'
  1 | import type { Metadata } from "next";
  2 | import { Navigation } from "@/components/navigation";
> 3 | import { CosmaPlayground } from "@/components/cosma/playground";
    | ^^^^^^^^^^^^^^^^^^^^^^^^^^^^^^^^^^^^^^^^^^^^^^^^^^^^^^^^^^^^^^^^
  4 | import { SiteFooter } from "@/components/site-footer";
  5 | import { CoffeeSupportCard } from "@/components/coffee-support-card";
  6 |

Import map: aliased to relative './components/cosma/playground' inside of [project]/

https://nextjs.org/docs/messages/module-not-found @ http://localhost:4200/_next/static/chunks/0aus_next_dist_00tg.dm._.js:1945
[   17041ms] [ERROR] ./app/cosma/page.tsx:3:1
Module not found: Can't resolve '@/components/cosma/playground'
  1 | import type { Metadata } from "next";
  2 | import { Navigation } from "@/components/navigation";
> 3 | import { CosmaPlayground } from "@/components/cosma/playground";
    | ^^^^^^^^^^^^^^^^^^^^^^^^^^^^^^^^^^^^^^^^^^^^^^^^^^^^^^^^^^^^^^^^
  4 | import { SiteFooter } from "@/components/site-footer";
  5 | import { CoffeeSupportCard } from "@/components/coffee-support-card";
  6 |

Import map: aliased to relative './components/cosma/playground' inside of [project]/

https://nextjs.org/docs/messages/module-not-found @ http://localhost:4200/_next/static/chunks/0aus_next_dist_00tg.dm._.js:1945
[   17104ms] [ERROR] ./app/cosma/page.tsx:3:1
Module not found: Can't resolve '@/components/cosma/playground'
  1 | import type { Metadata } from "next";
  2 | import { Navigation } from "@/components/navigation";
> 3 | import { CosmaPlayground } from "@/components/cosma/playground";
    | ^^^^^^^^^^^^^^^^^^^^^^^^^^^^^^^^^^^^^^^^^^^^^^^^^^^^^^^^^^^^^^^^
  4 | import { SiteFooter } from "@/components/site-footer";
  5 | import { CoffeeSupportCard } from "@/components/coffee-support-card";
  6 |

Import map: aliased to relative './components/cosma/playground' inside of [project]/

https://nextjs.org/docs/messages/module-not-found @ http://localhost:4200/_next/static/chunks/0aus_next_dist_00tg.dm._.js:1945
[   17170ms] [ERROR] ./app/cosma/page.tsx:3:1
Module not found: Can't resolve '@/components/cosma/playground'
  1 | import type { Metadata } from "next";
  2 | import { Navigation } from "@/components/navigation";
> 3 | import { CosmaPlayground } from "@/components/cosma/playground";
    | ^^^^^^^^^^^^^^^^^^^^^^^^^^^^^^^^^^^^^^^^^^^^^^^^^^^^^^^^^^^^^^^^
  4 | import { SiteFooter } from "@/components/site-footer";
  5 | import { CoffeeSupportCard } from "@/components/coffee-support-card";
  6 |

Import map: aliased to relative './components/cosma/playground' inside of [project]/

https://nextjs.org/docs/messages/module-not-found @ http://localhost:4200/_next/static/chunks/0aus_next_dist_00tg.dm._.js:1945
[   17231ms] [ERROR] ./app/cosma/page.tsx:3:1
Module not found: Can't resolve '@/components/cosma/playground'
  1 | import type { Metadata } from "next";
  2 | import { Navigation } from "@/components/navigation";
> 3 | import { CosmaPlayground } from "@/components/cosma/playground";
    | ^^^^^^^^^^^^^^^^^^^^^^^^^^^^^^^^^^^^^^^^^^^^^^^^^^^^^^^^^^^^^^^^
  4 | import { SiteFooter } from "@/components/site-footer";
  5 | import { CoffeeSupportCard } from "@/components/coffee-support-card";
  6 |

Import map: aliased to relative './components/cosma/playground' inside of [project]/

https://nextjs.org/docs/messages/module-not-found @ http://localhost:4200/_next/static/chunks/0aus_next_dist_00tg.dm._.js:1945
[   17295ms] [ERROR] ./app/cosma/page.tsx:3:1
Module not found: Can't resolve '@/components/cosma/playground'
  1 | import type { Metadata } from "next";
  2 | import { Navigation } from "@/components/navigation";
> 3 | import { CosmaPlayground } from "@/components/cosma/playground";
    | ^^^^^^^^^^^^^^^^^^^^^^^^^^^^^^^^^^^^^^^^^^^^^^^^^^^^^^^^^^^^^^^^
  4 | import { SiteFooter } from "@/components/site-footer";
  5 | import { CoffeeSupportCard } from "@/components/coffee-support-card";
  6 |

Import map: aliased to relative './components/cosma/playground' inside of [project]/

https://nextjs.org/docs/messages/module-not-found @ http://localhost:4200/_next/static/chunks/0aus_next_dist_00tg.dm._.js:1945
[   17352ms] [ERROR] ./app/cosma/page.tsx:3:1
Module not found: Can't resolve '@/components/cosma/playground'
  1 | import type { Metadata } from "next";
  2 | import { Navigation } from "@/components/navigation";
> 3 | import { CosmaPlayground } from "@/components/cosma/playground";
    | ^^^^^^^^^^^^^^^^^^^^^^^^^^^^^^^^^^^^^^^^^^^^^^^^^^^^^^^^^^^^^^^^
  4 | import { SiteFooter } from "@/components/site-footer";
  5 | import { CoffeeSupportCard } from "@/components/coffee-support-card";
  6 |

Import map: aliased to relative './components/cosma/playground' inside of [project]/

https://nextjs.org/docs/messages/module-not-found @ http://localhost:4200/_next/static/chunks/0aus_next_dist_00tg.dm._.js:1945
[   17417ms] [ERROR] ./app/cosma/page.tsx:3:1
Module not found: Can't resolve '@/components/cosma/playground'
  1 | import type { Metadata } from "next";
  2 | import { Navigation } from "@/components/navigation";
> 3 | import { CosmaPlayground } from "@/components/cosma/playground";
    | ^^^^^^^^^^^^^^^^^^^^^^^^^^^^^^^^^^^^^^^^^^^^^^^^^^^^^^^^^^^^^^^^
  4 | import { SiteFooter } from "@/components/site-footer";
  5 | import { CoffeeSupportCard } from "@/components/coffee-support-card";
  6 |

Import map: aliased to relative './components/cosma/playground' inside of [project]/

https://nextjs.org/docs/messages/module-not-found @ http://localhost:4200/_next/static/chunks/0aus_next_dist_00tg.dm._.js:1945
[   17480ms] [ERROR] ./app/cosma/page.tsx:3:1
Module not found: Can't resolve '@/components/cosma/playground'
  1 | import type { Metadata } from "next";
  2 | import { Navigation } from "@/components/navigation";
> 3 | import { CosmaPlayground } from "@/components/cosma/playground";
    | ^^^^^^^^^^^^^^^^^^^^^^^^^^^^^^^^^^^^^^^^^^^^^^^^^^^^^^^^^^^^^^^^
  4 | import { SiteFooter } from "@/components/site-footer";
  5 | import { CoffeeSupportCard } from "@/components/coffee-support-card";
  6 |

Import map: aliased to relative './components/cosma/playground' inside of [project]/

https://nextjs.org/docs/messages/module-not-found @ http://localhost:4200/_next/static/chunks/0aus_next_dist_00tg.dm._.js:1945
[   17547ms] [ERROR] ./app/cosma/page.tsx:3:1
Module not found: Can't resolve '@/components/cosma/playground'
  1 | import type { Metadata } from "next";
  2 | import { Navigation } from "@/components/navigation";
> 3 | import { CosmaPlayground } from "@/components/cosma/playground";
    | ^^^^^^^^^^^^^^^^^^^^^^^^^^^^^^^^^^^^^^^^^^^^^^^^^^^^^^^^^^^^^^^^
  4 | import { SiteFooter } from "@/components/site-footer";
  5 | import { CoffeeSupportCard } from "@/components/coffee-support-card";
  6 |

Import map: aliased to relative './components/cosma/playground' inside of [project]/

https://nextjs.org/docs/messages/module-not-found @ http://localhost:4200/_next/static/chunks/0aus_next_dist_00tg.dm._.js:1945
[   17609ms] [ERROR] ./app/cosma/page.tsx:3:1
Module not found: Can't resolve '@/components/cosma/playground'
  1 | import type { Metadata } from "next";
  2 | import { Navigation } from "@/components/navigation";
> 3 | import { CosmaPlayground } from "@/components/cosma/playground";
    | ^^^^^^^^^^^^^^^^^^^^^^^^^^^^^^^^^^^^^^^^^^^^^^^^^^^^^^^^^^^^^^^^
  4 | import { SiteFooter } from "@/components/site-footer";
  5 | import { CoffeeSupportCard } from "@/components/coffee-support-card";
  6 |

Import map: aliased to relative './components/cosma/playground' inside of [project]/

https://nextjs.org/docs/messages/module-not-found @ http://localhost:4200/_next/static/chunks/0aus_next_dist_00tg.dm._.js:1945
[   17673ms] [ERROR] ./app/cosma/page.tsx:3:1
Module not found: Can't resolve '@/components/cosma/playground'
  1 | import type { Metadata } from "next";
  2 | import { Navigation } from "@/components/navigation";
> 3 | import { CosmaPlayground } from "@/components/cosma/playground";
    | ^^^^^^^^^^^^^^^^^^^^^^^^^^^^^^^^^^^^^^^^^^^^^^^^^^^^^^^^^^^^^^^^
  4 | import { SiteFooter } from "@/components/site-footer";
  5 | import { CoffeeSupportCard } from "@/components/coffee-support-card";
  6 |

Import map: aliased to relative './components/cosma/playground' inside of [project]/

https://nextjs.org/docs/messages/module-not-found @ http://localhost:4200/_next/static/chunks/0aus_next_dist_00tg.dm._.js:1945
[   17742ms] [ERROR] ./app/cosma/page.tsx:3:1
Module not found: Can't resolve '@/components/cosma/playground'
  1 | import type { Metadata } from "next";
  2 | import { Navigation } from "@/components/navigation";
> 3 | import { CosmaPlayground } from "@/components/cosma/playground";
    | ^^^^^^^^^^^^^^^^^^^^^^^^^^^^^^^^^^^^^^^^^^^^^^^^^^^^^^^^^^^^^^^^
  4 | import { SiteFooter } from "@/components/site-footer";
  5 | import { CoffeeSupportCard } from "@/components/coffee-support-card";
  6 |

Import map: aliased to relative './components/cosma/playground' inside of [project]/

https://nextjs.org/docs/messages/module-not-found @ http://localhost:4200/_next/static/chunks/0aus_next_dist_00tg.dm._.js:1945
[   17830ms] [ERROR] ./app/cosma/page.tsx:3:1
Module not found: Can't resolve '@/components/cosma/playground'
  1 | import type { Metadata } from "next";
  2 | import { Navigation } from "@/components/navigation";
> 3 | import { CosmaPlayground } from "@/components/cosma/playground";
    | ^^^^^^^^^^^^^^^^^^^^^^^^^^^^^^^^^^^^^^^^^^^^^^^^^^^^^^^^^^^^^^^^
  4 | import { SiteFooter } from "@/components/site-footer";
  5 | import { CoffeeSupportCard } from "@/components/coffee-support-card";
  6 |

Import map: aliased to relative './components/cosma/playground' inside of [project]/

https://nextjs.org/docs/messages/module-not-found @ http://localhost:4200/_next/static/chunks/0aus_next_dist_00tg.dm._.js:1945
[   17876ms] [LOG] [Fast Refresh] rebuilding @ http://localhost:4200/_next/static/chunks/0aus_next_dist_00tg.dm._.js:1226
[   18011ms] [ERROR] ./app/cosma/page.tsx:3:1
Module not found: Can't resolve '@/components/cosma/playground'
  1 | import type { Metadata } from "next";
  2 | import { Navigation } from "@/components/navigation";
> 3 | import { CosmaPlayground } from "@/components/cosma/playground";
    | ^^^^^^^^^^^^^^^^^^^^^^^^^^^^^^^^^^^^^^^^^^^^^^^^^^^^^^^^^^^^^^^^
  4 | import { SiteFooter } from "@/components/site-footer";
  5 | import { CoffeeSupportCard } from "@/components/coffee-support-card";
  6 |

Import map: aliased to relative './components/cosma/playground' inside of [project]/

https://nextjs.org/docs/messages/module-not-found @ http://localhost:4200/_next/static/chunks/0aus_next_dist_00tg.dm._.js:1945
[   18072ms] [ERROR] ./app/cosma/page.tsx:3:1
Module not found: Can't resolve '@/components/cosma/playground'
  1 | import type { Metadata } from "next";
  2 | import { Navigation } from "@/components/navigation";
> 3 | import { CosmaPlayground } from "@/components/cosma/playground";
    | ^^^^^^^^^^^^^^^^^^^^^^^^^^^^^^^^^^^^^^^^^^^^^^^^^^^^^^^^^^^^^^^^
  4 | import { SiteFooter } from "@/components/site-footer";
  5 | import { CoffeeSupportCard } from "@/components/coffee-support-card";
  6 |

Import map: aliased to relative './components/cosma/playground' inside of [project]/

https://nextjs.org/docs/messages/module-not-found @ http://localhost:4200/_next/static/chunks/0aus_next_dist_00tg.dm._.js:1945
[   18135ms] [ERROR] ./app/cosma/page.tsx:3:1
Module not found: Can't resolve '@/components/cosma/playground'
  1 | import type { Metadata } from "next";
  2 | import { Navigation } from "@/components/navigation";
> 3 | import { CosmaPlayground } from "@/components/cosma/playground";
    | ^^^^^^^^^^^^^^^^^^^^^^^^^^^^^^^^^^^^^^^^^^^^^^^^^^^^^^^^^^^^^^^^
  4 | import { SiteFooter } from "@/components/site-footer";
  5 | import { CoffeeSupportCard } from "@/components/coffee-support-card";
  6 |

Import map: aliased to relative './components/cosma/playground' inside of [project]/

https://nextjs.org/docs/messages/module-not-found @ http://localhost:4200/_next/static/chunks/0aus_next_dist_00tg.dm._.js:1945
[   18265ms] [LOG] [Fast Refresh] rebuilding @ http://localhost:4200/_next/static/chunks/0aus_next_dist_00tg.dm._.js:1226
[   18277ms] [ERROR] ./app/cosma/page.tsx:3:1
Module not found: Can't resolve '@/components/cosma/playground'
  1 | import type { Metadata } from "next";
  2 | import { Navigation } from "@/components/navigation";
> 3 | import { CosmaPlayground } from "@/components/cosma/playground";
    | ^^^^^^^^^^^^^^^^^^^^^^^^^^^^^^^^^^^^^^^^^^^^^^^^^^^^^^^^^^^^^^^^
  4 | import { SiteFooter } from "@/components/site-footer";
  5 | import { CoffeeSupportCard } from "@/components/coffee-support-card";
  6 |

Import map: aliased to relative './components/cosma/playground' inside of [project]/

https://nextjs.org/docs/messages/module-not-found @ http://localhost:4200/_next/static/chunks/0aus_next_dist_00tg.dm._.js:1945
[   18329ms] [ERROR] ./app/cosma/page.tsx:3:1
Module not found: Can't resolve '@/components/cosma/playground'
  1 | import type { Metadata } from "next";
  2 | import { Navigation } from "@/components/navigation";
> 3 | import { CosmaPlayground } from "@/components/cosma/playground";
    | ^^^^^^^^^^^^^^^^^^^^^^^^^^^^^^^^^^^^^^^^^^^^^^^^^^^^^^^^^^^^^^^^
  4 | import { SiteFooter } from "@/components/site-footer";
  5 | import { CoffeeSupportCard } from "@/components/coffee-support-card";
  6 |

Import map: aliased to relative './components/cosma/playground' inside of [project]/

https://nextjs.org/docs/messages/module-not-found @ http://localhost:4200/_next/static/chunks/0aus_next_dist_00tg.dm._.js:1945
[   18389ms] [ERROR] ./app/cosma/page.tsx:3:1
Module not found: Can't resolve '@/components/cosma/playground'
  1 | import type { Metadata } from "next";
  2 | import { Navigation } from "@/components/navigation";
> 3 | import { CosmaPlayground } from "@/components/cosma/playground";
    | ^^^^^^^^^^^^^^^^^^^^^^^^^^^^^^^^^^^^^^^^^^^^^^^^^^^^^^^^^^^^^^^^
  4 | import { SiteFooter } from "@/components/site-footer";
  5 | import { CoffeeSupportCard } from "@/components/coffee-support-card";
  6 |

Import map: aliased to relative './components/cosma/playground' inside of [project]/

https://nextjs.org/docs/messages/module-not-found @ http://localhost:4200/_next/static/chunks/0aus_next_dist_00tg.dm._.js:1945
[   18450ms] [ERROR] ./app/cosma/page.tsx:3:1
Module not found: Can't resolve '@/components/cosma/playground'
  1 | import type { Metadata } from "next";
  2 | import { Navigation } from "@/components/navigation";
> 3 | import { CosmaPlayground } from "@/components/cosma/playground";
    | ^^^^^^^^^^^^^^^^^^^^^^^^^^^^^^^^^^^^^^^^^^^^^^^^^^^^^^^^^^^^^^^^
  4 | import { SiteFooter } from "@/components/site-footer";
  5 | import { CoffeeSupportCard } from "@/components/coffee-support-card";
  6 |

Import map: aliased to relative './components/cosma/playground' inside of [project]/

https://nextjs.org/docs/messages/module-not-found @ http://localhost:4200/_next/static/chunks/0aus_next_dist_00tg.dm._.js:1945
[   18511ms] [ERROR] ./app/cosma/page.tsx:3:1
Module not found: Can't resolve '@/components/cosma/playground'
  1 | import type { Metadata } from "next";
  2 | import { Navigation } from "@/components/navigation";
> 3 | import { CosmaPlayground } from "@/components/cosma/playground";
    | ^^^^^^^^^^^^^^^^^^^^^^^^^^^^^^^^^^^^^^^^^^^^^^^^^^^^^^^^^^^^^^^^
  4 | import { SiteFooter } from "@/components/site-footer";
  5 | import { CoffeeSupportCard } from "@/components/coffee-support-card";
  6 |

Import map: aliased to relative './components/cosma/playground' inside of [project]/

https://nextjs.org/docs/messages/module-not-found @ http://localhost:4200/_next/static/chunks/0aus_next_dist_00tg.dm._.js:1945
[   18574ms] [ERROR] ./app/cosma/page.tsx:3:1
Module not found: Can't resolve '@/components/cosma/playground'
  1 | import type { Metadata } from "next";
  2 | import { Navigation } from "@/components/navigation";
> 3 | import { CosmaPlayground } from "@/components/cosma/playground";
    | ^^^^^^^^^^^^^^^^^^^^^^^^^^^^^^^^^^^^^^^^^^^^^^^^^^^^^^^^^^^^^^^^
  4 | import { SiteFooter } from "@/components/site-footer";
  5 | import { CoffeeSupportCard } from "@/components/coffee-support-card";
  6 |

Import map: aliased to relative './components/cosma/playground' inside of [project]/

https://nextjs.org/docs/messages/module-not-found @ http://localhost:4200/_next/static/chunks/0aus_next_dist_00tg.dm._.js:1945
[   18638ms] [ERROR] ./app/cosma/page.tsx:3:1
Module not found: Can't resolve '@/components/cosma/playground'
  1 | import type { Metadata } from "next";
  2 | import { Navigation } from "@/components/navigation";
> 3 | import { CosmaPlayground } from "@/components/cosma/playground";
    | ^^^^^^^^^^^^^^^^^^^^^^^^^^^^^^^^^^^^^^^^^^^^^^^^^^^^^^^^^^^^^^^^
  4 | import { SiteFooter } from "@/components/site-footer";
  5 | import { CoffeeSupportCard } from "@/components/coffee-support-card";
  6 |

Import map: aliased to relative './components/cosma/playground' inside of [project]/

https://nextjs.org/docs/messages/module-not-found @ http://localhost:4200/_next/static/chunks/0aus_next_dist_00tg.dm._.js:1945
[   18703ms] [ERROR] ./app/cosma/page.tsx:3:1
Module not found: Can't resolve '@/components/cosma/playground'
  1 | import type { Metadata } from "next";
  2 | import { Navigation } from "@/components/navigation";
> 3 | import { CosmaPlayground } from "@/components/cosma/playground";
    | ^^^^^^^^^^^^^^^^^^^^^^^^^^^^^^^^^^^^^^^^^^^^^^^^^^^^^^^^^^^^^^^^
  4 | import { SiteFooter } from "@/components/site-footer";
  5 | import { CoffeeSupportCard } from "@/components/coffee-support-card";
  6 |

Import map: aliased to relative './components/cosma/playground' inside of [project]/

https://nextjs.org/docs/messages/module-not-found @ http://localhost:4200/_next/static/chunks/0aus_next_dist_00tg.dm._.js:1945
[   18765ms] [ERROR] ./app/cosma/page.tsx:3:1
Module not found: Can't resolve '@/components/cosma/playground'
  1 | import type { Metadata } from "next";
  2 | import { Navigation } from "@/components/navigation";
> 3 | import { CosmaPlayground } from "@/components/cosma/playground";
    | ^^^^^^^^^^^^^^^^^^^^^^^^^^^^^^^^^^^^^^^^^^^^^^^^^^^^^^^^^^^^^^^^
  4 | import { SiteFooter } from "@/components/site-footer";
  5 | import { CoffeeSupportCard } from "@/components/coffee-support-card";
  6 |

Import map: aliased to relative './components/cosma/playground' inside of [project]/

https://nextjs.org/docs/messages/module-not-found @ http://localhost:4200/_next/static/chunks/0aus_next_dist_00tg.dm._.js:1945
[   18833ms] [ERROR] ./app/cosma/page.tsx:3:1
Module not found: Can't resolve '@/components/cosma/playground'
  1 | import type { Metadata } from "next";
  2 | import { Navigation } from "@/components/navigation";
> 3 | import { CosmaPlayground } from "@/components/cosma/playground";
    | ^^^^^^^^^^^^^^^^^^^^^^^^^^^^^^^^^^^^^^^^^^^^^^^^^^^^^^^^^^^^^^^^
  4 | import { SiteFooter } from "@/components/site-footer";
  5 | import { CoffeeSupportCard } from "@/components/coffee-support-card";
  6 |

Import map: aliased to relative './components/cosma/playground' inside of [project]/

https://nextjs.org/docs/messages/module-not-found @ http://localhost:4200/_next/static/chunks/0aus_next_dist_00tg.dm._.js:1945
[   18903ms] [ERROR] ./app/cosma/page.tsx:3:1
Module not found: Can't resolve '@/components/cosma/playground'
  1 | import type { Metadata } from "next";
  2 | import { Navigation } from "@/components/navigation";
> 3 | import { CosmaPlayground } from "@/components/cosma/playground";
    | ^^^^^^^^^^^^^^^^^^^^^^^^^^^^^^^^^^^^^^^^^^^^^^^^^^^^^^^^^^^^^^^^
  4 | import { SiteFooter } from "@/components/site-footer";
  5 | import { CoffeeSupportCard } from "@/components/coffee-support-card";
  6 |

Import map: aliased to relative './components/cosma/playground' inside of [project]/

https://nextjs.org/docs/messages/module-not-found @ http://localhost:4200/_next/static/chunks/0aus_next_dist_00tg.dm._.js:1945
[   18967ms] [ERROR] ./app/cosma/page.tsx:3:1
Module not found: Can't resolve '@/components/cosma/playground'
  1 | import type { Metadata } from "next";
  2 | import { Navigation } from "@/components/navigation";
> 3 | import { CosmaPlayground } from "@/components/cosma/playground";
    | ^^^^^^^^^^^^^^^^^^^^^^^^^^^^^^^^^^^^^^^^^^^^^^^^^^^^^^^^^^^^^^^^
  4 | import { SiteFooter } from "@/components/site-footer";
  5 | import { CoffeeSupportCard } from "@/components/coffee-support-card";
  6 |

Import map: aliased to relative './components/cosma/playground' inside of [project]/

https://nextjs.org/docs/messages/module-not-found @ http://localhost:4200/_next/static/chunks/0aus_next_dist_00tg.dm._.js:1945
[   19028ms] [ERROR] ./app/cosma/page.tsx:3:1
Module not found: Can't resolve '@/components/cosma/playground'
  1 | import type { Metadata } from "next";
  2 | import { Navigation } from "@/components/navigation";
> 3 | import { CosmaPlayground } from "@/components/cosma/playground";
    | ^^^^^^^^^^^^^^^^^^^^^^^^^^^^^^^^^^^^^^^^^^^^^^^^^^^^^^^^^^^^^^^^
  4 | import { SiteFooter } from "@/components/site-footer";
  5 | import { CoffeeSupportCard } from "@/components/coffee-support-card";
  6 |

Import map: aliased to relative './components/cosma/playground' inside of [project]/

https://nextjs.org/docs/messages/module-not-found @ http://localhost:4200/_next/static/chunks/0aus_next_dist_00tg.dm._.js:1945
[   19091ms] [ERROR] ./app/cosma/page.tsx:3:1
Module not found: Can't resolve '@/components/cosma/playground'
  1 | import type { Metadata } from "next";
  2 | import { Navigation } from "@/components/navigation";
> 3 | import { CosmaPlayground } from "@/components/cosma/playground";
    | ^^^^^^^^^^^^^^^^^^^^^^^^^^^^^^^^^^^^^^^^^^^^^^^^^^^^^^^^^^^^^^^^
  4 | import { SiteFooter } from "@/components/site-footer";
  5 | import { CoffeeSupportCard } from "@/components/coffee-support-card";
  6 |

Import map: aliased to relative './components/cosma/playground' inside of [project]/

https://nextjs.org/docs/messages/module-not-found @ http://localhost:4200/_next/static/chunks/0aus_next_dist_00tg.dm._.js:1945
[   19153ms] [ERROR] ./app/cosma/page.tsx:3:1
Module not found: Can't resolve '@/components/cosma/playground'
  1 | import type { Metadata } from "next";
  2 | import { Navigation } from "@/components/navigation";
> 3 | import { CosmaPlayground } from "@/components/cosma/playground";
    | ^^^^^^^^^^^^^^^^^^^^^^^^^^^^^^^^^^^^^^^^^^^^^^^^^^^^^^^^^^^^^^^^
  4 | import { SiteFooter } from "@/components/site-footer";
  5 | import { CoffeeSupportCard } from "@/components/coffee-support-card";
  6 |

Import map: aliased to relative './components/cosma/playground' inside of [project]/

https://nextjs.org/docs/messages/module-not-found @ http://localhost:4200/_next/static/chunks/0aus_next_dist_00tg.dm._.js:1945
[   19217ms] [ERROR] ./app/cosma/page.tsx:3:1
Module not found: Can't resolve '@/components/cosma/playground'
  1 | import type { Metadata } from "next";
  2 | import { Navigation } from "@/components/navigation";
> 3 | import { CosmaPlayground } from "@/components/cosma/playground";
    | ^^^^^^^^^^^^^^^^^^^^^^^^^^^^^^^^^^^^^^^^^^^^^^^^^^^^^^^^^^^^^^^^
  4 | import { SiteFooter } from "@/components/site-footer";
  5 | import { CoffeeSupportCard } from "@/components/coffee-support-card";
  6 |

Import map: aliased to relative './components/cosma/playground' inside of [project]/

https://nextjs.org/docs/messages/module-not-found @ http://localhost:4200/_next/static/chunks/0aus_next_dist_00tg.dm._.js:1945
[   19282ms] [ERROR] ./app/cosma/page.tsx:3:1
Module not found: Can't resolve '@/components/cosma/playground'
  1 | import type { Metadata } from "next";
  2 | import { Navigation } from "@/components/navigation";
> 3 | import { CosmaPlayground } from "@/components/cosma/playground";
    | ^^^^^^^^^^^^^^^^^^^^^^^^^^^^^^^^^^^^^^^^^^^^^^^^^^^^^^^^^^^^^^^^
  4 | import { SiteFooter } from "@/components/site-footer";
  5 | import { CoffeeSupportCard } from "@/components/coffee-support-card";
  6 |

Import map: aliased to relative './components/cosma/playground' inside of [project]/

https://nextjs.org/docs/messages/module-not-found @ http://localhost:4200/_next/static/chunks/0aus_next_dist_00tg.dm._.js:1945
[   19345ms] [ERROR] ./app/cosma/page.tsx:3:1
Module not found: Can't resolve '@/components/cosma/playground'
  1 | import type { Metadata } from "next";
  2 | import { Navigation } from "@/components/navigation";
> 3 | import { CosmaPlayground } from "@/components/cosma/playground";
    | ^^^^^^^^^^^^^^^^^^^^^^^^^^^^^^^^^^^^^^^^^^^^^^^^^^^^^^^^^^^^^^^^
  4 | import { SiteFooter } from "@/components/site-footer";
  5 | import { CoffeeSupportCard } from "@/components/coffee-support-card";
  6 |

Import map: aliased to relative './components/cosma/playground' inside of [project]/

https://nextjs.org/docs/messages/module-not-found @ http://localhost:4200/_next/static/chunks/0aus_next_dist_00tg.dm._.js:1945
[   19407ms] [ERROR] ./app/cosma/page.tsx:3:1
Module not found: Can't resolve '@/components/cosma/playground'
  1 | import type { Metadata } from "next";
  2 | import { Navigation } from "@/components/navigation";
> 3 | import { CosmaPlayground } from "@/components/cosma/playground";
    | ^^^^^^^^^^^^^^^^^^^^^^^^^^^^^^^^^^^^^^^^^^^^^^^^^^^^^^^^^^^^^^^^
  4 | import { SiteFooter } from "@/components/site-footer";
  5 | import { CoffeeSupportCard } from "@/components/coffee-support-card";
  6 |

Import map: aliased to relative './components/cosma/playground' inside of [project]/

https://nextjs.org/docs/messages/module-not-found @ http://localhost:4200/_next/static/chunks/0aus_next_dist_00tg.dm._.js:1945
[   19470ms] [ERROR] ./app/cosma/page.tsx:3:1
Module not found: Can't resolve '@/components/cosma/playground'
  1 | import type { Metadata } from "next";
  2 | import { Navigation } from "@/components/navigation";
> 3 | import { CosmaPlayground } from "@/components/cosma/playground";
    | ^^^^^^^^^^^^^^^^^^^^^^^^^^^^^^^^^^^^^^^^^^^^^^^^^^^^^^^^^^^^^^^^
  4 | import { SiteFooter } from "@/components/site-footer";
  5 | import { CoffeeSupportCard } from "@/components/coffee-support-card";
  6 |

Import map: aliased to relative './components/cosma/playground' inside of [project]/

https://nextjs.org/docs/messages/module-not-found @ http://localhost:4200/_next/static/chunks/0aus_next_dist_00tg.dm._.js:1945
[   19531ms] [ERROR] ./app/cosma/page.tsx:3:1
Module not found: Can't resolve '@/components/cosma/playground'
  1 | import type { Metadata } from "next";
  2 | import { Navigation } from "@/components/navigation";
> 3 | import { CosmaPlayground } from "@/components/cosma/playground";
    | ^^^^^^^^^^^^^^^^^^^^^^^^^^^^^^^^^^^^^^^^^^^^^^^^^^^^^^^^^^^^^^^^
  4 | import { SiteFooter } from "@/components/site-footer";
  5 | import { CoffeeSupportCard } from "@/components/coffee-support-card";
  6 |

Import map: aliased to relative './components/cosma/playground' inside of [project]/

https://nextjs.org/docs/messages/module-not-found @ http://localhost:4200/_next/static/chunks/0aus_next_dist_00tg.dm._.js:1945
[   19593ms] [ERROR] ./app/cosma/page.tsx:3:1
Module not found: Can't resolve '@/components/cosma/playground'
  1 | import type { Metadata } from "next";
  2 | import { Navigation } from "@/components/navigation";
> 3 | import { CosmaPlayground } from "@/components/cosma/playground";
    | ^^^^^^^^^^^^^^^^^^^^^^^^^^^^^^^^^^^^^^^^^^^^^^^^^^^^^^^^^^^^^^^^
  4 | import { SiteFooter } from "@/components/site-footer";
  5 | import { CoffeeSupportCard } from "@/components/coffee-support-card";
  6 |

Import map: aliased to relative './components/cosma/playground' inside of [project]/

https://nextjs.org/docs/messages/module-not-found @ http://localhost:4200/_next/static/chunks/0aus_next_dist_00tg.dm._.js:1945
[   19655ms] [ERROR] ./app/cosma/page.tsx:3:1
Module not found: Can't resolve '@/components/cosma/playground'
  1 | import type { Metadata } from "next";
  2 | import { Navigation } from "@/components/navigation";
> 3 | import { CosmaPlayground } from "@/components/cosma/playground";
    | ^^^^^^^^^^^^^^^^^^^^^^^^^^^^^^^^^^^^^^^^^^^^^^^^^^^^^^^^^^^^^^^^
  4 | import { SiteFooter } from "@/components/site-footer";
  5 | import { CoffeeSupportCard } from "@/components/coffee-support-card";
  6 |

Import map: aliased to relative './components/cosma/playground' inside of [project]/

https://nextjs.org/docs/messages/module-not-found @ http://localhost:4200/_next/static/chunks/0aus_next_dist_00tg.dm._.js:1945
[   19717ms] [ERROR] ./app/cosma/page.tsx:3:1
Module not found: Can't resolve '@/components/cosma/playground'
  1 | import type { Metadata } from "next";
  2 | import { Navigation } from "@/components/navigation";
> 3 | import { CosmaPlayground } from "@/components/cosma/playground";
    | ^^^^^^^^^^^^^^^^^^^^^^^^^^^^^^^^^^^^^^^^^^^^^^^^^^^^^^^^^^^^^^^^
  4 | import { SiteFooter } from "@/components/site-footer";
  5 | import { CoffeeSupportCard } from "@/components/coffee-support-card";
  6 |

Import map: aliased to relative './components/cosma/playground' inside of [project]/

https://nextjs.org/docs/messages/module-not-found @ http://localhost:4200/_next/static/chunks/0aus_next_dist_00tg.dm._.js:1945
[   19782ms] [ERROR] ./app/cosma/page.tsx:3:1
Module not found: Can't resolve '@/components/cosma/playground'
  1 | import type { Metadata } from "next";
  2 | import { Navigation } from "@/components/navigation";
> 3 | import { CosmaPlayground } from "@/components/cosma/playground";
    | ^^^^^^^^^^^^^^^^^^^^^^^^^^^^^^^^^^^^^^^^^^^^^^^^^^^^^^^^^^^^^^^^
  4 | import { SiteFooter } from "@/components/site-footer";
  5 | import { CoffeeSupportCard } from "@/components/coffee-support-card";
  6 |

Import map: aliased to relative './components/cosma/playground' inside of [project]/

https://nextjs.org/docs/messages/module-not-found @ http://localhost:4200/_next/static/chunks/0aus_next_dist_00tg.dm._.js:1945
[   19846ms] [ERROR] ./app/cosma/page.tsx:3:1
Module not found: Can't resolve '@/components/cosma/playground'
  1 | import type { Metadata } from "next";
  2 | import { Navigation } from "@/components/navigation";
> 3 | import { CosmaPlayground } from "@/components/cosma/playground";
    | ^^^^^^^^^^^^^^^^^^^^^^^^^^^^^^^^^^^^^^^^^^^^^^^^^^^^^^^^^^^^^^^^
  4 | import { SiteFooter } from "@/components/site-footer";
  5 | import { CoffeeSupportCard } from "@/components/coffee-support-card";
  6 |

Import map: aliased to relative './components/cosma/playground' inside of [project]/

https://nextjs.org/docs/messages/module-not-found @ http://localhost:4200/_next/static/chunks/0aus_next_dist_00tg.dm._.js:1945
[   19909ms] [ERROR] ./app/cosma/page.tsx:3:1
Module not found: Can't resolve '@/components/cosma/playground'
  1 | import type { Metadata } from "next";
  2 | import { Navigation } from "@/components/navigation";
> 3 | import { CosmaPlayground } from "@/components/cosma/playground";
    | ^^^^^^^^^^^^^^^^^^^^^^^^^^^^^^^^^^^^^^^^^^^^^^^^^^^^^^^^^^^^^^^^
  4 | import { SiteFooter } from "@/components/site-footer";
  5 | import { CoffeeSupportCard } from "@/components/coffee-support-card";
  6 |

Import map: aliased to relative './components/cosma/playground' inside of [project]/

https://nextjs.org/docs/messages/module-not-found @ http://localhost:4200/_next/static/chunks/0aus_next_dist_00tg.dm._.js:1945
[   19972ms] [ERROR] ./app/cosma/page.tsx:3:1
Module not found: Can't resolve '@/components/cosma/playground'
  1 | import type { Metadata } from "next";
  2 | import { Navigation } from "@/components/navigation";
> 3 | import { CosmaPlayground } from "@/components/cosma/playground";
    | ^^^^^^^^^^^^^^^^^^^^^^^^^^^^^^^^^^^^^^^^^^^^^^^^^^^^^^^^^^^^^^^^
  4 | import { SiteFooter } from "@/components/site-footer";
  5 | import { CoffeeSupportCard } from "@/components/coffee-support-card";
  6 |

Import map: aliased to relative './components/cosma/playground' inside of [project]/

https://nextjs.org/docs/messages/module-not-found @ http://localhost:4200/_next/static/chunks/0aus_next_dist_00tg.dm._.js:1945
[   20033ms] [ERROR] ./app/cosma/page.tsx:3:1
Module not found: Can't resolve '@/components/cosma/playground'
  1 | import type { Metadata } from "next";
  2 | import { Navigation } from "@/components/navigation";
> 3 | import { CosmaPlayground } from "@/components/cosma/playground";
    | ^^^^^^^^^^^^^^^^^^^^^^^^^^^^^^^^^^^^^^^^^^^^^^^^^^^^^^^^^^^^^^^^
  4 | import { SiteFooter } from "@/components/site-footer";
  5 | import { CoffeeSupportCard } from "@/components/coffee-support-card";
  6 |

Import map: aliased to relative './components/cosma/playground' inside of [project]/

https://nextjs.org/docs/messages/module-not-found @ http://localhost:4200/_next/static/chunks/0aus_next_dist_00tg.dm._.js:1945
[   20098ms] [ERROR] ./app/cosma/page.tsx:3:1
Module not found: Can't resolve '@/components/cosma/playground'
  1 | import type { Metadata } from "next";
  2 | import { Navigation } from "@/components/navigation";
> 3 | import { CosmaPlayground } from "@/components/cosma/playground";
    | ^^^^^^^^^^^^^^^^^^^^^^^^^^^^^^^^^^^^^^^^^^^^^^^^^^^^^^^^^^^^^^^^
  4 | import { SiteFooter } from "@/components/site-footer";
  5 | import { CoffeeSupportCard } from "@/components/coffee-support-card";
  6 |

Import map: aliased to relative './components/cosma/playground' inside of [project]/

https://nextjs.org/docs/messages/module-not-found @ http://localhost:4200/_next/static/chunks/0aus_next_dist_00tg.dm._.js:1945
[   20163ms] [ERROR] ./app/cosma/page.tsx:3:1
Module not found: Can't resolve '@/components/cosma/playground'
  1 | import type { Metadata } from "next";
  2 | import { Navigation } from "@/components/navigation";
> 3 | import { CosmaPlayground } from "@/components/cosma/playground";
    | ^^^^^^^^^^^^^^^^^^^^^^^^^^^^^^^^^^^^^^^^^^^^^^^^^^^^^^^^^^^^^^^^
  4 | import { SiteFooter } from "@/components/site-footer";
  5 | import { CoffeeSupportCard } from "@/components/coffee-support-card";
  6 |

Import map: aliased to relative './components/cosma/playground' inside of [project]/

https://nextjs.org/docs/messages/module-not-found @ http://localhost:4200/_next/static/chunks/0aus_next_dist_00tg.dm._.js:1945
[   20225ms] [ERROR] ./app/cosma/page.tsx:3:1
Module not found: Can't resolve '@/components/cosma/playground'
  1 | import type { Metadata } from "next";
  2 | import { Navigation } from "@/components/navigation";
> 3 | import { CosmaPlayground } from "@/components/cosma/playground";
    | ^^^^^^^^^^^^^^^^^^^^^^^^^^^^^^^^^^^^^^^^^^^^^^^^^^^^^^^^^^^^^^^^
  4 | import { SiteFooter } from "@/components/site-footer";
  5 | import { CoffeeSupportCard } from "@/components/coffee-support-card";
  6 |

Import map: aliased to relative './components/cosma/playground' inside of [project]/

https://nextjs.org/docs/messages/module-not-found @ http://localhost:4200/_next/static/chunks/0aus_next_dist_00tg.dm._.js:1945
[   20288ms] [ERROR] ./app/cosma/page.tsx:3:1
Module not found: Can't resolve '@/components/cosma/playground'
  1 | import type { Metadata } from "next";
  2 | import { Navigation } from "@/components/navigation";
> 3 | import { CosmaPlayground } from "@/components/cosma/playground";
    | ^^^^^^^^^^^^^^^^^^^^^^^^^^^^^^^^^^^^^^^^^^^^^^^^^^^^^^^^^^^^^^^^
  4 | import { SiteFooter } from "@/components/site-footer";
  5 | import { CoffeeSupportCard } from "@/components/coffee-support-card";
  6 |

Import map: aliased to relative './components/cosma/playground' inside of [project]/

https://nextjs.org/docs/messages/module-not-found @ http://localhost:4200/_next/static/chunks/0aus_next_dist_00tg.dm._.js:1945
[   20357ms] [ERROR] ./app/cosma/page.tsx:3:1
Module not found: Can't resolve '@/components/cosma/playground'
  1 | import type { Metadata } from "next";
  2 | import { Navigation } from "@/components/navigation";
> 3 | import { CosmaPlayground } from "@/components/cosma/playground";
    | ^^^^^^^^^^^^^^^^^^^^^^^^^^^^^^^^^^^^^^^^^^^^^^^^^^^^^^^^^^^^^^^^
  4 | import { SiteFooter } from "@/components/site-footer";
  5 | import { CoffeeSupportCard } from "@/components/coffee-support-card";
  6 |

Import map: aliased to relative './components/cosma/playground' inside of [project]/

https://nextjs.org/docs/messages/module-not-found @ http://localhost:4200/_next/static/chunks/0aus_next_dist_00tg.dm._.js:1945
[   20420ms] [ERROR] ./app/cosma/page.tsx:3:1
Module not found: Can't resolve '@/components/cosma/playground'
  1 | import type { Metadata } from "next";
  2 | import { Navigation } from "@/components/navigation";
> 3 | import { CosmaPlayground } from "@/components/cosma/playground";
    | ^^^^^^^^^^^^^^^^^^^^^^^^^^^^^^^^^^^^^^^^^^^^^^^^^^^^^^^^^^^^^^^^
  4 | import { SiteFooter } from "@/components/site-footer";
  5 | import { CoffeeSupportCard } from "@/components/coffee-support-card";
  6 |

Import map: aliased to relative './components/cosma/playground' inside of [project]/

https://nextjs.org/docs/messages/module-not-found @ http://localhost:4200/_next/static/chunks/0aus_next_dist_00tg.dm._.js:1945
[   20484ms] [ERROR] ./app/cosma/page.tsx:3:1
Module not found: Can't resolve '@/components/cosma/playground'
  1 | import type { Metadata } from "next";
  2 | import { Navigation } from "@/components/navigation";
> 3 | import { CosmaPlayground } from "@/components/cosma/playground";
    | ^^^^^^^^^^^^^^^^^^^^^^^^^^^^^^^^^^^^^^^^^^^^^^^^^^^^^^^^^^^^^^^^
  4 | import { SiteFooter } from "@/components/site-footer";
  5 | import { CoffeeSupportCard } from "@/components/coffee-support-card";
  6 |

Import map: aliased to relative './components/cosma/playground' inside of [project]/

https://nextjs.org/docs/messages/module-not-found @ http://localhost:4200/_next/static/chunks/0aus_next_dist_00tg.dm._.js:1945
[   20546ms] [ERROR] ./app/cosma/page.tsx:3:1
Module not found: Can't resolve '@/components/cosma/playground'
  1 | import type { Metadata } from "next";
  2 | import { Navigation } from "@/components/navigation";
> 3 | import { CosmaPlayground } from "@/components/cosma/playground";
    | ^^^^^^^^^^^^^^^^^^^^^^^^^^^^^^^^^^^^^^^^^^^^^^^^^^^^^^^^^^^^^^^^
  4 | import { SiteFooter } from "@/components/site-footer";
  5 | import { CoffeeSupportCard } from "@/components/coffee-support-card";
  6 |

Import map: aliased to relative './components/cosma/playground' inside of [project]/

https://nextjs.org/docs/messages/module-not-found @ http://localhost:4200/_next/static/chunks/0aus_next_dist_00tg.dm._.js:1945
[   20610ms] [ERROR] ./app/cosma/page.tsx:3:1
Module not found: Can't resolve '@/components/cosma/playground'
  1 | import type { Metadata } from "next";
  2 | import { Navigation } from "@/components/navigation";
> 3 | import { CosmaPlayground } from "@/components/cosma/playground";
    | ^^^^^^^^^^^^^^^^^^^^^^^^^^^^^^^^^^^^^^^^^^^^^^^^^^^^^^^^^^^^^^^^
  4 | import { SiteFooter } from "@/components/site-footer";
  5 | import { CoffeeSupportCard } from "@/components/coffee-support-card";
  6 |

Import map: aliased to relative './components/cosma/playground' inside of [project]/

https://nextjs.org/docs/messages/module-not-found @ http://localhost:4200/_next/static/chunks/0aus_next_dist_00tg.dm._.js:1945
[   20673ms] [ERROR] ./app/cosma/page.tsx:3:1
Module not found: Can't resolve '@/components/cosma/playground'
  1 | import type { Metadata } from "next";
  2 | import { Navigation } from "@/components/navigation";
> 3 | import { CosmaPlayground } from "@/components/cosma/playground";
    | ^^^^^^^^^^^^^^^^^^^^^^^^^^^^^^^^^^^^^^^^^^^^^^^^^^^^^^^^^^^^^^^^
  4 | import { SiteFooter } from "@/components/site-footer";
  5 | import { CoffeeSupportCard } from "@/components/coffee-support-card";
  6 |

Import map: aliased to relative './components/cosma/playground' inside of [project]/

https://nextjs.org/docs/messages/module-not-found @ http://localhost:4200/_next/static/chunks/0aus_next_dist_00tg.dm._.js:1945
[   20736ms] [ERROR] ./app/cosma/page.tsx:3:1
Module not found: Can't resolve '@/components/cosma/playground'
  1 | import type { Metadata } from "next";
  2 | import { Navigation } from "@/components/navigation";
> 3 | import { CosmaPlayground } from "@/components/cosma/playground";
    | ^^^^^^^^^^^^^^^^^^^^^^^^^^^^^^^^^^^^^^^^^^^^^^^^^^^^^^^^^^^^^^^^
  4 | import { SiteFooter } from "@/components/site-footer";
  5 | import { CoffeeSupportCard } from "@/components/coffee-support-card";
  6 |

Import map: aliased to relative './components/cosma/playground' inside of [project]/

https://nextjs.org/docs/messages/module-not-found @ http://localhost:4200/_next/static/chunks/0aus_next_dist_00tg.dm._.js:1945
[   20799ms] [LOG] [Fast Refresh] rebuilding @ http://localhost:4200/_next/static/chunks/0aus_next_dist_00tg.dm._.js:1226
[   20876ms] [ERROR] ./app/cosma/page.tsx:3:1
Module not found: Can't resolve '@/components/cosma/playground'
  1 | import type { Metadata } from "next";
  2 | import { Navigation } from "@/components/navigation";
> 3 | import { CosmaPlayground } from "@/components/cosma/playground";
    | ^^^^^^^^^^^^^^^^^^^^^^^^^^^^^^^^^^^^^^^^^^^^^^^^^^^^^^^^^^^^^^^^
  4 | import { SiteFooter } from "@/components/site-footer";
  5 | import { CoffeeSupportCard } from "@/components/coffee-support-card";
  6 |

Import map: aliased to relative './components/cosma/playground' inside of [project]/

https://nextjs.org/docs/messages/module-not-found @ http://localhost:4200/_next/static/chunks/0aus_next_dist_00tg.dm._.js:1945
[   20940ms] [ERROR] ./app/cosma/page.tsx:3:1
Module not found: Can't resolve '@/components/cosma/playground'
  1 | import type { Metadata } from "next";
  2 | import { Navigation } from "@/components/navigation";
> 3 | import { CosmaPlayground } from "@/components/cosma/playground";
    | ^^^^^^^^^^^^^^^^^^^^^^^^^^^^^^^^^^^^^^^^^^^^^^^^^^^^^^^^^^^^^^^^
  4 | import { SiteFooter } from "@/components/site-footer";
  5 | import { CoffeeSupportCard } from "@/components/coffee-support-card";
  6 |

Import map: aliased to relative './components/cosma/playground' inside of [project]/

https://nextjs.org/docs/messages/module-not-found @ http://localhost:4200/_next/static/chunks/0aus_next_dist_00tg.dm._.js:1945
[   21003ms] [ERROR] ./app/cosma/page.tsx:3:1
Module not found: Can't resolve '@/components/cosma/playground'
  1 | import type { Metadata } from "next";
  2 | import { Navigation } from "@/components/navigation";
> 3 | import { CosmaPlayground } from "@/components/cosma/playground";
    | ^^^^^^^^^^^^^^^^^^^^^^^^^^^^^^^^^^^^^^^^^^^^^^^^^^^^^^^^^^^^^^^^
  4 | import { SiteFooter } from "@/components/site-footer";
  5 | import { CoffeeSupportCard } from "@/components/coffee-support-card";
  6 |

Import map: aliased to relative './components/cosma/playground' inside of [project]/

https://nextjs.org/docs/messages/module-not-found @ http://localhost:4200/_next/static/chunks/0aus_next_dist_00tg.dm._.js:1945
[   21066ms] [ERROR] ./app/cosma/page.tsx:3:1
Module not found: Can't resolve '@/components/cosma/playground'
  1 | import type { Metadata } from "next";
  2 | import { Navigation } from "@/components/navigation";
> 3 | import { CosmaPlayground } from "@/components/cosma/playground";
    | ^^^^^^^^^^^^^^^^^^^^^^^^^^^^^^^^^^^^^^^^^^^^^^^^^^^^^^^^^^^^^^^^
  4 | import { SiteFooter } from "@/components/site-footer";
  5 | import { CoffeeSupportCard } from "@/components/coffee-support-card";
  6 |

Import map: aliased to relative './components/cosma/playground' inside of [project]/

https://nextjs.org/docs/messages/module-not-found @ http://localhost:4200/_next/static/chunks/0aus_next_dist_00tg.dm._.js:1945
[   21130ms] [ERROR] ./app/cosma/page.tsx:3:1
Module not found: Can't resolve '@/components/cosma/playground'
  1 | import type { Metadata } from "next";
  2 | import { Navigation } from "@/components/navigation";
> 3 | import { CosmaPlayground } from "@/components/cosma/playground";
    | ^^^^^^^^^^^^^^^^^^^^^^^^^^^^^^^^^^^^^^^^^^^^^^^^^^^^^^^^^^^^^^^^
  4 | import { SiteFooter } from "@/components/site-footer";
  5 | import { CoffeeSupportCard } from "@/components/coffee-support-card";
  6 |

Import map: aliased to relative './components/cosma/playground' inside of [project]/

https://nextjs.org/docs/messages/module-not-found @ http://localhost:4200/_next/static/chunks/0aus_next_dist_00tg.dm._.js:1945
[   21193ms] [ERROR] ./app/cosma/page.tsx:3:1
Module not found: Can't resolve '@/components/cosma/playground'
  1 | import type { Metadata } from "next";
  2 | import { Navigation } from "@/components/navigation";
> 3 | import { CosmaPlayground } from "@/components/cosma/playground";
    | ^^^^^^^^^^^^^^^^^^^^^^^^^^^^^^^^^^^^^^^^^^^^^^^^^^^^^^^^^^^^^^^^
  4 | import { SiteFooter } from "@/components/site-footer";
  5 | import { CoffeeSupportCard } from "@/components/coffee-support-card";
  6 |

Import map: aliased to relative './components/cosma/playground' inside of [project]/

https://nextjs.org/docs/messages/module-not-found @ http://localhost:4200/_next/static/chunks/0aus_next_dist_00tg.dm._.js:1945
[   21255ms] [ERROR] ./app/cosma/page.tsx:3:1
Module not found: Can't resolve '@/components/cosma/playground'
  1 | import type { Metadata } from "next";
  2 | import { Navigation } from "@/components/navigation";
> 3 | import { CosmaPlayground } from "@/components/cosma/playground";
    | ^^^^^^^^^^^^^^^^^^^^^^^^^^^^^^^^^^^^^^^^^^^^^^^^^^^^^^^^^^^^^^^^
  4 | import { SiteFooter } from "@/components/site-footer";
  5 | import { CoffeeSupportCard } from "@/components/coffee-support-card";
  6 |

Import map: aliased to relative './components/cosma/playground' inside of [project]/

https://nextjs.org/docs/messages/module-not-found @ http://localhost:4200/_next/static/chunks/0aus_next_dist_00tg.dm._.js:1945
[   21318ms] [ERROR] ./app/cosma/page.tsx:3:1
Module not found: Can't resolve '@/components/cosma/playground'
  1 | import type { Metadata } from "next";
  2 | import { Navigation } from "@/components/navigation";
> 3 | import { CosmaPlayground } from "@/components/cosma/playground";
    | ^^^^^^^^^^^^^^^^^^^^^^^^^^^^^^^^^^^^^^^^^^^^^^^^^^^^^^^^^^^^^^^^
  4 | import { SiteFooter } from "@/components/site-footer";
  5 | import { CoffeeSupportCard } from "@/components/coffee-support-card";
  6 |

Import map: aliased to relative './components/cosma/playground' inside of [project]/

https://nextjs.org/docs/messages/module-not-found @ http://localhost:4200/_next/static/chunks/0aus_next_dist_00tg.dm._.js:1945
[   21381ms] [ERROR] ./app/cosma/page.tsx:3:1
Module not found: Can't resolve '@/components/cosma/playground'
  1 | import type { Metadata } from "next";
  2 | import { Navigation } from "@/components/navigation";
> 3 | import { CosmaPlayground } from "@/components/cosma/playground";
    | ^^^^^^^^^^^^^^^^^^^^^^^^^^^^^^^^^^^^^^^^^^^^^^^^^^^^^^^^^^^^^^^^
  4 | import { SiteFooter } from "@/components/site-footer";
  5 | import { CoffeeSupportCard } from "@/components/coffee-support-card";
  6 |

Import map: aliased to relative './components/cosma/playground' inside of [project]/

https://nextjs.org/docs/messages/module-not-found @ http://localhost:4200/_next/static/chunks/0aus_next_dist_00tg.dm._.js:1945
[   21446ms] [ERROR] ./app/cosma/page.tsx:3:1
Module not found: Can't resolve '@/components/cosma/playground'
  1 | import type { Metadata } from "next";
  2 | import { Navigation } from "@/components/navigation";
> 3 | import { CosmaPlayground } from "@/components/cosma/playground";
    | ^^^^^^^^^^^^^^^^^^^^^^^^^^^^^^^^^^^^^^^^^^^^^^^^^^^^^^^^^^^^^^^^
  4 | import { SiteFooter } from "@/components/site-footer";
  5 | import { CoffeeSupportCard } from "@/components/coffee-support-card";
  6 |

Import map: aliased to relative './components/cosma/playground' inside of [project]/

https://nextjs.org/docs/messages/module-not-found @ http://localhost:4200/_next/static/chunks/0aus_next_dist_00tg.dm._.js:1945
[   21511ms] [ERROR] ./app/cosma/page.tsx:3:1
Module not found: Can't resolve '@/components/cosma/playground'
  1 | import type { Metadata } from "next";
  2 | import { Navigation } from "@/components/navigation";
> 3 | import { CosmaPlayground } from "@/components/cosma/playground";
    | ^^^^^^^^^^^^^^^^^^^^^^^^^^^^^^^^^^^^^^^^^^^^^^^^^^^^^^^^^^^^^^^^
  4 | import { SiteFooter } from "@/components/site-footer";
  5 | import { CoffeeSupportCard } from "@/components/coffee-support-card";
  6 |

Import map: aliased to relative './components/cosma/playground' inside of [project]/

https://nextjs.org/docs/messages/module-not-found @ http://localhost:4200/_next/static/chunks/0aus_next_dist_00tg.dm._.js:1945
[   21572ms] [ERROR] ./app/cosma/page.tsx:3:1
Module not found: Can't resolve '@/components/cosma/playground'
  1 | import type { Metadata } from "next";
  2 | import { Navigation } from "@/components/navigation";
> 3 | import { CosmaPlayground } from "@/components/cosma/playground";
    | ^^^^^^^^^^^^^^^^^^^^^^^^^^^^^^^^^^^^^^^^^^^^^^^^^^^^^^^^^^^^^^^^
  4 | import { SiteFooter } from "@/components/site-footer";
  5 | import { CoffeeSupportCard } from "@/components/coffee-support-card";
  6 |

Import map: aliased to relative './components/cosma/playground' inside of [project]/

https://nextjs.org/docs/messages/module-not-found @ http://localhost:4200/_next/static/chunks/0aus_next_dist_00tg.dm._.js:1945
[   21633ms] [ERROR] ./app/cosma/page.tsx:3:1
Module not found: Can't resolve '@/components/cosma/playground'
  1 | import type { Metadata } from "next";
  2 | import { Navigation } from "@/components/navigation";
> 3 | import { CosmaPlayground } from "@/components/cosma/playground";
    | ^^^^^^^^^^^^^^^^^^^^^^^^^^^^^^^^^^^^^^^^^^^^^^^^^^^^^^^^^^^^^^^^
  4 | import { SiteFooter } from "@/components/site-footer";
  5 | import { CoffeeSupportCard } from "@/components/coffee-support-card";
  6 |

Import map: aliased to relative './components/cosma/playground' inside of [project]/

https://nextjs.org/docs/messages/module-not-found @ http://localhost:4200/_next/static/chunks/0aus_next_dist_00tg.dm._.js:1945
[   21697ms] [ERROR] ./app/cosma/page.tsx:3:1
Module not found: Can't resolve '@/components/cosma/playground'
  1 | import type { Metadata } from "next";
  2 | import { Navigation } from "@/components/navigation";
> 3 | import { CosmaPlayground } from "@/components/cosma/playground";
    | ^^^^^^^^^^^^^^^^^^^^^^^^^^^^^^^^^^^^^^^^^^^^^^^^^^^^^^^^^^^^^^^^
  4 | import { SiteFooter } from "@/components/site-footer";
  5 | import { CoffeeSupportCard } from "@/components/coffee-support-card";
  6 |

Import map: aliased to relative './components/cosma/playground' inside of [project]/

https://nextjs.org/docs/messages/module-not-found @ http://localhost:4200/_next/static/chunks/0aus_next_dist_00tg.dm._.js:1945
[   21760ms] [ERROR] ./app/cosma/page.tsx:3:1
Module not found: Can't resolve '@/components/cosma/playground'
  1 | import type { Metadata } from "next";
  2 | import { Navigation } from "@/components/navigation";
> 3 | import { CosmaPlayground } from "@/components/cosma/playground";
    | ^^^^^^^^^^^^^^^^^^^^^^^^^^^^^^^^^^^^^^^^^^^^^^^^^^^^^^^^^^^^^^^^
  4 | import { SiteFooter } from "@/components/site-footer";
  5 | import { CoffeeSupportCard } from "@/components/coffee-support-card";
  6 |

Import map: aliased to relative './components/cosma/playground' inside of [project]/

https://nextjs.org/docs/messages/module-not-found @ http://localhost:4200/_next/static/chunks/0aus_next_dist_00tg.dm._.js:1945
[   21824ms] [ERROR] ./app/cosma/page.tsx:3:1
Module not found: Can't resolve '@/components/cosma/playground'
  1 | import type { Metadata } from "next";
  2 | import { Navigation } from "@/components/navigation";
> 3 | import { CosmaPlayground } from "@/components/cosma/playground";
    | ^^^^^^^^^^^^^^^^^^^^^^^^^^^^^^^^^^^^^^^^^^^^^^^^^^^^^^^^^^^^^^^^
  4 | import { SiteFooter } from "@/components/site-footer";
  5 | import { CoffeeSupportCard } from "@/components/coffee-support-card";
  6 |

Import map: aliased to relative './components/cosma/playground' inside of [project]/

https://nextjs.org/docs/messages/module-not-found @ http://localhost:4200/_next/static/chunks/0aus_next_dist_00tg.dm._.js:1945
[   21888ms] [ERROR] ./app/cosma/page.tsx:3:1
Module not found: Can't resolve '@/components/cosma/playground'
  1 | import type { Metadata } from "next";
  2 | import { Navigation } from "@/components/navigation";
> 3 | import { CosmaPlayground } from "@/components/cosma/playground";
    | ^^^^^^^^^^^^^^^^^^^^^^^^^^^^^^^^^^^^^^^^^^^^^^^^^^^^^^^^^^^^^^^^
  4 | import { SiteFooter } from "@/components/site-footer";
  5 | import { CoffeeSupportCard } from "@/components/coffee-support-card";
  6 |

Import map: aliased to relative './components/cosma/playground' inside of [project]/

https://nextjs.org/docs/messages/module-not-found @ http://localhost:4200/_next/static/chunks/0aus_next_dist_00tg.dm._.js:1945
[   21952ms] [ERROR] ./app/cosma/page.tsx:3:1
Module not found: Can't resolve '@/components/cosma/playground'
  1 | import type { Metadata } from "next";
  2 | import { Navigation } from "@/components/navigation";
> 3 | import { CosmaPlayground } from "@/components/cosma/playground";
    | ^^^^^^^^^^^^^^^^^^^^^^^^^^^^^^^^^^^^^^^^^^^^^^^^^^^^^^^^^^^^^^^^
  4 | import { SiteFooter } from "@/components/site-footer";
  5 | import { CoffeeSupportCard } from "@/components/coffee-support-card";
  6 |

Import map: aliased to relative './components/cosma/playground' inside of [project]/

https://nextjs.org/docs/messages/module-not-found @ http://localhost:4200/_next/static/chunks/0aus_next_dist_00tg.dm._.js:1945
[   22014ms] [ERROR] ./app/cosma/page.tsx:3:1
Module not found: Can't resolve '@/components/cosma/playground'
  1 | import type { Metadata } from "next";
  2 | import { Navigation } from "@/components/navigation";
> 3 | import { CosmaPlayground } from "@/components/cosma/playground";
    | ^^^^^^^^^^^^^^^^^^^^^^^^^^^^^^^^^^^^^^^^^^^^^^^^^^^^^^^^^^^^^^^^
  4 | import { SiteFooter } from "@/components/site-footer";
  5 | import { CoffeeSupportCard } from "@/components/coffee-support-card";
  6 |

Import map: aliased to relative './components/cosma/playground' inside of [project]/

https://nextjs.org/docs/messages/module-not-found @ http://localhost:4200/_next/static/chunks/0aus_next_dist_00tg.dm._.js:1945
[   22077ms] [ERROR] ./app/cosma/page.tsx:3:1
Module not found: Can't resolve '@/components/cosma/playground'
  1 | import type { Metadata } from "next";
  2 | import { Navigation } from "@/components/navigation";
> 3 | import { CosmaPlayground } from "@/components/cosma/playground";
    | ^^^^^^^^^^^^^^^^^^^^^^^^^^^^^^^^^^^^^^^^^^^^^^^^^^^^^^^^^^^^^^^^
  4 | import { SiteFooter } from "@/components/site-footer";
  5 | import { CoffeeSupportCard } from "@/components/coffee-support-card";
  6 |

Import map: aliased to relative './components/cosma/playground' inside of [project]/

https://nextjs.org/docs/messages/module-not-found @ http://localhost:4200/_next/static/chunks/0aus_next_dist_00tg.dm._.js:1945
[   22143ms] [ERROR] ./app/cosma/page.tsx:3:1
Module not found: Can't resolve '@/components/cosma/playground'
  1 | import type { Metadata } from "next";
  2 | import { Navigation } from "@/components/navigation";
> 3 | import { CosmaPlayground } from "@/components/cosma/playground";
    | ^^^^^^^^^^^^^^^^^^^^^^^^^^^^^^^^^^^^^^^^^^^^^^^^^^^^^^^^^^^^^^^^
  4 | import { SiteFooter } from "@/components/site-footer";
  5 | import { CoffeeSupportCard } from "@/components/coffee-support-card";
  6 |

Import map: aliased to relative './components/cosma/playground' inside of [project]/

https://nextjs.org/docs/messages/module-not-found @ http://localhost:4200/_next/static/chunks/0aus_next_dist_00tg.dm._.js:1945
[   22213ms] [ERROR] ./app/cosma/page.tsx:3:1
Module not found: Can't resolve '@/components/cosma/playground'
  1 | import type { Metadata } from "next";
  2 | import { Navigation } from "@/components/navigation";
> 3 | import { CosmaPlayground } from "@/components/cosma/playground";
    | ^^^^^^^^^^^^^^^^^^^^^^^^^^^^^^^^^^^^^^^^^^^^^^^^^^^^^^^^^^^^^^^^
  4 | import { SiteFooter } from "@/components/site-footer";
  5 | import { CoffeeSupportCard } from "@/components/coffee-support-card";
  6 |

Import map: aliased to relative './components/cosma/playground' inside of [project]/

https://nextjs.org/docs/messages/module-not-found @ http://localhost:4200/_next/static/chunks/0aus_next_dist_00tg.dm._.js:1945
[   22280ms] [ERROR] ./app/cosma/page.tsx:3:1
Module not found: Can't resolve '@/components/cosma/playground'
  1 | import type { Metadata } from "next";
  2 | import { Navigation } from "@/components/navigation";
> 3 | import { CosmaPlayground } from "@/components/cosma/playground";
    | ^^^^^^^^^^^^^^^^^^^^^^^^^^^^^^^^^^^^^^^^^^^^^^^^^^^^^^^^^^^^^^^^
  4 | import { SiteFooter } from "@/components/site-footer";
  5 | import { CoffeeSupportCard } from "@/components/coffee-support-card";
  6 |

Import map: aliased to relative './components/cosma/playground' inside of [project]/

https://nextjs.org/docs/messages/module-not-found @ http://localhost:4200/_next/static/chunks/0aus_next_dist_00tg.dm._.js:1945
[   22350ms] [ERROR] ./app/cosma/page.tsx:3:1
Module not found: Can't resolve '@/components/cosma/playground'
  1 | import type { Metadata } from "next";
  2 | import { Navigation } from "@/components/navigation";
> 3 | import { CosmaPlayground } from "@/components/cosma/playground";
    | ^^^^^^^^^^^^^^^^^^^^^^^^^^^^^^^^^^^^^^^^^^^^^^^^^^^^^^^^^^^^^^^^
  4 | import { SiteFooter } from "@/components/site-footer";
  5 | import { CoffeeSupportCard } from "@/components/coffee-support-card";
  6 |

Import map: aliased to relative './components/cosma/playground' inside of [project]/

https://nextjs.org/docs/messages/module-not-found @ http://localhost:4200/_next/static/chunks/0aus_next_dist_00tg.dm._.js:1945
[   22417ms] [ERROR] ./app/cosma/page.tsx:3:1
Module not found: Can't resolve '@/components/cosma/playground'
  1 | import type { Metadata } from "next";
  2 | import { Navigation } from "@/components/navigation";
> 3 | import { CosmaPlayground } from "@/components/cosma/playground";
    | ^^^^^^^^^^^^^^^^^^^^^^^^^^^^^^^^^^^^^^^^^^^^^^^^^^^^^^^^^^^^^^^^
  4 | import { SiteFooter } from "@/components/site-footer";
  5 | import { CoffeeSupportCard } from "@/components/coffee-support-card";
  6 |

Import map: aliased to relative './components/cosma/playground' inside of [project]/

https://nextjs.org/docs/messages/module-not-found @ http://localhost:4200/_next/static/chunks/0aus_next_dist_00tg.dm._.js:1945
[   22486ms] [ERROR] ./app/cosma/page.tsx:3:1
Module not found: Can't resolve '@/components/cosma/playground'
  1 | import type { Metadata } from "next";
  2 | import { Navigation } from "@/components/navigation";
> 3 | import { CosmaPlayground } from "@/components/cosma/playground";
    | ^^^^^^^^^^^^^^^^^^^^^^^^^^^^^^^^^^^^^^^^^^^^^^^^^^^^^^^^^^^^^^^^
  4 | import { SiteFooter } from "@/components/site-footer";
  5 | import { CoffeeSupportCard } from "@/components/coffee-support-card";
  6 |

Import map: aliased to relative './components/cosma/playground' inside of [project]/

https://nextjs.org/docs/messages/module-not-found @ http://localhost:4200/_next/static/chunks/0aus_next_dist_00tg.dm._.js:1945
[   22552ms] [ERROR] ./app/cosma/page.tsx:3:1
Module not found: Can't resolve '@/components/cosma/playground'
  1 | import type { Metadata } from "next";
  2 | import { Navigation } from "@/components/navigation";
> 3 | import { CosmaPlayground } from "@/components/cosma/playground";
    | ^^^^^^^^^^^^^^^^^^^^^^^^^^^^^^^^^^^^^^^^^^^^^^^^^^^^^^^^^^^^^^^^
  4 | import { SiteFooter } from "@/components/site-footer";
  5 | import { CoffeeSupportCard } from "@/components/coffee-support-card";
  6 |

Import map: aliased to relative './components/cosma/playground' inside of [project]/

https://nextjs.org/docs/messages/module-not-found @ http://localhost:4200/_next/static/chunks/0aus_next_dist_00tg.dm._.js:1945
[   22614ms] [ERROR] ./app/cosma/page.tsx:3:1
Module not found: Can't resolve '@/components/cosma/playground'
  1 | import type { Metadata } from "next";
  2 | import { Navigation } from "@/components/navigation";
> 3 | import { CosmaPlayground } from "@/components/cosma/playground";
    | ^^^^^^^^^^^^^^^^^^^^^^^^^^^^^^^^^^^^^^^^^^^^^^^^^^^^^^^^^^^^^^^^
  4 | import { SiteFooter } from "@/components/site-footer";
  5 | import { CoffeeSupportCard } from "@/components/coffee-support-card";
  6 |

Import map: aliased to relative './components/cosma/playground' inside of [project]/

https://nextjs.org/docs/messages/module-not-found @ http://localhost:4200/_next/static/chunks/0aus_next_dist_00tg.dm._.js:1945
[   22678ms] [ERROR] ./app/cosma/page.tsx:3:1
Module not found: Can't resolve '@/components/cosma/playground'
  1 | import type { Metadata } from "next";
  2 | import { Navigation } from "@/components/navigation";
> 3 | import { CosmaPlayground } from "@/components/cosma/playground";
    | ^^^^^^^^^^^^^^^^^^^^^^^^^^^^^^^^^^^^^^^^^^^^^^^^^^^^^^^^^^^^^^^^
  4 | import { SiteFooter } from "@/components/site-footer";
  5 | import { CoffeeSupportCard } from "@/components/coffee-support-card";
  6 |

Import map: aliased to relative './components/cosma/playground' inside of [project]/

https://nextjs.org/docs/messages/module-not-found @ http://localhost:4200/_next/static/chunks/0aus_next_dist_00tg.dm._.js:1945
[   22743ms] [ERROR] ./app/cosma/page.tsx:3:1
Module not found: Can't resolve '@/components/cosma/playground'
  1 | import type { Metadata } from "next";
  2 | import { Navigation } from "@/components/navigation";
> 3 | import { CosmaPlayground } from "@/components/cosma/playground";
    | ^^^^^^^^^^^^^^^^^^^^^^^^^^^^^^^^^^^^^^^^^^^^^^^^^^^^^^^^^^^^^^^^
  4 | import { SiteFooter } from "@/components/site-footer";
  5 | import { CoffeeSupportCard } from "@/components/coffee-support-card";
  6 |

Import map: aliased to relative './components/cosma/playground' inside of [project]/

https://nextjs.org/docs/messages/module-not-found @ http://localhost:4200/_next/static/chunks/0aus_next_dist_00tg.dm._.js:1945
[   22806ms] [ERROR] ./app/cosma/page.tsx:3:1
Module not found: Can't resolve '@/components/cosma/playground'
  1 | import type { Metadata } from "next";
  2 | import { Navigation } from "@/components/navigation";
> 3 | import { CosmaPlayground } from "@/components/cosma/playground";
    | ^^^^^^^^^^^^^^^^^^^^^^^^^^^^^^^^^^^^^^^^^^^^^^^^^^^^^^^^^^^^^^^^
  4 | import { SiteFooter } from "@/components/site-footer";
  5 | import { CoffeeSupportCard } from "@/components/coffee-support-card";
  6 |

Import map: aliased to relative './components/cosma/playground' inside of [project]/

https://nextjs.org/docs/messages/module-not-found @ http://localhost:4200/_next/static/chunks/0aus_next_dist_00tg.dm._.js:1945
[   22870ms] [ERROR] ./app/cosma/page.tsx:3:1
Module not found: Can't resolve '@/components/cosma/playground'
  1 | import type { Metadata } from "next";
  2 | import { Navigation } from "@/components/navigation";
> 3 | import { CosmaPlayground } from "@/components/cosma/playground";
    | ^^^^^^^^^^^^^^^^^^^^^^^^^^^^^^^^^^^^^^^^^^^^^^^^^^^^^^^^^^^^^^^^
  4 | import { SiteFooter } from "@/components/site-footer";
  5 | import { CoffeeSupportCard } from "@/components/coffee-support-card";
  6 |

Import map: aliased to relative './components/cosma/playground' inside of [project]/

https://nextjs.org/docs/messages/module-not-found @ http://localhost:4200/_next/static/chunks/0aus_next_dist_00tg.dm._.js:1945
[   22934ms] [ERROR] ./app/cosma/page.tsx:3:1
Module not found: Can't resolve '@/components/cosma/playground'
  1 | import type { Metadata } from "next";
  2 | import { Navigation } from "@/components/navigation";
> 3 | import { CosmaPlayground } from "@/components/cosma/playground";
    | ^^^^^^^^^^^^^^^^^^^^^^^^^^^^^^^^^^^^^^^^^^^^^^^^^^^^^^^^^^^^^^^^
  4 | import { SiteFooter } from "@/components/site-footer";
  5 | import { CoffeeSupportCard } from "@/components/coffee-support-card";
  6 |

Import map: aliased to relative './components/cosma/playground' inside of [project]/

https://nextjs.org/docs/messages/module-not-found @ http://localhost:4200/_next/static/chunks/0aus_next_dist_00tg.dm._.js:1945
[   22995ms] [ERROR] ./app/cosma/page.tsx:3:1
Module not found: Can't resolve '@/components/cosma/playground'
  1 | import type { Metadata } from "next";
  2 | import { Navigation } from "@/components/navigation";
> 3 | import { CosmaPlayground } from "@/components/cosma/playground";
    | ^^^^^^^^^^^^^^^^^^^^^^^^^^^^^^^^^^^^^^^^^^^^^^^^^^^^^^^^^^^^^^^^
  4 | import { SiteFooter } from "@/components/site-footer";
  5 | import { CoffeeSupportCard } from "@/components/coffee-support-card";
  6 |

Import map: aliased to relative './components/cosma/playground' inside of [project]/

https://nextjs.org/docs/messages/module-not-found @ http://localhost:4200/_next/static/chunks/0aus_next_dist_00tg.dm._.js:1945
[   23059ms] [ERROR] ./app/cosma/page.tsx:3:1
Module not found: Can't resolve '@/components/cosma/playground'
  1 | import type { Metadata } from "next";
  2 | import { Navigation } from "@/components/navigation";
> 3 | import { CosmaPlayground } from "@/components/cosma/playground";
    | ^^^^^^^^^^^^^^^^^^^^^^^^^^^^^^^^^^^^^^^^^^^^^^^^^^^^^^^^^^^^^^^^
  4 | import { SiteFooter } from "@/components/site-footer";
  5 | import { CoffeeSupportCard } from "@/components/coffee-support-card";
  6 |

Import map: aliased to relative './components/cosma/playground' inside of [project]/

https://nextjs.org/docs/messages/module-not-found @ http://localhost:4200/_next/static/chunks/0aus_next_dist_00tg.dm._.js:1945
[   23121ms] [ERROR] ./app/cosma/page.tsx:3:1
Module not found: Can't resolve '@/components/cosma/playground'
  1 | import type { Metadata } from "next";
  2 | import { Navigation } from "@/components/navigation";
> 3 | import { CosmaPlayground } from "@/components/cosma/playground";
    | ^^^^^^^^^^^^^^^^^^^^^^^^^^^^^^^^^^^^^^^^^^^^^^^^^^^^^^^^^^^^^^^^
  4 | import { SiteFooter } from "@/components/site-footer";
  5 | import { CoffeeSupportCard } from "@/components/coffee-support-card";
  6 |

Import map: aliased to relative './components/cosma/playground' inside of [project]/

https://nextjs.org/docs/messages/module-not-found @ http://localhost:4200/_next/static/chunks/0aus_next_dist_00tg.dm._.js:1945
[   23183ms] [ERROR] ./app/cosma/page.tsx:3:1
Module not found: Can't resolve '@/components/cosma/playground'
  1 | import type { Metadata } from "next";
  2 | import { Navigation } from "@/components/navigation";
> 3 | import { CosmaPlayground } from "@/components/cosma/playground";
    | ^^^^^^^^^^^^^^^^^^^^^^^^^^^^^^^^^^^^^^^^^^^^^^^^^^^^^^^^^^^^^^^^
  4 | import { SiteFooter } from "@/components/site-footer";
  5 | import { CoffeeSupportCard } from "@/components/coffee-support-card";
  6 |

Import map: aliased to relative './components/cosma/playground' inside of [project]/

https://nextjs.org/docs/messages/module-not-found @ http://localhost:4200/_next/static/chunks/0aus_next_dist_00tg.dm._.js:1945
[   23245ms] [ERROR] ./app/cosma/page.tsx:3:1
Module not found: Can't resolve '@/components/cosma/playground'
  1 | import type { Metadata } from "next";
  2 | import { Navigation } from "@/components/navigation";
> 3 | import { CosmaPlayground } from "@/components/cosma/playground";
    | ^^^^^^^^^^^^^^^^^^^^^^^^^^^^^^^^^^^^^^^^^^^^^^^^^^^^^^^^^^^^^^^^
  4 | import { SiteFooter } from "@/components/site-footer";
  5 | import { CoffeeSupportCard } from "@/components/coffee-support-card";
  6 |

Import map: aliased to relative './components/cosma/playground' inside of [project]/

https://nextjs.org/docs/messages/module-not-found @ http://localhost:4200/_next/static/chunks/0aus_next_dist_00tg.dm._.js:1945
[   23306ms] [ERROR] ./app/cosma/page.tsx:3:1
Module not found: Can't resolve '@/components/cosma/playground'
  1 | import type { Metadata } from "next";
  2 | import { Navigation } from "@/components/navigation";
> 3 | import { CosmaPlayground } from "@/components/cosma/playground";
    | ^^^^^^^^^^^^^^^^^^^^^^^^^^^^^^^^^^^^^^^^^^^^^^^^^^^^^^^^^^^^^^^^
  4 | import { SiteFooter } from "@/components/site-footer";
  5 | import { CoffeeSupportCard } from "@/components/coffee-support-card";
  6 |

Import map: aliased to relative './components/cosma/playground' inside of [project]/

https://nextjs.org/docs/messages/module-not-found @ http://localhost:4200/_next/static/chunks/0aus_next_dist_00tg.dm._.js:1945
[   23367ms] [ERROR] ./app/cosma/page.tsx:3:1
Module not found: Can't resolve '@/components/cosma/playground'
  1 | import type { Metadata } from "next";
  2 | import { Navigation } from "@/components/navigation";
> 3 | import { CosmaPlayground } from "@/components/cosma/playground";
    | ^^^^^^^^^^^^^^^^^^^^^^^^^^^^^^^^^^^^^^^^^^^^^^^^^^^^^^^^^^^^^^^^
  4 | import { SiteFooter } from "@/components/site-footer";
  5 | import { CoffeeSupportCard } from "@/components/coffee-support-card";
  6 |

Import map: aliased to relative './components/cosma/playground' inside of [project]/

https://nextjs.org/docs/messages/module-not-found @ http://localhost:4200/_next/static/chunks/0aus_next_dist_00tg.dm._.js:1945
[   23430ms] [ERROR] ./app/cosma/page.tsx:3:1
Module not found: Can't resolve '@/components/cosma/playground'
  1 | import type { Metadata } from "next";
  2 | import { Navigation } from "@/components/navigation";
> 3 | import { CosmaPlayground } from "@/components/cosma/playground";
    | ^^^^^^^^^^^^^^^^^^^^^^^^^^^^^^^^^^^^^^^^^^^^^^^^^^^^^^^^^^^^^^^^
  4 | import { SiteFooter } from "@/components/site-footer";
  5 | import { CoffeeSupportCard } from "@/components/coffee-support-card";
  6 |

Import map: aliased to relative './components/cosma/playground' inside of [project]/

https://nextjs.org/docs/messages/module-not-found @ http://localhost:4200/_next/static/chunks/0aus_next_dist_00tg.dm._.js:1945
[   23494ms] [ERROR] ./app/cosma/page.tsx:3:1
Module not found: Can't resolve '@/components/cosma/playground'
  1 | import type { Metadata } from "next";
  2 | import { Navigation } from "@/components/navigation";
> 3 | import { CosmaPlayground } from "@/components/cosma/playground";
    | ^^^^^^^^^^^^^^^^^^^^^^^^^^^^^^^^^^^^^^^^^^^^^^^^^^^^^^^^^^^^^^^^
  4 | import { SiteFooter } from "@/components/site-footer";
  5 | import { CoffeeSupportCard } from "@/components/coffee-support-card";
  6 |

Import map: aliased to relative './components/cosma/playground' inside of [project]/

https://nextjs.org/docs/messages/module-not-found @ http://localhost:4200/_next/static/chunks/0aus_next_dist_00tg.dm._.js:1945
[   23558ms] [ERROR] ./app/cosma/page.tsx:3:1
Module not found: Can't resolve '@/components/cosma/playground'
  1 | import type { Metadata } from "next";
  2 | import { Navigation } from "@/components/navigation";
> 3 | import { CosmaPlayground } from "@/components/cosma/playground";
    | ^^^^^^^^^^^^^^^^^^^^^^^^^^^^^^^^^^^^^^^^^^^^^^^^^^^^^^^^^^^^^^^^
  4 | import { SiteFooter } from "@/components/site-footer";
  5 | import { CoffeeSupportCard } from "@/components/coffee-support-card";
  6 |

Import map: aliased to relative './components/cosma/playground' inside of [project]/

https://nextjs.org/docs/messages/module-not-found @ http://localhost:4200/_next/static/chunks/0aus_next_dist_00tg.dm._.js:1945
[   23665ms] [LOG] [Fast Refresh] rebuilding @ http://localhost:4200/_next/static/chunks/0aus_next_dist_00tg.dm._.js:1226
[   23847ms] [ERROR] ./app/cosma/page.tsx:3:1
Module not found: Can't resolve '@/components/cosma/playground'
  1 | import type { Metadata } from "next";
  2 | import { Navigation } from "@/components/navigation";
> 3 | import { CosmaPlayground } from "@/components/cosma/playground";
    | ^^^^^^^^^^^^^^^^^^^^^^^^^^^^^^^^^^^^^^^^^^^^^^^^^^^^^^^^^^^^^^^^
  4 | import { SiteFooter } from "@/components/site-footer";
  5 | import { CoffeeSupportCard } from "@/components/coffee-support-card";
  6 |

Import map: aliased to relative './components/cosma/playground' inside of [project]/

https://nextjs.org/docs/messages/module-not-found @ http://localhost:4200/_next/static/chunks/0aus_next_dist_00tg.dm._.js:1945
[   24018ms] [ERROR] Failed to load resource: the server responded with a status of 500 (Internal Server Error) @ http://localhost:4200/cosma:0
[   24057ms] [INFO] %cDownload the React DevTools for a better development experience: https://react.dev/link/react-devtools font-weight:bold @ http://localhost:4200/_next/static/chunks/0e-u_react-dom_0037m-m._.js:15305
[   24062ms] Error: ./app/cosma/page.tsx:3:1
Module not found: Can't resolve '@/components/cosma/playground'
  1 | import type { Metadata } from "next";
  2 | import { Navigation } from "@/components/navigation";
> 3 | import { CosmaPlayground } from "@/components/cosma/playground";
    | ^^^^^^^^^^^^^^^^^^^^^^^^^^^^^^^^^^^^^^^^^^^^^^^^^^^^^^^^^^^^^^^^
  4 | import { SiteFooter } from "@/components/site-footer";
  5 | import { CoffeeSupportCard } from "@/components/coffee-support-card";
  6 |

Import map: aliased to relative './components/cosma/playground' inside of [project]/


https://nextjs.org/docs/messages/module-not-found


    at <unknown> (Error: ./app/cosma/page.tsx:3:1)
    at <unknown> (https://nextjs.org/docs/messages/module-not-found)
    at Object.getCompilationErrors (file:///Users/godwinjanarthan/Documents/Projects/d2studio-ui/node_modules/.pnpm/next@16.2.4_@babel+core@7.28.4_react-dom@19.2.5_react@19.2.5__react@19.2.5/node_modules/next/dist/server/dev/hot-reloader-turbopack.js:1186:59)
    at DevBundlerService.getCompilationError (file:///Users/godwinjanarthan/Documents/Projects/d2studio-ui/node_modules/.pnpm/next@16.2.4_@babel+core@7.28.4_react-dom@19.2.5_react@19.2.5__react@19.2.5/node_modules/next/dist/server/lib/dev-bundler-service.js:44:55)
    at DevServer.getCompilationError (file:///Users/godwinjanarthan/Documents/Projects/d2studio-ui/node_modules/.pnpm/next@16.2.4_@babel+core@7.28.4_react-dom@19.2.5_react@19.2.5__react@19.2.5/node_modules/next/dist/server/dev/next-dev-server.js:719:42)
    at DevServer.findPageComponents (file:///Users/godwinjanarthan/Documents/Projects/d2studio-ui/node_modules/.pnpm/next@16.2.4_@babel+core@7.28.4_react-dom@19.2.5_react@19.2.5__react@19.2.5/node_modules/next/dist/server/dev/next-dev-server.js:689:43)
    at async DevServer.renderErrorToResponseImpl (file:///Users/godwinjanarthan/Documents/Projects/d2studio-ui/node_modules/.pnpm/next@16.2.4_@babel+core@7.28.4_react-dom@19.2.5_react@19.2.5__react@19.2.5/node_modules/next/dist/server/base-server.js:1745:26)
[   24076ms] [LOG] [HMR] connected @ http://localhost:4200/_next/static/chunks/0aus_next_dist_00tg.dm._.js:1226
[   24116ms] [ERROR] ./app/cosma/page.tsx:3:1
Module not found: Can't resolve '@/components/cosma/playground'
  1 | import type { Metadata } from "next";
  2 | import { Navigation } from "@/components/navigation";
> 3 | import { CosmaPlayground } from "@/components/cosma/playground";
    | ^^^^^^^^^^^^^^^^^^^^^^^^^^^^^^^^^^^^^^^^^^^^^^^^^^^^^^^^^^^^^^^^
  4 | import { SiteFooter } from "@/components/site-footer";
  5 | import { CoffeeSupportCard } from "@/components/coffee-support-card";
  6 |

Import map: aliased to relative './components/cosma/playground' inside of [project]/

https://nextjs.org/docs/messages/module-not-found @ http://localhost:4200/_next/static/chunks/0aus_next_dist_00tg.dm._.js:1945
[   24158ms] [ERROR] ./app/cosma/page.tsx:3:1
Module not found: Can't resolve '@/components/cosma/playground'
  1 | import type { Metadata } from "next";
  2 | import { Navigation } from "@/components/navigation";
> 3 | import { CosmaPlayground } from "@/components/cosma/playground";
    | ^^^^^^^^^^^^^^^^^^^^^^^^^^^^^^^^^^^^^^^^^^^^^^^^^^^^^^^^^^^^^^^^
  4 | import { SiteFooter } from "@/components/site-footer";
  5 | import { CoffeeSupportCard } from "@/components/coffee-support-card";
  6 |

Import map: aliased to relative './components/cosma/playground' inside of [project]/

https://nextjs.org/docs/messages/module-not-found @ http://localhost:4200/_next/static/chunks/0aus_next_dist_00tg.dm._.js:1945
[   24226ms] [ERROR] ./app/cosma/page.tsx:3:1
Module not found: Can't resolve '@/components/cosma/playground'
  1 | import type { Metadata } from "next";
  2 | import { Navigation } from "@/components/navigation";
> 3 | import { CosmaPlayground } from "@/components/cosma/playground";
    | ^^^^^^^^^^^^^^^^^^^^^^^^^^^^^^^^^^^^^^^^^^^^^^^^^^^^^^^^^^^^^^^^
  4 | import { SiteFooter } from "@/components/site-footer";
  5 | import { CoffeeSupportCard } from "@/components/coffee-support-card";
  6 |

Import map: aliased to relative './components/cosma/playground' inside of [project]/

https://nextjs.org/docs/messages/module-not-found @ http://localhost:4200/_next/static/chunks/0aus_next_dist_00tg.dm._.js:1945
[   24291ms] [ERROR] ./app/cosma/page.tsx:3:1
Module not found: Can't resolve '@/components/cosma/playground'
  1 | import type { Metadata } from "next";
  2 | import { Navigation } from "@/components/navigation";
> 3 | import { CosmaPlayground } from "@/components/cosma/playground";
    | ^^^^^^^^^^^^^^^^^^^^^^^^^^^^^^^^^^^^^^^^^^^^^^^^^^^^^^^^^^^^^^^^
  4 | import { SiteFooter } from "@/components/site-footer";
  5 | import { CoffeeSupportCard } from "@/components/coffee-support-card";
  6 |

Import map: aliased to relative './components/cosma/playground' inside of [project]/

https://nextjs.org/docs/messages/module-not-found @ http://localhost:4200/_next/static/chunks/0aus_next_dist_00tg.dm._.js:1945
[   24355ms] [ERROR] ./app/cosma/page.tsx:3:1
Module not found: Can't resolve '@/components/cosma/playground'
  1 | import type { Metadata } from "next";
  2 | import { Navigation } from "@/components/navigation";
> 3 | import { CosmaPlayground } from "@/components/cosma/playground";
    | ^^^^^^^^^^^^^^^^^^^^^^^^^^^^^^^^^^^^^^^^^^^^^^^^^^^^^^^^^^^^^^^^
  4 | import { SiteFooter } from "@/components/site-footer";
  5 | import { CoffeeSupportCard } from "@/components/coffee-support-card";
  6 |

Import map: aliased to relative './components/cosma/playground' inside of [project]/

https://nextjs.org/docs/messages/module-not-found @ http://localhost:4200/_next/static/chunks/0aus_next_dist_00tg.dm._.js:1945
[   24418ms] [ERROR] ./app/cosma/page.tsx:3:1
Module not found: Can't resolve '@/components/cosma/playground'
  1 | import type { Metadata } from "next";
  2 | import { Navigation } from "@/components/navigation";
> 3 | import { CosmaPlayground } from "@/components/cosma/playground";
    | ^^^^^^^^^^^^^^^^^^^^^^^^^^^^^^^^^^^^^^^^^^^^^^^^^^^^^^^^^^^^^^^^
  4 | import { SiteFooter } from "@/components/site-footer";
  5 | import { CoffeeSupportCard } from "@/components/coffee-support-card";
  6 |

Import map: aliased to relative './components/cosma/playground' inside of [project]/

https://nextjs.org/docs/messages/module-not-found @ http://localhost:4200/_next/static/chunks/0aus_next_dist_00tg.dm._.js:1945
[   24481ms] [ERROR] ./app/cosma/page.tsx:3:1
Module not found: Can't resolve '@/components/cosma/playground'
  1 | import type { Metadata } from "next";
  2 | import { Navigation } from "@/components/navigation";
> 3 | import { CosmaPlayground } from "@/components/cosma/playground";
    | ^^^^^^^^^^^^^^^^^^^^^^^^^^^^^^^^^^^^^^^^^^^^^^^^^^^^^^^^^^^^^^^^
  4 | import { SiteFooter } from "@/components/site-footer";
  5 | import { CoffeeSupportCard } from "@/components/coffee-support-card";
  6 |

Import map: aliased to relative './components/cosma/playground' inside of [project]/

https://nextjs.org/docs/messages/module-not-found @ http://localhost:4200/_next/static/chunks/0aus_next_dist_00tg.dm._.js:1945
[   24543ms] [ERROR] ./app/cosma/page.tsx:3:1
Module not found: Can't resolve '@/components/cosma/playground'
  1 | import type { Metadata } from "next";
  2 | import { Navigation } from "@/components/navigation";
> 3 | import { CosmaPlayground } from "@/components/cosma/playground";
    | ^^^^^^^^^^^^^^^^^^^^^^^^^^^^^^^^^^^^^^^^^^^^^^^^^^^^^^^^^^^^^^^^
  4 | import { SiteFooter } from "@/components/site-footer";
  5 | import { CoffeeSupportCard } from "@/components/coffee-support-card";
  6 |

Import map: aliased to relative './components/cosma/playground' inside of [project]/

https://nextjs.org/docs/messages/module-not-found @ http://localhost:4200/_next/static/chunks/0aus_next_dist_00tg.dm._.js:1945
[   24602ms] [ERROR] ./app/cosma/page.tsx:3:1
Module not found: Can't resolve '@/components/cosma/playground'
  1 | import type { Metadata } from "next";
  2 | import { Navigation } from "@/components/navigation";
> 3 | import { CosmaPlayground } from "@/components/cosma/playground";
    | ^^^^^^^^^^^^^^^^^^^^^^^^^^^^^^^^^^^^^^^^^^^^^^^^^^^^^^^^^^^^^^^^
  4 | import { SiteFooter } from "@/components/site-footer";
  5 | import { CoffeeSupportCard } from "@/components/coffee-support-card";
  6 |

Import map: aliased to relative './components/cosma/playground' inside of [project]/

https://nextjs.org/docs/messages/module-not-found @ http://localhost:4200/_next/static/chunks/0aus_next_dist_00tg.dm._.js:1945
[   24665ms] [ERROR] ./app/cosma/page.tsx:3:1
Module not found: Can't resolve '@/components/cosma/playground'
  1 | import type { Metadata } from "next";
  2 | import { Navigation } from "@/components/navigation";
> 3 | import { CosmaPlayground } from "@/components/cosma/playground";
    | ^^^^^^^^^^^^^^^^^^^^^^^^^^^^^^^^^^^^^^^^^^^^^^^^^^^^^^^^^^^^^^^^
  4 | import { SiteFooter } from "@/components/site-footer";
  5 | import { CoffeeSupportCard } from "@/components/coffee-support-card";
  6 |

Import map: aliased to relative './components/cosma/playground' inside of [project]/

https://nextjs.org/docs/messages/module-not-found @ http://localhost:4200/_next/static/chunks/0aus_next_dist_00tg.dm._.js:1945
[   24727ms] [ERROR] ./app/cosma/page.tsx:3:1
Module not found: Can't resolve '@/components/cosma/playground'
  1 | import type { Metadata } from "next";
  2 | import { Navigation } from "@/components/navigation";
> 3 | import { CosmaPlayground } from "@/components/cosma/playground";
    | ^^^^^^^^^^^^^^^^^^^^^^^^^^^^^^^^^^^^^^^^^^^^^^^^^^^^^^^^^^^^^^^^
  4 | import { SiteFooter } from "@/components/site-footer";
  5 | import { CoffeeSupportCard } from "@/components/coffee-support-card";
  6 |

Import map: aliased to relative './components/cosma/playground' inside of [project]/

https://nextjs.org/docs/messages/module-not-found @ http://localhost:4200/_next/static/chunks/0aus_next_dist_00tg.dm._.js:1945
[   24789ms] [ERROR] ./app/cosma/page.tsx:3:1
Module not found: Can't resolve '@/components/cosma/playground'
  1 | import type { Metadata } from "next";
  2 | import { Navigation } from "@/components/navigation";
> 3 | import { CosmaPlayground } from "@/components/cosma/playground";
    | ^^^^^^^^^^^^^^^^^^^^^^^^^^^^^^^^^^^^^^^^^^^^^^^^^^^^^^^^^^^^^^^^
  4 | import { SiteFooter } from "@/components/site-footer";
  5 | import { CoffeeSupportCard } from "@/components/coffee-support-card";
  6 |

Import map: aliased to relative './components/cosma/playground' inside of [project]/

https://nextjs.org/docs/messages/module-not-found @ http://localhost:4200/_next/static/chunks/0aus_next_dist_00tg.dm._.js:1945
[   24851ms] [ERROR] ./app/cosma/page.tsx:3:1
Module not found: Can't resolve '@/components/cosma/playground'
  1 | import type { Metadata } from "next";
  2 | import { Navigation } from "@/components/navigation";
> 3 | import { CosmaPlayground } from "@/components/cosma/playground";
    | ^^^^^^^^^^^^^^^^^^^^^^^^^^^^^^^^^^^^^^^^^^^^^^^^^^^^^^^^^^^^^^^^
  4 | import { SiteFooter } from "@/components/site-footer";
  5 | import { CoffeeSupportCard } from "@/components/coffee-support-card";
  6 |

Import map: aliased to relative './components/cosma/playground' inside of [project]/

https://nextjs.org/docs/messages/module-not-found @ http://localhost:4200/_next/static/chunks/0aus_next_dist_00tg.dm._.js:1945
[   24915ms] [ERROR] ./app/cosma/page.tsx:3:1
Module not found: Can't resolve '@/components/cosma/playground'
  1 | import type { Metadata } from "next";
  2 | import { Navigation } from "@/components/navigation";
> 3 | import { CosmaPlayground } from "@/components/cosma/playground";
    | ^^^^^^^^^^^^^^^^^^^^^^^^^^^^^^^^^^^^^^^^^^^^^^^^^^^^^^^^^^^^^^^^
  4 | import { SiteFooter } from "@/components/site-footer";
  5 | import { CoffeeSupportCard } from "@/components/coffee-support-card";
  6 |

Import map: aliased to relative './components/cosma/playground' inside of [project]/

https://nextjs.org/docs/messages/module-not-found @ http://localhost:4200/_next/static/chunks/0aus_next_dist_00tg.dm._.js:1945
[   24978ms] [ERROR] ./app/cosma/page.tsx:3:1
Module not found: Can't resolve '@/components/cosma/playground'
  1 | import type { Metadata } from "next";
  2 | import { Navigation } from "@/components/navigation";
> 3 | import { CosmaPlayground } from "@/components/cosma/playground";
    | ^^^^^^^^^^^^^^^^^^^^^^^^^^^^^^^^^^^^^^^^^^^^^^^^^^^^^^^^^^^^^^^^
  4 | import { SiteFooter } from "@/components/site-footer";
  5 | import { CoffeeSupportCard } from "@/components/coffee-support-card";
  6 |

Import map: aliased to relative './components/cosma/playground' inside of [project]/

https://nextjs.org/docs/messages/module-not-found @ http://localhost:4200/_next/static/chunks/0aus_next_dist_00tg.dm._.js:1945
[   25039ms] [ERROR] ./app/cosma/page.tsx:3:1
Module not found: Can't resolve '@/components/cosma/playground'
  1 | import type { Metadata } from "next";
  2 | import { Navigation } from "@/components/navigation";
> 3 | import { CosmaPlayground } from "@/components/cosma/playground";
    | ^^^^^^^^^^^^^^^^^^^^^^^^^^^^^^^^^^^^^^^^^^^^^^^^^^^^^^^^^^^^^^^^
  4 | import { SiteFooter } from "@/components/site-footer";
  5 | import { CoffeeSupportCard } from "@/components/coffee-support-card";
  6 |

Import map: aliased to relative './components/cosma/playground' inside of [project]/

https://nextjs.org/docs/messages/module-not-found @ http://localhost:4200/_next/static/chunks/0aus_next_dist_00tg.dm._.js:1945
[   25102ms] [ERROR] ./app/cosma/page.tsx:3:1
Module not found: Can't resolve '@/components/cosma/playground'
  1 | import type { Metadata } from "next";
  2 | import { Navigation } from "@/components/navigation";
> 3 | import { CosmaPlayground } from "@/components/cosma/playground";
    | ^^^^^^^^^^^^^^^^^^^^^^^^^^^^^^^^^^^^^^^^^^^^^^^^^^^^^^^^^^^^^^^^
  4 | import { SiteFooter } from "@/components/site-footer";
  5 | import { CoffeeSupportCard } from "@/components/coffee-support-card";
  6 |

Import map: aliased to relative './components/cosma/playground' inside of [project]/

https://nextjs.org/docs/messages/module-not-found @ http://localhost:4200/_next/static/chunks/0aus_next_dist_00tg.dm._.js:1945
[   25164ms] [ERROR] ./app/cosma/page.tsx:3:1
Module not found: Can't resolve '@/components/cosma/playground'
  1 | import type { Metadata } from "next";
  2 | import { Navigation } from "@/components/navigation";
> 3 | import { CosmaPlayground } from "@/components/cosma/playground";
    | ^^^^^^^^^^^^^^^^^^^^^^^^^^^^^^^^^^^^^^^^^^^^^^^^^^^^^^^^^^^^^^^^
  4 | import { SiteFooter } from "@/components/site-footer";
  5 | import { CoffeeSupportCard } from "@/components/coffee-support-card";
  6 |

Import map: aliased to relative './components/cosma/playground' inside of [project]/

https://nextjs.org/docs/messages/module-not-found @ http://localhost:4200/_next/static/chunks/0aus_next_dist_00tg.dm._.js:1945
[   25226ms] [ERROR] ./app/cosma/page.tsx:3:1
Module not found: Can't resolve '@/components/cosma/playground'
  1 | import type { Metadata } from "next";
  2 | import { Navigation } from "@/components/navigation";
> 3 | import { CosmaPlayground } from "@/components/cosma/playground";
    | ^^^^^^^^^^^^^^^^^^^^^^^^^^^^^^^^^^^^^^^^^^^^^^^^^^^^^^^^^^^^^^^^
  4 | import { SiteFooter } from "@/components/site-footer";
  5 | import { CoffeeSupportCard } from "@/components/coffee-support-card";
  6 |

Import map: aliased to relative './components/cosma/playground' inside of [project]/

https://nextjs.org/docs/messages/module-not-found @ http://localhost:4200/_next/static/chunks/0aus_next_dist_00tg.dm._.js:1945
[   25288ms] [ERROR] ./app/cosma/page.tsx:3:1
Module not found: Can't resolve '@/components/cosma/playground'
  1 | import type { Metadata } from "next";
  2 | import { Navigation } from "@/components/navigation";
> 3 | import { CosmaPlayground } from "@/components/cosma/playground";
    | ^^^^^^^^^^^^^^^^^^^^^^^^^^^^^^^^^^^^^^^^^^^^^^^^^^^^^^^^^^^^^^^^
  4 | import { SiteFooter } from "@/components/site-footer";
  5 | import { CoffeeSupportCard } from "@/components/coffee-support-card";
  6 |

Import map: aliased to relative './components/cosma/playground' inside of [project]/

https://nextjs.org/docs/messages/module-not-found @ http://localhost:4200/_next/static/chunks/0aus_next_dist_00tg.dm._.js:1945
[   25349ms] [ERROR] ./app/cosma/page.tsx:3:1
Module not found: Can't resolve '@/components/cosma/playground'
  1 | import type { Metadata } from "next";
  2 | import { Navigation } from "@/components/navigation";
> 3 | import { CosmaPlayground } from "@/components/cosma/playground";
    | ^^^^^^^^^^^^^^^^^^^^^^^^^^^^^^^^^^^^^^^^^^^^^^^^^^^^^^^^^^^^^^^^
  4 | import { SiteFooter } from "@/components/site-footer";
  5 | import { CoffeeSupportCard } from "@/components/coffee-support-card";
  6 |

Import map: aliased to relative './components/cosma/playground' inside of [project]/

https://nextjs.org/docs/messages/module-not-found @ http://localhost:4200/_next/static/chunks/0aus_next_dist_00tg.dm._.js:1945
[   25412ms] [ERROR] ./app/cosma/page.tsx:3:1
Module not found: Can't resolve '@/components/cosma/playground'
  1 | import type { Metadata } from "next";
  2 | import { Navigation } from "@/components/navigation";
> 3 | import { CosmaPlayground } from "@/components/cosma/playground";
    | ^^^^^^^^^^^^^^^^^^^^^^^^^^^^^^^^^^^^^^^^^^^^^^^^^^^^^^^^^^^^^^^^
  4 | import { SiteFooter } from "@/components/site-footer";
  5 | import { CoffeeSupportCard } from "@/components/coffee-support-card";
  6 |

Import map: aliased to relative './components/cosma/playground' inside of [project]/

https://nextjs.org/docs/messages/module-not-found @ http://localhost:4200/_next/static/chunks/0aus_next_dist_00tg.dm._.js:1945
[   25476ms] [ERROR] ./app/cosma/page.tsx:3:1
Module not found: Can't resolve '@/components/cosma/playground'
  1 | import type { Metadata } from "next";
  2 | import { Navigation } from "@/components/navigation";
> 3 | import { CosmaPlayground } from "@/components/cosma/playground";
    | ^^^^^^^^^^^^^^^^^^^^^^^^^^^^^^^^^^^^^^^^^^^^^^^^^^^^^^^^^^^^^^^^
  4 | import { SiteFooter } from "@/components/site-footer";
  5 | import { CoffeeSupportCard } from "@/components/coffee-support-card";
  6 |

Import map: aliased to relative './components/cosma/playground' inside of [project]/

https://nextjs.org/docs/messages/module-not-found @ http://localhost:4200/_next/static/chunks/0aus_next_dist_00tg.dm._.js:1945
[   25541ms] [ERROR] ./app/cosma/page.tsx:3:1
Module not found: Can't resolve '@/components/cosma/playground'
  1 | import type { Metadata } from "next";
  2 | import { Navigation } from "@/components/navigation";
> 3 | import { CosmaPlayground } from "@/components/cosma/playground";
    | ^^^^^^^^^^^^^^^^^^^^^^^^^^^^^^^^^^^^^^^^^^^^^^^^^^^^^^^^^^^^^^^^
  4 | import { SiteFooter } from "@/components/site-footer";
  5 | import { CoffeeSupportCard } from "@/components/coffee-support-card";
  6 |

Import map: aliased to relative './components/cosma/playground' inside of [project]/

https://nextjs.org/docs/messages/module-not-found @ http://localhost:4200/_next/static/chunks/0aus_next_dist_00tg.dm._.js:1945
[   25603ms] [LOG] [Fast Refresh] rebuilding @ http://localhost:4200/_next/static/chunks/0aus_next_dist_00tg.dm._.js:1226
[   25678ms] [ERROR] ./app/cosma/page.tsx:3:1
Module not found: Can't resolve '@/components/cosma/playground'
  1 | import type { Metadata } from "next";
  2 | import { Navigation } from "@/components/navigation";
> 3 | import { CosmaPlayground } from "@/components/cosma/playground";
    | ^^^^^^^^^^^^^^^^^^^^^^^^^^^^^^^^^^^^^^^^^^^^^^^^^^^^^^^^^^^^^^^^
  4 | import { SiteFooter } from "@/components/site-footer";
  5 | import { CoffeeSupportCard } from "@/components/coffee-support-card";
  6 |

Import map: aliased to relative './components/cosma/playground' inside of [project]/

https://nextjs.org/docs/messages/module-not-found @ http://localhost:4200/_next/static/chunks/0aus_next_dist_00tg.dm._.js:1945
[   25739ms] [ERROR] ./app/cosma/page.tsx:3:1
Module not found: Can't resolve '@/components/cosma/playground'
  1 | import type { Metadata } from "next";
  2 | import { Navigation } from "@/components/navigation";
> 3 | import { CosmaPlayground } from "@/components/cosma/playground";
    | ^^^^^^^^^^^^^^^^^^^^^^^^^^^^^^^^^^^^^^^^^^^^^^^^^^^^^^^^^^^^^^^^
  4 | import { SiteFooter } from "@/components/site-footer";
  5 | import { CoffeeSupportCard } from "@/components/coffee-support-card";
  6 |

Import map: aliased to relative './components/cosma/playground' inside of [project]/

https://nextjs.org/docs/messages/module-not-found @ http://localhost:4200/_next/static/chunks/0aus_next_dist_00tg.dm._.js:1945
[   25801ms] [ERROR] ./app/cosma/page.tsx:3:1
Module not found: Can't resolve '@/components/cosma/playground'
  1 | import type { Metadata } from "next";
  2 | import { Navigation } from "@/components/navigation";
> 3 | import { CosmaPlayground } from "@/components/cosma/playground";
    | ^^^^^^^^^^^^^^^^^^^^^^^^^^^^^^^^^^^^^^^^^^^^^^^^^^^^^^^^^^^^^^^^
  4 | import { SiteFooter } from "@/components/site-footer";
  5 | import { CoffeeSupportCard } from "@/components/coffee-support-card";
  6 |

Import map: aliased to relative './components/cosma/playground' inside of [project]/

https://nextjs.org/docs/messages/module-not-found @ http://localhost:4200/_next/static/chunks/0aus_next_dist_00tg.dm._.js:1945
[   25864ms] [ERROR] ./app/cosma/page.tsx:3:1
Module not found: Can't resolve '@/components/cosma/playground'
  1 | import type { Metadata } from "next";
  2 | import { Navigation } from "@/components/navigation";
> 3 | import { CosmaPlayground } from "@/components/cosma/playground";
    | ^^^^^^^^^^^^^^^^^^^^^^^^^^^^^^^^^^^^^^^^^^^^^^^^^^^^^^^^^^^^^^^^
  4 | import { SiteFooter } from "@/components/site-footer";
  5 | import { CoffeeSupportCard } from "@/components/coffee-support-card";
  6 |

Import map: aliased to relative './components/cosma/playground' inside of [project]/

https://nextjs.org/docs/messages/module-not-found @ http://localhost:4200/_next/static/chunks/0aus_next_dist_00tg.dm._.js:1945
[   25928ms] [ERROR] ./app/cosma/page.tsx:3:1
Module not found: Can't resolve '@/components/cosma/playground'
  1 | import type { Metadata } from "next";
  2 | import { Navigation } from "@/components/navigation";
> 3 | import { CosmaPlayground } from "@/components/cosma/playground";
    | ^^^^^^^^^^^^^^^^^^^^^^^^^^^^^^^^^^^^^^^^^^^^^^^^^^^^^^^^^^^^^^^^
  4 | import { SiteFooter } from "@/components/site-footer";
  5 | import { CoffeeSupportCard } from "@/components/coffee-support-card";
  6 |

Import map: aliased to relative './components/cosma/playground' inside of [project]/

https://nextjs.org/docs/messages/module-not-found @ http://localhost:4200/_next/static/chunks/0aus_next_dist_00tg.dm._.js:1945
[   25992ms] [ERROR] ./app/cosma/page.tsx:3:1
Module not found: Can't resolve '@/components/cosma/playground'
  1 | import type { Metadata } from "next";
  2 | import { Navigation } from "@/components/navigation";
> 3 | import { CosmaPlayground } from "@/components/cosma/playground";
    | ^^^^^^^^^^^^^^^^^^^^^^^^^^^^^^^^^^^^^^^^^^^^^^^^^^^^^^^^^^^^^^^^
  4 | import { SiteFooter } from "@/components/site-footer";
  5 | import { CoffeeSupportCard } from "@/components/coffee-support-card";
  6 |

Import map: aliased to relative './components/cosma/playground' inside of [project]/

https://nextjs.org/docs/messages/module-not-found @ http://localhost:4200/_next/static/chunks/0aus_next_dist_00tg.dm._.js:1945
[   26055ms] [ERROR] ./app/cosma/page.tsx:3:1
Module not found: Can't resolve '@/components/cosma/playground'
  1 | import type { Metadata } from "next";
  2 | import { Navigation } from "@/components/navigation";
> 3 | import { CosmaPlayground } from "@/components/cosma/playground";
    | ^^^^^^^^^^^^^^^^^^^^^^^^^^^^^^^^^^^^^^^^^^^^^^^^^^^^^^^^^^^^^^^^
  4 | import { SiteFooter } from "@/components/site-footer";
  5 | import { CoffeeSupportCard } from "@/components/coffee-support-card";
  6 |

Import map: aliased to relative './components/cosma/playground' inside of [project]/

https://nextjs.org/docs/messages/module-not-found @ http://localhost:4200/_next/static/chunks/0aus_next_dist_00tg.dm._.js:1945
[   26120ms] [ERROR] ./app/cosma/page.tsx:3:1
Module not found: Can't resolve '@/components/cosma/playground'
  1 | import type { Metadata } from "next";
  2 | import { Navigation } from "@/components/navigation";
> 3 | import { CosmaPlayground } from "@/components/cosma/playground";
    | ^^^^^^^^^^^^^^^^^^^^^^^^^^^^^^^^^^^^^^^^^^^^^^^^^^^^^^^^^^^^^^^^
  4 | import { SiteFooter } from "@/components/site-footer";
  5 | import { CoffeeSupportCard } from "@/components/coffee-support-card";
  6 |

Import map: aliased to relative './components/cosma/playground' inside of [project]/

https://nextjs.org/docs/messages/module-not-found @ http://localhost:4200/_next/static/chunks/0aus_next_dist_00tg.dm._.js:1945
[   26200ms] [ERROR] ./app/cosma/page.tsx:3:1
Module not found: Can't resolve '@/components/cosma/playground'
  1 | import type { Metadata } from "next";
  2 | import { Navigation } from "@/components/navigation";
> 3 | import { CosmaPlayground } from "@/components/cosma/playground";
    | ^^^^^^^^^^^^^^^^^^^^^^^^^^^^^^^^^^^^^^^^^^^^^^^^^^^^^^^^^^^^^^^^
  4 | import { SiteFooter } from "@/components/site-footer";
  5 | import { CoffeeSupportCard } from "@/components/coffee-support-card";
  6 |

Import map: aliased to relative './components/cosma/playground' inside of [project]/

https://nextjs.org/docs/messages/module-not-found @ http://localhost:4200/_next/static/chunks/0aus_next_dist_00tg.dm._.js:1945
[   26252ms] [LOG] [Fast Refresh] rebuilding @ http://localhost:4200/_next/static/chunks/0aus_next_dist_00tg.dm._.js:1226
[   26272ms] [ERROR] ./app/cosma/page.tsx:3:1
Module not found: Can't resolve '@/components/cosma/playground'
  1 | import type { Metadata } from "next";
  2 | import { Navigation } from "@/components/navigation";
> 3 | import { CosmaPlayground } from "@/components/cosma/playground";
    | ^^^^^^^^^^^^^^^^^^^^^^^^^^^^^^^^^^^^^^^^^^^^^^^^^^^^^^^^^^^^^^^^
  4 | import { SiteFooter } from "@/components/site-footer";
  5 | import { CoffeeSupportCard } from "@/components/coffee-support-card";
  6 |

Import map: aliased to relative './components/cosma/playground' inside of [project]/

https://nextjs.org/docs/messages/module-not-found @ http://localhost:4200/_next/static/chunks/0aus_next_dist_00tg.dm._.js:1945
[   26327ms] [ERROR] ./app/cosma/page.tsx:3:1
Module not found: Can't resolve '@/components/cosma/playground'
  1 | import type { Metadata } from "next";
  2 | import { Navigation } from "@/components/navigation";
> 3 | import { CosmaPlayground } from "@/components/cosma/playground";
    | ^^^^^^^^^^^^^^^^^^^^^^^^^^^^^^^^^^^^^^^^^^^^^^^^^^^^^^^^^^^^^^^^
  4 | import { SiteFooter } from "@/components/site-footer";
  5 | import { CoffeeSupportCard } from "@/components/coffee-support-card";
  6 |

Import map: aliased to relative './components/cosma/playground' inside of [project]/

https://nextjs.org/docs/messages/module-not-found @ http://localhost:4200/_next/static/chunks/0aus_next_dist_00tg.dm._.js:1945
[   26381ms] [ERROR] ./app/cosma/page.tsx:3:1
Module not found: Can't resolve '@/components/cosma/playground'
  1 | import type { Metadata } from "next";
  2 | import { Navigation } from "@/components/navigation";
> 3 | import { CosmaPlayground } from "@/components/cosma/playground";
    | ^^^^^^^^^^^^^^^^^^^^^^^^^^^^^^^^^^^^^^^^^^^^^^^^^^^^^^^^^^^^^^^^
  4 | import { SiteFooter } from "@/components/site-footer";
  5 | import { CoffeeSupportCard } from "@/components/coffee-support-card";
  6 |

Import map: aliased to relative './components/cosma/playground' inside of [project]/

https://nextjs.org/docs/messages/module-not-found @ http://localhost:4200/_next/static/chunks/0aus_next_dist_00tg.dm._.js:1945
[   26445ms] [ERROR] ./app/cosma/page.tsx:3:1
Module not found: Can't resolve '@/components/cosma/playground'
  1 | import type { Metadata } from "next";
  2 | import { Navigation } from "@/components/navigation";
> 3 | import { CosmaPlayground } from "@/components/cosma/playground";
    | ^^^^^^^^^^^^^^^^^^^^^^^^^^^^^^^^^^^^^^^^^^^^^^^^^^^^^^^^^^^^^^^^
  4 | import { SiteFooter } from "@/components/site-footer";
  5 | import { CoffeeSupportCard } from "@/components/coffee-support-card";
  6 |

Import map: aliased to relative './components/cosma/playground' inside of [project]/

https://nextjs.org/docs/messages/module-not-found @ http://localhost:4200/_next/static/chunks/0aus_next_dist_00tg.dm._.js:1945
[   26508ms] [ERROR] ./app/cosma/page.tsx:3:1
Module not found: Can't resolve '@/components/cosma/playground'
  1 | import type { Metadata } from "next";
  2 | import { Navigation } from "@/components/navigation";
> 3 | import { CosmaPlayground } from "@/components/cosma/playground";
    | ^^^^^^^^^^^^^^^^^^^^^^^^^^^^^^^^^^^^^^^^^^^^^^^^^^^^^^^^^^^^^^^^
  4 | import { SiteFooter } from "@/components/site-footer";
  5 | import { CoffeeSupportCard } from "@/components/coffee-support-card";
  6 |

Import map: aliased to relative './components/cosma/playground' inside of [project]/

https://nextjs.org/docs/messages/module-not-found @ http://localhost:4200/_next/static/chunks/0aus_next_dist_00tg.dm._.js:1945
[   26572ms] [ERROR] ./app/cosma/page.tsx:3:1
Module not found: Can't resolve '@/components/cosma/playground'
  1 | import type { Metadata } from "next";
  2 | import { Navigation } from "@/components/navigation";
> 3 | import { CosmaPlayground } from "@/components/cosma/playground";
    | ^^^^^^^^^^^^^^^^^^^^^^^^^^^^^^^^^^^^^^^^^^^^^^^^^^^^^^^^^^^^^^^^
  4 | import { SiteFooter } from "@/components/site-footer";
  5 | import { CoffeeSupportCard } from "@/components/coffee-support-card";
  6 |

Import map: aliased to relative './components/cosma/playground' inside of [project]/

https://nextjs.org/docs/messages/module-not-found @ http://localhost:4200/_next/static/chunks/0aus_next_dist_00tg.dm._.js:1945
[   26646ms] [ERROR] ./app/cosma/page.tsx:3:1
Module not found: Can't resolve '@/components/cosma/playground'
  1 | import type { Metadata } from "next";
  2 | import { Navigation } from "@/components/navigation";
> 3 | import { CosmaPlayground } from "@/components/cosma/playground";
    | ^^^^^^^^^^^^^^^^^^^^^^^^^^^^^^^^^^^^^^^^^^^^^^^^^^^^^^^^^^^^^^^^
  4 | import { SiteFooter } from "@/components/site-footer";
  5 | import { CoffeeSupportCard } from "@/components/coffee-support-card";
  6 |

Import map: aliased to relative './components/cosma/playground' inside of [project]/

https://nextjs.org/docs/messages/module-not-found @ http://localhost:4200/_next/static/chunks/0aus_next_dist_00tg.dm._.js:1945
[   26709ms] [ERROR] ./app/cosma/page.tsx:3:1
Module not found: Can't resolve '@/components/cosma/playground'
  1 | import type { Metadata } from "next";
  2 | import { Navigation } from "@/components/navigation";
> 3 | import { CosmaPlayground } from "@/components/cosma/playground";
    | ^^^^^^^^^^^^^^^^^^^^^^^^^^^^^^^^^^^^^^^^^^^^^^^^^^^^^^^^^^^^^^^^
  4 | import { SiteFooter } from "@/components/site-footer";
  5 | import { CoffeeSupportCard } from "@/components/coffee-support-card";
  6 |

Import map: aliased to relative './components/cosma/playground' inside of [project]/

https://nextjs.org/docs/messages/module-not-found @ http://localhost:4200/_next/static/chunks/0aus_next_dist_00tg.dm._.js:1945
[   26766ms] [ERROR] ./app/cosma/page.tsx:3:1
Module not found: Can't resolve '@/components/cosma/playground'
  1 | import type { Metadata } from "next";
  2 | import { Navigation } from "@/components/navigation";
> 3 | import { CosmaPlayground } from "@/components/cosma/playground";
    | ^^^^^^^^^^^^^^^^^^^^^^^^^^^^^^^^^^^^^^^^^^^^^^^^^^^^^^^^^^^^^^^^
  4 | import { SiteFooter } from "@/components/site-footer";
  5 | import { CoffeeSupportCard } from "@/components/coffee-support-card";
  6 |

Import map: aliased to relative './components/cosma/playground' inside of [project]/

https://nextjs.org/docs/messages/module-not-found @ http://localhost:4200/_next/static/chunks/0aus_next_dist_00tg.dm._.js:1945
[   26828ms] [ERROR] ./app/cosma/page.tsx:3:1
Module not found: Can't resolve '@/components/cosma/playground'
  1 | import type { Metadata } from "next";
  2 | import { Navigation } from "@/components/navigation";
> 3 | import { CosmaPlayground } from "@/components/cosma/playground";
    | ^^^^^^^^^^^^^^^^^^^^^^^^^^^^^^^^^^^^^^^^^^^^^^^^^^^^^^^^^^^^^^^^
  4 | import { SiteFooter } from "@/components/site-footer";
  5 | import { CoffeeSupportCard } from "@/components/coffee-support-card";
  6 |

Import map: aliased to relative './components/cosma/playground' inside of [project]/

https://nextjs.org/docs/messages/module-not-found @ http://localhost:4200/_next/static/chunks/0aus_next_dist_00tg.dm._.js:1945
[   26895ms] [ERROR] ./app/cosma/page.tsx:3:1
Module not found: Can't resolve '@/components/cosma/playground'
  1 | import type { Metadata } from "next";
  2 | import { Navigation } from "@/components/navigation";
> 3 | import { CosmaPlayground } from "@/components/cosma/playground";
    | ^^^^^^^^^^^^^^^^^^^^^^^^^^^^^^^^^^^^^^^^^^^^^^^^^^^^^^^^^^^^^^^^
  4 | import { SiteFooter } from "@/components/site-footer";
  5 | import { CoffeeSupportCard } from "@/components/coffee-support-card";
  6 |

Import map: aliased to relative './components/cosma/playground' inside of [project]/

https://nextjs.org/docs/messages/module-not-found @ http://localhost:4200/_next/static/chunks/0aus_next_dist_00tg.dm._.js:1945
[   26963ms] [ERROR] ./app/cosma/page.tsx:3:1
Module not found: Can't resolve '@/components/cosma/playground'
  1 | import type { Metadata } from "next";
  2 | import { Navigation } from "@/components/navigation";
> 3 | import { CosmaPlayground } from "@/components/cosma/playground";
    | ^^^^^^^^^^^^^^^^^^^^^^^^^^^^^^^^^^^^^^^^^^^^^^^^^^^^^^^^^^^^^^^^
  4 | import { SiteFooter } from "@/components/site-footer";
  5 | import { CoffeeSupportCard } from "@/components/coffee-support-card";
  6 |

Import map: aliased to relative './components/cosma/playground' inside of [project]/

https://nextjs.org/docs/messages/module-not-found @ http://localhost:4200/_next/static/chunks/0aus_next_dist_00tg.dm._.js:1945
[   27024ms] [ERROR] ./app/cosma/page.tsx:3:1
Module not found: Can't resolve '@/components/cosma/playground'
  1 | import type { Metadata } from "next";
  2 | import { Navigation } from "@/components/navigation";
> 3 | import { CosmaPlayground } from "@/components/cosma/playground";
    | ^^^^^^^^^^^^^^^^^^^^^^^^^^^^^^^^^^^^^^^^^^^^^^^^^^^^^^^^^^^^^^^^
  4 | import { SiteFooter } from "@/components/site-footer";
  5 | import { CoffeeSupportCard } from "@/components/coffee-support-card";
  6 |

Import map: aliased to relative './components/cosma/playground' inside of [project]/

https://nextjs.org/docs/messages/module-not-found @ http://localhost:4200/_next/static/chunks/0aus_next_dist_00tg.dm._.js:1945
[   27086ms] [ERROR] ./app/cosma/page.tsx:3:1
Module not found: Can't resolve '@/components/cosma/playground'
  1 | import type { Metadata } from "next";
  2 | import { Navigation } from "@/components/navigation";
> 3 | import { CosmaPlayground } from "@/components/cosma/playground";
    | ^^^^^^^^^^^^^^^^^^^^^^^^^^^^^^^^^^^^^^^^^^^^^^^^^^^^^^^^^^^^^^^^
  4 | import { SiteFooter } from "@/components/site-footer";
  5 | import { CoffeeSupportCard } from "@/components/coffee-support-card";
  6 |

Import map: aliased to relative './components/cosma/playground' inside of [project]/

https://nextjs.org/docs/messages/module-not-found @ http://localhost:4200/_next/static/chunks/0aus_next_dist_00tg.dm._.js:1945
[   27148ms] [ERROR] ./app/cosma/page.tsx:3:1
Module not found: Can't resolve '@/components/cosma/playground'
  1 | import type { Metadata } from "next";
  2 | import { Navigation } from "@/components/navigation";
> 3 | import { CosmaPlayground } from "@/components/cosma/playground";
    | ^^^^^^^^^^^^^^^^^^^^^^^^^^^^^^^^^^^^^^^^^^^^^^^^^^^^^^^^^^^^^^^^
  4 | import { SiteFooter } from "@/components/site-footer";
  5 | import { CoffeeSupportCard } from "@/components/coffee-support-card";
  6 |

Import map: aliased to relative './components/cosma/playground' inside of [project]/

https://nextjs.org/docs/messages/module-not-found @ http://localhost:4200/_next/static/chunks/0aus_next_dist_00tg.dm._.js:1945
[   27214ms] [ERROR] ./app/cosma/page.tsx:3:1
Module not found: Can't resolve '@/components/cosma/playground'
  1 | import type { Metadata } from "next";
  2 | import { Navigation } from "@/components/navigation";
> 3 | import { CosmaPlayground } from "@/components/cosma/playground";
    | ^^^^^^^^^^^^^^^^^^^^^^^^^^^^^^^^^^^^^^^^^^^^^^^^^^^^^^^^^^^^^^^^
  4 | import { SiteFooter } from "@/components/site-footer";
  5 | import { CoffeeSupportCard } from "@/components/coffee-support-card";
  6 |

Import map: aliased to relative './components/cosma/playground' inside of [project]/

https://nextjs.org/docs/messages/module-not-found @ http://localhost:4200/_next/static/chunks/0aus_next_dist_00tg.dm._.js:1945
[   27278ms] [ERROR] ./app/cosma/page.tsx:3:1
Module not found: Can't resolve '@/components/cosma/playground'
  1 | import type { Metadata } from "next";
  2 | import { Navigation } from "@/components/navigation";
> 3 | import { CosmaPlayground } from "@/components/cosma/playground";
    | ^^^^^^^^^^^^^^^^^^^^^^^^^^^^^^^^^^^^^^^^^^^^^^^^^^^^^^^^^^^^^^^^
  4 | import { SiteFooter } from "@/components/site-footer";
  5 | import { CoffeeSupportCard } from "@/components/coffee-support-card";
  6 |

Import map: aliased to relative './components/cosma/playground' inside of [project]/

https://nextjs.org/docs/messages/module-not-found @ http://localhost:4200/_next/static/chunks/0aus_next_dist_00tg.dm._.js:1945
[   27352ms] [ERROR] ./app/cosma/page.tsx:3:1
Module not found: Can't resolve '@/components/cosma/playground'
  1 | import type { Metadata } from "next";
  2 | import { Navigation } from "@/components/navigation";
> 3 | import { CosmaPlayground } from "@/components/cosma/playground";
    | ^^^^^^^^^^^^^^^^^^^^^^^^^^^^^^^^^^^^^^^^^^^^^^^^^^^^^^^^^^^^^^^^
  4 | import { SiteFooter } from "@/components/site-footer";
  5 | import { CoffeeSupportCard } from "@/components/coffee-support-card";
  6 |

Import map: aliased to relative './components/cosma/playground' inside of [project]/

https://nextjs.org/docs/messages/module-not-found @ http://localhost:4200/_next/static/chunks/0aus_next_dist_00tg.dm._.js:1945
[   27415ms] [ERROR] ./app/cosma/page.tsx:3:1
Module not found: Can't resolve '@/components/cosma/playground'
  1 | import type { Metadata } from "next";
  2 | import { Navigation } from "@/components/navigation";
> 3 | import { CosmaPlayground } from "@/components/cosma/playground";
    | ^^^^^^^^^^^^^^^^^^^^^^^^^^^^^^^^^^^^^^^^^^^^^^^^^^^^^^^^^^^^^^^^
  4 | import { SiteFooter } from "@/components/site-footer";
  5 | import { CoffeeSupportCard } from "@/components/coffee-support-card";
  6 |

Import map: aliased to relative './components/cosma/playground' inside of [project]/

https://nextjs.org/docs/messages/module-not-found @ http://localhost:4200/_next/static/chunks/0aus_next_dist_00tg.dm._.js:1945
[   27481ms] [ERROR] ./app/cosma/page.tsx:3:1
Module not found: Can't resolve '@/components/cosma/playground'
  1 | import type { Metadata } from "next";
  2 | import { Navigation } from "@/components/navigation";
> 3 | import { CosmaPlayground } from "@/components/cosma/playground";
    | ^^^^^^^^^^^^^^^^^^^^^^^^^^^^^^^^^^^^^^^^^^^^^^^^^^^^^^^^^^^^^^^^
  4 | import { SiteFooter } from "@/components/site-footer";
  5 | import { CoffeeSupportCard } from "@/components/coffee-support-card";
  6 |

Import map: aliased to relative './components/cosma/playground' inside of [project]/

https://nextjs.org/docs/messages/module-not-found @ http://localhost:4200/_next/static/chunks/0aus_next_dist_00tg.dm._.js:1945
[   27542ms] [ERROR] ./app/cosma/page.tsx:3:1
Module not found: Can't resolve '@/components/cosma/playground'
  1 | import type { Metadata } from "next";
  2 | import { Navigation } from "@/components/navigation";
> 3 | import { CosmaPlayground } from "@/components/cosma/playground";
    | ^^^^^^^^^^^^^^^^^^^^^^^^^^^^^^^^^^^^^^^^^^^^^^^^^^^^^^^^^^^^^^^^
  4 | import { SiteFooter } from "@/components/site-footer";
  5 | import { CoffeeSupportCard } from "@/components/coffee-support-card";
  6 |

Import map: aliased to relative './components/cosma/playground' inside of [project]/

https://nextjs.org/docs/messages/module-not-found @ http://localhost:4200/_next/static/chunks/0aus_next_dist_00tg.dm._.js:1945
[   27604ms] [ERROR] ./app/cosma/page.tsx:3:1
Module not found: Can't resolve '@/components/cosma/playground'
  1 | import type { Metadata } from "next";
  2 | import { Navigation } from "@/components/navigation";
> 3 | import { CosmaPlayground } from "@/components/cosma/playground";
    | ^^^^^^^^^^^^^^^^^^^^^^^^^^^^^^^^^^^^^^^^^^^^^^^^^^^^^^^^^^^^^^^^
  4 | import { SiteFooter } from "@/components/site-footer";
  5 | import { CoffeeSupportCard } from "@/components/coffee-support-card";
  6 |

Import map: aliased to relative './components/cosma/playground' inside of [project]/

https://nextjs.org/docs/messages/module-not-found @ http://localhost:4200/_next/static/chunks/0aus_next_dist_00tg.dm._.js:1945
[   27667ms] [ERROR] ./app/cosma/page.tsx:3:1
Module not found: Can't resolve '@/components/cosma/playground'
  1 | import type { Metadata } from "next";
  2 | import { Navigation } from "@/components/navigation";
> 3 | import { CosmaPlayground } from "@/components/cosma/playground";
    | ^^^^^^^^^^^^^^^^^^^^^^^^^^^^^^^^^^^^^^^^^^^^^^^^^^^^^^^^^^^^^^^^
  4 | import { SiteFooter } from "@/components/site-footer";
  5 | import { CoffeeSupportCard } from "@/components/coffee-support-card";
  6 |

Import map: aliased to relative './components/cosma/playground' inside of [project]/

https://nextjs.org/docs/messages/module-not-found @ http://localhost:4200/_next/static/chunks/0aus_next_dist_00tg.dm._.js:1945
[   27730ms] [ERROR] ./app/cosma/page.tsx:3:1
Module not found: Can't resolve '@/components/cosma/playground'
  1 | import type { Metadata } from "next";
  2 | import { Navigation } from "@/components/navigation";
> 3 | import { CosmaPlayground } from "@/components/cosma/playground";
    | ^^^^^^^^^^^^^^^^^^^^^^^^^^^^^^^^^^^^^^^^^^^^^^^^^^^^^^^^^^^^^^^^
  4 | import { SiteFooter } from "@/components/site-footer";
  5 | import { CoffeeSupportCard } from "@/components/coffee-support-card";
  6 |

Import map: aliased to relative './components/cosma/playground' inside of [project]/

https://nextjs.org/docs/messages/module-not-found @ http://localhost:4200/_next/static/chunks/0aus_next_dist_00tg.dm._.js:1945
[   27790ms] [ERROR] ./app/cosma/page.tsx:3:1
Module not found: Can't resolve '@/components/cosma/playground'
  1 | import type { Metadata } from "next";
  2 | import { Navigation } from "@/components/navigation";
> 3 | import { CosmaPlayground } from "@/components/cosma/playground";
    | ^^^^^^^^^^^^^^^^^^^^^^^^^^^^^^^^^^^^^^^^^^^^^^^^^^^^^^^^^^^^^^^^
  4 | import { SiteFooter } from "@/components/site-footer";
  5 | import { CoffeeSupportCard } from "@/components/coffee-support-card";
  6 |

Import map: aliased to relative './components/cosma/playground' inside of [project]/

https://nextjs.org/docs/messages/module-not-found @ http://localhost:4200/_next/static/chunks/0aus_next_dist_00tg.dm._.js:1945
[   27852ms] [ERROR] ./app/cosma/page.tsx:3:1
Module not found: Can't resolve '@/components/cosma/playground'
  1 | import type { Metadata } from "next";
  2 | import { Navigation } from "@/components/navigation";
> 3 | import { CosmaPlayground } from "@/components/cosma/playground";
    | ^^^^^^^^^^^^^^^^^^^^^^^^^^^^^^^^^^^^^^^^^^^^^^^^^^^^^^^^^^^^^^^^
  4 | import { SiteFooter } from "@/components/site-footer";
  5 | import { CoffeeSupportCard } from "@/components/coffee-support-card";
  6 |

Import map: aliased to relative './components/cosma/playground' inside of [project]/

https://nextjs.org/docs/messages/module-not-found @ http://localhost:4200/_next/static/chunks/0aus_next_dist_00tg.dm._.js:1945
[   27914ms] [ERROR] ./app/cosma/page.tsx:3:1
Module not found: Can't resolve '@/components/cosma/playground'
  1 | import type { Metadata } from "next";
  2 | import { Navigation } from "@/components/navigation";
> 3 | import { CosmaPlayground } from "@/components/cosma/playground";
    | ^^^^^^^^^^^^^^^^^^^^^^^^^^^^^^^^^^^^^^^^^^^^^^^^^^^^^^^^^^^^^^^^
  4 | import { SiteFooter } from "@/components/site-footer";
  5 | import { CoffeeSupportCard } from "@/components/coffee-support-card";
  6 |

Import map: aliased to relative './components/cosma/playground' inside of [project]/

https://nextjs.org/docs/messages/module-not-found @ http://localhost:4200/_next/static/chunks/0aus_next_dist_00tg.dm._.js:1945
[   27977ms] [ERROR] ./app/cosma/page.tsx:3:1
Module not found: Can't resolve '@/components/cosma/playground'
  1 | import type { Metadata } from "next";
  2 | import { Navigation } from "@/components/navigation";
> 3 | import { CosmaPlayground } from "@/components/cosma/playground";
    | ^^^^^^^^^^^^^^^^^^^^^^^^^^^^^^^^^^^^^^^^^^^^^^^^^^^^^^^^^^^^^^^^
  4 | import { SiteFooter } from "@/components/site-footer";
  5 | import { CoffeeSupportCard } from "@/components/coffee-support-card";
  6 |

Import map: aliased to relative './components/cosma/playground' inside of [project]/

https://nextjs.org/docs/messages/module-not-found @ http://localhost:4200/_next/static/chunks/0aus_next_dist_00tg.dm._.js:1945
[   28072ms] [ERROR] ./app/cosma/page.tsx:3:1
Module not found: Can't resolve '@/components/cosma/playground'
  1 | import type { Metadata } from "next";
  2 | import { Navigation } from "@/components/navigation";
> 3 | import { CosmaPlayground } from "@/components/cosma/playground";
    | ^^^^^^^^^^^^^^^^^^^^^^^^^^^^^^^^^^^^^^^^^^^^^^^^^^^^^^^^^^^^^^^^
  4 | import { SiteFooter } from "@/components/site-footer";
  5 | import { CoffeeSupportCard } from "@/components/coffee-support-card";
  6 |

Import map: aliased to relative './components/cosma/playground' inside of [project]/

https://nextjs.org/docs/messages/module-not-found @ http://localhost:4200/_next/static/chunks/0aus_next_dist_00tg.dm._.js:1945
[   28173ms] [LOG] [Fast Refresh] rebuilding @ http://localhost:4200/_next/static/chunks/0aus_next_dist_00tg.dm._.js:1226
[   28509ms] [ERROR] ./app/cosma/page.tsx:3:1
Module not found: Can't resolve '@/components/cosma/playground'
  1 | import type { Metadata } from "next";
  2 | import { Navigation } from "@/components/navigation";
> 3 | import { CosmaPlayground } from "@/components/cosma/playground";
    | ^^^^^^^^^^^^^^^^^^^^^^^^^^^^^^^^^^^^^^^^^^^^^^^^^^^^^^^^^^^^^^^^
  4 | import { SiteFooter } from "@/components/site-footer";
  5 | import { CoffeeSupportCard } from "@/components/coffee-support-card";
  6 |

Import map: aliased to relative './components/cosma/playground' inside of [project]/

https://nextjs.org/docs/messages/module-not-found @ http://localhost:4200/_next/static/chunks/0aus_next_dist_00tg.dm._.js:1945
[   28700ms] [ERROR] ./app/cosma/page.tsx:3:1
Module not found: Can't resolve '@/components/cosma/playground'
  1 | import type { Metadata } from "next";
  2 | import { Navigation } from "@/components/navigation";
> 3 | import { CosmaPlayground } from "@/components/cosma/playground";
    | ^^^^^^^^^^^^^^^^^^^^^^^^^^^^^^^^^^^^^^^^^^^^^^^^^^^^^^^^^^^^^^^^
  4 | import { SiteFooter } from "@/components/site-footer";
  5 | import { CoffeeSupportCard } from "@/components/coffee-support-card";
  6 |

Import map: aliased to relative './components/cosma/playground' inside of [project]/

https://nextjs.org/docs/messages/module-not-found @ http://localhost:4200/_next/static/chunks/0aus_next_dist_00tg.dm._.js:1945
[   28812ms] [ERROR] Failed to load resource: the server responded with a status of 500 (Internal Server Error) @ http://localhost:4200/cosma:0
[   28849ms] [INFO] %cDownload the React DevTools for a better development experience: https://react.dev/link/react-devtools font-weight:bold @ http://localhost:4200/_next/static/chunks/0e-u_react-dom_0037m-m._.js:15305
[   28854ms] Error: ./app/cosma/page.tsx:3:1
Module not found: Can't resolve '@/components/cosma/playground'
  1 | import type { Metadata } from "next";
  2 | import { Navigation } from "@/components/navigation";
> 3 | import { CosmaPlayground } from "@/components/cosma/playground";
    | ^^^^^^^^^^^^^^^^^^^^^^^^^^^^^^^^^^^^^^^^^^^^^^^^^^^^^^^^^^^^^^^^
  4 | import { SiteFooter } from "@/components/site-footer";
  5 | import { CoffeeSupportCard } from "@/components/coffee-support-card";
  6 |

Import map: aliased to relative './components/cosma/playground' inside of [project]/


https://nextjs.org/docs/messages/module-not-found


    at <unknown> (Error: ./app/cosma/page.tsx:3:1)
    at <unknown> (https://nextjs.org/docs/messages/module-not-found)
    at Object.getCompilationErrors (file:///Users/godwinjanarthan/Documents/Projects/d2studio-ui/node_modules/.pnpm/next@16.2.4_@babel+core@7.28.4_react-dom@19.2.5_react@19.2.5__react@19.2.5/node_modules/next/dist/server/dev/hot-reloader-turbopack.js:1186:59)
    at DevBundlerService.getCompilationError (file:///Users/godwinjanarthan/Documents/Projects/d2studio-ui/node_modules/.pnpm/next@16.2.4_@babel+core@7.28.4_react-dom@19.2.5_react@19.2.5__react@19.2.5/node_modules/next/dist/server/lib/dev-bundler-service.js:44:55)
    at DevServer.getCompilationError (file:///Users/godwinjanarthan/Documents/Projects/d2studio-ui/node_modules/.pnpm/next@16.2.4_@babel+core@7.28.4_react-dom@19.2.5_react@19.2.5__react@19.2.5/node_modules/next/dist/server/dev/next-dev-server.js:719:42)
    at DevServer.findPageComponents (file:///Users/godwinjanarthan/Documents/Projects/d2studio-ui/node_modules/.pnpm/next@16.2.4_@babel+core@7.28.4_react-dom@19.2.5_react@19.2.5__react@19.2.5/node_modules/next/dist/server/dev/next-dev-server.js:689:43)
    at async DevServer.renderErrorToResponseImpl (file:///Users/godwinjanarthan/Documents/Projects/d2studio-ui/node_modules/.pnpm/next@16.2.4_@babel+core@7.28.4_react-dom@19.2.5_react@19.2.5__react@19.2.5/node_modules/next/dist/server/base-server.js:1745:26)
[   28864ms] [LOG] [HMR] connected @ http://localhost:4200/_next/static/chunks/0aus_next_dist_00tg.dm._.js:1226
[   28877ms] [ERROR] ./app/cosma/page.tsx:3:1
Module not found: Can't resolve '@/components/cosma/playground'
  1 | import type { Metadata } from "next";
  2 | import { Navigation } from "@/components/navigation";
> 3 | import { CosmaPlayground } from "@/components/cosma/playground";
    | ^^^^^^^^^^^^^^^^^^^^^^^^^^^^^^^^^^^^^^^^^^^^^^^^^^^^^^^^^^^^^^^^
  4 | import { SiteFooter } from "@/components/site-footer";
  5 | import { CoffeeSupportCard } from "@/components/coffee-support-card";
  6 |

Import map: aliased to relative './components/cosma/playground' inside of [project]/

https://nextjs.org/docs/messages/module-not-found @ http://localhost:4200/_next/static/chunks/0aus_next_dist_00tg.dm._.js:1945
[   28916ms] [ERROR] ./app/cosma/page.tsx:3:1
Module not found: Can't resolve '@/components/cosma/playground'
  1 | import type { Metadata } from "next";
  2 | import { Navigation } from "@/components/navigation";
> 3 | import { CosmaPlayground } from "@/components/cosma/playground";
    | ^^^^^^^^^^^^^^^^^^^^^^^^^^^^^^^^^^^^^^^^^^^^^^^^^^^^^^^^^^^^^^^^
  4 | import { SiteFooter } from "@/components/site-footer";
  5 | import { CoffeeSupportCard } from "@/components/coffee-support-card";
  6 |

Import map: aliased to relative './components/cosma/playground' inside of [project]/

https://nextjs.org/docs/messages/module-not-found @ http://localhost:4200/_next/static/chunks/0aus_next_dist_00tg.dm._.js:1945
[   28957ms] [ERROR] ./app/cosma/page.tsx:3:1
Module not found: Can't resolve '@/components/cosma/playground'
  1 | import type { Metadata } from "next";
  2 | import { Navigation } from "@/components/navigation";
> 3 | import { CosmaPlayground } from "@/components/cosma/playground";
    | ^^^^^^^^^^^^^^^^^^^^^^^^^^^^^^^^^^^^^^^^^^^^^^^^^^^^^^^^^^^^^^^^
  4 | import { SiteFooter } from "@/components/site-footer";
  5 | import { CoffeeSupportCard } from "@/components/coffee-support-card";
  6 |

Import map: aliased to relative './components/cosma/playground' inside of [project]/

https://nextjs.org/docs/messages/module-not-found @ http://localhost:4200/_next/static/chunks/0aus_next_dist_00tg.dm._.js:1945
[   28996ms] [ERROR] ./app/cosma/page.tsx:3:1
Module not found: Can't resolve '@/components/cosma/playground'
  1 | import type { Metadata } from "next";
  2 | import { Navigation } from "@/components/navigation";
> 3 | import { CosmaPlayground } from "@/components/cosma/playground";
    | ^^^^^^^^^^^^^^^^^^^^^^^^^^^^^^^^^^^^^^^^^^^^^^^^^^^^^^^^^^^^^^^^
  4 | import { SiteFooter } from "@/components/site-footer";
  5 | import { CoffeeSupportCard } from "@/components/coffee-support-card";
  6 |

Import map: aliased to relative './components/cosma/playground' inside of [project]/

https://nextjs.org/docs/messages/module-not-found @ http://localhost:4200/_next/static/chunks/0aus_next_dist_00tg.dm._.js:1945
[   29066ms] [ERROR] ./app/cosma/page.tsx:3:1
Module not found: Can't resolve '@/components/cosma/playground'
  1 | import type { Metadata } from "next";
  2 | import { Navigation } from "@/components/navigation";
> 3 | import { CosmaPlayground } from "@/components/cosma/playground";
    | ^^^^^^^^^^^^^^^^^^^^^^^^^^^^^^^^^^^^^^^^^^^^^^^^^^^^^^^^^^^^^^^^
  4 | import { SiteFooter } from "@/components/site-footer";
  5 | import { CoffeeSupportCard } from "@/components/coffee-support-card";
  6 |

Import map: aliased to relative './components/cosma/playground' inside of [project]/

https://nextjs.org/docs/messages/module-not-found @ http://localhost:4200/_next/static/chunks/0aus_next_dist_00tg.dm._.js:1945
[   29131ms] [ERROR] ./app/cosma/page.tsx:3:1
Module not found: Can't resolve '@/components/cosma/playground'
  1 | import type { Metadata } from "next";
  2 | import { Navigation } from "@/components/navigation";
> 3 | import { CosmaPlayground } from "@/components/cosma/playground";
    | ^^^^^^^^^^^^^^^^^^^^^^^^^^^^^^^^^^^^^^^^^^^^^^^^^^^^^^^^^^^^^^^^
  4 | import { SiteFooter } from "@/components/site-footer";
  5 | import { CoffeeSupportCard } from "@/components/coffee-support-card";
  6 |

Import map: aliased to relative './components/cosma/playground' inside of [project]/

https://nextjs.org/docs/messages/module-not-found @ http://localhost:4200/_next/static/chunks/0aus_next_dist_00tg.dm._.js:1945
[   29193ms] [ERROR] ./app/cosma/page.tsx:3:1
Module not found: Can't resolve '@/components/cosma/playground'
  1 | import type { Metadata } from "next";
  2 | import { Navigation } from "@/components/navigation";
> 3 | import { CosmaPlayground } from "@/components/cosma/playground";
    | ^^^^^^^^^^^^^^^^^^^^^^^^^^^^^^^^^^^^^^^^^^^^^^^^^^^^^^^^^^^^^^^^
  4 | import { SiteFooter } from "@/components/site-footer";
  5 | import { CoffeeSupportCard } from "@/components/coffee-support-card";
  6 |

Import map: aliased to relative './components/cosma/playground' inside of [project]/

https://nextjs.org/docs/messages/module-not-found @ http://localhost:4200/_next/static/chunks/0aus_next_dist_00tg.dm._.js:1945
[   29255ms] [ERROR] ./app/cosma/page.tsx:3:1
Module not found: Can't resolve '@/components/cosma/playground'
  1 | import type { Metadata } from "next";
  2 | import { Navigation } from "@/components/navigation";
> 3 | import { CosmaPlayground } from "@/components/cosma/playground";
    | ^^^^^^^^^^^^^^^^^^^^^^^^^^^^^^^^^^^^^^^^^^^^^^^^^^^^^^^^^^^^^^^^
  4 | import { SiteFooter } from "@/components/site-footer";
  5 | import { CoffeeSupportCard } from "@/components/coffee-support-card";
  6 |

Import map: aliased to relative './components/cosma/playground' inside of [project]/

https://nextjs.org/docs/messages/module-not-found @ http://localhost:4200/_next/static/chunks/0aus_next_dist_00tg.dm._.js:1945
[   29317ms] [ERROR] ./app/cosma/page.tsx:3:1
Module not found: Can't resolve '@/components/cosma/playground'
  1 | import type { Metadata } from "next";
  2 | import { Navigation } from "@/components/navigation";
> 3 | import { CosmaPlayground } from "@/components/cosma/playground";
    | ^^^^^^^^^^^^^^^^^^^^^^^^^^^^^^^^^^^^^^^^^^^^^^^^^^^^^^^^^^^^^^^^
  4 | import { SiteFooter } from "@/components/site-footer";
  5 | import { CoffeeSupportCard } from "@/components/coffee-support-card";
  6 |

Import map: aliased to relative './components/cosma/playground' inside of [project]/

https://nextjs.org/docs/messages/module-not-found @ http://localhost:4200/_next/static/chunks/0aus_next_dist_00tg.dm._.js:1945
[   29379ms] [ERROR] ./app/cosma/page.tsx:3:1
Module not found: Can't resolve '@/components/cosma/playground'
  1 | import type { Metadata } from "next";
  2 | import { Navigation } from "@/components/navigation";
> 3 | import { CosmaPlayground } from "@/components/cosma/playground";
    | ^^^^^^^^^^^^^^^^^^^^^^^^^^^^^^^^^^^^^^^^^^^^^^^^^^^^^^^^^^^^^^^^
  4 | import { SiteFooter } from "@/components/site-footer";
  5 | import { CoffeeSupportCard } from "@/components/coffee-support-card";
  6 |

Import map: aliased to relative './components/cosma/playground' inside of [project]/

https://nextjs.org/docs/messages/module-not-found @ http://localhost:4200/_next/static/chunks/0aus_next_dist_00tg.dm._.js:1945
[   29444ms] [ERROR] ./app/cosma/page.tsx:3:1
Module not found: Can't resolve '@/components/cosma/playground'
  1 | import type { Metadata } from "next";
  2 | import { Navigation } from "@/components/navigation";
> 3 | import { CosmaPlayground } from "@/components/cosma/playground";
    | ^^^^^^^^^^^^^^^^^^^^^^^^^^^^^^^^^^^^^^^^^^^^^^^^^^^^^^^^^^^^^^^^
  4 | import { SiteFooter } from "@/components/site-footer";
  5 | import { CoffeeSupportCard } from "@/components/coffee-support-card";
  6 |

Import map: aliased to relative './components/cosma/playground' inside of [project]/

https://nextjs.org/docs/messages/module-not-found @ http://localhost:4200/_next/static/chunks/0aus_next_dist_00tg.dm._.js:1945
[   29505ms] [ERROR] ./app/cosma/page.tsx:3:1
Module not found: Can't resolve '@/components/cosma/playground'
  1 | import type { Metadata } from "next";
  2 | import { Navigation } from "@/components/navigation";
> 3 | import { CosmaPlayground } from "@/components/cosma/playground";
    | ^^^^^^^^^^^^^^^^^^^^^^^^^^^^^^^^^^^^^^^^^^^^^^^^^^^^^^^^^^^^^^^^
  4 | import { SiteFooter } from "@/components/site-footer";
  5 | import { CoffeeSupportCard } from "@/components/coffee-support-card";
  6 |

Import map: aliased to relative './components/cosma/playground' inside of [project]/

https://nextjs.org/docs/messages/module-not-found @ http://localhost:4200/_next/static/chunks/0aus_next_dist_00tg.dm._.js:1945
[   29570ms] [ERROR] ./app/cosma/page.tsx:3:1
Module not found: Can't resolve '@/components/cosma/playground'
  1 | import type { Metadata } from "next";
  2 | import { Navigation } from "@/components/navigation";
> 3 | import { CosmaPlayground } from "@/components/cosma/playground";
    | ^^^^^^^^^^^^^^^^^^^^^^^^^^^^^^^^^^^^^^^^^^^^^^^^^^^^^^^^^^^^^^^^
  4 | import { SiteFooter } from "@/components/site-footer";
  5 | import { CoffeeSupportCard } from "@/components/coffee-support-card";
  6 |

Import map: aliased to relative './components/cosma/playground' inside of [project]/

https://nextjs.org/docs/messages/module-not-found @ http://localhost:4200/_next/static/chunks/0aus_next_dist_00tg.dm._.js:1945
[   29632ms] [ERROR] ./app/cosma/page.tsx:3:1
Module not found: Can't resolve '@/components/cosma/playground'
  1 | import type { Metadata } from "next";
  2 | import { Navigation } from "@/components/navigation";
> 3 | import { CosmaPlayground } from "@/components/cosma/playground";
    | ^^^^^^^^^^^^^^^^^^^^^^^^^^^^^^^^^^^^^^^^^^^^^^^^^^^^^^^^^^^^^^^^
  4 | import { SiteFooter } from "@/components/site-footer";
  5 | import { CoffeeSupportCard } from "@/components/coffee-support-card";
  6 |

Import map: aliased to relative './components/cosma/playground' inside of [project]/

https://nextjs.org/docs/messages/module-not-found @ http://localhost:4200/_next/static/chunks/0aus_next_dist_00tg.dm._.js:1945
[   29694ms] [ERROR] ./app/cosma/page.tsx:3:1
Module not found: Can't resolve '@/components/cosma/playground'
  1 | import type { Metadata } from "next";
  2 | import { Navigation } from "@/components/navigation";
> 3 | import { CosmaPlayground } from "@/components/cosma/playground";
    | ^^^^^^^^^^^^^^^^^^^^^^^^^^^^^^^^^^^^^^^^^^^^^^^^^^^^^^^^^^^^^^^^
  4 | import { SiteFooter } from "@/components/site-footer";
  5 | import { CoffeeSupportCard } from "@/components/coffee-support-card";
  6 |

Import map: aliased to relative './components/cosma/playground' inside of [project]/

https://nextjs.org/docs/messages/module-not-found @ http://localhost:4200/_next/static/chunks/0aus_next_dist_00tg.dm._.js:1945
[   29756ms] [ERROR] ./app/cosma/page.tsx:3:1
Module not found: Can't resolve '@/components/cosma/playground'
  1 | import type { Metadata } from "next";
  2 | import { Navigation } from "@/components/navigation";
> 3 | import { CosmaPlayground } from "@/components/cosma/playground";
    | ^^^^^^^^^^^^^^^^^^^^^^^^^^^^^^^^^^^^^^^^^^^^^^^^^^^^^^^^^^^^^^^^
  4 | import { SiteFooter } from "@/components/site-footer";
  5 | import { CoffeeSupportCard } from "@/components/coffee-support-card";
  6 |

Import map: aliased to relative './components/cosma/playground' inside of [project]/

https://nextjs.org/docs/messages/module-not-found @ http://localhost:4200/_next/static/chunks/0aus_next_dist_00tg.dm._.js:1945
[   29818ms] [ERROR] ./app/cosma/page.tsx:3:1
Module not found: Can't resolve '@/components/cosma/playground'
  1 | import type { Metadata } from "next";
  2 | import { Navigation } from "@/components/navigation";
> 3 | import { CosmaPlayground } from "@/components/cosma/playground";
    | ^^^^^^^^^^^^^^^^^^^^^^^^^^^^^^^^^^^^^^^^^^^^^^^^^^^^^^^^^^^^^^^^
  4 | import { SiteFooter } from "@/components/site-footer";
  5 | import { CoffeeSupportCard } from "@/components/coffee-support-card";
  6 |

Import map: aliased to relative './components/cosma/playground' inside of [project]/

https://nextjs.org/docs/messages/module-not-found @ http://localhost:4200/_next/static/chunks/0aus_next_dist_00tg.dm._.js:1945
[   29883ms] [ERROR] ./app/cosma/page.tsx:3:1
Module not found: Can't resolve '@/components/cosma/playground'
  1 | import type { Metadata } from "next";
  2 | import { Navigation } from "@/components/navigation";
> 3 | import { CosmaPlayground } from "@/components/cosma/playground";
    | ^^^^^^^^^^^^^^^^^^^^^^^^^^^^^^^^^^^^^^^^^^^^^^^^^^^^^^^^^^^^^^^^
  4 | import { SiteFooter } from "@/components/site-footer";
  5 | import { CoffeeSupportCard } from "@/components/coffee-support-card";
  6 |

Import map: aliased to relative './components/cosma/playground' inside of [project]/

https://nextjs.org/docs/messages/module-not-found @ http://localhost:4200/_next/static/chunks/0aus_next_dist_00tg.dm._.js:1945
[   29946ms] [ERROR] ./app/cosma/page.tsx:3:1
Module not found: Can't resolve '@/components/cosma/playground'
  1 | import type { Metadata } from "next";
  2 | import { Navigation } from "@/components/navigation";
> 3 | import { CosmaPlayground } from "@/components/cosma/playground";
    | ^^^^^^^^^^^^^^^^^^^^^^^^^^^^^^^^^^^^^^^^^^^^^^^^^^^^^^^^^^^^^^^^
  4 | import { SiteFooter } from "@/components/site-footer";
  5 | import { CoffeeSupportCard } from "@/components/coffee-support-card";
  6 |

Import map: aliased to relative './components/cosma/playground' inside of [project]/

https://nextjs.org/docs/messages/module-not-found @ http://localhost:4200/_next/static/chunks/0aus_next_dist_00tg.dm._.js:1945
[   30008ms] [ERROR] ./app/cosma/page.tsx:3:1
Module not found: Can't resolve '@/components/cosma/playground'
  1 | import type { Metadata } from "next";
  2 | import { Navigation } from "@/components/navigation";
> 3 | import { CosmaPlayground } from "@/components/cosma/playground";
    | ^^^^^^^^^^^^^^^^^^^^^^^^^^^^^^^^^^^^^^^^^^^^^^^^^^^^^^^^^^^^^^^^
  4 | import { SiteFooter } from "@/components/site-footer";
  5 | import { CoffeeSupportCard } from "@/components/coffee-support-card";
  6 |

Import map: aliased to relative './components/cosma/playground' inside of [project]/

https://nextjs.org/docs/messages/module-not-found @ http://localhost:4200/_next/static/chunks/0aus_next_dist_00tg.dm._.js:1945
[   30071ms] [ERROR] ./app/cosma/page.tsx:3:1
Module not found: Can't resolve '@/components/cosma/playground'
  1 | import type { Metadata } from "next";
  2 | import { Navigation } from "@/components/navigation";
> 3 | import { CosmaPlayground } from "@/components/cosma/playground";
    | ^^^^^^^^^^^^^^^^^^^^^^^^^^^^^^^^^^^^^^^^^^^^^^^^^^^^^^^^^^^^^^^^
  4 | import { SiteFooter } from "@/components/site-footer";
  5 | import { CoffeeSupportCard } from "@/components/coffee-support-card";
  6 |

Import map: aliased to relative './components/cosma/playground' inside of [project]/

https://nextjs.org/docs/messages/module-not-found @ http://localhost:4200/_next/static/chunks/0aus_next_dist_00tg.dm._.js:1945
[   30124ms] [ERROR] ./app/cosma/page.tsx:3:1
Module not found: Can't resolve '@/components/cosma/playground'
  1 | import type { Metadata } from "next";
  2 | import { Navigation } from "@/components/navigation";
> 3 | import { CosmaPlayground } from "@/components/cosma/playground";
    | ^^^^^^^^^^^^^^^^^^^^^^^^^^^^^^^^^^^^^^^^^^^^^^^^^^^^^^^^^^^^^^^^
  4 | import { SiteFooter } from "@/components/site-footer";
  5 | import { CoffeeSupportCard } from "@/components/coffee-support-card";
  6 |

Import map: aliased to relative './components/cosma/playground' inside of [project]/

https://nextjs.org/docs/messages/module-not-found @ http://localhost:4200/_next/static/chunks/0aus_next_dist_00tg.dm._.js:1945
[   30186ms] [ERROR] ./app/cosma/page.tsx:3:1
Module not found: Can't resolve '@/components/cosma/playground'
  1 | import type { Metadata } from "next";
  2 | import { Navigation } from "@/components/navigation";
> 3 | import { CosmaPlayground } from "@/components/cosma/playground";
    | ^^^^^^^^^^^^^^^^^^^^^^^^^^^^^^^^^^^^^^^^^^^^^^^^^^^^^^^^^^^^^^^^
  4 | import { SiteFooter } from "@/components/site-footer";
  5 | import { CoffeeSupportCard } from "@/components/coffee-support-card";
  6 |

Import map: aliased to relative './components/cosma/playground' inside of [project]/

https://nextjs.org/docs/messages/module-not-found @ http://localhost:4200/_next/static/chunks/0aus_next_dist_00tg.dm._.js:1945
[   30247ms] [ERROR] ./app/cosma/page.tsx:3:1
Module not found: Can't resolve '@/components/cosma/playground'
  1 | import type { Metadata } from "next";
  2 | import { Navigation } from "@/components/navigation";
> 3 | import { CosmaPlayground } from "@/components/cosma/playground";
    | ^^^^^^^^^^^^^^^^^^^^^^^^^^^^^^^^^^^^^^^^^^^^^^^^^^^^^^^^^^^^^^^^
  4 | import { SiteFooter } from "@/components/site-footer";
  5 | import { CoffeeSupportCard } from "@/components/coffee-support-card";
  6 |

Import map: aliased to relative './components/cosma/playground' inside of [project]/

https://nextjs.org/docs/messages/module-not-found @ http://localhost:4200/_next/static/chunks/0aus_next_dist_00tg.dm._.js:1945
[   30309ms] [ERROR] ./app/cosma/page.tsx:3:1
Module not found: Can't resolve '@/components/cosma/playground'
  1 | import type { Metadata } from "next";
  2 | import { Navigation } from "@/components/navigation";
> 3 | import { CosmaPlayground } from "@/components/cosma/playground";
    | ^^^^^^^^^^^^^^^^^^^^^^^^^^^^^^^^^^^^^^^^^^^^^^^^^^^^^^^^^^^^^^^^
  4 | import { SiteFooter } from "@/components/site-footer";
  5 | import { CoffeeSupportCard } from "@/components/coffee-support-card";
  6 |

Import map: aliased to relative './components/cosma/playground' inside of [project]/

https://nextjs.org/docs/messages/module-not-found @ http://localhost:4200/_next/static/chunks/0aus_next_dist_00tg.dm._.js:1945
[   30371ms] [ERROR] ./app/cosma/page.tsx:3:1
Module not found: Can't resolve '@/components/cosma/playground'
  1 | import type { Metadata } from "next";
  2 | import { Navigation } from "@/components/navigation";
> 3 | import { CosmaPlayground } from "@/components/cosma/playground";
    | ^^^^^^^^^^^^^^^^^^^^^^^^^^^^^^^^^^^^^^^^^^^^^^^^^^^^^^^^^^^^^^^^
  4 | import { SiteFooter } from "@/components/site-footer";
  5 | import { CoffeeSupportCard } from "@/components/coffee-support-card";
  6 |

Import map: aliased to relative './components/cosma/playground' inside of [project]/

https://nextjs.org/docs/messages/module-not-found @ http://localhost:4200/_next/static/chunks/0aus_next_dist_00tg.dm._.js:1945
[   30434ms] [ERROR] ./app/cosma/page.tsx:3:1
Module not found: Can't resolve '@/components/cosma/playground'
  1 | import type { Metadata } from "next";
  2 | import { Navigation } from "@/components/navigation";
> 3 | import { CosmaPlayground } from "@/components/cosma/playground";
    | ^^^^^^^^^^^^^^^^^^^^^^^^^^^^^^^^^^^^^^^^^^^^^^^^^^^^^^^^^^^^^^^^
  4 | import { SiteFooter } from "@/components/site-footer";
  5 | import { CoffeeSupportCard } from "@/components/coffee-support-card";
  6 |

Import map: aliased to relative './components/cosma/playground' inside of [project]/

https://nextjs.org/docs/messages/module-not-found @ http://localhost:4200/_next/static/chunks/0aus_next_dist_00tg.dm._.js:1945
[   30498ms] [ERROR] ./app/cosma/page.tsx:3:1
Module not found: Can't resolve '@/components/cosma/playground'
  1 | import type { Metadata } from "next";
  2 | import { Navigation } from "@/components/navigation";
> 3 | import { CosmaPlayground } from "@/components/cosma/playground";
    | ^^^^^^^^^^^^^^^^^^^^^^^^^^^^^^^^^^^^^^^^^^^^^^^^^^^^^^^^^^^^^^^^
  4 | import { SiteFooter } from "@/components/site-footer";
  5 | import { CoffeeSupportCard } from "@/components/coffee-support-card";
  6 |

Import map: aliased to relative './components/cosma/playground' inside of [project]/

https://nextjs.org/docs/messages/module-not-found @ http://localhost:4200/_next/static/chunks/0aus_next_dist_00tg.dm._.js:1945
[   30562ms] [ERROR] ./app/cosma/page.tsx:3:1
Module not found: Can't resolve '@/components/cosma/playground'
  1 | import type { Metadata } from "next";
  2 | import { Navigation } from "@/components/navigation";
> 3 | import { CosmaPlayground } from "@/components/cosma/playground";
    | ^^^^^^^^^^^^^^^^^^^^^^^^^^^^^^^^^^^^^^^^^^^^^^^^^^^^^^^^^^^^^^^^
  4 | import { SiteFooter } from "@/components/site-footer";
  5 | import { CoffeeSupportCard } from "@/components/coffee-support-card";
  6 |

Import map: aliased to relative './components/cosma/playground' inside of [project]/

https://nextjs.org/docs/messages/module-not-found @ http://localhost:4200/_next/static/chunks/0aus_next_dist_00tg.dm._.js:1945
[   30625ms] [ERROR] ./app/cosma/page.tsx:3:1
Module not found: Can't resolve '@/components/cosma/playground'
  1 | import type { Metadata } from "next";
  2 | import { Navigation } from "@/components/navigation";
> 3 | import { CosmaPlayground } from "@/components/cosma/playground";
    | ^^^^^^^^^^^^^^^^^^^^^^^^^^^^^^^^^^^^^^^^^^^^^^^^^^^^^^^^^^^^^^^^
  4 | import { SiteFooter } from "@/components/site-footer";
  5 | import { CoffeeSupportCard } from "@/components/coffee-support-card";
  6 |

Import map: aliased to relative './components/cosma/playground' inside of [project]/

https://nextjs.org/docs/messages/module-not-found @ http://localhost:4200/_next/static/chunks/0aus_next_dist_00tg.dm._.js:1945
[   30689ms] [ERROR] ./app/cosma/page.tsx:3:1
Module not found: Can't resolve '@/components/cosma/playground'
  1 | import type { Metadata } from "next";
  2 | import { Navigation } from "@/components/navigation";
> 3 | import { CosmaPlayground } from "@/components/cosma/playground";
    | ^^^^^^^^^^^^^^^^^^^^^^^^^^^^^^^^^^^^^^^^^^^^^^^^^^^^^^^^^^^^^^^^
  4 | import { SiteFooter } from "@/components/site-footer";
  5 | import { CoffeeSupportCard } from "@/components/coffee-support-card";
  6 |

Import map: aliased to relative './components/cosma/playground' inside of [project]/

https://nextjs.org/docs/messages/module-not-found @ http://localhost:4200/_next/static/chunks/0aus_next_dist_00tg.dm._.js:1945
[   30753ms] [ERROR] ./app/cosma/page.tsx:3:1
Module not found: Can't resolve '@/components/cosma/playground'
  1 | import type { Metadata } from "next";
  2 | import { Navigation } from "@/components/navigation";
> 3 | import { CosmaPlayground } from "@/components/cosma/playground";
    | ^^^^^^^^^^^^^^^^^^^^^^^^^^^^^^^^^^^^^^^^^^^^^^^^^^^^^^^^^^^^^^^^
  4 | import { SiteFooter } from "@/components/site-footer";
  5 | import { CoffeeSupportCard } from "@/components/coffee-support-card";
  6 |

Import map: aliased to relative './components/cosma/playground' inside of [project]/

https://nextjs.org/docs/messages/module-not-found @ http://localhost:4200/_next/static/chunks/0aus_next_dist_00tg.dm._.js:1945
[   30817ms] [ERROR] ./app/cosma/page.tsx:3:1
Module not found: Can't resolve '@/components/cosma/playground'
  1 | import type { Metadata } from "next";
  2 | import { Navigation } from "@/components/navigation";
> 3 | import { CosmaPlayground } from "@/components/cosma/playground";
    | ^^^^^^^^^^^^^^^^^^^^^^^^^^^^^^^^^^^^^^^^^^^^^^^^^^^^^^^^^^^^^^^^
  4 | import { SiteFooter } from "@/components/site-footer";
  5 | import { CoffeeSupportCard } from "@/components/coffee-support-card";
  6 |

Import map: aliased to relative './components/cosma/playground' inside of [project]/

https://nextjs.org/docs/messages/module-not-found @ http://localhost:4200/_next/static/chunks/0aus_next_dist_00tg.dm._.js:1945
[   30883ms] [ERROR] ./app/cosma/page.tsx:3:1
Module not found: Can't resolve '@/components/cosma/playground'
  1 | import type { Metadata } from "next";
  2 | import { Navigation } from "@/components/navigation";
> 3 | import { CosmaPlayground } from "@/components/cosma/playground";
    | ^^^^^^^^^^^^^^^^^^^^^^^^^^^^^^^^^^^^^^^^^^^^^^^^^^^^^^^^^^^^^^^^
  4 | import { SiteFooter } from "@/components/site-footer";
  5 | import { CoffeeSupportCard } from "@/components/coffee-support-card";
  6 |

Import map: aliased to relative './components/cosma/playground' inside of [project]/

https://nextjs.org/docs/messages/module-not-found @ http://localhost:4200/_next/static/chunks/0aus_next_dist_00tg.dm._.js:1945
[   30945ms] [ERROR] ./app/cosma/page.tsx:3:1
Module not found: Can't resolve '@/components/cosma/playground'
  1 | import type { Metadata } from "next";
  2 | import { Navigation } from "@/components/navigation";
> 3 | import { CosmaPlayground } from "@/components/cosma/playground";
    | ^^^^^^^^^^^^^^^^^^^^^^^^^^^^^^^^^^^^^^^^^^^^^^^^^^^^^^^^^^^^^^^^
  4 | import { SiteFooter } from "@/components/site-footer";
  5 | import { CoffeeSupportCard } from "@/components/coffee-support-card";
  6 |

Import map: aliased to relative './components/cosma/playground' inside of [project]/

https://nextjs.org/docs/messages/module-not-found @ http://localhost:4200/_next/static/chunks/0aus_next_dist_00tg.dm._.js:1945
[   31007ms] [ERROR] ./app/cosma/page.tsx:3:1
Module not found: Can't resolve '@/components/cosma/playground'
  1 | import type { Metadata } from "next";
  2 | import { Navigation } from "@/components/navigation";
> 3 | import { CosmaPlayground } from "@/components/cosma/playground";
    | ^^^^^^^^^^^^^^^^^^^^^^^^^^^^^^^^^^^^^^^^^^^^^^^^^^^^^^^^^^^^^^^^
  4 | import { SiteFooter } from "@/components/site-footer";
  5 | import { CoffeeSupportCard } from "@/components/coffee-support-card";
  6 |

Import map: aliased to relative './components/cosma/playground' inside of [project]/

https://nextjs.org/docs/messages/module-not-found @ http://localhost:4200/_next/static/chunks/0aus_next_dist_00tg.dm._.js:1945
[   31071ms] [ERROR] ./app/cosma/page.tsx:3:1
Module not found: Can't resolve '@/components/cosma/playground'
  1 | import type { Metadata } from "next";
  2 | import { Navigation } from "@/components/navigation";
> 3 | import { CosmaPlayground } from "@/components/cosma/playground";
    | ^^^^^^^^^^^^^^^^^^^^^^^^^^^^^^^^^^^^^^^^^^^^^^^^^^^^^^^^^^^^^^^^
  4 | import { SiteFooter } from "@/components/site-footer";
  5 | import { CoffeeSupportCard } from "@/components/coffee-support-card";
  6 |

Import map: aliased to relative './components/cosma/playground' inside of [project]/

https://nextjs.org/docs/messages/module-not-found @ http://localhost:4200/_next/static/chunks/0aus_next_dist_00tg.dm._.js:1945
[   31132ms] [ERROR] ./app/cosma/page.tsx:3:1
Module not found: Can't resolve '@/components/cosma/playground'
  1 | import type { Metadata } from "next";
  2 | import { Navigation } from "@/components/navigation";
> 3 | import { CosmaPlayground } from "@/components/cosma/playground";
    | ^^^^^^^^^^^^^^^^^^^^^^^^^^^^^^^^^^^^^^^^^^^^^^^^^^^^^^^^^^^^^^^^
  4 | import { SiteFooter } from "@/components/site-footer";
  5 | import { CoffeeSupportCard } from "@/components/coffee-support-card";
  6 |

Import map: aliased to relative './components/cosma/playground' inside of [project]/

https://nextjs.org/docs/messages/module-not-found @ http://localhost:4200/_next/static/chunks/0aus_next_dist_00tg.dm._.js:1945
[   31247ms] [ERROR] ./app/cosma/page.tsx:3:1
Module not found: Can't resolve '@/components/cosma/playground'
  1 | import type { Metadata } from "next";
  2 | import { Navigation } from "@/components/navigation";
> 3 | import { CosmaPlayground } from "@/components/cosma/playground";
    | ^^^^^^^^^^^^^^^^^^^^^^^^^^^^^^^^^^^^^^^^^^^^^^^^^^^^^^^^^^^^^^^^
  4 | import { SiteFooter } from "@/components/site-footer";
  5 | import { CoffeeSupportCard } from "@/components/coffee-support-card";
  6 |

Import map: aliased to relative './components/cosma/playground' inside of [project]/

https://nextjs.org/docs/messages/module-not-found @ http://localhost:4200/_next/static/chunks/0aus_next_dist_00tg.dm._.js:1945
[   31308ms] [ERROR] ./app/cosma/page.tsx:3:1
Module not found: Can't resolve '@/components/cosma/playground'
  1 | import type { Metadata } from "next";
  2 | import { Navigation } from "@/components/navigation";
> 3 | import { CosmaPlayground } from "@/components/cosma/playground";
    | ^^^^^^^^^^^^^^^^^^^^^^^^^^^^^^^^^^^^^^^^^^^^^^^^^^^^^^^^^^^^^^^^
  4 | import { SiteFooter } from "@/components/site-footer";
  5 | import { CoffeeSupportCard } from "@/components/coffee-support-card";
  6 |

Import map: aliased to relative './components/cosma/playground' inside of [project]/

https://nextjs.org/docs/messages/module-not-found @ http://localhost:4200/_next/static/chunks/0aus_next_dist_00tg.dm._.js:1945
[   31366ms] [ERROR] ./app/cosma/page.tsx:3:1
Module not found: Can't resolve '@/components/cosma/playground'
  1 | import type { Metadata } from "next";
  2 | import { Navigation } from "@/components/navigation";
> 3 | import { CosmaPlayground } from "@/components/cosma/playground";
    | ^^^^^^^^^^^^^^^^^^^^^^^^^^^^^^^^^^^^^^^^^^^^^^^^^^^^^^^^^^^^^^^^
  4 | import { SiteFooter } from "@/components/site-footer";
  5 | import { CoffeeSupportCard } from "@/components/coffee-support-card";
  6 |

Import map: aliased to relative './components/cosma/playground' inside of [project]/

https://nextjs.org/docs/messages/module-not-found @ http://localhost:4200/_next/static/chunks/0aus_next_dist_00tg.dm._.js:1945
[   31430ms] [ERROR] ./app/cosma/page.tsx:3:1
Module not found: Can't resolve '@/components/cosma/playground'
  1 | import type { Metadata } from "next";
  2 | import { Navigation } from "@/components/navigation";
> 3 | import { CosmaPlayground } from "@/components/cosma/playground";
    | ^^^^^^^^^^^^^^^^^^^^^^^^^^^^^^^^^^^^^^^^^^^^^^^^^^^^^^^^^^^^^^^^
  4 | import { SiteFooter } from "@/components/site-footer";
  5 | import { CoffeeSupportCard } from "@/components/coffee-support-card";
  6 |

Import map: aliased to relative './components/cosma/playground' inside of [project]/

https://nextjs.org/docs/messages/module-not-found @ http://localhost:4200/_next/static/chunks/0aus_next_dist_00tg.dm._.js:1945
[   31492ms] [ERROR] ./app/cosma/page.tsx:3:1
Module not found: Can't resolve '@/components/cosma/playground'
  1 | import type { Metadata } from "next";
  2 | import { Navigation } from "@/components/navigation";
> 3 | import { CosmaPlayground } from "@/components/cosma/playground";
    | ^^^^^^^^^^^^^^^^^^^^^^^^^^^^^^^^^^^^^^^^^^^^^^^^^^^^^^^^^^^^^^^^
  4 | import { SiteFooter } from "@/components/site-footer";
  5 | import { CoffeeSupportCard } from "@/components/coffee-support-card";
  6 |

Import map: aliased to relative './components/cosma/playground' inside of [project]/

https://nextjs.org/docs/messages/module-not-found @ http://localhost:4200/_next/static/chunks/0aus_next_dist_00tg.dm._.js:1945
[   31555ms] [ERROR] ./app/cosma/page.tsx:3:1
Module not found: Can't resolve '@/components/cosma/playground'
  1 | import type { Metadata } from "next";
  2 | import { Navigation } from "@/components/navigation";
> 3 | import { CosmaPlayground } from "@/components/cosma/playground";
    | ^^^^^^^^^^^^^^^^^^^^^^^^^^^^^^^^^^^^^^^^^^^^^^^^^^^^^^^^^^^^^^^^
  4 | import { SiteFooter } from "@/components/site-footer";
  5 | import { CoffeeSupportCard } from "@/components/coffee-support-card";
  6 |

Import map: aliased to relative './components/cosma/playground' inside of [project]/

https://nextjs.org/docs/messages/module-not-found @ http://localhost:4200/_next/static/chunks/0aus_next_dist_00tg.dm._.js:1945
[   31619ms] [ERROR] ./app/cosma/page.tsx:3:1
Module not found: Can't resolve '@/components/cosma/playground'
  1 | import type { Metadata } from "next";
  2 | import { Navigation } from "@/components/navigation";
> 3 | import { CosmaPlayground } from "@/components/cosma/playground";
    | ^^^^^^^^^^^^^^^^^^^^^^^^^^^^^^^^^^^^^^^^^^^^^^^^^^^^^^^^^^^^^^^^
  4 | import { SiteFooter } from "@/components/site-footer";
  5 | import { CoffeeSupportCard } from "@/components/coffee-support-card";
  6 |

Import map: aliased to relative './components/cosma/playground' inside of [project]/

https://nextjs.org/docs/messages/module-not-found @ http://localhost:4200/_next/static/chunks/0aus_next_dist_00tg.dm._.js:1945
[   31684ms] [ERROR] ./app/cosma/page.tsx:3:1
Module not found: Can't resolve '@/components/cosma/playground'
  1 | import type { Metadata } from "next";
  2 | import { Navigation } from "@/components/navigation";
> 3 | import { CosmaPlayground } from "@/components/cosma/playground";
    | ^^^^^^^^^^^^^^^^^^^^^^^^^^^^^^^^^^^^^^^^^^^^^^^^^^^^^^^^^^^^^^^^
  4 | import { SiteFooter } from "@/components/site-footer";
  5 | import { CoffeeSupportCard } from "@/components/coffee-support-card";
  6 |

Import map: aliased to relative './components/cosma/playground' inside of [project]/

https://nextjs.org/docs/messages/module-not-found @ http://localhost:4200/_next/static/chunks/0aus_next_dist_00tg.dm._.js:1945
[   31748ms] [ERROR] ./app/cosma/page.tsx:3:1
Module not found: Can't resolve '@/components/cosma/playground'
  1 | import type { Metadata } from "next";
  2 | import { Navigation } from "@/components/navigation";
> 3 | import { CosmaPlayground } from "@/components/cosma/playground";
    | ^^^^^^^^^^^^^^^^^^^^^^^^^^^^^^^^^^^^^^^^^^^^^^^^^^^^^^^^^^^^^^^^
  4 | import { SiteFooter } from "@/components/site-footer";
  5 | import { CoffeeSupportCard } from "@/components/coffee-support-card";
  6 |

Import map: aliased to relative './components/cosma/playground' inside of [project]/

https://nextjs.org/docs/messages/module-not-found @ http://localhost:4200/_next/static/chunks/0aus_next_dist_00tg.dm._.js:1945
[   31810ms] [ERROR] ./app/cosma/page.tsx:3:1
Module not found: Can't resolve '@/components/cosma/playground'
  1 | import type { Metadata } from "next";
  2 | import { Navigation } from "@/components/navigation";
> 3 | import { CosmaPlayground } from "@/components/cosma/playground";
    | ^^^^^^^^^^^^^^^^^^^^^^^^^^^^^^^^^^^^^^^^^^^^^^^^^^^^^^^^^^^^^^^^
  4 | import { SiteFooter } from "@/components/site-footer";
  5 | import { CoffeeSupportCard } from "@/components/coffee-support-card";
  6 |

Import map: aliased to relative './components/cosma/playground' inside of [project]/

https://nextjs.org/docs/messages/module-not-found @ http://localhost:4200/_next/static/chunks/0aus_next_dist_00tg.dm._.js:1945
[   31872ms] [ERROR] ./app/cosma/page.tsx:3:1
Module not found: Can't resolve '@/components/cosma/playground'
  1 | import type { Metadata } from "next";
  2 | import { Navigation } from "@/components/navigation";
> 3 | import { CosmaPlayground } from "@/components/cosma/playground";
    | ^^^^^^^^^^^^^^^^^^^^^^^^^^^^^^^^^^^^^^^^^^^^^^^^^^^^^^^^^^^^^^^^
  4 | import { SiteFooter } from "@/components/site-footer";
  5 | import { CoffeeSupportCard } from "@/components/coffee-support-card";
  6 |

Import map: aliased to relative './components/cosma/playground' inside of [project]/

https://nextjs.org/docs/messages/module-not-found @ http://localhost:4200/_next/static/chunks/0aus_next_dist_00tg.dm._.js:1945
[   31936ms] [ERROR] ./app/cosma/page.tsx:3:1
Module not found: Can't resolve '@/components/cosma/playground'
  1 | import type { Metadata } from "next";
  2 | import { Navigation } from "@/components/navigation";
> 3 | import { CosmaPlayground } from "@/components/cosma/playground";
    | ^^^^^^^^^^^^^^^^^^^^^^^^^^^^^^^^^^^^^^^^^^^^^^^^^^^^^^^^^^^^^^^^
  4 | import { SiteFooter } from "@/components/site-footer";
  5 | import { CoffeeSupportCard } from "@/components/coffee-support-card";
  6 |

Import map: aliased to relative './components/cosma/playground' inside of [project]/

https://nextjs.org/docs/messages/module-not-found @ http://localhost:4200/_next/static/chunks/0aus_next_dist_00tg.dm._.js:1945
[   31998ms] [ERROR] ./app/cosma/page.tsx:3:1
Module not found: Can't resolve '@/components/cosma/playground'
  1 | import type { Metadata } from "next";
  2 | import { Navigation } from "@/components/navigation";
> 3 | import { CosmaPlayground } from "@/components/cosma/playground";
    | ^^^^^^^^^^^^^^^^^^^^^^^^^^^^^^^^^^^^^^^^^^^^^^^^^^^^^^^^^^^^^^^^
  4 | import { SiteFooter } from "@/components/site-footer";
  5 | import { CoffeeSupportCard } from "@/components/coffee-support-card";
  6 |

Import map: aliased to relative './components/cosma/playground' inside of [project]/

https://nextjs.org/docs/messages/module-not-found @ http://localhost:4200/_next/static/chunks/0aus_next_dist_00tg.dm._.js:1945
[   32062ms] [ERROR] ./app/cosma/page.tsx:3:1
Module not found: Can't resolve '@/components/cosma/playground'
  1 | import type { Metadata } from "next";
  2 | import { Navigation } from "@/components/navigation";
> 3 | import { CosmaPlayground } from "@/components/cosma/playground";
    | ^^^^^^^^^^^^^^^^^^^^^^^^^^^^^^^^^^^^^^^^^^^^^^^^^^^^^^^^^^^^^^^^
  4 | import { SiteFooter } from "@/components/site-footer";
  5 | import { CoffeeSupportCard } from "@/components/coffee-support-card";
  6 |

Import map: aliased to relative './components/cosma/playground' inside of [project]/

https://nextjs.org/docs/messages/module-not-found @ http://localhost:4200/_next/static/chunks/0aus_next_dist_00tg.dm._.js:1945
[   32125ms] [ERROR] ./app/cosma/page.tsx:3:1
Module not found: Can't resolve '@/components/cosma/playground'
  1 | import type { Metadata } from "next";
  2 | import { Navigation } from "@/components/navigation";
> 3 | import { CosmaPlayground } from "@/components/cosma/playground";
    | ^^^^^^^^^^^^^^^^^^^^^^^^^^^^^^^^^^^^^^^^^^^^^^^^^^^^^^^^^^^^^^^^
  4 | import { SiteFooter } from "@/components/site-footer";
  5 | import { CoffeeSupportCard } from "@/components/coffee-support-card";
  6 |

Import map: aliased to relative './components/cosma/playground' inside of [project]/

https://nextjs.org/docs/messages/module-not-found @ http://localhost:4200/_next/static/chunks/0aus_next_dist_00tg.dm._.js:1945
[   32191ms] [ERROR] ./app/cosma/page.tsx:3:1
Module not found: Can't resolve '@/components/cosma/playground'
  1 | import type { Metadata } from "next";
  2 | import { Navigation } from "@/components/navigation";
> 3 | import { CosmaPlayground } from "@/components/cosma/playground";
    | ^^^^^^^^^^^^^^^^^^^^^^^^^^^^^^^^^^^^^^^^^^^^^^^^^^^^^^^^^^^^^^^^
  4 | import { SiteFooter } from "@/components/site-footer";
  5 | import { CoffeeSupportCard } from "@/components/coffee-support-card";
  6 |

Import map: aliased to relative './components/cosma/playground' inside of [project]/

https://nextjs.org/docs/messages/module-not-found @ http://localhost:4200/_next/static/chunks/0aus_next_dist_00tg.dm._.js:1945
[   32256ms] [ERROR] ./app/cosma/page.tsx:3:1
Module not found: Can't resolve '@/components/cosma/playground'
  1 | import type { Metadata } from "next";
  2 | import { Navigation } from "@/components/navigation";
> 3 | import { CosmaPlayground } from "@/components/cosma/playground";
    | ^^^^^^^^^^^^^^^^^^^^^^^^^^^^^^^^^^^^^^^^^^^^^^^^^^^^^^^^^^^^^^^^
  4 | import { SiteFooter } from "@/components/site-footer";
  5 | import { CoffeeSupportCard } from "@/components/coffee-support-card";
  6 |

Import map: aliased to relative './components/cosma/playground' inside of [project]/

https://nextjs.org/docs/messages/module-not-found @ http://localhost:4200/_next/static/chunks/0aus_next_dist_00tg.dm._.js:1945
[   32320ms] [ERROR] ./app/cosma/page.tsx:3:1
Module not found: Can't resolve '@/components/cosma/playground'
  1 | import type { Metadata } from "next";
  2 | import { Navigation } from "@/components/navigation";
> 3 | import { CosmaPlayground } from "@/components/cosma/playground";
    | ^^^^^^^^^^^^^^^^^^^^^^^^^^^^^^^^^^^^^^^^^^^^^^^^^^^^^^^^^^^^^^^^
  4 | import { SiteFooter } from "@/components/site-footer";
  5 | import { CoffeeSupportCard } from "@/components/coffee-support-card";
  6 |

Import map: aliased to relative './components/cosma/playground' inside of [project]/

https://nextjs.org/docs/messages/module-not-found @ http://localhost:4200/_next/static/chunks/0aus_next_dist_00tg.dm._.js:1945
[   32381ms] [ERROR] ./app/cosma/page.tsx:3:1
Module not found: Can't resolve '@/components/cosma/playground'
  1 | import type { Metadata } from "next";
  2 | import { Navigation } from "@/components/navigation";
> 3 | import { CosmaPlayground } from "@/components/cosma/playground";
    | ^^^^^^^^^^^^^^^^^^^^^^^^^^^^^^^^^^^^^^^^^^^^^^^^^^^^^^^^^^^^^^^^
  4 | import { SiteFooter } from "@/components/site-footer";
  5 | import { CoffeeSupportCard } from "@/components/coffee-support-card";
  6 |

Import map: aliased to relative './components/cosma/playground' inside of [project]/

https://nextjs.org/docs/messages/module-not-found @ http://localhost:4200/_next/static/chunks/0aus_next_dist_00tg.dm._.js:1945
[   32445ms] [ERROR] ./app/cosma/page.tsx:3:1
Module not found: Can't resolve '@/components/cosma/playground'
  1 | import type { Metadata } from "next";
  2 | import { Navigation } from "@/components/navigation";
> 3 | import { CosmaPlayground } from "@/components/cosma/playground";
    | ^^^^^^^^^^^^^^^^^^^^^^^^^^^^^^^^^^^^^^^^^^^^^^^^^^^^^^^^^^^^^^^^
  4 | import { SiteFooter } from "@/components/site-footer";
  5 | import { CoffeeSupportCard } from "@/components/coffee-support-card";
  6 |

Import map: aliased to relative './components/cosma/playground' inside of [project]/

https://nextjs.org/docs/messages/module-not-found @ http://localhost:4200/_next/static/chunks/0aus_next_dist_00tg.dm._.js:1945
[   32510ms] [ERROR] ./app/cosma/page.tsx:3:1
Module not found: Can't resolve '@/components/cosma/playground'
  1 | import type { Metadata } from "next";
  2 | import { Navigation } from "@/components/navigation";
> 3 | import { CosmaPlayground } from "@/components/cosma/playground";
    | ^^^^^^^^^^^^^^^^^^^^^^^^^^^^^^^^^^^^^^^^^^^^^^^^^^^^^^^^^^^^^^^^
  4 | import { SiteFooter } from "@/components/site-footer";
  5 | import { CoffeeSupportCard } from "@/components/coffee-support-card";
  6 |

Import map: aliased to relative './components/cosma/playground' inside of [project]/

https://nextjs.org/docs/messages/module-not-found @ http://localhost:4200/_next/static/chunks/0aus_next_dist_00tg.dm._.js:1945
[   32574ms] [ERROR] ./app/cosma/page.tsx:3:1
Module not found: Can't resolve '@/components/cosma/playground'
  1 | import type { Metadata } from "next";
  2 | import { Navigation } from "@/components/navigation";
> 3 | import { CosmaPlayground } from "@/components/cosma/playground";
    | ^^^^^^^^^^^^^^^^^^^^^^^^^^^^^^^^^^^^^^^^^^^^^^^^^^^^^^^^^^^^^^^^
  4 | import { SiteFooter } from "@/components/site-footer";
  5 | import { CoffeeSupportCard } from "@/components/coffee-support-card";
  6 |

Import map: aliased to relative './components/cosma/playground' inside of [project]/

https://nextjs.org/docs/messages/module-not-found @ http://localhost:4200/_next/static/chunks/0aus_next_dist_00tg.dm._.js:1945
[   32637ms] [ERROR] ./app/cosma/page.tsx:3:1
Module not found: Can't resolve '@/components/cosma/playground'
  1 | import type { Metadata } from "next";
  2 | import { Navigation } from "@/components/navigation";
> 3 | import { CosmaPlayground } from "@/components/cosma/playground";
    | ^^^^^^^^^^^^^^^^^^^^^^^^^^^^^^^^^^^^^^^^^^^^^^^^^^^^^^^^^^^^^^^^
  4 | import { SiteFooter } from "@/components/site-footer";
  5 | import { CoffeeSupportCard } from "@/components/coffee-support-card";
  6 |

Import map: aliased to relative './components/cosma/playground' inside of [project]/

https://nextjs.org/docs/messages/module-not-found @ http://localhost:4200/_next/static/chunks/0aus_next_dist_00tg.dm._.js:1945
[   32699ms] [ERROR] ./app/cosma/page.tsx:3:1
Module not found: Can't resolve '@/components/cosma/playground'
  1 | import type { Metadata } from "next";
  2 | import { Navigation } from "@/components/navigation";
> 3 | import { CosmaPlayground } from "@/components/cosma/playground";
    | ^^^^^^^^^^^^^^^^^^^^^^^^^^^^^^^^^^^^^^^^^^^^^^^^^^^^^^^^^^^^^^^^
  4 | import { SiteFooter } from "@/components/site-footer";
  5 | import { CoffeeSupportCard } from "@/components/coffee-support-card";
  6 |

Import map: aliased to relative './components/cosma/playground' inside of [project]/

https://nextjs.org/docs/messages/module-not-found @ http://localhost:4200/_next/static/chunks/0aus_next_dist_00tg.dm._.js:1945
[   32760ms] [ERROR] ./app/cosma/page.tsx:3:1
Module not found: Can't resolve '@/components/cosma/playground'
  1 | import type { Metadata } from "next";
  2 | import { Navigation } from "@/components/navigation";
> 3 | import { CosmaPlayground } from "@/components/cosma/playground";
    | ^^^^^^^^^^^^^^^^^^^^^^^^^^^^^^^^^^^^^^^^^^^^^^^^^^^^^^^^^^^^^^^^
  4 | import { SiteFooter } from "@/components/site-footer";
  5 | import { CoffeeSupportCard } from "@/components/coffee-support-card";
  6 |

Import map: aliased to relative './components/cosma/playground' inside of [project]/

https://nextjs.org/docs/messages/module-not-found @ http://localhost:4200/_next/static/chunks/0aus_next_dist_00tg.dm._.js:1945
[   32823ms] [ERROR] ./app/cosma/page.tsx:3:1
Module not found: Can't resolve '@/components/cosma/playground'
  1 | import type { Metadata } from "next";
  2 | import { Navigation } from "@/components/navigation";
> 3 | import { CosmaPlayground } from "@/components/cosma/playground";
    | ^^^^^^^^^^^^^^^^^^^^^^^^^^^^^^^^^^^^^^^^^^^^^^^^^^^^^^^^^^^^^^^^
  4 | import { SiteFooter } from "@/components/site-footer";
  5 | import { CoffeeSupportCard } from "@/components/coffee-support-card";
  6 |

Import map: aliased to relative './components/cosma/playground' inside of [project]/

https://nextjs.org/docs/messages/module-not-found @ http://localhost:4200/_next/static/chunks/0aus_next_dist_00tg.dm._.js:1945
[   32888ms] [ERROR] ./app/cosma/page.tsx:3:1
Module not found: Can't resolve '@/components/cosma/playground'
  1 | import type { Metadata } from "next";
  2 | import { Navigation } from "@/components/navigation";
> 3 | import { CosmaPlayground } from "@/components/cosma/playground";
    | ^^^^^^^^^^^^^^^^^^^^^^^^^^^^^^^^^^^^^^^^^^^^^^^^^^^^^^^^^^^^^^^^
  4 | import { SiteFooter } from "@/components/site-footer";
  5 | import { CoffeeSupportCard } from "@/components/coffee-support-card";
  6 |

Import map: aliased to relative './components/cosma/playground' inside of [project]/

https://nextjs.org/docs/messages/module-not-found @ http://localhost:4200/_next/static/chunks/0aus_next_dist_00tg.dm._.js:1945
[   32950ms] [ERROR] ./app/cosma/page.tsx:3:1
Module not found: Can't resolve '@/components/cosma/playground'
  1 | import type { Metadata } from "next";
  2 | import { Navigation } from "@/components/navigation";
> 3 | import { CosmaPlayground } from "@/components/cosma/playground";
    | ^^^^^^^^^^^^^^^^^^^^^^^^^^^^^^^^^^^^^^^^^^^^^^^^^^^^^^^^^^^^^^^^
  4 | import { SiteFooter } from "@/components/site-footer";
  5 | import { CoffeeSupportCard } from "@/components/coffee-support-card";
  6 |

Import map: aliased to relative './components/cosma/playground' inside of [project]/

https://nextjs.org/docs/messages/module-not-found @ http://localhost:4200/_next/static/chunks/0aus_next_dist_00tg.dm._.js:1945
[   33013ms] [ERROR] ./app/cosma/page.tsx:3:1
Module not found: Can't resolve '@/components/cosma/playground'
  1 | import type { Metadata } from "next";
  2 | import { Navigation } from "@/components/navigation";
> 3 | import { CosmaPlayground } from "@/components/cosma/playground";
    | ^^^^^^^^^^^^^^^^^^^^^^^^^^^^^^^^^^^^^^^^^^^^^^^^^^^^^^^^^^^^^^^^
  4 | import { SiteFooter } from "@/components/site-footer";
  5 | import { CoffeeSupportCard } from "@/components/coffee-support-card";
  6 |

Import map: aliased to relative './components/cosma/playground' inside of [project]/

https://nextjs.org/docs/messages/module-not-found @ http://localhost:4200/_next/static/chunks/0aus_next_dist_00tg.dm._.js:1945
[   33079ms] [ERROR] ./app/cosma/page.tsx:3:1
Module not found: Can't resolve '@/components/cosma/playground'
  1 | import type { Metadata } from "next";
  2 | import { Navigation } from "@/components/navigation";
> 3 | import { CosmaPlayground } from "@/components/cosma/playground";
    | ^^^^^^^^^^^^^^^^^^^^^^^^^^^^^^^^^^^^^^^^^^^^^^^^^^^^^^^^^^^^^^^^
  4 | import { SiteFooter } from "@/components/site-footer";
  5 | import { CoffeeSupportCard } from "@/components/coffee-support-card";
  6 |

Import map: aliased to relative './components/cosma/playground' inside of [project]/

https://nextjs.org/docs/messages/module-not-found @ http://localhost:4200/_next/static/chunks/0aus_next_dist_00tg.dm._.js:1945
[   33140ms] [ERROR] ./app/cosma/page.tsx:3:1
Module not found: Can't resolve '@/components/cosma/playground'
  1 | import type { Metadata } from "next";
  2 | import { Navigation } from "@/components/navigation";
> 3 | import { CosmaPlayground } from "@/components/cosma/playground";
    | ^^^^^^^^^^^^^^^^^^^^^^^^^^^^^^^^^^^^^^^^^^^^^^^^^^^^^^^^^^^^^^^^
  4 | import { SiteFooter } from "@/components/site-footer";
  5 | import { CoffeeSupportCard } from "@/components/coffee-support-card";
  6 |

Import map: aliased to relative './components/cosma/playground' inside of [project]/

https://nextjs.org/docs/messages/module-not-found @ http://localhost:4200/_next/static/chunks/0aus_next_dist_00tg.dm._.js:1945
[   33203ms] [ERROR] ./app/cosma/page.tsx:3:1
Module not found: Can't resolve '@/components/cosma/playground'
  1 | import type { Metadata } from "next";
  2 | import { Navigation } from "@/components/navigation";
> 3 | import { CosmaPlayground } from "@/components/cosma/playground";
    | ^^^^^^^^^^^^^^^^^^^^^^^^^^^^^^^^^^^^^^^^^^^^^^^^^^^^^^^^^^^^^^^^
  4 | import { SiteFooter } from "@/components/site-footer";
  5 | import { CoffeeSupportCard } from "@/components/coffee-support-card";
  6 |

Import map: aliased to relative './components/cosma/playground' inside of [project]/

https://nextjs.org/docs/messages/module-not-found @ http://localhost:4200/_next/static/chunks/0aus_next_dist_00tg.dm._.js:1945
[   33266ms] [ERROR] ./app/cosma/page.tsx:3:1
Module not found: Can't resolve '@/components/cosma/playground'
  1 | import type { Metadata } from "next";
  2 | import { Navigation } from "@/components/navigation";
> 3 | import { CosmaPlayground } from "@/components/cosma/playground";
    | ^^^^^^^^^^^^^^^^^^^^^^^^^^^^^^^^^^^^^^^^^^^^^^^^^^^^^^^^^^^^^^^^
  4 | import { SiteFooter } from "@/components/site-footer";
  5 | import { CoffeeSupportCard } from "@/components/coffee-support-card";
  6 |

Import map: aliased to relative './components/cosma/playground' inside of [project]/

https://nextjs.org/docs/messages/module-not-found @ http://localhost:4200/_next/static/chunks/0aus_next_dist_00tg.dm._.js:1945
[   33331ms] [ERROR] ./app/cosma/page.tsx:3:1
Module not found: Can't resolve '@/components/cosma/playground'
  1 | import type { Metadata } from "next";
  2 | import { Navigation } from "@/components/navigation";
> 3 | import { CosmaPlayground } from "@/components/cosma/playground";
    | ^^^^^^^^^^^^^^^^^^^^^^^^^^^^^^^^^^^^^^^^^^^^^^^^^^^^^^^^^^^^^^^^
  4 | import { SiteFooter } from "@/components/site-footer";
  5 | import { CoffeeSupportCard } from "@/components/coffee-support-card";
  6 |

Import map: aliased to relative './components/cosma/playground' inside of [project]/

https://nextjs.org/docs/messages/module-not-found @ http://localhost:4200/_next/static/chunks/0aus_next_dist_00tg.dm._.js:1945
[   33394ms] [ERROR] ./app/cosma/page.tsx:3:1
Module not found: Can't resolve '@/components/cosma/playground'
  1 | import type { Metadata } from "next";
  2 | import { Navigation } from "@/components/navigation";
> 3 | import { CosmaPlayground } from "@/components/cosma/playground";
    | ^^^^^^^^^^^^^^^^^^^^^^^^^^^^^^^^^^^^^^^^^^^^^^^^^^^^^^^^^^^^^^^^
  4 | import { SiteFooter } from "@/components/site-footer";
  5 | import { CoffeeSupportCard } from "@/components/coffee-support-card";
  6 |

Import map: aliased to relative './components/cosma/playground' inside of [project]/

https://nextjs.org/docs/messages/module-not-found @ http://localhost:4200/_next/static/chunks/0aus_next_dist_00tg.dm._.js:1945
[   33459ms] [ERROR] ./app/cosma/page.tsx:3:1
Module not found: Can't resolve '@/components/cosma/playground'
  1 | import type { Metadata } from "next";
  2 | import { Navigation } from "@/components/navigation";
> 3 | import { CosmaPlayground } from "@/components/cosma/playground";
    | ^^^^^^^^^^^^^^^^^^^^^^^^^^^^^^^^^^^^^^^^^^^^^^^^^^^^^^^^^^^^^^^^
  4 | import { SiteFooter } from "@/components/site-footer";
  5 | import { CoffeeSupportCard } from "@/components/coffee-support-card";
  6 |

Import map: aliased to relative './components/cosma/playground' inside of [project]/

https://nextjs.org/docs/messages/module-not-found @ http://localhost:4200/_next/static/chunks/0aus_next_dist_00tg.dm._.js:1945
[   33521ms] [ERROR] ./app/cosma/page.tsx:3:1
Module not found: Can't resolve '@/components/cosma/playground'
  1 | import type { Metadata } from "next";
  2 | import { Navigation } from "@/components/navigation";
> 3 | import { CosmaPlayground } from "@/components/cosma/playground";
    | ^^^^^^^^^^^^^^^^^^^^^^^^^^^^^^^^^^^^^^^^^^^^^^^^^^^^^^^^^^^^^^^^
  4 | import { SiteFooter } from "@/components/site-footer";
  5 | import { CoffeeSupportCard } from "@/components/coffee-support-card";
  6 |

Import map: aliased to relative './components/cosma/playground' inside of [project]/

https://nextjs.org/docs/messages/module-not-found @ http://localhost:4200/_next/static/chunks/0aus_next_dist_00tg.dm._.js:1945
[   33585ms] [ERROR] ./app/cosma/page.tsx:3:1
Module not found: Can't resolve '@/components/cosma/playground'
  1 | import type { Metadata } from "next";
  2 | import { Navigation } from "@/components/navigation";
> 3 | import { CosmaPlayground } from "@/components/cosma/playground";
    | ^^^^^^^^^^^^^^^^^^^^^^^^^^^^^^^^^^^^^^^^^^^^^^^^^^^^^^^^^^^^^^^^
  4 | import { SiteFooter } from "@/components/site-footer";
  5 | import { CoffeeSupportCard } from "@/components/coffee-support-card";
  6 |

Import map: aliased to relative './components/cosma/playground' inside of [project]/

https://nextjs.org/docs/messages/module-not-found @ http://localhost:4200/_next/static/chunks/0aus_next_dist_00tg.dm._.js:1945
[   33648ms] [ERROR] ./app/cosma/page.tsx:3:1
Module not found: Can't resolve '@/components/cosma/playground'
  1 | import type { Metadata } from "next";
  2 | import { Navigation } from "@/components/navigation";
> 3 | import { CosmaPlayground } from "@/components/cosma/playground";
    | ^^^^^^^^^^^^^^^^^^^^^^^^^^^^^^^^^^^^^^^^^^^^^^^^^^^^^^^^^^^^^^^^
  4 | import { SiteFooter } from "@/components/site-footer";
  5 | import { CoffeeSupportCard } from "@/components/coffee-support-card";
  6 |

Import map: aliased to relative './components/cosma/playground' inside of [project]/

https://nextjs.org/docs/messages/module-not-found @ http://localhost:4200/_next/static/chunks/0aus_next_dist_00tg.dm._.js:1945
[   33712ms] [ERROR] ./app/cosma/page.tsx:3:1
Module not found: Can't resolve '@/components/cosma/playground'
  1 | import type { Metadata } from "next";
  2 | import { Navigation } from "@/components/navigation";
> 3 | import { CosmaPlayground } from "@/components/cosma/playground";
    | ^^^^^^^^^^^^^^^^^^^^^^^^^^^^^^^^^^^^^^^^^^^^^^^^^^^^^^^^^^^^^^^^
  4 | import { SiteFooter } from "@/components/site-footer";
  5 | import { CoffeeSupportCard } from "@/components/coffee-support-card";
  6 |

Import map: aliased to relative './components/cosma/playground' inside of [project]/

https://nextjs.org/docs/messages/module-not-found @ http://localhost:4200/_next/static/chunks/0aus_next_dist_00tg.dm._.js:1945
[   33775ms] [LOG] [Fast Refresh] rebuilding @ http://localhost:4200/_next/static/chunks/0aus_next_dist_00tg.dm._.js:1226
[   33846ms] [ERROR] ./app/cosma/page.tsx:3:1
Module not found: Can't resolve '@/components/cosma/playground'
  1 | import type { Metadata } from "next";
  2 | import { Navigation } from "@/components/navigation";
> 3 | import { CosmaPlayground } from "@/components/cosma/playground";
    | ^^^^^^^^^^^^^^^^^^^^^^^^^^^^^^^^^^^^^^^^^^^^^^^^^^^^^^^^^^^^^^^^
  4 | import { SiteFooter } from "@/components/site-footer";
  5 | import { CoffeeSupportCard } from "@/components/coffee-support-card";
  6 |

Import map: aliased to relative './components/cosma/playground' inside of [project]/

https://nextjs.org/docs/messages/module-not-found @ http://localhost:4200/_next/static/chunks/0aus_next_dist_00tg.dm._.js:1945
[   33908ms] [ERROR] ./app/cosma/page.tsx:3:1
Module not found: Can't resolve '@/components/cosma/playground'
  1 | import type { Metadata } from "next";
  2 | import { Navigation } from "@/components/navigation";
> 3 | import { CosmaPlayground } from "@/components/cosma/playground";
    | ^^^^^^^^^^^^^^^^^^^^^^^^^^^^^^^^^^^^^^^^^^^^^^^^^^^^^^^^^^^^^^^^
  4 | import { SiteFooter } from "@/components/site-footer";
  5 | import { CoffeeSupportCard } from "@/components/coffee-support-card";
  6 |

Import map: aliased to relative './components/cosma/playground' inside of [project]/

https://nextjs.org/docs/messages/module-not-found @ http://localhost:4200/_next/static/chunks/0aus_next_dist_00tg.dm._.js:1945
[   33971ms] [ERROR] ./app/cosma/page.tsx:3:1
Module not found: Can't resolve '@/components/cosma/playground'
  1 | import type { Metadata } from "next";
  2 | import { Navigation } from "@/components/navigation";
> 3 | import { CosmaPlayground } from "@/components/cosma/playground";
    | ^^^^^^^^^^^^^^^^^^^^^^^^^^^^^^^^^^^^^^^^^^^^^^^^^^^^^^^^^^^^^^^^
  4 | import { SiteFooter } from "@/components/site-footer";
  5 | import { CoffeeSupportCard } from "@/components/coffee-support-card";
  6 |

Import map: aliased to relative './components/cosma/playground' inside of [project]/

https://nextjs.org/docs/messages/module-not-found @ http://localhost:4200/_next/static/chunks/0aus_next_dist_00tg.dm._.js:1945
[   34035ms] [ERROR] ./app/cosma/page.tsx:3:1
Module not found: Can't resolve '@/components/cosma/playground'
  1 | import type { Metadata } from "next";
  2 | import { Navigation } from "@/components/navigation";
> 3 | import { CosmaPlayground } from "@/components/cosma/playground";
    | ^^^^^^^^^^^^^^^^^^^^^^^^^^^^^^^^^^^^^^^^^^^^^^^^^^^^^^^^^^^^^^^^
  4 | import { SiteFooter } from "@/components/site-footer";
  5 | import { CoffeeSupportCard } from "@/components/coffee-support-card";
  6 |

Import map: aliased to relative './components/cosma/playground' inside of [project]/

https://nextjs.org/docs/messages/module-not-found @ http://localhost:4200/_next/static/chunks/0aus_next_dist_00tg.dm._.js:1945
[   34099ms] [ERROR] ./app/cosma/page.tsx:3:1
Module not found: Can't resolve '@/components/cosma/playground'
  1 | import type { Metadata } from "next";
  2 | import { Navigation } from "@/components/navigation";
> 3 | import { CosmaPlayground } from "@/components/cosma/playground";
    | ^^^^^^^^^^^^^^^^^^^^^^^^^^^^^^^^^^^^^^^^^^^^^^^^^^^^^^^^^^^^^^^^
  4 | import { SiteFooter } from "@/components/site-footer";
  5 | import { CoffeeSupportCard } from "@/components/coffee-support-card";
  6 |

Import map: aliased to relative './components/cosma/playground' inside of [project]/

https://nextjs.org/docs/messages/module-not-found @ http://localhost:4200/_next/static/chunks/0aus_next_dist_00tg.dm._.js:1945
[   34164ms] [ERROR] ./app/cosma/page.tsx:3:1
Module not found: Can't resolve '@/components/cosma/playground'
  1 | import type { Metadata } from "next";
  2 | import { Navigation } from "@/components/navigation";
> 3 | import { CosmaPlayground } from "@/components/cosma/playground";
    | ^^^^^^^^^^^^^^^^^^^^^^^^^^^^^^^^^^^^^^^^^^^^^^^^^^^^^^^^^^^^^^^^
  4 | import { SiteFooter } from "@/components/site-footer";
  5 | import { CoffeeSupportCard } from "@/components/coffee-support-card";
  6 |

Import map: aliased to relative './components/cosma/playground' inside of [project]/

https://nextjs.org/docs/messages/module-not-found @ http://localhost:4200/_next/static/chunks/0aus_next_dist_00tg.dm._.js:1945
[   34227ms] [ERROR] ./app/cosma/page.tsx:3:1
Module not found: Can't resolve '@/components/cosma/playground'
  1 | import type { Metadata } from "next";
  2 | import { Navigation } from "@/components/navigation";
> 3 | import { CosmaPlayground } from "@/components/cosma/playground";
    | ^^^^^^^^^^^^^^^^^^^^^^^^^^^^^^^^^^^^^^^^^^^^^^^^^^^^^^^^^^^^^^^^
  4 | import { SiteFooter } from "@/components/site-footer";
  5 | import { CoffeeSupportCard } from "@/components/coffee-support-card";
  6 |

Import map: aliased to relative './components/cosma/playground' inside of [project]/

https://nextjs.org/docs/messages/module-not-found @ http://localhost:4200/_next/static/chunks/0aus_next_dist_00tg.dm._.js:1945
[   34291ms] [ERROR] ./app/cosma/page.tsx:3:1
Module not found: Can't resolve '@/components/cosma/playground'
  1 | import type { Metadata } from "next";
  2 | import { Navigation } from "@/components/navigation";
> 3 | import { CosmaPlayground } from "@/components/cosma/playground";
    | ^^^^^^^^^^^^^^^^^^^^^^^^^^^^^^^^^^^^^^^^^^^^^^^^^^^^^^^^^^^^^^^^
  4 | import { SiteFooter } from "@/components/site-footer";
  5 | import { CoffeeSupportCard } from "@/components/coffee-support-card";
  6 |

Import map: aliased to relative './components/cosma/playground' inside of [project]/

https://nextjs.org/docs/messages/module-not-found @ http://localhost:4200/_next/static/chunks/0aus_next_dist_00tg.dm._.js:1945
[   34354ms] [ERROR] ./app/cosma/page.tsx:3:1
Module not found: Can't resolve '@/components/cosma/playground'
  1 | import type { Metadata } from "next";
  2 | import { Navigation } from "@/components/navigation";
> 3 | import { CosmaPlayground } from "@/components/cosma/playground";
    | ^^^^^^^^^^^^^^^^^^^^^^^^^^^^^^^^^^^^^^^^^^^^^^^^^^^^^^^^^^^^^^^^
  4 | import { SiteFooter } from "@/components/site-footer";
  5 | import { CoffeeSupportCard } from "@/components/coffee-support-card";
  6 |

Import map: aliased to relative './components/cosma/playground' inside of [project]/

https://nextjs.org/docs/messages/module-not-found @ http://localhost:4200/_next/static/chunks/0aus_next_dist_00tg.dm._.js:1945
[   34415ms] [ERROR] ./app/cosma/page.tsx:3:1
Module not found: Can't resolve '@/components/cosma/playground'
  1 | import type { Metadata } from "next";
  2 | import { Navigation } from "@/components/navigation";
> 3 | import { CosmaPlayground } from "@/components/cosma/playground";
    | ^^^^^^^^^^^^^^^^^^^^^^^^^^^^^^^^^^^^^^^^^^^^^^^^^^^^^^^^^^^^^^^^
  4 | import { SiteFooter } from "@/components/site-footer";
  5 | import { CoffeeSupportCard } from "@/components/coffee-support-card";
  6 |

Import map: aliased to relative './components/cosma/playground' inside of [project]/

https://nextjs.org/docs/messages/module-not-found @ http://localhost:4200/_next/static/chunks/0aus_next_dist_00tg.dm._.js:1945
[   34481ms] [ERROR] ./app/cosma/page.tsx:3:1
Module not found: Can't resolve '@/components/cosma/playground'
  1 | import type { Metadata } from "next";
  2 | import { Navigation } from "@/components/navigation";
> 3 | import { CosmaPlayground } from "@/components/cosma/playground";
    | ^^^^^^^^^^^^^^^^^^^^^^^^^^^^^^^^^^^^^^^^^^^^^^^^^^^^^^^^^^^^^^^^
  4 | import { SiteFooter } from "@/components/site-footer";
  5 | import { CoffeeSupportCard } from "@/components/coffee-support-card";
  6 |

Import map: aliased to relative './components/cosma/playground' inside of [project]/

https://nextjs.org/docs/messages/module-not-found @ http://localhost:4200/_next/static/chunks/0aus_next_dist_00tg.dm._.js:1945
[   34544ms] [ERROR] ./app/cosma/page.tsx:3:1
Module not found: Can't resolve '@/components/cosma/playground'
  1 | import type { Metadata } from "next";
  2 | import { Navigation } from "@/components/navigation";
> 3 | import { CosmaPlayground } from "@/components/cosma/playground";
    | ^^^^^^^^^^^^^^^^^^^^^^^^^^^^^^^^^^^^^^^^^^^^^^^^^^^^^^^^^^^^^^^^
  4 | import { SiteFooter } from "@/components/site-footer";
  5 | import { CoffeeSupportCard } from "@/components/coffee-support-card";
  6 |

Import map: aliased to relative './components/cosma/playground' inside of [project]/

https://nextjs.org/docs/messages/module-not-found @ http://localhost:4200/_next/static/chunks/0aus_next_dist_00tg.dm._.js:1945
[   34606ms] [ERROR] ./app/cosma/page.tsx:3:1
Module not found: Can't resolve '@/components/cosma/playground'
  1 | import type { Metadata } from "next";
  2 | import { Navigation } from "@/components/navigation";
> 3 | import { CosmaPlayground } from "@/components/cosma/playground";
    | ^^^^^^^^^^^^^^^^^^^^^^^^^^^^^^^^^^^^^^^^^^^^^^^^^^^^^^^^^^^^^^^^
  4 | import { SiteFooter } from "@/components/site-footer";
  5 | import { CoffeeSupportCard } from "@/components/coffee-support-card";
  6 |

Import map: aliased to relative './components/cosma/playground' inside of [project]/

https://nextjs.org/docs/messages/module-not-found @ http://localhost:4200/_next/static/chunks/0aus_next_dist_00tg.dm._.js:1945
[   34670ms] [ERROR] ./app/cosma/page.tsx:3:1
Module not found: Can't resolve '@/components/cosma/playground'
  1 | import type { Metadata } from "next";
  2 | import { Navigation } from "@/components/navigation";
> 3 | import { CosmaPlayground } from "@/components/cosma/playground";
    | ^^^^^^^^^^^^^^^^^^^^^^^^^^^^^^^^^^^^^^^^^^^^^^^^^^^^^^^^^^^^^^^^
  4 | import { SiteFooter } from "@/components/site-footer";
  5 | import { CoffeeSupportCard } from "@/components/coffee-support-card";
  6 |

Import map: aliased to relative './components/cosma/playground' inside of [project]/

https://nextjs.org/docs/messages/module-not-found @ http://localhost:4200/_next/static/chunks/0aus_next_dist_00tg.dm._.js:1945
[   34734ms] [ERROR] ./app/cosma/page.tsx:3:1
Module not found: Can't resolve '@/components/cosma/playground'
  1 | import type { Metadata } from "next";
  2 | import { Navigation } from "@/components/navigation";
> 3 | import { CosmaPlayground } from "@/components/cosma/playground";
    | ^^^^^^^^^^^^^^^^^^^^^^^^^^^^^^^^^^^^^^^^^^^^^^^^^^^^^^^^^^^^^^^^
  4 | import { SiteFooter } from "@/components/site-footer";
  5 | import { CoffeeSupportCard } from "@/components/coffee-support-card";
  6 |

Import map: aliased to relative './components/cosma/playground' inside of [project]/

https://nextjs.org/docs/messages/module-not-found @ http://localhost:4200/_next/static/chunks/0aus_next_dist_00tg.dm._.js:1945
[   34800ms] [ERROR] ./app/cosma/page.tsx:3:1
Module not found: Can't resolve '@/components/cosma/playground'
  1 | import type { Metadata } from "next";
  2 | import { Navigation } from "@/components/navigation";
> 3 | import { CosmaPlayground } from "@/components/cosma/playground";
    | ^^^^^^^^^^^^^^^^^^^^^^^^^^^^^^^^^^^^^^^^^^^^^^^^^^^^^^^^^^^^^^^^
  4 | import { SiteFooter } from "@/components/site-footer";
  5 | import { CoffeeSupportCard } from "@/components/coffee-support-card";
  6 |

Import map: aliased to relative './components/cosma/playground' inside of [project]/

https://nextjs.org/docs/messages/module-not-found @ http://localhost:4200/_next/static/chunks/0aus_next_dist_00tg.dm._.js:1945
[   34865ms] [ERROR] ./app/cosma/page.tsx:3:1
Module not found: Can't resolve '@/components/cosma/playground'
  1 | import type { Metadata } from "next";
  2 | import { Navigation } from "@/components/navigation";
> 3 | import { CosmaPlayground } from "@/components/cosma/playground";
    | ^^^^^^^^^^^^^^^^^^^^^^^^^^^^^^^^^^^^^^^^^^^^^^^^^^^^^^^^^^^^^^^^
  4 | import { SiteFooter } from "@/components/site-footer";
  5 | import { CoffeeSupportCard } from "@/components/coffee-support-card";
  6 |

Import map: aliased to relative './components/cosma/playground' inside of [project]/

https://nextjs.org/docs/messages/module-not-found @ http://localhost:4200/_next/static/chunks/0aus_next_dist_00tg.dm._.js:1945
[   34930ms] [ERROR] ./app/cosma/page.tsx:3:1
Module not found: Can't resolve '@/components/cosma/playground'
  1 | import type { Metadata } from "next";
  2 | import { Navigation } from "@/components/navigation";
> 3 | import { CosmaPlayground } from "@/components/cosma/playground";
    | ^^^^^^^^^^^^^^^^^^^^^^^^^^^^^^^^^^^^^^^^^^^^^^^^^^^^^^^^^^^^^^^^
  4 | import { SiteFooter } from "@/components/site-footer";
  5 | import { CoffeeSupportCard } from "@/components/coffee-support-card";
  6 |

Import map: aliased to relative './components/cosma/playground' inside of [project]/

https://nextjs.org/docs/messages/module-not-found @ http://localhost:4200/_next/static/chunks/0aus_next_dist_00tg.dm._.js:1945
[   34995ms] [ERROR] ./app/cosma/page.tsx:3:1
Module not found: Can't resolve '@/components/cosma/playground'
  1 | import type { Metadata } from "next";
  2 | import { Navigation } from "@/components/navigation";
> 3 | import { CosmaPlayground } from "@/components/cosma/playground";
    | ^^^^^^^^^^^^^^^^^^^^^^^^^^^^^^^^^^^^^^^^^^^^^^^^^^^^^^^^^^^^^^^^
  4 | import { SiteFooter } from "@/components/site-footer";
  5 | import { CoffeeSupportCard } from "@/components/coffee-support-card";
  6 |

Import map: aliased to relative './components/cosma/playground' inside of [project]/

https://nextjs.org/docs/messages/module-not-found @ http://localhost:4200/_next/static/chunks/0aus_next_dist_00tg.dm._.js:1945
[   35059ms] [ERROR] ./app/cosma/page.tsx:3:1
Module not found: Can't resolve '@/components/cosma/playground'
  1 | import type { Metadata } from "next";
  2 | import { Navigation } from "@/components/navigation";
> 3 | import { CosmaPlayground } from "@/components/cosma/playground";
    | ^^^^^^^^^^^^^^^^^^^^^^^^^^^^^^^^^^^^^^^^^^^^^^^^^^^^^^^^^^^^^^^^
  4 | import { SiteFooter } from "@/components/site-footer";
  5 | import { CoffeeSupportCard } from "@/components/coffee-support-card";
  6 |

Import map: aliased to relative './components/cosma/playground' inside of [project]/

https://nextjs.org/docs/messages/module-not-found @ http://localhost:4200/_next/static/chunks/0aus_next_dist_00tg.dm._.js:1945
[   35123ms] [ERROR] ./app/cosma/page.tsx:3:1
Module not found: Can't resolve '@/components/cosma/playground'
  1 | import type { Metadata } from "next";
  2 | import { Navigation } from "@/components/navigation";
> 3 | import { CosmaPlayground } from "@/components/cosma/playground";
    | ^^^^^^^^^^^^^^^^^^^^^^^^^^^^^^^^^^^^^^^^^^^^^^^^^^^^^^^^^^^^^^^^
  4 | import { SiteFooter } from "@/components/site-footer";
  5 | import { CoffeeSupportCard } from "@/components/coffee-support-card";
  6 |

Import map: aliased to relative './components/cosma/playground' inside of [project]/

https://nextjs.org/docs/messages/module-not-found @ http://localhost:4200/_next/static/chunks/0aus_next_dist_00tg.dm._.js:1945
[   35191ms] [ERROR] ./app/cosma/page.tsx:3:1
Module not found: Can't resolve '@/components/cosma/playground'
  1 | import type { Metadata } from "next";
  2 | import { Navigation } from "@/components/navigation";
> 3 | import { CosmaPlayground } from "@/components/cosma/playground";
    | ^^^^^^^^^^^^^^^^^^^^^^^^^^^^^^^^^^^^^^^^^^^^^^^^^^^^^^^^^^^^^^^^
  4 | import { SiteFooter } from "@/components/site-footer";
  5 | import { CoffeeSupportCard } from "@/components/coffee-support-card";
  6 |

Import map: aliased to relative './components/cosma/playground' inside of [project]/

https://nextjs.org/docs/messages/module-not-found @ http://localhost:4200/_next/static/chunks/0aus_next_dist_00tg.dm._.js:1945
[   35253ms] [ERROR] ./app/cosma/page.tsx:3:1
Module not found: Can't resolve '@/components/cosma/playground'
  1 | import type { Metadata } from "next";
  2 | import { Navigation } from "@/components/navigation";
> 3 | import { CosmaPlayground } from "@/components/cosma/playground";
    | ^^^^^^^^^^^^^^^^^^^^^^^^^^^^^^^^^^^^^^^^^^^^^^^^^^^^^^^^^^^^^^^^
  4 | import { SiteFooter } from "@/components/site-footer";
  5 | import { CoffeeSupportCard } from "@/components/coffee-support-card";
  6 |

Import map: aliased to relative './components/cosma/playground' inside of [project]/

https://nextjs.org/docs/messages/module-not-found @ http://localhost:4200/_next/static/chunks/0aus_next_dist_00tg.dm._.js:1945
[   35316ms] [ERROR] ./app/cosma/page.tsx:3:1
Module not found: Can't resolve '@/components/cosma/playground'
  1 | import type { Metadata } from "next";
  2 | import { Navigation } from "@/components/navigation";
> 3 | import { CosmaPlayground } from "@/components/cosma/playground";
    | ^^^^^^^^^^^^^^^^^^^^^^^^^^^^^^^^^^^^^^^^^^^^^^^^^^^^^^^^^^^^^^^^
  4 | import { SiteFooter } from "@/components/site-footer";
  5 | import { CoffeeSupportCard } from "@/components/coffee-support-card";
  6 |

Import map: aliased to relative './components/cosma/playground' inside of [project]/

https://nextjs.org/docs/messages/module-not-found @ http://localhost:4200/_next/static/chunks/0aus_next_dist_00tg.dm._.js:1945
[   35379ms] [ERROR] ./app/cosma/page.tsx:3:1
Module not found: Can't resolve '@/components/cosma/playground'
  1 | import type { Metadata } from "next";
  2 | import { Navigation } from "@/components/navigation";
> 3 | import { CosmaPlayground } from "@/components/cosma/playground";
    | ^^^^^^^^^^^^^^^^^^^^^^^^^^^^^^^^^^^^^^^^^^^^^^^^^^^^^^^^^^^^^^^^
  4 | import { SiteFooter } from "@/components/site-footer";
  5 | import { CoffeeSupportCard } from "@/components/coffee-support-card";
  6 |

Import map: aliased to relative './components/cosma/playground' inside of [project]/

https://nextjs.org/docs/messages/module-not-found @ http://localhost:4200/_next/static/chunks/0aus_next_dist_00tg.dm._.js:1945
[   35443ms] [ERROR] ./app/cosma/page.tsx:3:1
Module not found: Can't resolve '@/components/cosma/playground'
  1 | import type { Metadata } from "next";
  2 | import { Navigation } from "@/components/navigation";
> 3 | import { CosmaPlayground } from "@/components/cosma/playground";
    | ^^^^^^^^^^^^^^^^^^^^^^^^^^^^^^^^^^^^^^^^^^^^^^^^^^^^^^^^^^^^^^^^
  4 | import { SiteFooter } from "@/components/site-footer";
  5 | import { CoffeeSupportCard } from "@/components/coffee-support-card";
  6 |

Import map: aliased to relative './components/cosma/playground' inside of [project]/

https://nextjs.org/docs/messages/module-not-found @ http://localhost:4200/_next/static/chunks/0aus_next_dist_00tg.dm._.js:1945
[   35507ms] [ERROR] ./app/cosma/page.tsx:3:1
Module not found: Can't resolve '@/components/cosma/playground'
  1 | import type { Metadata } from "next";
  2 | import { Navigation } from "@/components/navigation";
> 3 | import { CosmaPlayground } from "@/components/cosma/playground";
    | ^^^^^^^^^^^^^^^^^^^^^^^^^^^^^^^^^^^^^^^^^^^^^^^^^^^^^^^^^^^^^^^^
  4 | import { SiteFooter } from "@/components/site-footer";
  5 | import { CoffeeSupportCard } from "@/components/coffee-support-card";
  6 |

Import map: aliased to relative './components/cosma/playground' inside of [project]/

https://nextjs.org/docs/messages/module-not-found @ http://localhost:4200/_next/static/chunks/0aus_next_dist_00tg.dm._.js:1945
[   35571ms] [ERROR] ./app/cosma/page.tsx:3:1
Module not found: Can't resolve '@/components/cosma/playground'
  1 | import type { Metadata } from "next";
  2 | import { Navigation } from "@/components/navigation";
> 3 | import { CosmaPlayground } from "@/components/cosma/playground";
    | ^^^^^^^^^^^^^^^^^^^^^^^^^^^^^^^^^^^^^^^^^^^^^^^^^^^^^^^^^^^^^^^^
  4 | import { SiteFooter } from "@/components/site-footer";
  5 | import { CoffeeSupportCard } from "@/components/coffee-support-card";
  6 |

Import map: aliased to relative './components/cosma/playground' inside of [project]/

https://nextjs.org/docs/messages/module-not-found @ http://localhost:4200/_next/static/chunks/0aus_next_dist_00tg.dm._.js:1945
[   35634ms] [ERROR] ./app/cosma/page.tsx:3:1
Module not found: Can't resolve '@/components/cosma/playground'
  1 | import type { Metadata } from "next";
  2 | import { Navigation } from "@/components/navigation";
> 3 | import { CosmaPlayground } from "@/components/cosma/playground";
    | ^^^^^^^^^^^^^^^^^^^^^^^^^^^^^^^^^^^^^^^^^^^^^^^^^^^^^^^^^^^^^^^^
  4 | import { SiteFooter } from "@/components/site-footer";
  5 | import { CoffeeSupportCard } from "@/components/coffee-support-card";
  6 |

Import map: aliased to relative './components/cosma/playground' inside of [project]/

https://nextjs.org/docs/messages/module-not-found @ http://localhost:4200/_next/static/chunks/0aus_next_dist_00tg.dm._.js:1945
[   35697ms] [ERROR] ./app/cosma/page.tsx:3:1
Module not found: Can't resolve '@/components/cosma/playground'
  1 | import type { Metadata } from "next";
  2 | import { Navigation } from "@/components/navigation";
> 3 | import { CosmaPlayground } from "@/components/cosma/playground";
    | ^^^^^^^^^^^^^^^^^^^^^^^^^^^^^^^^^^^^^^^^^^^^^^^^^^^^^^^^^^^^^^^^
  4 | import { SiteFooter } from "@/components/site-footer";
  5 | import { CoffeeSupportCard } from "@/components/coffee-support-card";
  6 |

Import map: aliased to relative './components/cosma/playground' inside of [project]/

https://nextjs.org/docs/messages/module-not-found @ http://localhost:4200/_next/static/chunks/0aus_next_dist_00tg.dm._.js:1945
[   35759ms] [ERROR] ./app/cosma/page.tsx:3:1
Module not found: Can't resolve '@/components/cosma/playground'
  1 | import type { Metadata } from "next";
  2 | import { Navigation } from "@/components/navigation";
> 3 | import { CosmaPlayground } from "@/components/cosma/playground";
    | ^^^^^^^^^^^^^^^^^^^^^^^^^^^^^^^^^^^^^^^^^^^^^^^^^^^^^^^^^^^^^^^^
  4 | import { SiteFooter } from "@/components/site-footer";
  5 | import { CoffeeSupportCard } from "@/components/coffee-support-card";
  6 |

Import map: aliased to relative './components/cosma/playground' inside of [project]/

https://nextjs.org/docs/messages/module-not-found @ http://localhost:4200/_next/static/chunks/0aus_next_dist_00tg.dm._.js:1945
[   35823ms] [ERROR] ./app/cosma/page.tsx:3:1
Module not found: Can't resolve '@/components/cosma/playground'
  1 | import type { Metadata } from "next";
  2 | import { Navigation } from "@/components/navigation";
> 3 | import { CosmaPlayground } from "@/components/cosma/playground";
    | ^^^^^^^^^^^^^^^^^^^^^^^^^^^^^^^^^^^^^^^^^^^^^^^^^^^^^^^^^^^^^^^^
  4 | import { SiteFooter } from "@/components/site-footer";
  5 | import { CoffeeSupportCard } from "@/components/coffee-support-card";
  6 |

Import map: aliased to relative './components/cosma/playground' inside of [project]/

https://nextjs.org/docs/messages/module-not-found @ http://localhost:4200/_next/static/chunks/0aus_next_dist_00tg.dm._.js:1945
[   35887ms] [ERROR] ./app/cosma/page.tsx:3:1
Module not found: Can't resolve '@/components/cosma/playground'
  1 | import type { Metadata } from "next";
  2 | import { Navigation } from "@/components/navigation";
> 3 | import { CosmaPlayground } from "@/components/cosma/playground";
    | ^^^^^^^^^^^^^^^^^^^^^^^^^^^^^^^^^^^^^^^^^^^^^^^^^^^^^^^^^^^^^^^^
  4 | import { SiteFooter } from "@/components/site-footer";
  5 | import { CoffeeSupportCard } from "@/components/coffee-support-card";
  6 |

Import map: aliased to relative './components/cosma/playground' inside of [project]/

https://nextjs.org/docs/messages/module-not-found @ http://localhost:4200/_next/static/chunks/0aus_next_dist_00tg.dm._.js:1945
[   35953ms] [ERROR] ./app/cosma/page.tsx:3:1
Module not found: Can't resolve '@/components/cosma/playground'
  1 | import type { Metadata } from "next";
  2 | import { Navigation } from "@/components/navigation";
> 3 | import { CosmaPlayground } from "@/components/cosma/playground";
    | ^^^^^^^^^^^^^^^^^^^^^^^^^^^^^^^^^^^^^^^^^^^^^^^^^^^^^^^^^^^^^^^^
  4 | import { SiteFooter } from "@/components/site-footer";
  5 | import { CoffeeSupportCard } from "@/components/coffee-support-card";
  6 |

Import map: aliased to relative './components/cosma/playground' inside of [project]/

https://nextjs.org/docs/messages/module-not-found @ http://localhost:4200/_next/static/chunks/0aus_next_dist_00tg.dm._.js:1945
[   36019ms] [ERROR] ./app/cosma/page.tsx:3:1
Module not found: Can't resolve '@/components/cosma/playground'
  1 | import type { Metadata } from "next";
  2 | import { Navigation } from "@/components/navigation";
> 3 | import { CosmaPlayground } from "@/components/cosma/playground";
    | ^^^^^^^^^^^^^^^^^^^^^^^^^^^^^^^^^^^^^^^^^^^^^^^^^^^^^^^^^^^^^^^^
  4 | import { SiteFooter } from "@/components/site-footer";
  5 | import { CoffeeSupportCard } from "@/components/coffee-support-card";
  6 |

Import map: aliased to relative './components/cosma/playground' inside of [project]/

https://nextjs.org/docs/messages/module-not-found @ http://localhost:4200/_next/static/chunks/0aus_next_dist_00tg.dm._.js:1945
[   36085ms] [ERROR] ./app/cosma/page.tsx:3:1
Module not found: Can't resolve '@/components/cosma/playground'
  1 | import type { Metadata } from "next";
  2 | import { Navigation } from "@/components/navigation";
> 3 | import { CosmaPlayground } from "@/components/cosma/playground";
    | ^^^^^^^^^^^^^^^^^^^^^^^^^^^^^^^^^^^^^^^^^^^^^^^^^^^^^^^^^^^^^^^^
  4 | import { SiteFooter } from "@/components/site-footer";
  5 | import { CoffeeSupportCard } from "@/components/coffee-support-card";
  6 |

Import map: aliased to relative './components/cosma/playground' inside of [project]/

https://nextjs.org/docs/messages/module-not-found @ http://localhost:4200/_next/static/chunks/0aus_next_dist_00tg.dm._.js:1945
[   36147ms] [ERROR] ./app/cosma/page.tsx:3:1
Module not found: Can't resolve '@/components/cosma/playground'
  1 | import type { Metadata } from "next";
  2 | import { Navigation } from "@/components/navigation";
> 3 | import { CosmaPlayground } from "@/components/cosma/playground";
    | ^^^^^^^^^^^^^^^^^^^^^^^^^^^^^^^^^^^^^^^^^^^^^^^^^^^^^^^^^^^^^^^^
  4 | import { SiteFooter } from "@/components/site-footer";
  5 | import { CoffeeSupportCard } from "@/components/coffee-support-card";
  6 |

Import map: aliased to relative './components/cosma/playground' inside of [project]/

https://nextjs.org/docs/messages/module-not-found @ http://localhost:4200/_next/static/chunks/0aus_next_dist_00tg.dm._.js:1945
[   36211ms] [ERROR] ./app/cosma/page.tsx:3:1
Module not found: Can't resolve '@/components/cosma/playground'
  1 | import type { Metadata } from "next";
  2 | import { Navigation } from "@/components/navigation";
> 3 | import { CosmaPlayground } from "@/components/cosma/playground";
    | ^^^^^^^^^^^^^^^^^^^^^^^^^^^^^^^^^^^^^^^^^^^^^^^^^^^^^^^^^^^^^^^^
  4 | import { SiteFooter } from "@/components/site-footer";
  5 | import { CoffeeSupportCard } from "@/components/coffee-support-card";
  6 |

Import map: aliased to relative './components/cosma/playground' inside of [project]/

https://nextjs.org/docs/messages/module-not-found @ http://localhost:4200/_next/static/chunks/0aus_next_dist_00tg.dm._.js:1945
[   36275ms] [ERROR] ./app/cosma/page.tsx:3:1
Module not found: Can't resolve '@/components/cosma/playground'
  1 | import type { Metadata } from "next";
  2 | import { Navigation } from "@/components/navigation";
> 3 | import { CosmaPlayground } from "@/components/cosma/playground";
    | ^^^^^^^^^^^^^^^^^^^^^^^^^^^^^^^^^^^^^^^^^^^^^^^^^^^^^^^^^^^^^^^^
  4 | import { SiteFooter } from "@/components/site-footer";
  5 | import { CoffeeSupportCard } from "@/components/coffee-support-card";
  6 |

Import map: aliased to relative './components/cosma/playground' inside of [project]/

https://nextjs.org/docs/messages/module-not-found @ http://localhost:4200/_next/static/chunks/0aus_next_dist_00tg.dm._.js:1945
[   36336ms] [ERROR] ./app/cosma/page.tsx:3:1
Module not found: Can't resolve '@/components/cosma/playground'
  1 | import type { Metadata } from "next";
  2 | import { Navigation } from "@/components/navigation";
> 3 | import { CosmaPlayground } from "@/components/cosma/playground";
    | ^^^^^^^^^^^^^^^^^^^^^^^^^^^^^^^^^^^^^^^^^^^^^^^^^^^^^^^^^^^^^^^^
  4 | import { SiteFooter } from "@/components/site-footer";
  5 | import { CoffeeSupportCard } from "@/components/coffee-support-card";
  6 |

Import map: aliased to relative './components/cosma/playground' inside of [project]/

https://nextjs.org/docs/messages/module-not-found @ http://localhost:4200/_next/static/chunks/0aus_next_dist_00tg.dm._.js:1945
[   36414ms] [ERROR] ./app/cosma/page.tsx:3:1
Module not found: Can't resolve '@/components/cosma/playground'
  1 | import type { Metadata } from "next";
  2 | import { Navigation } from "@/components/navigation";
> 3 | import { CosmaPlayground } from "@/components/cosma/playground";
    | ^^^^^^^^^^^^^^^^^^^^^^^^^^^^^^^^^^^^^^^^^^^^^^^^^^^^^^^^^^^^^^^^
  4 | import { SiteFooter } from "@/components/site-footer";
  5 | import { CoffeeSupportCard } from "@/components/coffee-support-card";
  6 |

Import map: aliased to relative './components/cosma/playground' inside of [project]/

https://nextjs.org/docs/messages/module-not-found @ http://localhost:4200/_next/static/chunks/0aus_next_dist_00tg.dm._.js:1945
[   36462ms] [LOG] [Fast Refresh] rebuilding @ http://localhost:4200/_next/static/chunks/0aus_next_dist_00tg.dm._.js:1226
[   36554ms] [ERROR] ./app/cosma/page.tsx:3:1
Module not found: Can't resolve '@/components/cosma/playground'
  1 | import type { Metadata } from "next";
  2 | import { Navigation } from "@/components/navigation";
> 3 | import { CosmaPlayground } from "@/components/cosma/playground";
    | ^^^^^^^^^^^^^^^^^^^^^^^^^^^^^^^^^^^^^^^^^^^^^^^^^^^^^^^^^^^^^^^^
  4 | import { SiteFooter } from "@/components/site-footer";
  5 | import { CoffeeSupportCard } from "@/components/coffee-support-card";
  6 |

Import map: aliased to relative './components/cosma/playground' inside of [project]/

https://nextjs.org/docs/messages/module-not-found @ http://localhost:4200/_next/static/chunks/0aus_next_dist_00tg.dm._.js:1945
[   36616ms] [ERROR] ./app/cosma/page.tsx:3:1
Module not found: Can't resolve '@/components/cosma/playground'
  1 | import type { Metadata } from "next";
  2 | import { Navigation } from "@/components/navigation";
> 3 | import { CosmaPlayground } from "@/components/cosma/playground";
    | ^^^^^^^^^^^^^^^^^^^^^^^^^^^^^^^^^^^^^^^^^^^^^^^^^^^^^^^^^^^^^^^^
  4 | import { SiteFooter } from "@/components/site-footer";
  5 | import { CoffeeSupportCard } from "@/components/coffee-support-card";
  6 |

Import map: aliased to relative './components/cosma/playground' inside of [project]/

https://nextjs.org/docs/messages/module-not-found @ http://localhost:4200/_next/static/chunks/0aus_next_dist_00tg.dm._.js:1945
[   36679ms] [ERROR] ./app/cosma/page.tsx:3:1
Module not found: Can't resolve '@/components/cosma/playground'
  1 | import type { Metadata } from "next";
  2 | import { Navigation } from "@/components/navigation";
> 3 | import { CosmaPlayground } from "@/components/cosma/playground";
    | ^^^^^^^^^^^^^^^^^^^^^^^^^^^^^^^^^^^^^^^^^^^^^^^^^^^^^^^^^^^^^^^^
  4 | import { SiteFooter } from "@/components/site-footer";
  5 | import { CoffeeSupportCard } from "@/components/coffee-support-card";
  6 |

Import map: aliased to relative './components/cosma/playground' inside of [project]/

https://nextjs.org/docs/messages/module-not-found @ http://localhost:4200/_next/static/chunks/0aus_next_dist_00tg.dm._.js:1945
[   36742ms] [ERROR] ./app/cosma/page.tsx:3:1
Module not found: Can't resolve '@/components/cosma/playground'
  1 | import type { Metadata } from "next";
  2 | import { Navigation } from "@/components/navigation";
> 3 | import { CosmaPlayground } from "@/components/cosma/playground";
    | ^^^^^^^^^^^^^^^^^^^^^^^^^^^^^^^^^^^^^^^^^^^^^^^^^^^^^^^^^^^^^^^^
  4 | import { SiteFooter } from "@/components/site-footer";
  5 | import { CoffeeSupportCard } from "@/components/coffee-support-card";
  6 |

Import map: aliased to relative './components/cosma/playground' inside of [project]/

https://nextjs.org/docs/messages/module-not-found @ http://localhost:4200/_next/static/chunks/0aus_next_dist_00tg.dm._.js:1945
[   36806ms] [ERROR] ./app/cosma/page.tsx:3:1
Module not found: Can't resolve '@/components/cosma/playground'
  1 | import type { Metadata } from "next";
  2 | import { Navigation } from "@/components/navigation";
> 3 | import { CosmaPlayground } from "@/components/cosma/playground";
    | ^^^^^^^^^^^^^^^^^^^^^^^^^^^^^^^^^^^^^^^^^^^^^^^^^^^^^^^^^^^^^^^^
  4 | import { SiteFooter } from "@/components/site-footer";
  5 | import { CoffeeSupportCard } from "@/components/coffee-support-card";
  6 |

Import map: aliased to relative './components/cosma/playground' inside of [project]/

https://nextjs.org/docs/messages/module-not-found @ http://localhost:4200/_next/static/chunks/0aus_next_dist_00tg.dm._.js:1945
[   36871ms] [ERROR] ./app/cosma/page.tsx:3:1
Module not found: Can't resolve '@/components/cosma/playground'
  1 | import type { Metadata } from "next";
  2 | import { Navigation } from "@/components/navigation";
> 3 | import { CosmaPlayground } from "@/components/cosma/playground";
    | ^^^^^^^^^^^^^^^^^^^^^^^^^^^^^^^^^^^^^^^^^^^^^^^^^^^^^^^^^^^^^^^^
  4 | import { SiteFooter } from "@/components/site-footer";
  5 | import { CoffeeSupportCard } from "@/components/coffee-support-card";
  6 |

Import map: aliased to relative './components/cosma/playground' inside of [project]/

https://nextjs.org/docs/messages/module-not-found @ http://localhost:4200/_next/static/chunks/0aus_next_dist_00tg.dm._.js:1945
[   36933ms] [ERROR] ./app/cosma/page.tsx:3:1
Module not found: Can't resolve '@/components/cosma/playground'
  1 | import type { Metadata } from "next";
  2 | import { Navigation } from "@/components/navigation";
> 3 | import { CosmaPlayground } from "@/components/cosma/playground";
    | ^^^^^^^^^^^^^^^^^^^^^^^^^^^^^^^^^^^^^^^^^^^^^^^^^^^^^^^^^^^^^^^^
  4 | import { SiteFooter } from "@/components/site-footer";
  5 | import { CoffeeSupportCard } from "@/components/coffee-support-card";
  6 |

Import map: aliased to relative './components/cosma/playground' inside of [project]/

https://nextjs.org/docs/messages/module-not-found @ http://localhost:4200/_next/static/chunks/0aus_next_dist_00tg.dm._.js:1945
[   36995ms] [ERROR] ./app/cosma/page.tsx:3:1
Module not found: Can't resolve '@/components/cosma/playground'
  1 | import type { Metadata } from "next";
  2 | import { Navigation } from "@/components/navigation";
> 3 | import { CosmaPlayground } from "@/components/cosma/playground";
    | ^^^^^^^^^^^^^^^^^^^^^^^^^^^^^^^^^^^^^^^^^^^^^^^^^^^^^^^^^^^^^^^^
  4 | import { SiteFooter } from "@/components/site-footer";
  5 | import { CoffeeSupportCard } from "@/components/coffee-support-card";
  6 |

Import map: aliased to relative './components/cosma/playground' inside of [project]/

https://nextjs.org/docs/messages/module-not-found @ http://localhost:4200/_next/static/chunks/0aus_next_dist_00tg.dm._.js:1945
[   37058ms] [ERROR] ./app/cosma/page.tsx:3:1
Module not found: Can't resolve '@/components/cosma/playground'
  1 | import type { Metadata } from "next";
  2 | import { Navigation } from "@/components/navigation";
> 3 | import { CosmaPlayground } from "@/components/cosma/playground";
    | ^^^^^^^^^^^^^^^^^^^^^^^^^^^^^^^^^^^^^^^^^^^^^^^^^^^^^^^^^^^^^^^^
  4 | import { SiteFooter } from "@/components/site-footer";
  5 | import { CoffeeSupportCard } from "@/components/coffee-support-card";
  6 |

Import map: aliased to relative './components/cosma/playground' inside of [project]/

https://nextjs.org/docs/messages/module-not-found @ http://localhost:4200/_next/static/chunks/0aus_next_dist_00tg.dm._.js:1945
[   37121ms] [ERROR] ./app/cosma/page.tsx:3:1
Module not found: Can't resolve '@/components/cosma/playground'
  1 | import type { Metadata } from "next";
  2 | import { Navigation } from "@/components/navigation";
> 3 | import { CosmaPlayground } from "@/components/cosma/playground";
    | ^^^^^^^^^^^^^^^^^^^^^^^^^^^^^^^^^^^^^^^^^^^^^^^^^^^^^^^^^^^^^^^^
  4 | import { SiteFooter } from "@/components/site-footer";
  5 | import { CoffeeSupportCard } from "@/components/coffee-support-card";
  6 |

Import map: aliased to relative './components/cosma/playground' inside of [project]/

https://nextjs.org/docs/messages/module-not-found @ http://localhost:4200/_next/static/chunks/0aus_next_dist_00tg.dm._.js:1945
[   37185ms] [ERROR] ./app/cosma/page.tsx:3:1
Module not found: Can't resolve '@/components/cosma/playground'
  1 | import type { Metadata } from "next";
  2 | import { Navigation } from "@/components/navigation";
> 3 | import { CosmaPlayground } from "@/components/cosma/playground";
    | ^^^^^^^^^^^^^^^^^^^^^^^^^^^^^^^^^^^^^^^^^^^^^^^^^^^^^^^^^^^^^^^^
  4 | import { SiteFooter } from "@/components/site-footer";
  5 | import { CoffeeSupportCard } from "@/components/coffee-support-card";
  6 |

Import map: aliased to relative './components/cosma/playground' inside of [project]/

https://nextjs.org/docs/messages/module-not-found @ http://localhost:4200/_next/static/chunks/0aus_next_dist_00tg.dm._.js:1945
[   37249ms] [ERROR] ./app/cosma/page.tsx:3:1
Module not found: Can't resolve '@/components/cosma/playground'
  1 | import type { Metadata } from "next";
  2 | import { Navigation } from "@/components/navigation";
> 3 | import { CosmaPlayground } from "@/components/cosma/playground";
    | ^^^^^^^^^^^^^^^^^^^^^^^^^^^^^^^^^^^^^^^^^^^^^^^^^^^^^^^^^^^^^^^^
  4 | import { SiteFooter } from "@/components/site-footer";
  5 | import { CoffeeSupportCard } from "@/components/coffee-support-card";
  6 |

Import map: aliased to relative './components/cosma/playground' inside of [project]/

https://nextjs.org/docs/messages/module-not-found @ http://localhost:4200/_next/static/chunks/0aus_next_dist_00tg.dm._.js:1945
[   37312ms] [ERROR] ./app/cosma/page.tsx:3:1
Module not found: Can't resolve '@/components/cosma/playground'
  1 | import type { Metadata } from "next";
  2 | import { Navigation } from "@/components/navigation";
> 3 | import { CosmaPlayground } from "@/components/cosma/playground";
    | ^^^^^^^^^^^^^^^^^^^^^^^^^^^^^^^^^^^^^^^^^^^^^^^^^^^^^^^^^^^^^^^^
  4 | import { SiteFooter } from "@/components/site-footer";
  5 | import { CoffeeSupportCard } from "@/components/coffee-support-card";
  6 |

Import map: aliased to relative './components/cosma/playground' inside of [project]/

https://nextjs.org/docs/messages/module-not-found @ http://localhost:4200/_next/static/chunks/0aus_next_dist_00tg.dm._.js:1945
[   37374ms] [ERROR] ./app/cosma/page.tsx:3:1
Module not found: Can't resolve '@/components/cosma/playground'
  1 | import type { Metadata } from "next";
  2 | import { Navigation } from "@/components/navigation";
> 3 | import { CosmaPlayground } from "@/components/cosma/playground";
    | ^^^^^^^^^^^^^^^^^^^^^^^^^^^^^^^^^^^^^^^^^^^^^^^^^^^^^^^^^^^^^^^^
  4 | import { SiteFooter } from "@/components/site-footer";
  5 | import { CoffeeSupportCard } from "@/components/coffee-support-card";
  6 |

Import map: aliased to relative './components/cosma/playground' inside of [project]/

https://nextjs.org/docs/messages/module-not-found @ http://localhost:4200/_next/static/chunks/0aus_next_dist_00tg.dm._.js:1945
[   37437ms] [ERROR] ./app/cosma/page.tsx:3:1
Module not found: Can't resolve '@/components/cosma/playground'
  1 | import type { Metadata } from "next";
  2 | import { Navigation } from "@/components/navigation";
> 3 | import { CosmaPlayground } from "@/components/cosma/playground";
    | ^^^^^^^^^^^^^^^^^^^^^^^^^^^^^^^^^^^^^^^^^^^^^^^^^^^^^^^^^^^^^^^^
  4 | import { SiteFooter } from "@/components/site-footer";
  5 | import { CoffeeSupportCard } from "@/components/coffee-support-card";
  6 |

Import map: aliased to relative './components/cosma/playground' inside of [project]/

https://nextjs.org/docs/messages/module-not-found @ http://localhost:4200/_next/static/chunks/0aus_next_dist_00tg.dm._.js:1945
[   37500ms] [ERROR] ./app/cosma/page.tsx:3:1
Module not found: Can't resolve '@/components/cosma/playground'
  1 | import type { Metadata } from "next";
  2 | import { Navigation } from "@/components/navigation";
> 3 | import { CosmaPlayground } from "@/components/cosma/playground";
    | ^^^^^^^^^^^^^^^^^^^^^^^^^^^^^^^^^^^^^^^^^^^^^^^^^^^^^^^^^^^^^^^^
  4 | import { SiteFooter } from "@/components/site-footer";
  5 | import { CoffeeSupportCard } from "@/components/coffee-support-card";
  6 |

Import map: aliased to relative './components/cosma/playground' inside of [project]/

https://nextjs.org/docs/messages/module-not-found @ http://localhost:4200/_next/static/chunks/0aus_next_dist_00tg.dm._.js:1945
[   37563ms] [ERROR] ./app/cosma/page.tsx:3:1
Module not found: Can't resolve '@/components/cosma/playground'
  1 | import type { Metadata } from "next";
  2 | import { Navigation } from "@/components/navigation";
> 3 | import { CosmaPlayground } from "@/components/cosma/playground";
    | ^^^^^^^^^^^^^^^^^^^^^^^^^^^^^^^^^^^^^^^^^^^^^^^^^^^^^^^^^^^^^^^^
  4 | import { SiteFooter } from "@/components/site-footer";
  5 | import { CoffeeSupportCard } from "@/components/coffee-support-card";
  6 |

Import map: aliased to relative './components/cosma/playground' inside of [project]/

https://nextjs.org/docs/messages/module-not-found @ http://localhost:4200/_next/static/chunks/0aus_next_dist_00tg.dm._.js:1945
[   37625ms] [ERROR] ./app/cosma/page.tsx:3:1
Module not found: Can't resolve '@/components/cosma/playground'
  1 | import type { Metadata } from "next";
  2 | import { Navigation } from "@/components/navigation";
> 3 | import { CosmaPlayground } from "@/components/cosma/playground";
    | ^^^^^^^^^^^^^^^^^^^^^^^^^^^^^^^^^^^^^^^^^^^^^^^^^^^^^^^^^^^^^^^^
  4 | import { SiteFooter } from "@/components/site-footer";
  5 | import { CoffeeSupportCard } from "@/components/coffee-support-card";
  6 |

Import map: aliased to relative './components/cosma/playground' inside of [project]/

https://nextjs.org/docs/messages/module-not-found @ http://localhost:4200/_next/static/chunks/0aus_next_dist_00tg.dm._.js:1945
[   37688ms] [ERROR] ./app/cosma/page.tsx:3:1
Module not found: Can't resolve '@/components/cosma/playground'
  1 | import type { Metadata } from "next";
  2 | import { Navigation } from "@/components/navigation";
> 3 | import { CosmaPlayground } from "@/components/cosma/playground";
    | ^^^^^^^^^^^^^^^^^^^^^^^^^^^^^^^^^^^^^^^^^^^^^^^^^^^^^^^^^^^^^^^^
  4 | import { SiteFooter } from "@/components/site-footer";
  5 | import { CoffeeSupportCard } from "@/components/coffee-support-card";
  6 |

Import map: aliased to relative './components/cosma/playground' inside of [project]/

https://nextjs.org/docs/messages/module-not-found @ http://localhost:4200/_next/static/chunks/0aus_next_dist_00tg.dm._.js:1945
[   37753ms] [ERROR] ./app/cosma/page.tsx:3:1
Module not found: Can't resolve '@/components/cosma/playground'
  1 | import type { Metadata } from "next";
  2 | import { Navigation } from "@/components/navigation";
> 3 | import { CosmaPlayground } from "@/components/cosma/playground";
    | ^^^^^^^^^^^^^^^^^^^^^^^^^^^^^^^^^^^^^^^^^^^^^^^^^^^^^^^^^^^^^^^^
  4 | import { SiteFooter } from "@/components/site-footer";
  5 | import { CoffeeSupportCard } from "@/components/coffee-support-card";
  6 |

Import map: aliased to relative './components/cosma/playground' inside of [project]/

https://nextjs.org/docs/messages/module-not-found @ http://localhost:4200/_next/static/chunks/0aus_next_dist_00tg.dm._.js:1945
[   37816ms] [ERROR] ./app/cosma/page.tsx:3:1
Module not found: Can't resolve '@/components/cosma/playground'
  1 | import type { Metadata } from "next";
  2 | import { Navigation } from "@/components/navigation";
> 3 | import { CosmaPlayground } from "@/components/cosma/playground";
    | ^^^^^^^^^^^^^^^^^^^^^^^^^^^^^^^^^^^^^^^^^^^^^^^^^^^^^^^^^^^^^^^^
  4 | import { SiteFooter } from "@/components/site-footer";
  5 | import { CoffeeSupportCard } from "@/components/coffee-support-card";
  6 |

Import map: aliased to relative './components/cosma/playground' inside of [project]/

https://nextjs.org/docs/messages/module-not-found @ http://localhost:4200/_next/static/chunks/0aus_next_dist_00tg.dm._.js:1945
[   37871ms] [ERROR] ./app/cosma/page.tsx:3:1
Module not found: Can't resolve '@/components/cosma/playground'
  1 | import type { Metadata } from "next";
  2 | import { Navigation } from "@/components/navigation";
> 3 | import { CosmaPlayground } from "@/components/cosma/playground";
    | ^^^^^^^^^^^^^^^^^^^^^^^^^^^^^^^^^^^^^^^^^^^^^^^^^^^^^^^^^^^^^^^^
  4 | import { SiteFooter } from "@/components/site-footer";
  5 | import { CoffeeSupportCard } from "@/components/coffee-support-card";
  6 |

Import map: aliased to relative './components/cosma/playground' inside of [project]/

https://nextjs.org/docs/messages/module-not-found @ http://localhost:4200/_next/static/chunks/0aus_next_dist_00tg.dm._.js:1945
[   37933ms] [ERROR] ./app/cosma/page.tsx:3:1
Module not found: Can't resolve '@/components/cosma/playground'
  1 | import type { Metadata } from "next";
  2 | import { Navigation } from "@/components/navigation";
> 3 | import { CosmaPlayground } from "@/components/cosma/playground";
    | ^^^^^^^^^^^^^^^^^^^^^^^^^^^^^^^^^^^^^^^^^^^^^^^^^^^^^^^^^^^^^^^^
  4 | import { SiteFooter } from "@/components/site-footer";
  5 | import { CoffeeSupportCard } from "@/components/coffee-support-card";
  6 |

Import map: aliased to relative './components/cosma/playground' inside of [project]/

https://nextjs.org/docs/messages/module-not-found @ http://localhost:4200/_next/static/chunks/0aus_next_dist_00tg.dm._.js:1945
[   37997ms] [ERROR] ./app/cosma/page.tsx:3:1
Module not found: Can't resolve '@/components/cosma/playground'
  1 | import type { Metadata } from "next";
  2 | import { Navigation } from "@/components/navigation";
> 3 | import { CosmaPlayground } from "@/components/cosma/playground";
    | ^^^^^^^^^^^^^^^^^^^^^^^^^^^^^^^^^^^^^^^^^^^^^^^^^^^^^^^^^^^^^^^^
  4 | import { SiteFooter } from "@/components/site-footer";
  5 | import { CoffeeSupportCard } from "@/components/coffee-support-card";
  6 |

Import map: aliased to relative './components/cosma/playground' inside of [project]/

https://nextjs.org/docs/messages/module-not-found @ http://localhost:4200/_next/static/chunks/0aus_next_dist_00tg.dm._.js:1945
[   38063ms] [ERROR] ./app/cosma/page.tsx:3:1
Module not found: Can't resolve '@/components/cosma/playground'
  1 | import type { Metadata } from "next";
  2 | import { Navigation } from "@/components/navigation";
> 3 | import { CosmaPlayground } from "@/components/cosma/playground";
    | ^^^^^^^^^^^^^^^^^^^^^^^^^^^^^^^^^^^^^^^^^^^^^^^^^^^^^^^^^^^^^^^^
  4 | import { SiteFooter } from "@/components/site-footer";
  5 | import { CoffeeSupportCard } from "@/components/coffee-support-card";
  6 |

Import map: aliased to relative './components/cosma/playground' inside of [project]/

https://nextjs.org/docs/messages/module-not-found @ http://localhost:4200/_next/static/chunks/0aus_next_dist_00tg.dm._.js:1945
[   38127ms] [ERROR] ./app/cosma/page.tsx:3:1
Module not found: Can't resolve '@/components/cosma/playground'
  1 | import type { Metadata } from "next";
  2 | import { Navigation } from "@/components/navigation";
> 3 | import { CosmaPlayground } from "@/components/cosma/playground";
    | ^^^^^^^^^^^^^^^^^^^^^^^^^^^^^^^^^^^^^^^^^^^^^^^^^^^^^^^^^^^^^^^^
  4 | import { SiteFooter } from "@/components/site-footer";
  5 | import { CoffeeSupportCard } from "@/components/coffee-support-card";
  6 |

Import map: aliased to relative './components/cosma/playground' inside of [project]/

https://nextjs.org/docs/messages/module-not-found @ http://localhost:4200/_next/static/chunks/0aus_next_dist_00tg.dm._.js:1945
[   38188ms] [ERROR] ./app/cosma/page.tsx:3:1
Module not found: Can't resolve '@/components/cosma/playground'
  1 | import type { Metadata } from "next";
  2 | import { Navigation } from "@/components/navigation";
> 3 | import { CosmaPlayground } from "@/components/cosma/playground";
    | ^^^^^^^^^^^^^^^^^^^^^^^^^^^^^^^^^^^^^^^^^^^^^^^^^^^^^^^^^^^^^^^^
  4 | import { SiteFooter } from "@/components/site-footer";
  5 | import { CoffeeSupportCard } from "@/components/coffee-support-card";
  6 |

Import map: aliased to relative './components/cosma/playground' inside of [project]/

https://nextjs.org/docs/messages/module-not-found @ http://localhost:4200/_next/static/chunks/0aus_next_dist_00tg.dm._.js:1945
[   38251ms] [ERROR] ./app/cosma/page.tsx:3:1
Module not found: Can't resolve '@/components/cosma/playground'
  1 | import type { Metadata } from "next";
  2 | import { Navigation } from "@/components/navigation";
> 3 | import { CosmaPlayground } from "@/components/cosma/playground";
    | ^^^^^^^^^^^^^^^^^^^^^^^^^^^^^^^^^^^^^^^^^^^^^^^^^^^^^^^^^^^^^^^^
  4 | import { SiteFooter } from "@/components/site-footer";
  5 | import { CoffeeSupportCard } from "@/components/coffee-support-card";
  6 |

Import map: aliased to relative './components/cosma/playground' inside of [project]/

https://nextjs.org/docs/messages/module-not-found @ http://localhost:4200/_next/static/chunks/0aus_next_dist_00tg.dm._.js:1945
[   38315ms] [ERROR] ./app/cosma/page.tsx:3:1
Module not found: Can't resolve '@/components/cosma/playground'
  1 | import type { Metadata } from "next";
  2 | import { Navigation } from "@/components/navigation";
> 3 | import { CosmaPlayground } from "@/components/cosma/playground";
    | ^^^^^^^^^^^^^^^^^^^^^^^^^^^^^^^^^^^^^^^^^^^^^^^^^^^^^^^^^^^^^^^^
  4 | import { SiteFooter } from "@/components/site-footer";
  5 | import { CoffeeSupportCard } from "@/components/coffee-support-card";
  6 |

Import map: aliased to relative './components/cosma/playground' inside of [project]/

https://nextjs.org/docs/messages/module-not-found @ http://localhost:4200/_next/static/chunks/0aus_next_dist_00tg.dm._.js:1945
[   38377ms] [ERROR] ./app/cosma/page.tsx:3:1
Module not found: Can't resolve '@/components/cosma/playground'
  1 | import type { Metadata } from "next";
  2 | import { Navigation } from "@/components/navigation";
> 3 | import { CosmaPlayground } from "@/components/cosma/playground";
    | ^^^^^^^^^^^^^^^^^^^^^^^^^^^^^^^^^^^^^^^^^^^^^^^^^^^^^^^^^^^^^^^^
  4 | import { SiteFooter } from "@/components/site-footer";
  5 | import { CoffeeSupportCard } from "@/components/coffee-support-card";
  6 |

Import map: aliased to relative './components/cosma/playground' inside of [project]/

https://nextjs.org/docs/messages/module-not-found @ http://localhost:4200/_next/static/chunks/0aus_next_dist_00tg.dm._.js:1945
[   38441ms] [ERROR] ./app/cosma/page.tsx:3:1
Module not found: Can't resolve '@/components/cosma/playground'
  1 | import type { Metadata } from "next";
  2 | import { Navigation } from "@/components/navigation";
> 3 | import { CosmaPlayground } from "@/components/cosma/playground";
    | ^^^^^^^^^^^^^^^^^^^^^^^^^^^^^^^^^^^^^^^^^^^^^^^^^^^^^^^^^^^^^^^^
  4 | import { SiteFooter } from "@/components/site-footer";
  5 | import { CoffeeSupportCard } from "@/components/coffee-support-card";
  6 |

Import map: aliased to relative './components/cosma/playground' inside of [project]/

https://nextjs.org/docs/messages/module-not-found @ http://localhost:4200/_next/static/chunks/0aus_next_dist_00tg.dm._.js:1945
[   38505ms] [ERROR] ./app/cosma/page.tsx:3:1
Module not found: Can't resolve '@/components/cosma/playground'
  1 | import type { Metadata } from "next";
  2 | import { Navigation } from "@/components/navigation";
> 3 | import { CosmaPlayground } from "@/components/cosma/playground";
    | ^^^^^^^^^^^^^^^^^^^^^^^^^^^^^^^^^^^^^^^^^^^^^^^^^^^^^^^^^^^^^^^^
  4 | import { SiteFooter } from "@/components/site-footer";
  5 | import { CoffeeSupportCard } from "@/components/coffee-support-card";
  6 |

Import map: aliased to relative './components/cosma/playground' inside of [project]/

https://nextjs.org/docs/messages/module-not-found @ http://localhost:4200/_next/static/chunks/0aus_next_dist_00tg.dm._.js:1945
[   38572ms] [ERROR] ./app/cosma/page.tsx:3:1
Module not found: Can't resolve '@/components/cosma/playground'
  1 | import type { Metadata } from "next";
  2 | import { Navigation } from "@/components/navigation";
> 3 | import { CosmaPlayground } from "@/components/cosma/playground";
    | ^^^^^^^^^^^^^^^^^^^^^^^^^^^^^^^^^^^^^^^^^^^^^^^^^^^^^^^^^^^^^^^^
  4 | import { SiteFooter } from "@/components/site-footer";
  5 | import { CoffeeSupportCard } from "@/components/coffee-support-card";
  6 |

Import map: aliased to relative './components/cosma/playground' inside of [project]/

https://nextjs.org/docs/messages/module-not-found @ http://localhost:4200/_next/static/chunks/0aus_next_dist_00tg.dm._.js:1945
[   38636ms] [ERROR] ./app/cosma/page.tsx:3:1
Module not found: Can't resolve '@/components/cosma/playground'
  1 | import type { Metadata } from "next";
  2 | import { Navigation } from "@/components/navigation";
> 3 | import { CosmaPlayground } from "@/components/cosma/playground";
    | ^^^^^^^^^^^^^^^^^^^^^^^^^^^^^^^^^^^^^^^^^^^^^^^^^^^^^^^^^^^^^^^^
  4 | import { SiteFooter } from "@/components/site-footer";
  5 | import { CoffeeSupportCard } from "@/components/coffee-support-card";
  6 |

Import map: aliased to relative './components/cosma/playground' inside of [project]/

https://nextjs.org/docs/messages/module-not-found @ http://localhost:4200/_next/static/chunks/0aus_next_dist_00tg.dm._.js:1945
[   38697ms] [ERROR] ./app/cosma/page.tsx:3:1
Module not found: Can't resolve '@/components/cosma/playground'
  1 | import type { Metadata } from "next";
  2 | import { Navigation } from "@/components/navigation";
> 3 | import { CosmaPlayground } from "@/components/cosma/playground";
    | ^^^^^^^^^^^^^^^^^^^^^^^^^^^^^^^^^^^^^^^^^^^^^^^^^^^^^^^^^^^^^^^^
  4 | import { SiteFooter } from "@/components/site-footer";
  5 | import { CoffeeSupportCard } from "@/components/coffee-support-card";
  6 |

Import map: aliased to relative './components/cosma/playground' inside of [project]/

https://nextjs.org/docs/messages/module-not-found @ http://localhost:4200/_next/static/chunks/0aus_next_dist_00tg.dm._.js:1945
[   38759ms] [ERROR] ./app/cosma/page.tsx:3:1
Module not found: Can't resolve '@/components/cosma/playground'
  1 | import type { Metadata } from "next";
  2 | import { Navigation } from "@/components/navigation";
> 3 | import { CosmaPlayground } from "@/components/cosma/playground";
    | ^^^^^^^^^^^^^^^^^^^^^^^^^^^^^^^^^^^^^^^^^^^^^^^^^^^^^^^^^^^^^^^^
  4 | import { SiteFooter } from "@/components/site-footer";
  5 | import { CoffeeSupportCard } from "@/components/coffee-support-card";
  6 |

Import map: aliased to relative './components/cosma/playground' inside of [project]/

https://nextjs.org/docs/messages/module-not-found @ http://localhost:4200/_next/static/chunks/0aus_next_dist_00tg.dm._.js:1945
[   38822ms] [ERROR] ./app/cosma/page.tsx:3:1
Module not found: Can't resolve '@/components/cosma/playground'
  1 | import type { Metadata } from "next";
  2 | import { Navigation } from "@/components/navigation";
> 3 | import { CosmaPlayground } from "@/components/cosma/playground";
    | ^^^^^^^^^^^^^^^^^^^^^^^^^^^^^^^^^^^^^^^^^^^^^^^^^^^^^^^^^^^^^^^^
  4 | import { SiteFooter } from "@/components/site-footer";
  5 | import { CoffeeSupportCard } from "@/components/coffee-support-card";
  6 |

Import map: aliased to relative './components/cosma/playground' inside of [project]/

https://nextjs.org/docs/messages/module-not-found @ http://localhost:4200/_next/static/chunks/0aus_next_dist_00tg.dm._.js:1945
[   38875ms] [ERROR] ./app/cosma/page.tsx:3:1
Module not found: Can't resolve '@/components/cosma/playground'
  1 | import type { Metadata } from "next";
  2 | import { Navigation } from "@/components/navigation";
> 3 | import { CosmaPlayground } from "@/components/cosma/playground";
    | ^^^^^^^^^^^^^^^^^^^^^^^^^^^^^^^^^^^^^^^^^^^^^^^^^^^^^^^^^^^^^^^^
  4 | import { SiteFooter } from "@/components/site-footer";
  5 | import { CoffeeSupportCard } from "@/components/coffee-support-card";
  6 |

Import map: aliased to relative './components/cosma/playground' inside of [project]/

https://nextjs.org/docs/messages/module-not-found @ http://localhost:4200/_next/static/chunks/0aus_next_dist_00tg.dm._.js:1945
[   38936ms] [ERROR] ./app/cosma/page.tsx:3:1
Module not found: Can't resolve '@/components/cosma/playground'
  1 | import type { Metadata } from "next";
  2 | import { Navigation } from "@/components/navigation";
> 3 | import { CosmaPlayground } from "@/components/cosma/playground";
    | ^^^^^^^^^^^^^^^^^^^^^^^^^^^^^^^^^^^^^^^^^^^^^^^^^^^^^^^^^^^^^^^^
  4 | import { SiteFooter } from "@/components/site-footer";
  5 | import { CoffeeSupportCard } from "@/components/coffee-support-card";
  6 |

Import map: aliased to relative './components/cosma/playground' inside of [project]/

https://nextjs.org/docs/messages/module-not-found @ http://localhost:4200/_next/static/chunks/0aus_next_dist_00tg.dm._.js:1945
[   39001ms] [ERROR] ./app/cosma/page.tsx:3:1
Module not found: Can't resolve '@/components/cosma/playground'
  1 | import type { Metadata } from "next";
  2 | import { Navigation } from "@/components/navigation";
> 3 | import { CosmaPlayground } from "@/components/cosma/playground";
    | ^^^^^^^^^^^^^^^^^^^^^^^^^^^^^^^^^^^^^^^^^^^^^^^^^^^^^^^^^^^^^^^^
  4 | import { SiteFooter } from "@/components/site-footer";
  5 | import { CoffeeSupportCard } from "@/components/coffee-support-card";
  6 |

Import map: aliased to relative './components/cosma/playground' inside of [project]/

https://nextjs.org/docs/messages/module-not-found @ http://localhost:4200/_next/static/chunks/0aus_next_dist_00tg.dm._.js:1945
[   39063ms] [LOG] [Fast Refresh] rebuilding @ http://localhost:4200/_next/static/chunks/0aus_next_dist_00tg.dm._.js:1226
[   39131ms] [ERROR] ./app/cosma/page.tsx:3:1
Module not found: Can't resolve '@/components/cosma/playground'
  1 | import type { Metadata } from "next";
  2 | import { Navigation } from "@/components/navigation";
> 3 | import { CosmaPlayground } from "@/components/cosma/playground";
    | ^^^^^^^^^^^^^^^^^^^^^^^^^^^^^^^^^^^^^^^^^^^^^^^^^^^^^^^^^^^^^^^^
  4 | import { SiteFooter } from "@/components/site-footer";
  5 | import { CoffeeSupportCard } from "@/components/coffee-support-card";
  6 |

Import map: aliased to relative './components/cosma/playground' inside of [project]/

https://nextjs.org/docs/messages/module-not-found @ http://localhost:4200/_next/static/chunks/0aus_next_dist_00tg.dm._.js:1945
[   39193ms] [ERROR] ./app/cosma/page.tsx:3:1
Module not found: Can't resolve '@/components/cosma/playground'
  1 | import type { Metadata } from "next";
  2 | import { Navigation } from "@/components/navigation";
> 3 | import { CosmaPlayground } from "@/components/cosma/playground";
    | ^^^^^^^^^^^^^^^^^^^^^^^^^^^^^^^^^^^^^^^^^^^^^^^^^^^^^^^^^^^^^^^^
  4 | import { SiteFooter } from "@/components/site-footer";
  5 | import { CoffeeSupportCard } from "@/components/coffee-support-card";
  6 |

Import map: aliased to relative './components/cosma/playground' inside of [project]/

https://nextjs.org/docs/messages/module-not-found @ http://localhost:4200/_next/static/chunks/0aus_next_dist_00tg.dm._.js:1945
[   39257ms] [ERROR] ./app/cosma/page.tsx:3:1
Module not found: Can't resolve '@/components/cosma/playground'
  1 | import type { Metadata } from "next";
  2 | import { Navigation } from "@/components/navigation";
> 3 | import { CosmaPlayground } from "@/components/cosma/playground";
    | ^^^^^^^^^^^^^^^^^^^^^^^^^^^^^^^^^^^^^^^^^^^^^^^^^^^^^^^^^^^^^^^^
  4 | import { SiteFooter } from "@/components/site-footer";
  5 | import { CoffeeSupportCard } from "@/components/coffee-support-card";
  6 |

Import map: aliased to relative './components/cosma/playground' inside of [project]/

https://nextjs.org/docs/messages/module-not-found @ http://localhost:4200/_next/static/chunks/0aus_next_dist_00tg.dm._.js:1945
[   39318ms] [ERROR] ./app/cosma/page.tsx:3:1
Module not found: Can't resolve '@/components/cosma/playground'
  1 | import type { Metadata } from "next";
  2 | import { Navigation } from "@/components/navigation";
> 3 | import { CosmaPlayground } from "@/components/cosma/playground";
    | ^^^^^^^^^^^^^^^^^^^^^^^^^^^^^^^^^^^^^^^^^^^^^^^^^^^^^^^^^^^^^^^^
  4 | import { SiteFooter } from "@/components/site-footer";
  5 | import { CoffeeSupportCard } from "@/components/coffee-support-card";
  6 |

Import map: aliased to relative './components/cosma/playground' inside of [project]/

https://nextjs.org/docs/messages/module-not-found @ http://localhost:4200/_next/static/chunks/0aus_next_dist_00tg.dm._.js:1945
[   39381ms] [ERROR] ./app/cosma/page.tsx:3:1
Module not found: Can't resolve '@/components/cosma/playground'
  1 | import type { Metadata } from "next";
  2 | import { Navigation } from "@/components/navigation";
> 3 | import { CosmaPlayground } from "@/components/cosma/playground";
    | ^^^^^^^^^^^^^^^^^^^^^^^^^^^^^^^^^^^^^^^^^^^^^^^^^^^^^^^^^^^^^^^^
  4 | import { SiteFooter } from "@/components/site-footer";
  5 | import { CoffeeSupportCard } from "@/components/coffee-support-card";
  6 |

Import map: aliased to relative './components/cosma/playground' inside of [project]/

https://nextjs.org/docs/messages/module-not-found @ http://localhost:4200/_next/static/chunks/0aus_next_dist_00tg.dm._.js:1945
[   39509ms] [LOG] [Fast Refresh] rebuilding @ http://localhost:4200/_next/static/chunks/0aus_next_dist_00tg.dm._.js:1226
[   40332ms] [ERROR] ./app/cosma/page.tsx:3:1
Module not found: Can't resolve '@/components/cosma/playground'
  1 | import type { Metadata } from "next";
  2 | import { Navigation } from "@/components/navigation";
> 3 | import { CosmaPlayground } from "@/components/cosma/playground";
    | ^^^^^^^^^^^^^^^^^^^^^^^^^^^^^^^^^^^^^^^^^^^^^^^^^^^^^^^^^^^^^^^^
  4 | import { SiteFooter } from "@/components/site-footer";
  5 | import { CoffeeSupportCard } from "@/components/coffee-support-card";
  6 |

Import map: aliased to relative './components/cosma/playground' inside of [project]/

https://nextjs.org/docs/messages/module-not-found @ http://localhost:4200/_next/static/chunks/0aus_next_dist_00tg.dm._.js:1945
[   40394ms] [ERROR] Failed to load resource: the server responded with a status of 500 (Internal Server Error) @ http://localhost:4200/cosma:0
[   40435ms] [INFO] %cDownload the React DevTools for a better development experience: https://react.dev/link/react-devtools font-weight:bold @ http://localhost:4200/_next/static/chunks/0e-u_react-dom_0037m-m._.js:15305
[   40441ms] Error: ./app/cosma/page.tsx:3:1
Module not found: Can't resolve '@/components/cosma/playground'
  1 | import type { Metadata } from "next";
  2 | import { Navigation } from "@/components/navigation";
> 3 | import { CosmaPlayground } from "@/components/cosma/playground";
    | ^^^^^^^^^^^^^^^^^^^^^^^^^^^^^^^^^^^^^^^^^^^^^^^^^^^^^^^^^^^^^^^^
  4 | import { SiteFooter } from "@/components/site-footer";
  5 | import { CoffeeSupportCard } from "@/components/coffee-support-card";
  6 |

Import map: aliased to relative './components/cosma/playground' inside of [project]/


https://nextjs.org/docs/messages/module-not-found


    at <unknown> (Error: ./app/cosma/page.tsx:3:1)
    at <unknown> (https://nextjs.org/docs/messages/module-not-found)
    at Object.getCompilationErrors (file:///Users/godwinjanarthan/Documents/Projects/d2studio-ui/node_modules/.pnpm/next@16.2.4_@babel+core@7.28.4_react-dom@19.2.5_react@19.2.5__react@19.2.5/node_modules/next/dist/server/dev/hot-reloader-turbopack.js:1186:59)
    at DevBundlerService.getCompilationError (file:///Users/godwinjanarthan/Documents/Projects/d2studio-ui/node_modules/.pnpm/next@16.2.4_@babel+core@7.28.4_react-dom@19.2.5_react@19.2.5__react@19.2.5/node_modules/next/dist/server/lib/dev-bundler-service.js:44:55)
    at DevServer.getCompilationError (file:///Users/godwinjanarthan/Documents/Projects/d2studio-ui/node_modules/.pnpm/next@16.2.4_@babel+core@7.28.4_react-dom@19.2.5_react@19.2.5__react@19.2.5/node_modules/next/dist/server/dev/next-dev-server.js:719:42)
    at DevServer.findPageComponents (file:///Users/godwinjanarthan/Documents/Projects/d2studio-ui/node_modules/.pnpm/next@16.2.4_@babel+core@7.28.4_react-dom@19.2.5_react@19.2.5__react@19.2.5/node_modules/next/dist/server/dev/next-dev-server.js:689:43)
    at async DevServer.renderErrorToResponseImpl (file:///Users/godwinjanarthan/Documents/Projects/d2studio-ui/node_modules/.pnpm/next@16.2.4_@babel+core@7.28.4_react-dom@19.2.5_react@19.2.5__react@19.2.5/node_modules/next/dist/server/base-server.js:1745:26)
[   40461ms] [LOG] [HMR] connected @ http://localhost:4200/_next/static/chunks/0aus_next_dist_00tg.dm._.js:1226
[   40490ms] [ERROR] ./app/cosma/page.tsx:3:1
Module not found: Can't resolve '@/components/cosma/playground'
  1 | import type { Metadata } from "next";
  2 | import { Navigation } from "@/components/navigation";
> 3 | import { CosmaPlayground } from "@/components/cosma/playground";
    | ^^^^^^^^^^^^^^^^^^^^^^^^^^^^^^^^^^^^^^^^^^^^^^^^^^^^^^^^^^^^^^^^
  4 | import { SiteFooter } from "@/components/site-footer";
  5 | import { CoffeeSupportCard } from "@/components/coffee-support-card";
  6 |

Import map: aliased to relative './components/cosma/playground' inside of [project]/

https://nextjs.org/docs/messages/module-not-found @ http://localhost:4200/_next/static/chunks/0aus_next_dist_00tg.dm._.js:1945
[   40553ms] [ERROR] ./app/cosma/page.tsx:3:1
Module not found: Can't resolve '@/components/cosma/playground'
  1 | import type { Metadata } from "next";
  2 | import { Navigation } from "@/components/navigation";
> 3 | import { CosmaPlayground } from "@/components/cosma/playground";
    | ^^^^^^^^^^^^^^^^^^^^^^^^^^^^^^^^^^^^^^^^^^^^^^^^^^^^^^^^^^^^^^^^
  4 | import { SiteFooter } from "@/components/site-footer";
  5 | import { CoffeeSupportCard } from "@/components/coffee-support-card";
  6 |

Import map: aliased to relative './components/cosma/playground' inside of [project]/

https://nextjs.org/docs/messages/module-not-found @ http://localhost:4200/_next/static/chunks/0aus_next_dist_00tg.dm._.js:1945
[   40613ms] [ERROR] ./app/cosma/page.tsx:3:1
Module not found: Can't resolve '@/components/cosma/playground'
  1 | import type { Metadata } from "next";
  2 | import { Navigation } from "@/components/navigation";
> 3 | import { CosmaPlayground } from "@/components/cosma/playground";
    | ^^^^^^^^^^^^^^^^^^^^^^^^^^^^^^^^^^^^^^^^^^^^^^^^^^^^^^^^^^^^^^^^
  4 | import { SiteFooter } from "@/components/site-footer";
  5 | import { CoffeeSupportCard } from "@/components/coffee-support-card";
  6 |

Import map: aliased to relative './components/cosma/playground' inside of [project]/

https://nextjs.org/docs/messages/module-not-found @ http://localhost:4200/_next/static/chunks/0aus_next_dist_00tg.dm._.js:1945
[   40679ms] [ERROR] ./app/cosma/page.tsx:3:1
Module not found: Can't resolve '@/components/cosma/playground'
  1 | import type { Metadata } from "next";
  2 | import { Navigation } from "@/components/navigation";
> 3 | import { CosmaPlayground } from "@/components/cosma/playground";
    | ^^^^^^^^^^^^^^^^^^^^^^^^^^^^^^^^^^^^^^^^^^^^^^^^^^^^^^^^^^^^^^^^
  4 | import { SiteFooter } from "@/components/site-footer";
  5 | import { CoffeeSupportCard } from "@/components/coffee-support-card";
  6 |

Import map: aliased to relative './components/cosma/playground' inside of [project]/

https://nextjs.org/docs/messages/module-not-found @ http://localhost:4200/_next/static/chunks/0aus_next_dist_00tg.dm._.js:1945
[   40743ms] [ERROR] ./app/cosma/page.tsx:3:1
Module not found: Can't resolve '@/components/cosma/playground'
  1 | import type { Metadata } from "next";
  2 | import { Navigation } from "@/components/navigation";
> 3 | import { CosmaPlayground } from "@/components/cosma/playground";
    | ^^^^^^^^^^^^^^^^^^^^^^^^^^^^^^^^^^^^^^^^^^^^^^^^^^^^^^^^^^^^^^^^
  4 | import { SiteFooter } from "@/components/site-footer";
  5 | import { CoffeeSupportCard } from "@/components/coffee-support-card";
  6 |

Import map: aliased to relative './components/cosma/playground' inside of [project]/

https://nextjs.org/docs/messages/module-not-found @ http://localhost:4200/_next/static/chunks/0aus_next_dist_00tg.dm._.js:1945
[   40807ms] [ERROR] ./app/cosma/page.tsx:3:1
Module not found: Can't resolve '@/components/cosma/playground'
  1 | import type { Metadata } from "next";
  2 | import { Navigation } from "@/components/navigation";
> 3 | import { CosmaPlayground } from "@/components/cosma/playground";
    | ^^^^^^^^^^^^^^^^^^^^^^^^^^^^^^^^^^^^^^^^^^^^^^^^^^^^^^^^^^^^^^^^
  4 | import { SiteFooter } from "@/components/site-footer";
  5 | import { CoffeeSupportCard } from "@/components/coffee-support-card";
  6 |

Import map: aliased to relative './components/cosma/playground' inside of [project]/

https://nextjs.org/docs/messages/module-not-found @ http://localhost:4200/_next/static/chunks/0aus_next_dist_00tg.dm._.js:1945
[   40871ms] [ERROR] ./app/cosma/page.tsx:3:1
Module not found: Can't resolve '@/components/cosma/playground'
  1 | import type { Metadata } from "next";
  2 | import { Navigation } from "@/components/navigation";
> 3 | import { CosmaPlayground } from "@/components/cosma/playground";
    | ^^^^^^^^^^^^^^^^^^^^^^^^^^^^^^^^^^^^^^^^^^^^^^^^^^^^^^^^^^^^^^^^
  4 | import { SiteFooter } from "@/components/site-footer";
  5 | import { CoffeeSupportCard } from "@/components/coffee-support-card";
  6 |

Import map: aliased to relative './components/cosma/playground' inside of [project]/

https://nextjs.org/docs/messages/module-not-found @ http://localhost:4200/_next/static/chunks/0aus_next_dist_00tg.dm._.js:1945
[   40934ms] [ERROR] ./app/cosma/page.tsx:3:1
Module not found: Can't resolve '@/components/cosma/playground'
  1 | import type { Metadata } from "next";
  2 | import { Navigation } from "@/components/navigation";
> 3 | import { CosmaPlayground } from "@/components/cosma/playground";
    | ^^^^^^^^^^^^^^^^^^^^^^^^^^^^^^^^^^^^^^^^^^^^^^^^^^^^^^^^^^^^^^^^
  4 | import { SiteFooter } from "@/components/site-footer";
  5 | import { CoffeeSupportCard } from "@/components/coffee-support-card";
  6 |

Import map: aliased to relative './components/cosma/playground' inside of [project]/

https://nextjs.org/docs/messages/module-not-found @ http://localhost:4200/_next/static/chunks/0aus_next_dist_00tg.dm._.js:1945
[   40997ms] [ERROR] ./app/cosma/page.tsx:3:1
Module not found: Can't resolve '@/components/cosma/playground'
  1 | import type { Metadata } from "next";
  2 | import { Navigation } from "@/components/navigation";
> 3 | import { CosmaPlayground } from "@/components/cosma/playground";
    | ^^^^^^^^^^^^^^^^^^^^^^^^^^^^^^^^^^^^^^^^^^^^^^^^^^^^^^^^^^^^^^^^
  4 | import { SiteFooter } from "@/components/site-footer";
  5 | import { CoffeeSupportCard } from "@/components/coffee-support-card";
  6 |

Import map: aliased to relative './components/cosma/playground' inside of [project]/

https://nextjs.org/docs/messages/module-not-found @ http://localhost:4200/_next/static/chunks/0aus_next_dist_00tg.dm._.js:1945
[   41062ms] [ERROR] ./app/cosma/page.tsx:3:1
Module not found: Can't resolve '@/components/cosma/playground'
  1 | import type { Metadata } from "next";
  2 | import { Navigation } from "@/components/navigation";
> 3 | import { CosmaPlayground } from "@/components/cosma/playground";
    | ^^^^^^^^^^^^^^^^^^^^^^^^^^^^^^^^^^^^^^^^^^^^^^^^^^^^^^^^^^^^^^^^
  4 | import { SiteFooter } from "@/components/site-footer";
  5 | import { CoffeeSupportCard } from "@/components/coffee-support-card";
  6 |

Import map: aliased to relative './components/cosma/playground' inside of [project]/

https://nextjs.org/docs/messages/module-not-found @ http://localhost:4200/_next/static/chunks/0aus_next_dist_00tg.dm._.js:1945
[   41129ms] [ERROR] ./app/cosma/page.tsx:3:1
Module not found: Can't resolve '@/components/cosma/playground'
  1 | import type { Metadata } from "next";
  2 | import { Navigation } from "@/components/navigation";
> 3 | import { CosmaPlayground } from "@/components/cosma/playground";
    | ^^^^^^^^^^^^^^^^^^^^^^^^^^^^^^^^^^^^^^^^^^^^^^^^^^^^^^^^^^^^^^^^
  4 | import { SiteFooter } from "@/components/site-footer";
  5 | import { CoffeeSupportCard } from "@/components/coffee-support-card";
  6 |

Import map: aliased to relative './components/cosma/playground' inside of [project]/

https://nextjs.org/docs/messages/module-not-found @ http://localhost:4200/_next/static/chunks/0aus_next_dist_00tg.dm._.js:1945
[   41195ms] [ERROR] ./app/cosma/page.tsx:3:1
Module not found: Can't resolve '@/components/cosma/playground'
  1 | import type { Metadata } from "next";
  2 | import { Navigation } from "@/components/navigation";
> 3 | import { CosmaPlayground } from "@/components/cosma/playground";
    | ^^^^^^^^^^^^^^^^^^^^^^^^^^^^^^^^^^^^^^^^^^^^^^^^^^^^^^^^^^^^^^^^
  4 | import { SiteFooter } from "@/components/site-footer";
  5 | import { CoffeeSupportCard } from "@/components/coffee-support-card";
  6 |

Import map: aliased to relative './components/cosma/playground' inside of [project]/

https://nextjs.org/docs/messages/module-not-found @ http://localhost:4200/_next/static/chunks/0aus_next_dist_00tg.dm._.js:1945
[   41259ms] [ERROR] ./app/cosma/page.tsx:3:1
Module not found: Can't resolve '@/components/cosma/playground'
  1 | import type { Metadata } from "next";
  2 | import { Navigation } from "@/components/navigation";
> 3 | import { CosmaPlayground } from "@/components/cosma/playground";
    | ^^^^^^^^^^^^^^^^^^^^^^^^^^^^^^^^^^^^^^^^^^^^^^^^^^^^^^^^^^^^^^^^
  4 | import { SiteFooter } from "@/components/site-footer";
  5 | import { CoffeeSupportCard } from "@/components/coffee-support-card";
  6 |

Import map: aliased to relative './components/cosma/playground' inside of [project]/

https://nextjs.org/docs/messages/module-not-found @ http://localhost:4200/_next/static/chunks/0aus_next_dist_00tg.dm._.js:1945
[   41323ms] [ERROR] ./app/cosma/page.tsx:3:1
Module not found: Can't resolve '@/components/cosma/playground'
  1 | import type { Metadata } from "next";
  2 | import { Navigation } from "@/components/navigation";
> 3 | import { CosmaPlayground } from "@/components/cosma/playground";
    | ^^^^^^^^^^^^^^^^^^^^^^^^^^^^^^^^^^^^^^^^^^^^^^^^^^^^^^^^^^^^^^^^
  4 | import { SiteFooter } from "@/components/site-footer";
  5 | import { CoffeeSupportCard } from "@/components/coffee-support-card";
  6 |

Import map: aliased to relative './components/cosma/playground' inside of [project]/

https://nextjs.org/docs/messages/module-not-found @ http://localhost:4200/_next/static/chunks/0aus_next_dist_00tg.dm._.js:1945
[   41386ms] [ERROR] ./app/cosma/page.tsx:3:1
Module not found: Can't resolve '@/components/cosma/playground'
  1 | import type { Metadata } from "next";
  2 | import { Navigation } from "@/components/navigation";
> 3 | import { CosmaPlayground } from "@/components/cosma/playground";
    | ^^^^^^^^^^^^^^^^^^^^^^^^^^^^^^^^^^^^^^^^^^^^^^^^^^^^^^^^^^^^^^^^
  4 | import { SiteFooter } from "@/components/site-footer";
  5 | import { CoffeeSupportCard } from "@/components/coffee-support-card";
  6 |

Import map: aliased to relative './components/cosma/playground' inside of [project]/

https://nextjs.org/docs/messages/module-not-found @ http://localhost:4200/_next/static/chunks/0aus_next_dist_00tg.dm._.js:1945
[   41450ms] [ERROR] ./app/cosma/page.tsx:3:1
Module not found: Can't resolve '@/components/cosma/playground'
  1 | import type { Metadata } from "next";
  2 | import { Navigation } from "@/components/navigation";
> 3 | import { CosmaPlayground } from "@/components/cosma/playground";
    | ^^^^^^^^^^^^^^^^^^^^^^^^^^^^^^^^^^^^^^^^^^^^^^^^^^^^^^^^^^^^^^^^
  4 | import { SiteFooter } from "@/components/site-footer";
  5 | import { CoffeeSupportCard } from "@/components/coffee-support-card";
  6 |

Import map: aliased to relative './components/cosma/playground' inside of [project]/

https://nextjs.org/docs/messages/module-not-found @ http://localhost:4200/_next/static/chunks/0aus_next_dist_00tg.dm._.js:1945
[   41518ms] [ERROR] ./app/cosma/page.tsx:3:1
Module not found: Can't resolve '@/components/cosma/playground'
  1 | import type { Metadata } from "next";
  2 | import { Navigation } from "@/components/navigation";
> 3 | import { CosmaPlayground } from "@/components/cosma/playground";
    | ^^^^^^^^^^^^^^^^^^^^^^^^^^^^^^^^^^^^^^^^^^^^^^^^^^^^^^^^^^^^^^^^
  4 | import { SiteFooter } from "@/components/site-footer";
  5 | import { CoffeeSupportCard } from "@/components/coffee-support-card";
  6 |

Import map: aliased to relative './components/cosma/playground' inside of [project]/

https://nextjs.org/docs/messages/module-not-found @ http://localhost:4200/_next/static/chunks/0aus_next_dist_00tg.dm._.js:1945
[   41582ms] [ERROR] ./app/cosma/page.tsx:3:1
Module not found: Can't resolve '@/components/cosma/playground'
  1 | import type { Metadata } from "next";
  2 | import { Navigation } from "@/components/navigation";
> 3 | import { CosmaPlayground } from "@/components/cosma/playground";
    | ^^^^^^^^^^^^^^^^^^^^^^^^^^^^^^^^^^^^^^^^^^^^^^^^^^^^^^^^^^^^^^^^
  4 | import { SiteFooter } from "@/components/site-footer";
  5 | import { CoffeeSupportCard } from "@/components/coffee-support-card";
  6 |

Import map: aliased to relative './components/cosma/playground' inside of [project]/

https://nextjs.org/docs/messages/module-not-found @ http://localhost:4200/_next/static/chunks/0aus_next_dist_00tg.dm._.js:1945
[   41648ms] [ERROR] ./app/cosma/page.tsx:3:1
Module not found: Can't resolve '@/components/cosma/playground'
  1 | import type { Metadata } from "next";
  2 | import { Navigation } from "@/components/navigation";
> 3 | import { CosmaPlayground } from "@/components/cosma/playground";
    | ^^^^^^^^^^^^^^^^^^^^^^^^^^^^^^^^^^^^^^^^^^^^^^^^^^^^^^^^^^^^^^^^
  4 | import { SiteFooter } from "@/components/site-footer";
  5 | import { CoffeeSupportCard } from "@/components/coffee-support-card";
  6 |

Import map: aliased to relative './components/cosma/playground' inside of [project]/

https://nextjs.org/docs/messages/module-not-found @ http://localhost:4200/_next/static/chunks/0aus_next_dist_00tg.dm._.js:1945
[   41711ms] [ERROR] ./app/cosma/page.tsx:3:1
Module not found: Can't resolve '@/components/cosma/playground'
  1 | import type { Metadata } from "next";
  2 | import { Navigation } from "@/components/navigation";
> 3 | import { CosmaPlayground } from "@/components/cosma/playground";
    | ^^^^^^^^^^^^^^^^^^^^^^^^^^^^^^^^^^^^^^^^^^^^^^^^^^^^^^^^^^^^^^^^
  4 | import { SiteFooter } from "@/components/site-footer";
  5 | import { CoffeeSupportCard } from "@/components/coffee-support-card";
  6 |

Import map: aliased to relative './components/cosma/playground' inside of [project]/

https://nextjs.org/docs/messages/module-not-found @ http://localhost:4200/_next/static/chunks/0aus_next_dist_00tg.dm._.js:1945
[   41775ms] [ERROR] ./app/cosma/page.tsx:3:1
Module not found: Can't resolve '@/components/cosma/playground'
  1 | import type { Metadata } from "next";
  2 | import { Navigation } from "@/components/navigation";
> 3 | import { CosmaPlayground } from "@/components/cosma/playground";
    | ^^^^^^^^^^^^^^^^^^^^^^^^^^^^^^^^^^^^^^^^^^^^^^^^^^^^^^^^^^^^^^^^
  4 | import { SiteFooter } from "@/components/site-footer";
  5 | import { CoffeeSupportCard } from "@/components/coffee-support-card";
  6 |

Import map: aliased to relative './components/cosma/playground' inside of [project]/

https://nextjs.org/docs/messages/module-not-found @ http://localhost:4200/_next/static/chunks/0aus_next_dist_00tg.dm._.js:1945
[   41839ms] [ERROR] ./app/cosma/page.tsx:3:1
Module not found: Can't resolve '@/components/cosma/playground'
  1 | import type { Metadata } from "next";
  2 | import { Navigation } from "@/components/navigation";
> 3 | import { CosmaPlayground } from "@/components/cosma/playground";
    | ^^^^^^^^^^^^^^^^^^^^^^^^^^^^^^^^^^^^^^^^^^^^^^^^^^^^^^^^^^^^^^^^
  4 | import { SiteFooter } from "@/components/site-footer";
  5 | import { CoffeeSupportCard } from "@/components/coffee-support-card";
  6 |

Import map: aliased to relative './components/cosma/playground' inside of [project]/

https://nextjs.org/docs/messages/module-not-found @ http://localhost:4200/_next/static/chunks/0aus_next_dist_00tg.dm._.js:1945
[   41992ms] [LOG] [Fast Refresh] rebuilding @ http://localhost:4200/_next/static/chunks/0aus_next_dist_00tg.dm._.js:1226
[   41998ms] [ERROR] ./app/cosma/page.tsx:3:1
Module not found: Can't resolve '@/components/cosma/playground'
  1 | import type { Metadata } from "next";
  2 | import { Navigation } from "@/components/navigation";
> 3 | import { CosmaPlayground } from "@/components/cosma/playground";
    | ^^^^^^^^^^^^^^^^^^^^^^^^^^^^^^^^^^^^^^^^^^^^^^^^^^^^^^^^^^^^^^^^
  4 | import { SiteFooter } from "@/components/site-footer";
  5 | import { CoffeeSupportCard } from "@/components/coffee-support-card";
  6 |

Import map: aliased to relative './components/cosma/playground' inside of [project]/

https://nextjs.org/docs/messages/module-not-found @ http://localhost:4200/_next/static/chunks/0aus_next_dist_00tg.dm._.js:1945
[   42057ms] [ERROR] ./app/cosma/page.tsx:3:1
Module not found: Can't resolve '@/components/cosma/playground'
  1 | import type { Metadata } from "next";
  2 | import { Navigation } from "@/components/navigation";
> 3 | import { CosmaPlayground } from "@/components/cosma/playground";
    | ^^^^^^^^^^^^^^^^^^^^^^^^^^^^^^^^^^^^^^^^^^^^^^^^^^^^^^^^^^^^^^^^
  4 | import { SiteFooter } from "@/components/site-footer";
  5 | import { CoffeeSupportCard } from "@/components/coffee-support-card";
  6 |

Import map: aliased to relative './components/cosma/playground' inside of [project]/

https://nextjs.org/docs/messages/module-not-found @ http://localhost:4200/_next/static/chunks/0aus_next_dist_00tg.dm._.js:1945
[   42120ms] [ERROR] ./app/cosma/page.tsx:3:1
Module not found: Can't resolve '@/components/cosma/playground'
  1 | import type { Metadata } from "next";
  2 | import { Navigation } from "@/components/navigation";
> 3 | import { CosmaPlayground } from "@/components/cosma/playground";
    | ^^^^^^^^^^^^^^^^^^^^^^^^^^^^^^^^^^^^^^^^^^^^^^^^^^^^^^^^^^^^^^^^
  4 | import { SiteFooter } from "@/components/site-footer";
  5 | import { CoffeeSupportCard } from "@/components/coffee-support-card";
  6 |

Import map: aliased to relative './components/cosma/playground' inside of [project]/

https://nextjs.org/docs/messages/module-not-found @ http://localhost:4200/_next/static/chunks/0aus_next_dist_00tg.dm._.js:1945
[   42182ms] [ERROR] ./app/cosma/page.tsx:3:1
Module not found: Can't resolve '@/components/cosma/playground'
  1 | import type { Metadata } from "next";
  2 | import { Navigation } from "@/components/navigation";
> 3 | import { CosmaPlayground } from "@/components/cosma/playground";
    | ^^^^^^^^^^^^^^^^^^^^^^^^^^^^^^^^^^^^^^^^^^^^^^^^^^^^^^^^^^^^^^^^
  4 | import { SiteFooter } from "@/components/site-footer";
  5 | import { CoffeeSupportCard } from "@/components/coffee-support-card";
  6 |

Import map: aliased to relative './components/cosma/playground' inside of [project]/

https://nextjs.org/docs/messages/module-not-found @ http://localhost:4200/_next/static/chunks/0aus_next_dist_00tg.dm._.js:1945
[   42245ms] [ERROR] ./app/cosma/page.tsx:3:1
Module not found: Can't resolve '@/components/cosma/playground'
  1 | import type { Metadata } from "next";
  2 | import { Navigation } from "@/components/navigation";
> 3 | import { CosmaPlayground } from "@/components/cosma/playground";
    | ^^^^^^^^^^^^^^^^^^^^^^^^^^^^^^^^^^^^^^^^^^^^^^^^^^^^^^^^^^^^^^^^
  4 | import { SiteFooter } from "@/components/site-footer";
  5 | import { CoffeeSupportCard } from "@/components/coffee-support-card";
  6 |

Import map: aliased to relative './components/cosma/playground' inside of [project]/

https://nextjs.org/docs/messages/module-not-found @ http://localhost:4200/_next/static/chunks/0aus_next_dist_00tg.dm._.js:1945
[   42308ms] [ERROR] ./app/cosma/page.tsx:3:1
Module not found: Can't resolve '@/components/cosma/playground'
  1 | import type { Metadata } from "next";
  2 | import { Navigation } from "@/components/navigation";
> 3 | import { CosmaPlayground } from "@/components/cosma/playground";
    | ^^^^^^^^^^^^^^^^^^^^^^^^^^^^^^^^^^^^^^^^^^^^^^^^^^^^^^^^^^^^^^^^
  4 | import { SiteFooter } from "@/components/site-footer";
  5 | import { CoffeeSupportCard } from "@/components/coffee-support-card";
  6 |

Import map: aliased to relative './components/cosma/playground' inside of [project]/

https://nextjs.org/docs/messages/module-not-found @ http://localhost:4200/_next/static/chunks/0aus_next_dist_00tg.dm._.js:1945
[   42372ms] [ERROR] ./app/cosma/page.tsx:3:1
Module not found: Can't resolve '@/components/cosma/playground'
  1 | import type { Metadata } from "next";
  2 | import { Navigation } from "@/components/navigation";
> 3 | import { CosmaPlayground } from "@/components/cosma/playground";
    | ^^^^^^^^^^^^^^^^^^^^^^^^^^^^^^^^^^^^^^^^^^^^^^^^^^^^^^^^^^^^^^^^
  4 | import { SiteFooter } from "@/components/site-footer";
  5 | import { CoffeeSupportCard } from "@/components/coffee-support-card";
  6 |

Import map: aliased to relative './components/cosma/playground' inside of [project]/

https://nextjs.org/docs/messages/module-not-found @ http://localhost:4200/_next/static/chunks/0aus_next_dist_00tg.dm._.js:1945
[   42442ms] [ERROR] ./app/cosma/page.tsx:3:1
Module not found: Can't resolve '@/components/cosma/playground'
  1 | import type { Metadata } from "next";
  2 | import { Navigation } from "@/components/navigation";
> 3 | import { CosmaPlayground } from "@/components/cosma/playground";
    | ^^^^^^^^^^^^^^^^^^^^^^^^^^^^^^^^^^^^^^^^^^^^^^^^^^^^^^^^^^^^^^^^
  4 | import { SiteFooter } from "@/components/site-footer";
  5 | import { CoffeeSupportCard } from "@/components/coffee-support-card";
  6 |

Import map: aliased to relative './components/cosma/playground' inside of [project]/

https://nextjs.org/docs/messages/module-not-found @ http://localhost:4200/_next/static/chunks/0aus_next_dist_00tg.dm._.js:1945
[   42504ms] [ERROR] ./app/cosma/page.tsx:3:1
Module not found: Can't resolve '@/components/cosma/playground'
  1 | import type { Metadata } from "next";
  2 | import { Navigation } from "@/components/navigation";
> 3 | import { CosmaPlayground } from "@/components/cosma/playground";
    | ^^^^^^^^^^^^^^^^^^^^^^^^^^^^^^^^^^^^^^^^^^^^^^^^^^^^^^^^^^^^^^^^
  4 | import { SiteFooter } from "@/components/site-footer";
  5 | import { CoffeeSupportCard } from "@/components/coffee-support-card";
  6 |

Import map: aliased to relative './components/cosma/playground' inside of [project]/

https://nextjs.org/docs/messages/module-not-found @ http://localhost:4200/_next/static/chunks/0aus_next_dist_00tg.dm._.js:1945
[   42566ms] [ERROR] ./app/cosma/page.tsx:3:1
Module not found: Can't resolve '@/components/cosma/playground'
  1 | import type { Metadata } from "next";
  2 | import { Navigation } from "@/components/navigation";
> 3 | import { CosmaPlayground } from "@/components/cosma/playground";
    | ^^^^^^^^^^^^^^^^^^^^^^^^^^^^^^^^^^^^^^^^^^^^^^^^^^^^^^^^^^^^^^^^
  4 | import { SiteFooter } from "@/components/site-footer";
  5 | import { CoffeeSupportCard } from "@/components/coffee-support-card";
  6 |

Import map: aliased to relative './components/cosma/playground' inside of [project]/

https://nextjs.org/docs/messages/module-not-found @ http://localhost:4200/_next/static/chunks/0aus_next_dist_00tg.dm._.js:1945
[   42628ms] [ERROR] ./app/cosma/page.tsx:3:1
Module not found: Can't resolve '@/components/cosma/playground'
  1 | import type { Metadata } from "next";
  2 | import { Navigation } from "@/components/navigation";
> 3 | import { CosmaPlayground } from "@/components/cosma/playground";
    | ^^^^^^^^^^^^^^^^^^^^^^^^^^^^^^^^^^^^^^^^^^^^^^^^^^^^^^^^^^^^^^^^
  4 | import { SiteFooter } from "@/components/site-footer";
  5 | import { CoffeeSupportCard } from "@/components/coffee-support-card";
  6 |

Import map: aliased to relative './components/cosma/playground' inside of [project]/

https://nextjs.org/docs/messages/module-not-found @ http://localhost:4200/_next/static/chunks/0aus_next_dist_00tg.dm._.js:1945
[   42692ms] [ERROR] ./app/cosma/page.tsx:3:1
Module not found: Can't resolve '@/components/cosma/playground'
  1 | import type { Metadata } from "next";
  2 | import { Navigation } from "@/components/navigation";
> 3 | import { CosmaPlayground } from "@/components/cosma/playground";
    | ^^^^^^^^^^^^^^^^^^^^^^^^^^^^^^^^^^^^^^^^^^^^^^^^^^^^^^^^^^^^^^^^
  4 | import { SiteFooter } from "@/components/site-footer";
  5 | import { CoffeeSupportCard } from "@/components/coffee-support-card";
  6 |

Import map: aliased to relative './components/cosma/playground' inside of [project]/

https://nextjs.org/docs/messages/module-not-found @ http://localhost:4200/_next/static/chunks/0aus_next_dist_00tg.dm._.js:1945
[   42755ms] [ERROR] ./app/cosma/page.tsx:3:1
Module not found: Can't resolve '@/components/cosma/playground'
  1 | import type { Metadata } from "next";
  2 | import { Navigation } from "@/components/navigation";
> 3 | import { CosmaPlayground } from "@/components/cosma/playground";
    | ^^^^^^^^^^^^^^^^^^^^^^^^^^^^^^^^^^^^^^^^^^^^^^^^^^^^^^^^^^^^^^^^
  4 | import { SiteFooter } from "@/components/site-footer";
  5 | import { CoffeeSupportCard } from "@/components/coffee-support-card";
  6 |

Import map: aliased to relative './components/cosma/playground' inside of [project]/

https://nextjs.org/docs/messages/module-not-found @ http://localhost:4200/_next/static/chunks/0aus_next_dist_00tg.dm._.js:1945
[   42820ms] [ERROR] ./app/cosma/page.tsx:3:1
Module not found: Can't resolve '@/components/cosma/playground'
  1 | import type { Metadata } from "next";
  2 | import { Navigation } from "@/components/navigation";
> 3 | import { CosmaPlayground } from "@/components/cosma/playground";
    | ^^^^^^^^^^^^^^^^^^^^^^^^^^^^^^^^^^^^^^^^^^^^^^^^^^^^^^^^^^^^^^^^
  4 | import { SiteFooter } from "@/components/site-footer";
  5 | import { CoffeeSupportCard } from "@/components/coffee-support-card";
  6 |

Import map: aliased to relative './components/cosma/playground' inside of [project]/

https://nextjs.org/docs/messages/module-not-found @ http://localhost:4200/_next/static/chunks/0aus_next_dist_00tg.dm._.js:1945
[   42885ms] [ERROR] ./app/cosma/page.tsx:3:1
Module not found: Can't resolve '@/components/cosma/playground'
  1 | import type { Metadata } from "next";
  2 | import { Navigation } from "@/components/navigation";
> 3 | import { CosmaPlayground } from "@/components/cosma/playground";
    | ^^^^^^^^^^^^^^^^^^^^^^^^^^^^^^^^^^^^^^^^^^^^^^^^^^^^^^^^^^^^^^^^
  4 | import { SiteFooter } from "@/components/site-footer";
  5 | import { CoffeeSupportCard } from "@/components/coffee-support-card";
  6 |

Import map: aliased to relative './components/cosma/playground' inside of [project]/

https://nextjs.org/docs/messages/module-not-found @ http://localhost:4200/_next/static/chunks/0aus_next_dist_00tg.dm._.js:1945
[   42947ms] [ERROR] ./app/cosma/page.tsx:3:1
Module not found: Can't resolve '@/components/cosma/playground'
  1 | import type { Metadata } from "next";
  2 | import { Navigation } from "@/components/navigation";
> 3 | import { CosmaPlayground } from "@/components/cosma/playground";
    | ^^^^^^^^^^^^^^^^^^^^^^^^^^^^^^^^^^^^^^^^^^^^^^^^^^^^^^^^^^^^^^^^
  4 | import { SiteFooter } from "@/components/site-footer";
  5 | import { CoffeeSupportCard } from "@/components/coffee-support-card";
  6 |

Import map: aliased to relative './components/cosma/playground' inside of [project]/

https://nextjs.org/docs/messages/module-not-found @ http://localhost:4200/_next/static/chunks/0aus_next_dist_00tg.dm._.js:1945
[   43009ms] [ERROR] ./app/cosma/page.tsx:3:1
Module not found: Can't resolve '@/components/cosma/playground'
  1 | import type { Metadata } from "next";
  2 | import { Navigation } from "@/components/navigation";
> 3 | import { CosmaPlayground } from "@/components/cosma/playground";
    | ^^^^^^^^^^^^^^^^^^^^^^^^^^^^^^^^^^^^^^^^^^^^^^^^^^^^^^^^^^^^^^^^
  4 | import { SiteFooter } from "@/components/site-footer";
  5 | import { CoffeeSupportCard } from "@/components/coffee-support-card";
  6 |

Import map: aliased to relative './components/cosma/playground' inside of [project]/

https://nextjs.org/docs/messages/module-not-found @ http://localhost:4200/_next/static/chunks/0aus_next_dist_00tg.dm._.js:1945
[   43072ms] [ERROR] ./app/cosma/page.tsx:3:1
Module not found: Can't resolve '@/components/cosma/playground'
  1 | import type { Metadata } from "next";
  2 | import { Navigation } from "@/components/navigation";
> 3 | import { CosmaPlayground } from "@/components/cosma/playground";
    | ^^^^^^^^^^^^^^^^^^^^^^^^^^^^^^^^^^^^^^^^^^^^^^^^^^^^^^^^^^^^^^^^
  4 | import { SiteFooter } from "@/components/site-footer";
  5 | import { CoffeeSupportCard } from "@/components/coffee-support-card";
  6 |

Import map: aliased to relative './components/cosma/playground' inside of [project]/

https://nextjs.org/docs/messages/module-not-found @ http://localhost:4200/_next/static/chunks/0aus_next_dist_00tg.dm._.js:1945
[   43142ms] [ERROR] ./app/cosma/page.tsx:3:1
Module not found: Can't resolve '@/components/cosma/playground'
  1 | import type { Metadata } from "next";
  2 | import { Navigation } from "@/components/navigation";
> 3 | import { CosmaPlayground } from "@/components/cosma/playground";
    | ^^^^^^^^^^^^^^^^^^^^^^^^^^^^^^^^^^^^^^^^^^^^^^^^^^^^^^^^^^^^^^^^
  4 | import { SiteFooter } from "@/components/site-footer";
  5 | import { CoffeeSupportCard } from "@/components/coffee-support-card";
  6 |

Import map: aliased to relative './components/cosma/playground' inside of [project]/

https://nextjs.org/docs/messages/module-not-found @ http://localhost:4200/_next/static/chunks/0aus_next_dist_00tg.dm._.js:1945
[   43235ms] [ERROR] ./app/cosma/page.tsx:3:1
Module not found: Can't resolve '@/components/cosma/playground'
  1 | import type { Metadata } from "next";
  2 | import { Navigation } from "@/components/navigation";
> 3 | import { CosmaPlayground } from "@/components/cosma/playground";
    | ^^^^^^^^^^^^^^^^^^^^^^^^^^^^^^^^^^^^^^^^^^^^^^^^^^^^^^^^^^^^^^^^
  4 | import { SiteFooter } from "@/components/site-footer";
  5 | import { CoffeeSupportCard } from "@/components/coffee-support-card";
  6 |

Import map: aliased to relative './components/cosma/playground' inside of [project]/

https://nextjs.org/docs/messages/module-not-found @ http://localhost:4200/_next/static/chunks/0aus_next_dist_00tg.dm._.js:1945
[   43297ms] [ERROR] ./app/cosma/page.tsx:3:1
Module not found: Can't resolve '@/components/cosma/playground'
  1 | import type { Metadata } from "next";
  2 | import { Navigation } from "@/components/navigation";
> 3 | import { CosmaPlayground } from "@/components/cosma/playground";
    | ^^^^^^^^^^^^^^^^^^^^^^^^^^^^^^^^^^^^^^^^^^^^^^^^^^^^^^^^^^^^^^^^
  4 | import { SiteFooter } from "@/components/site-footer";
  5 | import { CoffeeSupportCard } from "@/components/coffee-support-card";
  6 |

Import map: aliased to relative './components/cosma/playground' inside of [project]/

https://nextjs.org/docs/messages/module-not-found @ http://localhost:4200/_next/static/chunks/0aus_next_dist_00tg.dm._.js:1945
[   43359ms] [ERROR] ./app/cosma/page.tsx:3:1
Module not found: Can't resolve '@/components/cosma/playground'
  1 | import type { Metadata } from "next";
  2 | import { Navigation } from "@/components/navigation";
> 3 | import { CosmaPlayground } from "@/components/cosma/playground";
    | ^^^^^^^^^^^^^^^^^^^^^^^^^^^^^^^^^^^^^^^^^^^^^^^^^^^^^^^^^^^^^^^^
  4 | import { SiteFooter } from "@/components/site-footer";
  5 | import { CoffeeSupportCard } from "@/components/coffee-support-card";
  6 |

Import map: aliased to relative './components/cosma/playground' inside of [project]/

https://nextjs.org/docs/messages/module-not-found @ http://localhost:4200/_next/static/chunks/0aus_next_dist_00tg.dm._.js:1945
[   43422ms] [ERROR] ./app/cosma/page.tsx:3:1
Module not found: Can't resolve '@/components/cosma/playground'
  1 | import type { Metadata } from "next";
  2 | import { Navigation } from "@/components/navigation";
> 3 | import { CosmaPlayground } from "@/components/cosma/playground";
    | ^^^^^^^^^^^^^^^^^^^^^^^^^^^^^^^^^^^^^^^^^^^^^^^^^^^^^^^^^^^^^^^^
  4 | import { SiteFooter } from "@/components/site-footer";
  5 | import { CoffeeSupportCard } from "@/components/coffee-support-card";
  6 |

Import map: aliased to relative './components/cosma/playground' inside of [project]/

https://nextjs.org/docs/messages/module-not-found @ http://localhost:4200/_next/static/chunks/0aus_next_dist_00tg.dm._.js:1945
[   43485ms] [ERROR] ./app/cosma/page.tsx:3:1
Module not found: Can't resolve '@/components/cosma/playground'
  1 | import type { Metadata } from "next";
  2 | import { Navigation } from "@/components/navigation";
> 3 | import { CosmaPlayground } from "@/components/cosma/playground";
    | ^^^^^^^^^^^^^^^^^^^^^^^^^^^^^^^^^^^^^^^^^^^^^^^^^^^^^^^^^^^^^^^^
  4 | import { SiteFooter } from "@/components/site-footer";
  5 | import { CoffeeSupportCard } from "@/components/coffee-support-card";
  6 |

Import map: aliased to relative './components/cosma/playground' inside of [project]/

https://nextjs.org/docs/messages/module-not-found @ http://localhost:4200/_next/static/chunks/0aus_next_dist_00tg.dm._.js:1945
[   43546ms] [ERROR] ./app/cosma/page.tsx:3:1
Module not found: Can't resolve '@/components/cosma/playground'
  1 | import type { Metadata } from "next";
  2 | import { Navigation } from "@/components/navigation";
> 3 | import { CosmaPlayground } from "@/components/cosma/playground";
    | ^^^^^^^^^^^^^^^^^^^^^^^^^^^^^^^^^^^^^^^^^^^^^^^^^^^^^^^^^^^^^^^^
  4 | import { SiteFooter } from "@/components/site-footer";
  5 | import { CoffeeSupportCard } from "@/components/coffee-support-card";
  6 |

Import map: aliased to relative './components/cosma/playground' inside of [project]/

https://nextjs.org/docs/messages/module-not-found @ http://localhost:4200/_next/static/chunks/0aus_next_dist_00tg.dm._.js:1945
[   43609ms] [ERROR] ./app/cosma/page.tsx:3:1
Module not found: Can't resolve '@/components/cosma/playground'
  1 | import type { Metadata } from "next";
  2 | import { Navigation } from "@/components/navigation";
> 3 | import { CosmaPlayground } from "@/components/cosma/playground";
    | ^^^^^^^^^^^^^^^^^^^^^^^^^^^^^^^^^^^^^^^^^^^^^^^^^^^^^^^^^^^^^^^^
  4 | import { SiteFooter } from "@/components/site-footer";
  5 | import { CoffeeSupportCard } from "@/components/coffee-support-card";
  6 |

Import map: aliased to relative './components/cosma/playground' inside of [project]/

https://nextjs.org/docs/messages/module-not-found @ http://localhost:4200/_next/static/chunks/0aus_next_dist_00tg.dm._.js:1945
[   43671ms] [ERROR] ./app/cosma/page.tsx:3:1
Module not found: Can't resolve '@/components/cosma/playground'
  1 | import type { Metadata } from "next";
  2 | import { Navigation } from "@/components/navigation";
> 3 | import { CosmaPlayground } from "@/components/cosma/playground";
    | ^^^^^^^^^^^^^^^^^^^^^^^^^^^^^^^^^^^^^^^^^^^^^^^^^^^^^^^^^^^^^^^^
  4 | import { SiteFooter } from "@/components/site-footer";
  5 | import { CoffeeSupportCard } from "@/components/coffee-support-card";
  6 |

Import map: aliased to relative './components/cosma/playground' inside of [project]/

https://nextjs.org/docs/messages/module-not-found @ http://localhost:4200/_next/static/chunks/0aus_next_dist_00tg.dm._.js:1945
[   43735ms] [ERROR] ./app/cosma/page.tsx:3:1
Module not found: Can't resolve '@/components/cosma/playground'
  1 | import type { Metadata } from "next";
  2 | import { Navigation } from "@/components/navigation";
> 3 | import { CosmaPlayground } from "@/components/cosma/playground";
    | ^^^^^^^^^^^^^^^^^^^^^^^^^^^^^^^^^^^^^^^^^^^^^^^^^^^^^^^^^^^^^^^^
  4 | import { SiteFooter } from "@/components/site-footer";
  5 | import { CoffeeSupportCard } from "@/components/coffee-support-card";
  6 |

Import map: aliased to relative './components/cosma/playground' inside of [project]/

https://nextjs.org/docs/messages/module-not-found @ http://localhost:4200/_next/static/chunks/0aus_next_dist_00tg.dm._.js:1945
[   43797ms] [ERROR] ./app/cosma/page.tsx:3:1
Module not found: Can't resolve '@/components/cosma/playground'
  1 | import type { Metadata } from "next";
  2 | import { Navigation } from "@/components/navigation";
> 3 | import { CosmaPlayground } from "@/components/cosma/playground";
    | ^^^^^^^^^^^^^^^^^^^^^^^^^^^^^^^^^^^^^^^^^^^^^^^^^^^^^^^^^^^^^^^^
  4 | import { SiteFooter } from "@/components/site-footer";
  5 | import { CoffeeSupportCard } from "@/components/coffee-support-card";
  6 |

Import map: aliased to relative './components/cosma/playground' inside of [project]/

https://nextjs.org/docs/messages/module-not-found @ http://localhost:4200/_next/static/chunks/0aus_next_dist_00tg.dm._.js:1945
[   43858ms] [ERROR] ./app/cosma/page.tsx:3:1
Module not found: Can't resolve '@/components/cosma/playground'
  1 | import type { Metadata } from "next";
  2 | import { Navigation } from "@/components/navigation";
> 3 | import { CosmaPlayground } from "@/components/cosma/playground";
    | ^^^^^^^^^^^^^^^^^^^^^^^^^^^^^^^^^^^^^^^^^^^^^^^^^^^^^^^^^^^^^^^^
  4 | import { SiteFooter } from "@/components/site-footer";
  5 | import { CoffeeSupportCard } from "@/components/coffee-support-card";
  6 |

Import map: aliased to relative './components/cosma/playground' inside of [project]/

https://nextjs.org/docs/messages/module-not-found @ http://localhost:4200/_next/static/chunks/0aus_next_dist_00tg.dm._.js:1945
[   43922ms] [ERROR] ./app/cosma/page.tsx:3:1
Module not found: Can't resolve '@/components/cosma/playground'
  1 | import type { Metadata } from "next";
  2 | import { Navigation } from "@/components/navigation";
> 3 | import { CosmaPlayground } from "@/components/cosma/playground";
    | ^^^^^^^^^^^^^^^^^^^^^^^^^^^^^^^^^^^^^^^^^^^^^^^^^^^^^^^^^^^^^^^^
  4 | import { SiteFooter } from "@/components/site-footer";
  5 | import { CoffeeSupportCard } from "@/components/coffee-support-card";
  6 |

Import map: aliased to relative './components/cosma/playground' inside of [project]/

https://nextjs.org/docs/messages/module-not-found @ http://localhost:4200/_next/static/chunks/0aus_next_dist_00tg.dm._.js:1945
[   43985ms] [ERROR] ./app/cosma/page.tsx:3:1
Module not found: Can't resolve '@/components/cosma/playground'
  1 | import type { Metadata } from "next";
  2 | import { Navigation } from "@/components/navigation";
> 3 | import { CosmaPlayground } from "@/components/cosma/playground";
    | ^^^^^^^^^^^^^^^^^^^^^^^^^^^^^^^^^^^^^^^^^^^^^^^^^^^^^^^^^^^^^^^^
  4 | import { SiteFooter } from "@/components/site-footer";
  5 | import { CoffeeSupportCard } from "@/components/coffee-support-card";
  6 |

Import map: aliased to relative './components/cosma/playground' inside of [project]/

https://nextjs.org/docs/messages/module-not-found @ http://localhost:4200/_next/static/chunks/0aus_next_dist_00tg.dm._.js:1945
[   44048ms] [ERROR] ./app/cosma/page.tsx:3:1
Module not found: Can't resolve '@/components/cosma/playground'
  1 | import type { Metadata } from "next";
  2 | import { Navigation } from "@/components/navigation";
> 3 | import { CosmaPlayground } from "@/components/cosma/playground";
    | ^^^^^^^^^^^^^^^^^^^^^^^^^^^^^^^^^^^^^^^^^^^^^^^^^^^^^^^^^^^^^^^^
  4 | import { SiteFooter } from "@/components/site-footer";
  5 | import { CoffeeSupportCard } from "@/components/coffee-support-card";
  6 |

Import map: aliased to relative './components/cosma/playground' inside of [project]/

https://nextjs.org/docs/messages/module-not-found @ http://localhost:4200/_next/static/chunks/0aus_next_dist_00tg.dm._.js:1945
[   44110ms] [ERROR] ./app/cosma/page.tsx:3:1
Module not found: Can't resolve '@/components/cosma/playground'
  1 | import type { Metadata } from "next";
  2 | import { Navigation } from "@/components/navigation";
> 3 | import { CosmaPlayground } from "@/components/cosma/playground";
    | ^^^^^^^^^^^^^^^^^^^^^^^^^^^^^^^^^^^^^^^^^^^^^^^^^^^^^^^^^^^^^^^^
  4 | import { SiteFooter } from "@/components/site-footer";
  5 | import { CoffeeSupportCard } from "@/components/coffee-support-card";
  6 |

Import map: aliased to relative './components/cosma/playground' inside of [project]/

https://nextjs.org/docs/messages/module-not-found @ http://localhost:4200/_next/static/chunks/0aus_next_dist_00tg.dm._.js:1945
[   44173ms] [ERROR] ./app/cosma/page.tsx:3:1
Module not found: Can't resolve '@/components/cosma/playground'
  1 | import type { Metadata } from "next";
  2 | import { Navigation } from "@/components/navigation";
> 3 | import { CosmaPlayground } from "@/components/cosma/playground";
    | ^^^^^^^^^^^^^^^^^^^^^^^^^^^^^^^^^^^^^^^^^^^^^^^^^^^^^^^^^^^^^^^^
  4 | import { SiteFooter } from "@/components/site-footer";
  5 | import { CoffeeSupportCard } from "@/components/coffee-support-card";
  6 |

Import map: aliased to relative './components/cosma/playground' inside of [project]/

https://nextjs.org/docs/messages/module-not-found @ http://localhost:4200/_next/static/chunks/0aus_next_dist_00tg.dm._.js:1945
[   44235ms] [ERROR] ./app/cosma/page.tsx:3:1
Module not found: Can't resolve '@/components/cosma/playground'
  1 | import type { Metadata } from "next";
  2 | import { Navigation } from "@/components/navigation";
> 3 | import { CosmaPlayground } from "@/components/cosma/playground";
    | ^^^^^^^^^^^^^^^^^^^^^^^^^^^^^^^^^^^^^^^^^^^^^^^^^^^^^^^^^^^^^^^^
  4 | import { SiteFooter } from "@/components/site-footer";
  5 | import { CoffeeSupportCard } from "@/components/coffee-support-card";
  6 |

Import map: aliased to relative './components/cosma/playground' inside of [project]/

https://nextjs.org/docs/messages/module-not-found @ http://localhost:4200/_next/static/chunks/0aus_next_dist_00tg.dm._.js:1945
[   44299ms] [ERROR] ./app/cosma/page.tsx:3:1
Module not found: Can't resolve '@/components/cosma/playground'
  1 | import type { Metadata } from "next";
  2 | import { Navigation } from "@/components/navigation";
> 3 | import { CosmaPlayground } from "@/components/cosma/playground";
    | ^^^^^^^^^^^^^^^^^^^^^^^^^^^^^^^^^^^^^^^^^^^^^^^^^^^^^^^^^^^^^^^^
  4 | import { SiteFooter } from "@/components/site-footer";
  5 | import { CoffeeSupportCard } from "@/components/coffee-support-card";
  6 |

Import map: aliased to relative './components/cosma/playground' inside of [project]/

https://nextjs.org/docs/messages/module-not-found @ http://localhost:4200/_next/static/chunks/0aus_next_dist_00tg.dm._.js:1945
[   44362ms] [ERROR] ./app/cosma/page.tsx:3:1
Module not found: Can't resolve '@/components/cosma/playground'
  1 | import type { Metadata } from "next";
  2 | import { Navigation } from "@/components/navigation";
> 3 | import { CosmaPlayground } from "@/components/cosma/playground";
    | ^^^^^^^^^^^^^^^^^^^^^^^^^^^^^^^^^^^^^^^^^^^^^^^^^^^^^^^^^^^^^^^^
  4 | import { SiteFooter } from "@/components/site-footer";
  5 | import { CoffeeSupportCard } from "@/components/coffee-support-card";
  6 |

Import map: aliased to relative './components/cosma/playground' inside of [project]/

https://nextjs.org/docs/messages/module-not-found @ http://localhost:4200/_next/static/chunks/0aus_next_dist_00tg.dm._.js:1945
[   44429ms] [ERROR] ./app/cosma/page.tsx:3:1
Module not found: Can't resolve '@/components/cosma/playground'
  1 | import type { Metadata } from "next";
  2 | import { Navigation } from "@/components/navigation";
> 3 | import { CosmaPlayground } from "@/components/cosma/playground";
    | ^^^^^^^^^^^^^^^^^^^^^^^^^^^^^^^^^^^^^^^^^^^^^^^^^^^^^^^^^^^^^^^^
  4 | import { SiteFooter } from "@/components/site-footer";
  5 | import { CoffeeSupportCard } from "@/components/coffee-support-card";
  6 |

Import map: aliased to relative './components/cosma/playground' inside of [project]/

https://nextjs.org/docs/messages/module-not-found @ http://localhost:4200/_next/static/chunks/0aus_next_dist_00tg.dm._.js:1945
[   44494ms] [ERROR] ./app/cosma/page.tsx:3:1
Module not found: Can't resolve '@/components/cosma/playground'
  1 | import type { Metadata } from "next";
  2 | import { Navigation } from "@/components/navigation";
> 3 | import { CosmaPlayground } from "@/components/cosma/playground";
    | ^^^^^^^^^^^^^^^^^^^^^^^^^^^^^^^^^^^^^^^^^^^^^^^^^^^^^^^^^^^^^^^^
  4 | import { SiteFooter } from "@/components/site-footer";
  5 | import { CoffeeSupportCard } from "@/components/coffee-support-card";
  6 |

Import map: aliased to relative './components/cosma/playground' inside of [project]/

https://nextjs.org/docs/messages/module-not-found @ http://localhost:4200/_next/static/chunks/0aus_next_dist_00tg.dm._.js:1945
[   44572ms] [ERROR] ./app/cosma/page.tsx:3:1
Module not found: Can't resolve '@/components/cosma/playground'
  1 | import type { Metadata } from "next";
  2 | import { Navigation } from "@/components/navigation";
> 3 | import { CosmaPlayground } from "@/components/cosma/playground";
    | ^^^^^^^^^^^^^^^^^^^^^^^^^^^^^^^^^^^^^^^^^^^^^^^^^^^^^^^^^^^^^^^^
  4 | import { SiteFooter } from "@/components/site-footer";
  5 | import { CoffeeSupportCard } from "@/components/coffee-support-card";
  6 |

Import map: aliased to relative './components/cosma/playground' inside of [project]/

https://nextjs.org/docs/messages/module-not-found @ http://localhost:4200/_next/static/chunks/0aus_next_dist_00tg.dm._.js:1945
[   44618ms] [LOG] [Fast Refresh] rebuilding @ http://localhost:4200/_next/static/chunks/0aus_next_dist_00tg.dm._.js:1226
[   44682ms] [ERROR] ./app/cosma/page.tsx:3:1
Module not found: Can't resolve '@/components/cosma/playground'
  1 | import type { Metadata } from "next";
  2 | import { Navigation } from "@/components/navigation";
> 3 | import { CosmaPlayground } from "@/components/cosma/playground";
    | ^^^^^^^^^^^^^^^^^^^^^^^^^^^^^^^^^^^^^^^^^^^^^^^^^^^^^^^^^^^^^^^^
  4 | import { SiteFooter } from "@/components/site-footer";
  5 | import { CoffeeSupportCard } from "@/components/coffee-support-card";
  6 |

Import map: aliased to relative './components/cosma/playground' inside of [project]/

https://nextjs.org/docs/messages/module-not-found @ http://localhost:4200/_next/static/chunks/0aus_next_dist_00tg.dm._.js:1945
[   44742ms] [ERROR] ./app/cosma/page.tsx:3:1
Module not found: Can't resolve '@/components/cosma/playground'
  1 | import type { Metadata } from "next";
  2 | import { Navigation } from "@/components/navigation";
> 3 | import { CosmaPlayground } from "@/components/cosma/playground";
    | ^^^^^^^^^^^^^^^^^^^^^^^^^^^^^^^^^^^^^^^^^^^^^^^^^^^^^^^^^^^^^^^^
  4 | import { SiteFooter } from "@/components/site-footer";
  5 | import { CoffeeSupportCard } from "@/components/coffee-support-card";
  6 |

Import map: aliased to relative './components/cosma/playground' inside of [project]/

https://nextjs.org/docs/messages/module-not-found @ http://localhost:4200/_next/static/chunks/0aus_next_dist_00tg.dm._.js:1945
[   44804ms] [ERROR] ./app/cosma/page.tsx:3:1
Module not found: Can't resolve '@/components/cosma/playground'
  1 | import type { Metadata } from "next";
  2 | import { Navigation } from "@/components/navigation";
> 3 | import { CosmaPlayground } from "@/components/cosma/playground";
    | ^^^^^^^^^^^^^^^^^^^^^^^^^^^^^^^^^^^^^^^^^^^^^^^^^^^^^^^^^^^^^^^^
  4 | import { SiteFooter } from "@/components/site-footer";
  5 | import { CoffeeSupportCard } from "@/components/coffee-support-card";
  6 |

Import map: aliased to relative './components/cosma/playground' inside of [project]/

https://nextjs.org/docs/messages/module-not-found @ http://localhost:4200/_next/static/chunks/0aus_next_dist_00tg.dm._.js:1945
[   44868ms] [ERROR] ./app/cosma/page.tsx:3:1
Module not found: Can't resolve '@/components/cosma/playground'
  1 | import type { Metadata } from "next";
  2 | import { Navigation } from "@/components/navigation";
> 3 | import { CosmaPlayground } from "@/components/cosma/playground";
    | ^^^^^^^^^^^^^^^^^^^^^^^^^^^^^^^^^^^^^^^^^^^^^^^^^^^^^^^^^^^^^^^^
  4 | import { SiteFooter } from "@/components/site-footer";
  5 | import { CoffeeSupportCard } from "@/components/coffee-support-card";
  6 |

Import map: aliased to relative './components/cosma/playground' inside of [project]/

https://nextjs.org/docs/messages/module-not-found @ http://localhost:4200/_next/static/chunks/0aus_next_dist_00tg.dm._.js:1945
[   44932ms] [ERROR] ./app/cosma/page.tsx:3:1
Module not found: Can't resolve '@/components/cosma/playground'
  1 | import type { Metadata } from "next";
  2 | import { Navigation } from "@/components/navigation";
> 3 | import { CosmaPlayground } from "@/components/cosma/playground";
    | ^^^^^^^^^^^^^^^^^^^^^^^^^^^^^^^^^^^^^^^^^^^^^^^^^^^^^^^^^^^^^^^^
  4 | import { SiteFooter } from "@/components/site-footer";
  5 | import { CoffeeSupportCard } from "@/components/coffee-support-card";
  6 |

Import map: aliased to relative './components/cosma/playground' inside of [project]/

https://nextjs.org/docs/messages/module-not-found @ http://localhost:4200/_next/static/chunks/0aus_next_dist_00tg.dm._.js:1945
[   44996ms] [ERROR] ./app/cosma/page.tsx:3:1
Module not found: Can't resolve '@/components/cosma/playground'
  1 | import type { Metadata } from "next";
  2 | import { Navigation } from "@/components/navigation";
> 3 | import { CosmaPlayground } from "@/components/cosma/playground";
    | ^^^^^^^^^^^^^^^^^^^^^^^^^^^^^^^^^^^^^^^^^^^^^^^^^^^^^^^^^^^^^^^^
  4 | import { SiteFooter } from "@/components/site-footer";
  5 | import { CoffeeSupportCard } from "@/components/coffee-support-card";
  6 |

Import map: aliased to relative './components/cosma/playground' inside of [project]/

https://nextjs.org/docs/messages/module-not-found @ http://localhost:4200/_next/static/chunks/0aus_next_dist_00tg.dm._.js:1945
[   45061ms] [ERROR] ./app/cosma/page.tsx:3:1
Module not found: Can't resolve '@/components/cosma/playground'
  1 | import type { Metadata } from "next";
  2 | import { Navigation } from "@/components/navigation";
> 3 | import { CosmaPlayground } from "@/components/cosma/playground";
    | ^^^^^^^^^^^^^^^^^^^^^^^^^^^^^^^^^^^^^^^^^^^^^^^^^^^^^^^^^^^^^^^^
  4 | import { SiteFooter } from "@/components/site-footer";
  5 | import { CoffeeSupportCard } from "@/components/coffee-support-card";
  6 |

Import map: aliased to relative './components/cosma/playground' inside of [project]/

https://nextjs.org/docs/messages/module-not-found @ http://localhost:4200/_next/static/chunks/0aus_next_dist_00tg.dm._.js:1945
[   45130ms] [ERROR] ./app/cosma/page.tsx:3:1
Module not found: Can't resolve '@/components/cosma/playground'
  1 | import type { Metadata } from "next";
  2 | import { Navigation } from "@/components/navigation";
> 3 | import { CosmaPlayground } from "@/components/cosma/playground";
    | ^^^^^^^^^^^^^^^^^^^^^^^^^^^^^^^^^^^^^^^^^^^^^^^^^^^^^^^^^^^^^^^^
  4 | import { SiteFooter } from "@/components/site-footer";
  5 | import { CoffeeSupportCard } from "@/components/coffee-support-card";
  6 |

Import map: aliased to relative './components/cosma/playground' inside of [project]/

https://nextjs.org/docs/messages/module-not-found @ http://localhost:4200/_next/static/chunks/0aus_next_dist_00tg.dm._.js:1945
[   45231ms] [LOG] [Fast Refresh] rebuilding @ http://localhost:4200/_next/static/chunks/0aus_next_dist_00tg.dm._.js:1226
[   45432ms] [ERROR] ./app/cosma/page.tsx:3:1
Module not found: Can't resolve '@/components/cosma/playground'
  1 | import type { Metadata } from "next";
  2 | import { Navigation } from "@/components/navigation";
> 3 | import { CosmaPlayground } from "@/components/cosma/playground";
    | ^^^^^^^^^^^^^^^^^^^^^^^^^^^^^^^^^^^^^^^^^^^^^^^^^^^^^^^^^^^^^^^^
  4 | import { SiteFooter } from "@/components/site-footer";
  5 | import { CoffeeSupportCard } from "@/components/coffee-support-card";
  6 |

Import map: aliased to relative './components/cosma/playground' inside of [project]/

https://nextjs.org/docs/messages/module-not-found @ http://localhost:4200/_next/static/chunks/0aus_next_dist_00tg.dm._.js:1945
[   45557ms] [ERROR] Failed to load resource: the server responded with a status of 500 (Internal Server Error) @ http://localhost:4200/cosma:0
[   45588ms] [INFO] %cDownload the React DevTools for a better development experience: https://react.dev/link/react-devtools font-weight:bold @ http://localhost:4200/_next/static/chunks/0e-u_react-dom_0037m-m._.js:15305
[   45593ms] Error: ./app/cosma/page.tsx:3:1
Module not found: Can't resolve '@/components/cosma/playground'
  1 | import type { Metadata } from "next";
  2 | import { Navigation } from "@/components/navigation";
> 3 | import { CosmaPlayground } from "@/components/cosma/playground";
    | ^^^^^^^^^^^^^^^^^^^^^^^^^^^^^^^^^^^^^^^^^^^^^^^^^^^^^^^^^^^^^^^^
  4 | import { SiteFooter } from "@/components/site-footer";
  5 | import { CoffeeSupportCard } from "@/components/coffee-support-card";
  6 |

Import map: aliased to relative './components/cosma/playground' inside of [project]/


https://nextjs.org/docs/messages/module-not-found


    at <unknown> (Error: ./app/cosma/page.tsx:3:1)
    at <unknown> (https://nextjs.org/docs/messages/module-not-found)
    at Object.getCompilationErrors (file:///Users/godwinjanarthan/Documents/Projects/d2studio-ui/node_modules/.pnpm/next@16.2.4_@babel+core@7.28.4_react-dom@19.2.5_react@19.2.5__react@19.2.5/node_modules/next/dist/server/dev/hot-reloader-turbopack.js:1186:59)
    at DevBundlerService.getCompilationError (file:///Users/godwinjanarthan/Documents/Projects/d2studio-ui/node_modules/.pnpm/next@16.2.4_@babel+core@7.28.4_react-dom@19.2.5_react@19.2.5__react@19.2.5/node_modules/next/dist/server/lib/dev-bundler-service.js:44:55)
    at DevServer.getCompilationError (file:///Users/godwinjanarthan/Documents/Projects/d2studio-ui/node_modules/.pnpm/next@16.2.4_@babel+core@7.28.4_react-dom@19.2.5_react@19.2.5__react@19.2.5/node_modules/next/dist/server/dev/next-dev-server.js:719:42)
    at DevServer.findPageComponents (file:///Users/godwinjanarthan/Documents/Projects/d2studio-ui/node_modules/.pnpm/next@16.2.4_@babel+core@7.28.4_react-dom@19.2.5_react@19.2.5__react@19.2.5/node_modules/next/dist/server/dev/next-dev-server.js:689:43)
    at async DevServer.renderErrorToResponseImpl (file:///Users/godwinjanarthan/Documents/Projects/d2studio-ui/node_modules/.pnpm/next@16.2.4_@babel+core@7.28.4_react-dom@19.2.5_react@19.2.5__react@19.2.5/node_modules/next/dist/server/base-server.js:1745:26)
[   45612ms] [LOG] [HMR] connected @ http://localhost:4200/_next/static/chunks/0aus_next_dist_00tg.dm._.js:1226
[   45631ms] [ERROR] ./app/cosma/page.tsx:3:1
Module not found: Can't resolve '@/components/cosma/playground'
  1 | import type { Metadata } from "next";
  2 | import { Navigation } from "@/components/navigation";
> 3 | import { CosmaPlayground } from "@/components/cosma/playground";
    | ^^^^^^^^^^^^^^^^^^^^^^^^^^^^^^^^^^^^^^^^^^^^^^^^^^^^^^^^^^^^^^^^
  4 | import { SiteFooter } from "@/components/site-footer";
  5 | import { CoffeeSupportCard } from "@/components/coffee-support-card";
  6 |

Import map: aliased to relative './components/cosma/playground' inside of [project]/

https://nextjs.org/docs/messages/module-not-found @ http://localhost:4200/_next/static/chunks/0aus_next_dist_00tg.dm._.js:1945
[   45665ms] [ERROR] ./app/cosma/page.tsx:3:1
Module not found: Can't resolve '@/components/cosma/playground'
  1 | import type { Metadata } from "next";
  2 | import { Navigation } from "@/components/navigation";
> 3 | import { CosmaPlayground } from "@/components/cosma/playground";
    | ^^^^^^^^^^^^^^^^^^^^^^^^^^^^^^^^^^^^^^^^^^^^^^^^^^^^^^^^^^^^^^^^
  4 | import { SiteFooter } from "@/components/site-footer";
  5 | import { CoffeeSupportCard } from "@/components/coffee-support-card";
  6 |

Import map: aliased to relative './components/cosma/playground' inside of [project]/

https://nextjs.org/docs/messages/module-not-found @ http://localhost:4200/_next/static/chunks/0aus_next_dist_00tg.dm._.js:1945
[   45713ms] [ERROR] ./app/cosma/page.tsx:3:1
Module not found: Can't resolve '@/components/cosma/playground'
  1 | import type { Metadata } from "next";
  2 | import { Navigation } from "@/components/navigation";
> 3 | import { CosmaPlayground } from "@/components/cosma/playground";
    | ^^^^^^^^^^^^^^^^^^^^^^^^^^^^^^^^^^^^^^^^^^^^^^^^^^^^^^^^^^^^^^^^
  4 | import { SiteFooter } from "@/components/site-footer";
  5 | import { CoffeeSupportCard } from "@/components/coffee-support-card";
  6 |

Import map: aliased to relative './components/cosma/playground' inside of [project]/

https://nextjs.org/docs/messages/module-not-found @ http://localhost:4200/_next/static/chunks/0aus_next_dist_00tg.dm._.js:1945
[   45775ms] [ERROR] ./app/cosma/page.tsx:3:1
Module not found: Can't resolve '@/components/cosma/playground'
  1 | import type { Metadata } from "next";
  2 | import { Navigation } from "@/components/navigation";
> 3 | import { CosmaPlayground } from "@/components/cosma/playground";
    | ^^^^^^^^^^^^^^^^^^^^^^^^^^^^^^^^^^^^^^^^^^^^^^^^^^^^^^^^^^^^^^^^
  4 | import { SiteFooter } from "@/components/site-footer";
  5 | import { CoffeeSupportCard } from "@/components/coffee-support-card";
  6 |

Import map: aliased to relative './components/cosma/playground' inside of [project]/

https://nextjs.org/docs/messages/module-not-found @ http://localhost:4200/_next/static/chunks/0aus_next_dist_00tg.dm._.js:1945
[   45839ms] [ERROR] ./app/cosma/page.tsx:3:1
Module not found: Can't resolve '@/components/cosma/playground'
  1 | import type { Metadata } from "next";
  2 | import { Navigation } from "@/components/navigation";
> 3 | import { CosmaPlayground } from "@/components/cosma/playground";
    | ^^^^^^^^^^^^^^^^^^^^^^^^^^^^^^^^^^^^^^^^^^^^^^^^^^^^^^^^^^^^^^^^
  4 | import { SiteFooter } from "@/components/site-footer";
  5 | import { CoffeeSupportCard } from "@/components/coffee-support-card";
  6 |

Import map: aliased to relative './components/cosma/playground' inside of [project]/

https://nextjs.org/docs/messages/module-not-found @ http://localhost:4200/_next/static/chunks/0aus_next_dist_00tg.dm._.js:1945
[   45901ms] [ERROR] ./app/cosma/page.tsx:3:1
Module not found: Can't resolve '@/components/cosma/playground'
  1 | import type { Metadata } from "next";
  2 | import { Navigation } from "@/components/navigation";
> 3 | import { CosmaPlayground } from "@/components/cosma/playground";
    | ^^^^^^^^^^^^^^^^^^^^^^^^^^^^^^^^^^^^^^^^^^^^^^^^^^^^^^^^^^^^^^^^
  4 | import { SiteFooter } from "@/components/site-footer";
  5 | import { CoffeeSupportCard } from "@/components/coffee-support-card";
  6 |

Import map: aliased to relative './components/cosma/playground' inside of [project]/

https://nextjs.org/docs/messages/module-not-found @ http://localhost:4200/_next/static/chunks/0aus_next_dist_00tg.dm._.js:1945
[   45964ms] [ERROR] ./app/cosma/page.tsx:3:1
Module not found: Can't resolve '@/components/cosma/playground'
  1 | import type { Metadata } from "next";
  2 | import { Navigation } from "@/components/navigation";
> 3 | import { CosmaPlayground } from "@/components/cosma/playground";
    | ^^^^^^^^^^^^^^^^^^^^^^^^^^^^^^^^^^^^^^^^^^^^^^^^^^^^^^^^^^^^^^^^
  4 | import { SiteFooter } from "@/components/site-footer";
  5 | import { CoffeeSupportCard } from "@/components/coffee-support-card";
  6 |

Import map: aliased to relative './components/cosma/playground' inside of [project]/

https://nextjs.org/docs/messages/module-not-found @ http://localhost:4200/_next/static/chunks/0aus_next_dist_00tg.dm._.js:1945
[   46027ms] [ERROR] ./app/cosma/page.tsx:3:1
Module not found: Can't resolve '@/components/cosma/playground'
  1 | import type { Metadata } from "next";
  2 | import { Navigation } from "@/components/navigation";
> 3 | import { CosmaPlayground } from "@/components/cosma/playground";
    | ^^^^^^^^^^^^^^^^^^^^^^^^^^^^^^^^^^^^^^^^^^^^^^^^^^^^^^^^^^^^^^^^
  4 | import { SiteFooter } from "@/components/site-footer";
  5 | import { CoffeeSupportCard } from "@/components/coffee-support-card";
  6 |

Import map: aliased to relative './components/cosma/playground' inside of [project]/

https://nextjs.org/docs/messages/module-not-found @ http://localhost:4200/_next/static/chunks/0aus_next_dist_00tg.dm._.js:1945
[   46091ms] [ERROR] ./app/cosma/page.tsx:3:1
Module not found: Can't resolve '@/components/cosma/playground'
  1 | import type { Metadata } from "next";
  2 | import { Navigation } from "@/components/navigation";
> 3 | import { CosmaPlayground } from "@/components/cosma/playground";
    | ^^^^^^^^^^^^^^^^^^^^^^^^^^^^^^^^^^^^^^^^^^^^^^^^^^^^^^^^^^^^^^^^
  4 | import { SiteFooter } from "@/components/site-footer";
  5 | import { CoffeeSupportCard } from "@/components/coffee-support-card";
  6 |

Import map: aliased to relative './components/cosma/playground' inside of [project]/

https://nextjs.org/docs/messages/module-not-found @ http://localhost:4200/_next/static/chunks/0aus_next_dist_00tg.dm._.js:1945
[   46155ms] [ERROR] ./app/cosma/page.tsx:3:1
Module not found: Can't resolve '@/components/cosma/playground'
  1 | import type { Metadata } from "next";
  2 | import { Navigation } from "@/components/navigation";
> 3 | import { CosmaPlayground } from "@/components/cosma/playground";
    | ^^^^^^^^^^^^^^^^^^^^^^^^^^^^^^^^^^^^^^^^^^^^^^^^^^^^^^^^^^^^^^^^
  4 | import { SiteFooter } from "@/components/site-footer";
  5 | import { CoffeeSupportCard } from "@/components/coffee-support-card";
  6 |

Import map: aliased to relative './components/cosma/playground' inside of [project]/

https://nextjs.org/docs/messages/module-not-found @ http://localhost:4200/_next/static/chunks/0aus_next_dist_00tg.dm._.js:1945
[   46217ms] [ERROR] ./app/cosma/page.tsx:3:1
Module not found: Can't resolve '@/components/cosma/playground'
  1 | import type { Metadata } from "next";
  2 | import { Navigation } from "@/components/navigation";
> 3 | import { CosmaPlayground } from "@/components/cosma/playground";
    | ^^^^^^^^^^^^^^^^^^^^^^^^^^^^^^^^^^^^^^^^^^^^^^^^^^^^^^^^^^^^^^^^
  4 | import { SiteFooter } from "@/components/site-footer";
  5 | import { CoffeeSupportCard } from "@/components/coffee-support-card";
  6 |

Import map: aliased to relative './components/cosma/playground' inside of [project]/

https://nextjs.org/docs/messages/module-not-found @ http://localhost:4200/_next/static/chunks/0aus_next_dist_00tg.dm._.js:1945
[   46280ms] [ERROR] ./app/cosma/page.tsx:3:1
Module not found: Can't resolve '@/components/cosma/playground'
  1 | import type { Metadata } from "next";
  2 | import { Navigation } from "@/components/navigation";
> 3 | import { CosmaPlayground } from "@/components/cosma/playground";
    | ^^^^^^^^^^^^^^^^^^^^^^^^^^^^^^^^^^^^^^^^^^^^^^^^^^^^^^^^^^^^^^^^
  4 | import { SiteFooter } from "@/components/site-footer";
  5 | import { CoffeeSupportCard } from "@/components/coffee-support-card";
  6 |

Import map: aliased to relative './components/cosma/playground' inside of [project]/

https://nextjs.org/docs/messages/module-not-found @ http://localhost:4200/_next/static/chunks/0aus_next_dist_00tg.dm._.js:1945
[   46341ms] [ERROR] ./app/cosma/page.tsx:3:1
Module not found: Can't resolve '@/components/cosma/playground'
  1 | import type { Metadata } from "next";
  2 | import { Navigation } from "@/components/navigation";
> 3 | import { CosmaPlayground } from "@/components/cosma/playground";
    | ^^^^^^^^^^^^^^^^^^^^^^^^^^^^^^^^^^^^^^^^^^^^^^^^^^^^^^^^^^^^^^^^
  4 | import { SiteFooter } from "@/components/site-footer";
  5 | import { CoffeeSupportCard } from "@/components/coffee-support-card";
  6 |

Import map: aliased to relative './components/cosma/playground' inside of [project]/

https://nextjs.org/docs/messages/module-not-found @ http://localhost:4200/_next/static/chunks/0aus_next_dist_00tg.dm._.js:1945
[   46405ms] [ERROR] ./app/cosma/page.tsx:3:1
Module not found: Can't resolve '@/components/cosma/playground'
  1 | import type { Metadata } from "next";
  2 | import { Navigation } from "@/components/navigation";
> 3 | import { CosmaPlayground } from "@/components/cosma/playground";
    | ^^^^^^^^^^^^^^^^^^^^^^^^^^^^^^^^^^^^^^^^^^^^^^^^^^^^^^^^^^^^^^^^
  4 | import { SiteFooter } from "@/components/site-footer";
  5 | import { CoffeeSupportCard } from "@/components/coffee-support-card";
  6 |

Import map: aliased to relative './components/cosma/playground' inside of [project]/

https://nextjs.org/docs/messages/module-not-found @ http://localhost:4200/_next/static/chunks/0aus_next_dist_00tg.dm._.js:1945
[   46468ms] [ERROR] ./app/cosma/page.tsx:3:1
Module not found: Can't resolve '@/components/cosma/playground'
  1 | import type { Metadata } from "next";
  2 | import { Navigation } from "@/components/navigation";
> 3 | import { CosmaPlayground } from "@/components/cosma/playground";
    | ^^^^^^^^^^^^^^^^^^^^^^^^^^^^^^^^^^^^^^^^^^^^^^^^^^^^^^^^^^^^^^^^
  4 | import { SiteFooter } from "@/components/site-footer";
  5 | import { CoffeeSupportCard } from "@/components/coffee-support-card";
  6 |

Import map: aliased to relative './components/cosma/playground' inside of [project]/

https://nextjs.org/docs/messages/module-not-found @ http://localhost:4200/_next/static/chunks/0aus_next_dist_00tg.dm._.js:1945
[   46532ms] [ERROR] ./app/cosma/page.tsx:3:1
Module not found: Can't resolve '@/components/cosma/playground'
  1 | import type { Metadata } from "next";
  2 | import { Navigation } from "@/components/navigation";
> 3 | import { CosmaPlayground } from "@/components/cosma/playground";
    | ^^^^^^^^^^^^^^^^^^^^^^^^^^^^^^^^^^^^^^^^^^^^^^^^^^^^^^^^^^^^^^^^
  4 | import { SiteFooter } from "@/components/site-footer";
  5 | import { CoffeeSupportCard } from "@/components/coffee-support-card";
  6 |

Import map: aliased to relative './components/cosma/playground' inside of [project]/

https://nextjs.org/docs/messages/module-not-found @ http://localhost:4200/_next/static/chunks/0aus_next_dist_00tg.dm._.js:1945
[   46596ms] [ERROR] ./app/cosma/page.tsx:3:1
Module not found: Can't resolve '@/components/cosma/playground'
  1 | import type { Metadata } from "next";
  2 | import { Navigation } from "@/components/navigation";
> 3 | import { CosmaPlayground } from "@/components/cosma/playground";
    | ^^^^^^^^^^^^^^^^^^^^^^^^^^^^^^^^^^^^^^^^^^^^^^^^^^^^^^^^^^^^^^^^
  4 | import { SiteFooter } from "@/components/site-footer";
  5 | import { CoffeeSupportCard } from "@/components/coffee-support-card";
  6 |

Import map: aliased to relative './components/cosma/playground' inside of [project]/

https://nextjs.org/docs/messages/module-not-found @ http://localhost:4200/_next/static/chunks/0aus_next_dist_00tg.dm._.js:1945
[   46660ms] [ERROR] ./app/cosma/page.tsx:3:1
Module not found: Can't resolve '@/components/cosma/playground'
  1 | import type { Metadata } from "next";
  2 | import { Navigation } from "@/components/navigation";
> 3 | import { CosmaPlayground } from "@/components/cosma/playground";
    | ^^^^^^^^^^^^^^^^^^^^^^^^^^^^^^^^^^^^^^^^^^^^^^^^^^^^^^^^^^^^^^^^
  4 | import { SiteFooter } from "@/components/site-footer";
  5 | import { CoffeeSupportCard } from "@/components/coffee-support-card";
  6 |

Import map: aliased to relative './components/cosma/playground' inside of [project]/

https://nextjs.org/docs/messages/module-not-found @ http://localhost:4200/_next/static/chunks/0aus_next_dist_00tg.dm._.js:1945
[   46723ms] [ERROR] ./app/cosma/page.tsx:3:1
Module not found: Can't resolve '@/components/cosma/playground'
  1 | import type { Metadata } from "next";
  2 | import { Navigation } from "@/components/navigation";
> 3 | import { CosmaPlayground } from "@/components/cosma/playground";
    | ^^^^^^^^^^^^^^^^^^^^^^^^^^^^^^^^^^^^^^^^^^^^^^^^^^^^^^^^^^^^^^^^
  4 | import { SiteFooter } from "@/components/site-footer";
  5 | import { CoffeeSupportCard } from "@/components/coffee-support-card";
  6 |

Import map: aliased to relative './components/cosma/playground' inside of [project]/

https://nextjs.org/docs/messages/module-not-found @ http://localhost:4200/_next/static/chunks/0aus_next_dist_00tg.dm._.js:1945
[   46787ms] [ERROR] ./app/cosma/page.tsx:3:1
Module not found: Can't resolve '@/components/cosma/playground'
  1 | import type { Metadata } from "next";
  2 | import { Navigation } from "@/components/navigation";
> 3 | import { CosmaPlayground } from "@/components/cosma/playground";
    | ^^^^^^^^^^^^^^^^^^^^^^^^^^^^^^^^^^^^^^^^^^^^^^^^^^^^^^^^^^^^^^^^
  4 | import { SiteFooter } from "@/components/site-footer";
  5 | import { CoffeeSupportCard } from "@/components/coffee-support-card";
  6 |

Import map: aliased to relative './components/cosma/playground' inside of [project]/

https://nextjs.org/docs/messages/module-not-found @ http://localhost:4200/_next/static/chunks/0aus_next_dist_00tg.dm._.js:1945
[   46851ms] [ERROR] ./app/cosma/page.tsx:3:1
Module not found: Can't resolve '@/components/cosma/playground'
  1 | import type { Metadata } from "next";
  2 | import { Navigation } from "@/components/navigation";
> 3 | import { CosmaPlayground } from "@/components/cosma/playground";
    | ^^^^^^^^^^^^^^^^^^^^^^^^^^^^^^^^^^^^^^^^^^^^^^^^^^^^^^^^^^^^^^^^
  4 | import { SiteFooter } from "@/components/site-footer";
  5 | import { CoffeeSupportCard } from "@/components/coffee-support-card";
  6 |

Import map: aliased to relative './components/cosma/playground' inside of [project]/

https://nextjs.org/docs/messages/module-not-found @ http://localhost:4200/_next/static/chunks/0aus_next_dist_00tg.dm._.js:1945
[   46915ms] [ERROR] ./app/cosma/page.tsx:3:1
Module not found: Can't resolve '@/components/cosma/playground'
  1 | import type { Metadata } from "next";
  2 | import { Navigation } from "@/components/navigation";
> 3 | import { CosmaPlayground } from "@/components/cosma/playground";
    | ^^^^^^^^^^^^^^^^^^^^^^^^^^^^^^^^^^^^^^^^^^^^^^^^^^^^^^^^^^^^^^^^
  4 | import { SiteFooter } from "@/components/site-footer";
  5 | import { CoffeeSupportCard } from "@/components/coffee-support-card";
  6 |

Import map: aliased to relative './components/cosma/playground' inside of [project]/

https://nextjs.org/docs/messages/module-not-found @ http://localhost:4200/_next/static/chunks/0aus_next_dist_00tg.dm._.js:1945
[   46971ms] [ERROR] ./app/cosma/page.tsx:3:1
Module not found: Can't resolve '@/components/cosma/playground'
  1 | import type { Metadata } from "next";
  2 | import { Navigation } from "@/components/navigation";
> 3 | import { CosmaPlayground } from "@/components/cosma/playground";
    | ^^^^^^^^^^^^^^^^^^^^^^^^^^^^^^^^^^^^^^^^^^^^^^^^^^^^^^^^^^^^^^^^
  4 | import { SiteFooter } from "@/components/site-footer";
  5 | import { CoffeeSupportCard } from "@/components/coffee-support-card";
  6 |

Import map: aliased to relative './components/cosma/playground' inside of [project]/

https://nextjs.org/docs/messages/module-not-found @ http://localhost:4200/_next/static/chunks/0aus_next_dist_00tg.dm._.js:1945
[   47036ms] [ERROR] ./app/cosma/page.tsx:3:1
Module not found: Can't resolve '@/components/cosma/playground'
  1 | import type { Metadata } from "next";
  2 | import { Navigation } from "@/components/navigation";
> 3 | import { CosmaPlayground } from "@/components/cosma/playground";
    | ^^^^^^^^^^^^^^^^^^^^^^^^^^^^^^^^^^^^^^^^^^^^^^^^^^^^^^^^^^^^^^^^
  4 | import { SiteFooter } from "@/components/site-footer";
  5 | import { CoffeeSupportCard } from "@/components/coffee-support-card";
  6 |

Import map: aliased to relative './components/cosma/playground' inside of [project]/

https://nextjs.org/docs/messages/module-not-found @ http://localhost:4200/_next/static/chunks/0aus_next_dist_00tg.dm._.js:1945
[   47100ms] [ERROR] ./app/cosma/page.tsx:3:1
Module not found: Can't resolve '@/components/cosma/playground'
  1 | import type { Metadata } from "next";
  2 | import { Navigation } from "@/components/navigation";
> 3 | import { CosmaPlayground } from "@/components/cosma/playground";
    | ^^^^^^^^^^^^^^^^^^^^^^^^^^^^^^^^^^^^^^^^^^^^^^^^^^^^^^^^^^^^^^^^
  4 | import { SiteFooter } from "@/components/site-footer";
  5 | import { CoffeeSupportCard } from "@/components/coffee-support-card";
  6 |

Import map: aliased to relative './components/cosma/playground' inside of [project]/

https://nextjs.org/docs/messages/module-not-found @ http://localhost:4200/_next/static/chunks/0aus_next_dist_00tg.dm._.js:1945
[   47165ms] [ERROR] ./app/cosma/page.tsx:3:1
Module not found: Can't resolve '@/components/cosma/playground'
  1 | import type { Metadata } from "next";
  2 | import { Navigation } from "@/components/navigation";
> 3 | import { CosmaPlayground } from "@/components/cosma/playground";
    | ^^^^^^^^^^^^^^^^^^^^^^^^^^^^^^^^^^^^^^^^^^^^^^^^^^^^^^^^^^^^^^^^
  4 | import { SiteFooter } from "@/components/site-footer";
  5 | import { CoffeeSupportCard } from "@/components/coffee-support-card";
  6 |

Import map: aliased to relative './components/cosma/playground' inside of [project]/

https://nextjs.org/docs/messages/module-not-found @ http://localhost:4200/_next/static/chunks/0aus_next_dist_00tg.dm._.js:1945
[   47228ms] [LOG] [Fast Refresh] rebuilding @ http://localhost:4200/_next/static/chunks/0aus_next_dist_00tg.dm._.js:1226
[   47302ms] [ERROR] ./app/cosma/page.tsx:3:1
Module not found: Can't resolve '@/components/cosma/playground'
  1 | import type { Metadata } from "next";
  2 | import { Navigation } from "@/components/navigation";
> 3 | import { CosmaPlayground } from "@/components/cosma/playground";
    | ^^^^^^^^^^^^^^^^^^^^^^^^^^^^^^^^^^^^^^^^^^^^^^^^^^^^^^^^^^^^^^^^
  4 | import { SiteFooter } from "@/components/site-footer";
  5 | import { CoffeeSupportCard } from "@/components/coffee-support-card";
  6 |

Import map: aliased to relative './components/cosma/playground' inside of [project]/

https://nextjs.org/docs/messages/module-not-found @ http://localhost:4200/_next/static/chunks/0aus_next_dist_00tg.dm._.js:1945
[   47365ms] [ERROR] ./app/cosma/page.tsx:3:1
Module not found: Can't resolve '@/components/cosma/playground'
  1 | import type { Metadata } from "next";
  2 | import { Navigation } from "@/components/navigation";
> 3 | import { CosmaPlayground } from "@/components/cosma/playground";
    | ^^^^^^^^^^^^^^^^^^^^^^^^^^^^^^^^^^^^^^^^^^^^^^^^^^^^^^^^^^^^^^^^
  4 | import { SiteFooter } from "@/components/site-footer";
  5 | import { CoffeeSupportCard } from "@/components/coffee-support-card";
  6 |

Import map: aliased to relative './components/cosma/playground' inside of [project]/

https://nextjs.org/docs/messages/module-not-found @ http://localhost:4200/_next/static/chunks/0aus_next_dist_00tg.dm._.js:1945
[   47427ms] [ERROR] ./app/cosma/page.tsx:3:1
Module not found: Can't resolve '@/components/cosma/playground'
  1 | import type { Metadata } from "next";
  2 | import { Navigation } from "@/components/navigation";
> 3 | import { CosmaPlayground } from "@/components/cosma/playground";
    | ^^^^^^^^^^^^^^^^^^^^^^^^^^^^^^^^^^^^^^^^^^^^^^^^^^^^^^^^^^^^^^^^
  4 | import { SiteFooter } from "@/components/site-footer";
  5 | import { CoffeeSupportCard } from "@/components/coffee-support-card";
  6 |

Import map: aliased to relative './components/cosma/playground' inside of [project]/

https://nextjs.org/docs/messages/module-not-found @ http://localhost:4200/_next/static/chunks/0aus_next_dist_00tg.dm._.js:1945
[   47492ms] [ERROR] ./app/cosma/page.tsx:3:1
Module not found: Can't resolve '@/components/cosma/playground'
  1 | import type { Metadata } from "next";
  2 | import { Navigation } from "@/components/navigation";
> 3 | import { CosmaPlayground } from "@/components/cosma/playground";
    | ^^^^^^^^^^^^^^^^^^^^^^^^^^^^^^^^^^^^^^^^^^^^^^^^^^^^^^^^^^^^^^^^
  4 | import { SiteFooter } from "@/components/site-footer";
  5 | import { CoffeeSupportCard } from "@/components/coffee-support-card";
  6 |

Import map: aliased to relative './components/cosma/playground' inside of [project]/

https://nextjs.org/docs/messages/module-not-found @ http://localhost:4200/_next/static/chunks/0aus_next_dist_00tg.dm._.js:1945
[   47555ms] [ERROR] ./app/cosma/page.tsx:3:1
Module not found: Can't resolve '@/components/cosma/playground'
  1 | import type { Metadata } from "next";
  2 | import { Navigation } from "@/components/navigation";
> 3 | import { CosmaPlayground } from "@/components/cosma/playground";
    | ^^^^^^^^^^^^^^^^^^^^^^^^^^^^^^^^^^^^^^^^^^^^^^^^^^^^^^^^^^^^^^^^
  4 | import { SiteFooter } from "@/components/site-footer";
  5 | import { CoffeeSupportCard } from "@/components/coffee-support-card";
  6 |

Import map: aliased to relative './components/cosma/playground' inside of [project]/

https://nextjs.org/docs/messages/module-not-found @ http://localhost:4200/_next/static/chunks/0aus_next_dist_00tg.dm._.js:1945
[   47620ms] [ERROR] ./app/cosma/page.tsx:3:1
Module not found: Can't resolve '@/components/cosma/playground'
  1 | import type { Metadata } from "next";
  2 | import { Navigation } from "@/components/navigation";
> 3 | import { CosmaPlayground } from "@/components/cosma/playground";
    | ^^^^^^^^^^^^^^^^^^^^^^^^^^^^^^^^^^^^^^^^^^^^^^^^^^^^^^^^^^^^^^^^
  4 | import { SiteFooter } from "@/components/site-footer";
  5 | import { CoffeeSupportCard } from "@/components/coffee-support-card";
  6 |

Import map: aliased to relative './components/cosma/playground' inside of [project]/

https://nextjs.org/docs/messages/module-not-found @ http://localhost:4200/_next/static/chunks/0aus_next_dist_00tg.dm._.js:1945
[   47684ms] [ERROR] ./app/cosma/page.tsx:3:1
Module not found: Can't resolve '@/components/cosma/playground'
  1 | import type { Metadata } from "next";
  2 | import { Navigation } from "@/components/navigation";
> 3 | import { CosmaPlayground } from "@/components/cosma/playground";
    | ^^^^^^^^^^^^^^^^^^^^^^^^^^^^^^^^^^^^^^^^^^^^^^^^^^^^^^^^^^^^^^^^
  4 | import { SiteFooter } from "@/components/site-footer";
  5 | import { CoffeeSupportCard } from "@/components/coffee-support-card";
  6 |

Import map: aliased to relative './components/cosma/playground' inside of [project]/

https://nextjs.org/docs/messages/module-not-found @ http://localhost:4200/_next/static/chunks/0aus_next_dist_00tg.dm._.js:1945
[   47748ms] [ERROR] ./app/cosma/page.tsx:3:1
Module not found: Can't resolve '@/components/cosma/playground'
  1 | import type { Metadata } from "next";
  2 | import { Navigation } from "@/components/navigation";
> 3 | import { CosmaPlayground } from "@/components/cosma/playground";
    | ^^^^^^^^^^^^^^^^^^^^^^^^^^^^^^^^^^^^^^^^^^^^^^^^^^^^^^^^^^^^^^^^
  4 | import { SiteFooter } from "@/components/site-footer";
  5 | import { CoffeeSupportCard } from "@/components/coffee-support-card";
  6 |

Import map: aliased to relative './components/cosma/playground' inside of [project]/

https://nextjs.org/docs/messages/module-not-found @ http://localhost:4200/_next/static/chunks/0aus_next_dist_00tg.dm._.js:1945
[   47810ms] [ERROR] ./app/cosma/page.tsx:3:1
Module not found: Can't resolve '@/components/cosma/playground'
  1 | import type { Metadata } from "next";
  2 | import { Navigation } from "@/components/navigation";
> 3 | import { CosmaPlayground } from "@/components/cosma/playground";
    | ^^^^^^^^^^^^^^^^^^^^^^^^^^^^^^^^^^^^^^^^^^^^^^^^^^^^^^^^^^^^^^^^
  4 | import { SiteFooter } from "@/components/site-footer";
  5 | import { CoffeeSupportCard } from "@/components/coffee-support-card";
  6 |

Import map: aliased to relative './components/cosma/playground' inside of [project]/

https://nextjs.org/docs/messages/module-not-found @ http://localhost:4200/_next/static/chunks/0aus_next_dist_00tg.dm._.js:1945
[   47874ms] [ERROR] ./app/cosma/page.tsx:3:1
Module not found: Can't resolve '@/components/cosma/playground'
  1 | import type { Metadata } from "next";
  2 | import { Navigation } from "@/components/navigation";
> 3 | import { CosmaPlayground } from "@/components/cosma/playground";
    | ^^^^^^^^^^^^^^^^^^^^^^^^^^^^^^^^^^^^^^^^^^^^^^^^^^^^^^^^^^^^^^^^
  4 | import { SiteFooter } from "@/components/site-footer";
  5 | import { CoffeeSupportCard } from "@/components/coffee-support-card";
  6 |

Import map: aliased to relative './components/cosma/playground' inside of [project]/

https://nextjs.org/docs/messages/module-not-found @ http://localhost:4200/_next/static/chunks/0aus_next_dist_00tg.dm._.js:1945
[   47938ms] [ERROR] ./app/cosma/page.tsx:3:1
Module not found: Can't resolve '@/components/cosma/playground'
  1 | import type { Metadata } from "next";
  2 | import { Navigation } from "@/components/navigation";
> 3 | import { CosmaPlayground } from "@/components/cosma/playground";
    | ^^^^^^^^^^^^^^^^^^^^^^^^^^^^^^^^^^^^^^^^^^^^^^^^^^^^^^^^^^^^^^^^
  4 | import { SiteFooter } from "@/components/site-footer";
  5 | import { CoffeeSupportCard } from "@/components/coffee-support-card";
  6 |

Import map: aliased to relative './components/cosma/playground' inside of [project]/

https://nextjs.org/docs/messages/module-not-found @ http://localhost:4200/_next/static/chunks/0aus_next_dist_00tg.dm._.js:1945
[   48003ms] [ERROR] ./app/cosma/page.tsx:3:1
Module not found: Can't resolve '@/components/cosma/playground'
  1 | import type { Metadata } from "next";
  2 | import { Navigation } from "@/components/navigation";
> 3 | import { CosmaPlayground } from "@/components/cosma/playground";
    | ^^^^^^^^^^^^^^^^^^^^^^^^^^^^^^^^^^^^^^^^^^^^^^^^^^^^^^^^^^^^^^^^
  4 | import { SiteFooter } from "@/components/site-footer";
  5 | import { CoffeeSupportCard } from "@/components/coffee-support-card";
  6 |

Import map: aliased to relative './components/cosma/playground' inside of [project]/

https://nextjs.org/docs/messages/module-not-found @ http://localhost:4200/_next/static/chunks/0aus_next_dist_00tg.dm._.js:1945
[   48069ms] [ERROR] ./app/cosma/page.tsx:3:1
Module not found: Can't resolve '@/components/cosma/playground'
  1 | import type { Metadata } from "next";
  2 | import { Navigation } from "@/components/navigation";
> 3 | import { CosmaPlayground } from "@/components/cosma/playground";
    | ^^^^^^^^^^^^^^^^^^^^^^^^^^^^^^^^^^^^^^^^^^^^^^^^^^^^^^^^^^^^^^^^
  4 | import { SiteFooter } from "@/components/site-footer";
  5 | import { CoffeeSupportCard } from "@/components/coffee-support-card";
  6 |

Import map: aliased to relative './components/cosma/playground' inside of [project]/

https://nextjs.org/docs/messages/module-not-found @ http://localhost:4200/_next/static/chunks/0aus_next_dist_00tg.dm._.js:1945
[   48135ms] [ERROR] ./app/cosma/page.tsx:3:1
Module not found: Can't resolve '@/components/cosma/playground'
  1 | import type { Metadata } from "next";
  2 | import { Navigation } from "@/components/navigation";
> 3 | import { CosmaPlayground } from "@/components/cosma/playground";
    | ^^^^^^^^^^^^^^^^^^^^^^^^^^^^^^^^^^^^^^^^^^^^^^^^^^^^^^^^^^^^^^^^
  4 | import { SiteFooter } from "@/components/site-footer";
  5 | import { CoffeeSupportCard } from "@/components/coffee-support-card";
  6 |

Import map: aliased to relative './components/cosma/playground' inside of [project]/

https://nextjs.org/docs/messages/module-not-found @ http://localhost:4200/_next/static/chunks/0aus_next_dist_00tg.dm._.js:1945
[   48200ms] [ERROR] ./app/cosma/page.tsx:3:1
Module not found: Can't resolve '@/components/cosma/playground'
  1 | import type { Metadata } from "next";
  2 | import { Navigation } from "@/components/navigation";
> 3 | import { CosmaPlayground } from "@/components/cosma/playground";
    | ^^^^^^^^^^^^^^^^^^^^^^^^^^^^^^^^^^^^^^^^^^^^^^^^^^^^^^^^^^^^^^^^
  4 | import { SiteFooter } from "@/components/site-footer";
  5 | import { CoffeeSupportCard } from "@/components/coffee-support-card";
  6 |

Import map: aliased to relative './components/cosma/playground' inside of [project]/

https://nextjs.org/docs/messages/module-not-found @ http://localhost:4200/_next/static/chunks/0aus_next_dist_00tg.dm._.js:1945
[   48262ms] [ERROR] ./app/cosma/page.tsx:3:1
Module not found: Can't resolve '@/components/cosma/playground'
  1 | import type { Metadata } from "next";
  2 | import { Navigation } from "@/components/navigation";
> 3 | import { CosmaPlayground } from "@/components/cosma/playground";
    | ^^^^^^^^^^^^^^^^^^^^^^^^^^^^^^^^^^^^^^^^^^^^^^^^^^^^^^^^^^^^^^^^
  4 | import { SiteFooter } from "@/components/site-footer";
  5 | import { CoffeeSupportCard } from "@/components/coffee-support-card";
  6 |

Import map: aliased to relative './components/cosma/playground' inside of [project]/

https://nextjs.org/docs/messages/module-not-found @ http://localhost:4200/_next/static/chunks/0aus_next_dist_00tg.dm._.js:1945
[   48325ms] [ERROR] ./app/cosma/page.tsx:3:1
Module not found: Can't resolve '@/components/cosma/playground'
  1 | import type { Metadata } from "next";
  2 | import { Navigation } from "@/components/navigation";
> 3 | import { CosmaPlayground } from "@/components/cosma/playground";
    | ^^^^^^^^^^^^^^^^^^^^^^^^^^^^^^^^^^^^^^^^^^^^^^^^^^^^^^^^^^^^^^^^
  4 | import { SiteFooter } from "@/components/site-footer";
  5 | import { CoffeeSupportCard } from "@/components/coffee-support-card";
  6 |

Import map: aliased to relative './components/cosma/playground' inside of [project]/

https://nextjs.org/docs/messages/module-not-found @ http://localhost:4200/_next/static/chunks/0aus_next_dist_00tg.dm._.js:1945
[   48389ms] [ERROR] ./app/cosma/page.tsx:3:1
Module not found: Can't resolve '@/components/cosma/playground'
  1 | import type { Metadata } from "next";
  2 | import { Navigation } from "@/components/navigation";
> 3 | import { CosmaPlayground } from "@/components/cosma/playground";
    | ^^^^^^^^^^^^^^^^^^^^^^^^^^^^^^^^^^^^^^^^^^^^^^^^^^^^^^^^^^^^^^^^
  4 | import { SiteFooter } from "@/components/site-footer";
  5 | import { CoffeeSupportCard } from "@/components/coffee-support-card";
  6 |

Import map: aliased to relative './components/cosma/playground' inside of [project]/

https://nextjs.org/docs/messages/module-not-found @ http://localhost:4200/_next/static/chunks/0aus_next_dist_00tg.dm._.js:1945
[   48451ms] [ERROR] ./app/cosma/page.tsx:3:1
Module not found: Can't resolve '@/components/cosma/playground'
  1 | import type { Metadata } from "next";
  2 | import { Navigation } from "@/components/navigation";
> 3 | import { CosmaPlayground } from "@/components/cosma/playground";
    | ^^^^^^^^^^^^^^^^^^^^^^^^^^^^^^^^^^^^^^^^^^^^^^^^^^^^^^^^^^^^^^^^
  4 | import { SiteFooter } from "@/components/site-footer";
  5 | import { CoffeeSupportCard } from "@/components/coffee-support-card";
  6 |

Import map: aliased to relative './components/cosma/playground' inside of [project]/

https://nextjs.org/docs/messages/module-not-found @ http://localhost:4200/_next/static/chunks/0aus_next_dist_00tg.dm._.js:1945
[   48514ms] [ERROR] ./app/cosma/page.tsx:3:1
Module not found: Can't resolve '@/components/cosma/playground'
  1 | import type { Metadata } from "next";
  2 | import { Navigation } from "@/components/navigation";
> 3 | import { CosmaPlayground } from "@/components/cosma/playground";
    | ^^^^^^^^^^^^^^^^^^^^^^^^^^^^^^^^^^^^^^^^^^^^^^^^^^^^^^^^^^^^^^^^
  4 | import { SiteFooter } from "@/components/site-footer";
  5 | import { CoffeeSupportCard } from "@/components/coffee-support-card";
  6 |

Import map: aliased to relative './components/cosma/playground' inside of [project]/

https://nextjs.org/docs/messages/module-not-found @ http://localhost:4200/_next/static/chunks/0aus_next_dist_00tg.dm._.js:1945
[   48577ms] [ERROR] ./app/cosma/page.tsx:3:1
Module not found: Can't resolve '@/components/cosma/playground'
  1 | import type { Metadata } from "next";
  2 | import { Navigation } from "@/components/navigation";
> 3 | import { CosmaPlayground } from "@/components/cosma/playground";
    | ^^^^^^^^^^^^^^^^^^^^^^^^^^^^^^^^^^^^^^^^^^^^^^^^^^^^^^^^^^^^^^^^
  4 | import { SiteFooter } from "@/components/site-footer";
  5 | import { CoffeeSupportCard } from "@/components/coffee-support-card";
  6 |

Import map: aliased to relative './components/cosma/playground' inside of [project]/

https://nextjs.org/docs/messages/module-not-found @ http://localhost:4200/_next/static/chunks/0aus_next_dist_00tg.dm._.js:1945
[   48640ms] [ERROR] ./app/cosma/page.tsx:3:1
Module not found: Can't resolve '@/components/cosma/playground'
  1 | import type { Metadata } from "next";
  2 | import { Navigation } from "@/components/navigation";
> 3 | import { CosmaPlayground } from "@/components/cosma/playground";
    | ^^^^^^^^^^^^^^^^^^^^^^^^^^^^^^^^^^^^^^^^^^^^^^^^^^^^^^^^^^^^^^^^
  4 | import { SiteFooter } from "@/components/site-footer";
  5 | import { CoffeeSupportCard } from "@/components/coffee-support-card";
  6 |

Import map: aliased to relative './components/cosma/playground' inside of [project]/

https://nextjs.org/docs/messages/module-not-found @ http://localhost:4200/_next/static/chunks/0aus_next_dist_00tg.dm._.js:1945
[   48704ms] [ERROR] ./app/cosma/page.tsx:3:1
Module not found: Can't resolve '@/components/cosma/playground'
  1 | import type { Metadata } from "next";
  2 | import { Navigation } from "@/components/navigation";
> 3 | import { CosmaPlayground } from "@/components/cosma/playground";
    | ^^^^^^^^^^^^^^^^^^^^^^^^^^^^^^^^^^^^^^^^^^^^^^^^^^^^^^^^^^^^^^^^
  4 | import { SiteFooter } from "@/components/site-footer";
  5 | import { CoffeeSupportCard } from "@/components/coffee-support-card";
  6 |

Import map: aliased to relative './components/cosma/playground' inside of [project]/

https://nextjs.org/docs/messages/module-not-found @ http://localhost:4200/_next/static/chunks/0aus_next_dist_00tg.dm._.js:1945
[   48767ms] [ERROR] ./app/cosma/page.tsx:3:1
Module not found: Can't resolve '@/components/cosma/playground'
  1 | import type { Metadata } from "next";
  2 | import { Navigation } from "@/components/navigation";
> 3 | import { CosmaPlayground } from "@/components/cosma/playground";
    | ^^^^^^^^^^^^^^^^^^^^^^^^^^^^^^^^^^^^^^^^^^^^^^^^^^^^^^^^^^^^^^^^
  4 | import { SiteFooter } from "@/components/site-footer";
  5 | import { CoffeeSupportCard } from "@/components/coffee-support-card";
  6 |

Import map: aliased to relative './components/cosma/playground' inside of [project]/

https://nextjs.org/docs/messages/module-not-found @ http://localhost:4200/_next/static/chunks/0aus_next_dist_00tg.dm._.js:1945
[   48831ms] [ERROR] ./app/cosma/page.tsx:3:1
Module not found: Can't resolve '@/components/cosma/playground'
  1 | import type { Metadata } from "next";
  2 | import { Navigation } from "@/components/navigation";
> 3 | import { CosmaPlayground } from "@/components/cosma/playground";
    | ^^^^^^^^^^^^^^^^^^^^^^^^^^^^^^^^^^^^^^^^^^^^^^^^^^^^^^^^^^^^^^^^
  4 | import { SiteFooter } from "@/components/site-footer";
  5 | import { CoffeeSupportCard } from "@/components/coffee-support-card";
  6 |

Import map: aliased to relative './components/cosma/playground' inside of [project]/

https://nextjs.org/docs/messages/module-not-found @ http://localhost:4200/_next/static/chunks/0aus_next_dist_00tg.dm._.js:1945
[   48894ms] [ERROR] ./app/cosma/page.tsx:3:1
Module not found: Can't resolve '@/components/cosma/playground'
  1 | import type { Metadata } from "next";
  2 | import { Navigation } from "@/components/navigation";
> 3 | import { CosmaPlayground } from "@/components/cosma/playground";
    | ^^^^^^^^^^^^^^^^^^^^^^^^^^^^^^^^^^^^^^^^^^^^^^^^^^^^^^^^^^^^^^^^
  4 | import { SiteFooter } from "@/components/site-footer";
  5 | import { CoffeeSupportCard } from "@/components/coffee-support-card";
  6 |

Import map: aliased to relative './components/cosma/playground' inside of [project]/

https://nextjs.org/docs/messages/module-not-found @ http://localhost:4200/_next/static/chunks/0aus_next_dist_00tg.dm._.js:1945
[   48959ms] [ERROR] ./app/cosma/page.tsx:3:1
Module not found: Can't resolve '@/components/cosma/playground'
  1 | import type { Metadata } from "next";
  2 | import { Navigation } from "@/components/navigation";
> 3 | import { CosmaPlayground } from "@/components/cosma/playground";
    | ^^^^^^^^^^^^^^^^^^^^^^^^^^^^^^^^^^^^^^^^^^^^^^^^^^^^^^^^^^^^^^^^
  4 | import { SiteFooter } from "@/components/site-footer";
  5 | import { CoffeeSupportCard } from "@/components/coffee-support-card";
  6 |

Import map: aliased to relative './components/cosma/playground' inside of [project]/

https://nextjs.org/docs/messages/module-not-found @ http://localhost:4200/_next/static/chunks/0aus_next_dist_00tg.dm._.js:1945
[   49025ms] [ERROR] ./app/cosma/page.tsx:3:1
Module not found: Can't resolve '@/components/cosma/playground'
  1 | import type { Metadata } from "next";
  2 | import { Navigation } from "@/components/navigation";
> 3 | import { CosmaPlayground } from "@/components/cosma/playground";
    | ^^^^^^^^^^^^^^^^^^^^^^^^^^^^^^^^^^^^^^^^^^^^^^^^^^^^^^^^^^^^^^^^
  4 | import { SiteFooter } from "@/components/site-footer";
  5 | import { CoffeeSupportCard } from "@/components/coffee-support-card";
  6 |

Import map: aliased to relative './components/cosma/playground' inside of [project]/

https://nextjs.org/docs/messages/module-not-found @ http://localhost:4200/_next/static/chunks/0aus_next_dist_00tg.dm._.js:1945
[   49091ms] [ERROR] ./app/cosma/page.tsx:3:1
Module not found: Can't resolve '@/components/cosma/playground'
  1 | import type { Metadata } from "next";
  2 | import { Navigation } from "@/components/navigation";
> 3 | import { CosmaPlayground } from "@/components/cosma/playground";
    | ^^^^^^^^^^^^^^^^^^^^^^^^^^^^^^^^^^^^^^^^^^^^^^^^^^^^^^^^^^^^^^^^
  4 | import { SiteFooter } from "@/components/site-footer";
  5 | import { CoffeeSupportCard } from "@/components/coffee-support-card";
  6 |

Import map: aliased to relative './components/cosma/playground' inside of [project]/

https://nextjs.org/docs/messages/module-not-found @ http://localhost:4200/_next/static/chunks/0aus_next_dist_00tg.dm._.js:1945
[   49158ms] [ERROR] ./app/cosma/page.tsx:3:1
Module not found: Can't resolve '@/components/cosma/playground'
  1 | import type { Metadata } from "next";
  2 | import { Navigation } from "@/components/navigation";
> 3 | import { CosmaPlayground } from "@/components/cosma/playground";
    | ^^^^^^^^^^^^^^^^^^^^^^^^^^^^^^^^^^^^^^^^^^^^^^^^^^^^^^^^^^^^^^^^
  4 | import { SiteFooter } from "@/components/site-footer";
  5 | import { CoffeeSupportCard } from "@/components/coffee-support-card";
  6 |

Import map: aliased to relative './components/cosma/playground' inside of [project]/

https://nextjs.org/docs/messages/module-not-found @ http://localhost:4200/_next/static/chunks/0aus_next_dist_00tg.dm._.js:1945
[   49237ms] [ERROR] ./app/cosma/page.tsx:3:1
Module not found: Can't resolve '@/components/cosma/playground'
  1 | import type { Metadata } from "next";
  2 | import { Navigation } from "@/components/navigation";
> 3 | import { CosmaPlayground } from "@/components/cosma/playground";
    | ^^^^^^^^^^^^^^^^^^^^^^^^^^^^^^^^^^^^^^^^^^^^^^^^^^^^^^^^^^^^^^^^
  4 | import { SiteFooter } from "@/components/site-footer";
  5 | import { CoffeeSupportCard } from "@/components/coffee-support-card";
  6 |

Import map: aliased to relative './components/cosma/playground' inside of [project]/

https://nextjs.org/docs/messages/module-not-found @ http://localhost:4200/_next/static/chunks/0aus_next_dist_00tg.dm._.js:1945
[   49300ms] [ERROR] ./app/cosma/page.tsx:3:1
Module not found: Can't resolve '@/components/cosma/playground'
  1 | import type { Metadata } from "next";
  2 | import { Navigation } from "@/components/navigation";
> 3 | import { CosmaPlayground } from "@/components/cosma/playground";
    | ^^^^^^^^^^^^^^^^^^^^^^^^^^^^^^^^^^^^^^^^^^^^^^^^^^^^^^^^^^^^^^^^
  4 | import { SiteFooter } from "@/components/site-footer";
  5 | import { CoffeeSupportCard } from "@/components/coffee-support-card";
  6 |

Import map: aliased to relative './components/cosma/playground' inside of [project]/

https://nextjs.org/docs/messages/module-not-found @ http://localhost:4200/_next/static/chunks/0aus_next_dist_00tg.dm._.js:1945
[   49363ms] [ERROR] ./app/cosma/page.tsx:3:1
Module not found: Can't resolve '@/components/cosma/playground'
  1 | import type { Metadata } from "next";
  2 | import { Navigation } from "@/components/navigation";
> 3 | import { CosmaPlayground } from "@/components/cosma/playground";
    | ^^^^^^^^^^^^^^^^^^^^^^^^^^^^^^^^^^^^^^^^^^^^^^^^^^^^^^^^^^^^^^^^
  4 | import { SiteFooter } from "@/components/site-footer";
  5 | import { CoffeeSupportCard } from "@/components/coffee-support-card";
  6 |

Import map: aliased to relative './components/cosma/playground' inside of [project]/

https://nextjs.org/docs/messages/module-not-found @ http://localhost:4200/_next/static/chunks/0aus_next_dist_00tg.dm._.js:1945
[   49428ms] [ERROR] ./app/cosma/page.tsx:3:1
Module not found: Can't resolve '@/components/cosma/playground'
  1 | import type { Metadata } from "next";
  2 | import { Navigation } from "@/components/navigation";
> 3 | import { CosmaPlayground } from "@/components/cosma/playground";
    | ^^^^^^^^^^^^^^^^^^^^^^^^^^^^^^^^^^^^^^^^^^^^^^^^^^^^^^^^^^^^^^^^
  4 | import { SiteFooter } from "@/components/site-footer";
  5 | import { CoffeeSupportCard } from "@/components/coffee-support-card";
  6 |

Import map: aliased to relative './components/cosma/playground' inside of [project]/

https://nextjs.org/docs/messages/module-not-found @ http://localhost:4200/_next/static/chunks/0aus_next_dist_00tg.dm._.js:1945
[   49491ms] [ERROR] ./app/cosma/page.tsx:3:1
Module not found: Can't resolve '@/components/cosma/playground'
  1 | import type { Metadata } from "next";
  2 | import { Navigation } from "@/components/navigation";
> 3 | import { CosmaPlayground } from "@/components/cosma/playground";
    | ^^^^^^^^^^^^^^^^^^^^^^^^^^^^^^^^^^^^^^^^^^^^^^^^^^^^^^^^^^^^^^^^
  4 | import { SiteFooter } from "@/components/site-footer";
  5 | import { CoffeeSupportCard } from "@/components/coffee-support-card";
  6 |

Import map: aliased to relative './components/cosma/playground' inside of [project]/

https://nextjs.org/docs/messages/module-not-found @ http://localhost:4200/_next/static/chunks/0aus_next_dist_00tg.dm._.js:1945
[   49553ms] [ERROR] ./app/cosma/page.tsx:3:1
Module not found: Can't resolve '@/components/cosma/playground'
  1 | import type { Metadata } from "next";
  2 | import { Navigation } from "@/components/navigation";
> 3 | import { CosmaPlayground } from "@/components/cosma/playground";
    | ^^^^^^^^^^^^^^^^^^^^^^^^^^^^^^^^^^^^^^^^^^^^^^^^^^^^^^^^^^^^^^^^
  4 | import { SiteFooter } from "@/components/site-footer";
  5 | import { CoffeeSupportCard } from "@/components/coffee-support-card";
  6 |

Import map: aliased to relative './components/cosma/playground' inside of [project]/

https://nextjs.org/docs/messages/module-not-found @ http://localhost:4200/_next/static/chunks/0aus_next_dist_00tg.dm._.js:1945
[   49617ms] [ERROR] ./app/cosma/page.tsx:3:1
Module not found: Can't resolve '@/components/cosma/playground'
  1 | import type { Metadata } from "next";
  2 | import { Navigation } from "@/components/navigation";
> 3 | import { CosmaPlayground } from "@/components/cosma/playground";
    | ^^^^^^^^^^^^^^^^^^^^^^^^^^^^^^^^^^^^^^^^^^^^^^^^^^^^^^^^^^^^^^^^
  4 | import { SiteFooter } from "@/components/site-footer";
  5 | import { CoffeeSupportCard } from "@/components/coffee-support-card";
  6 |

Import map: aliased to relative './components/cosma/playground' inside of [project]/

https://nextjs.org/docs/messages/module-not-found @ http://localhost:4200/_next/static/chunks/0aus_next_dist_00tg.dm._.js:1945
[   49678ms] [ERROR] ./app/cosma/page.tsx:3:1
Module not found: Can't resolve '@/components/cosma/playground'
  1 | import type { Metadata } from "next";
  2 | import { Navigation } from "@/components/navigation";
> 3 | import { CosmaPlayground } from "@/components/cosma/playground";
    | ^^^^^^^^^^^^^^^^^^^^^^^^^^^^^^^^^^^^^^^^^^^^^^^^^^^^^^^^^^^^^^^^
  4 | import { SiteFooter } from "@/components/site-footer";
  5 | import { CoffeeSupportCard } from "@/components/coffee-support-card";
  6 |

Import map: aliased to relative './components/cosma/playground' inside of [project]/

https://nextjs.org/docs/messages/module-not-found @ http://localhost:4200/_next/static/chunks/0aus_next_dist_00tg.dm._.js:1945
[   49740ms] [ERROR] ./app/cosma/page.tsx:3:1
Module not found: Can't resolve '@/components/cosma/playground'
  1 | import type { Metadata } from "next";
  2 | import { Navigation } from "@/components/navigation";
> 3 | import { CosmaPlayground } from "@/components/cosma/playground";
    | ^^^^^^^^^^^^^^^^^^^^^^^^^^^^^^^^^^^^^^^^^^^^^^^^^^^^^^^^^^^^^^^^
  4 | import { SiteFooter } from "@/components/site-footer";
  5 | import { CoffeeSupportCard } from "@/components/coffee-support-card";
  6 |

Import map: aliased to relative './components/cosma/playground' inside of [project]/

https://nextjs.org/docs/messages/module-not-found @ http://localhost:4200/_next/static/chunks/0aus_next_dist_00tg.dm._.js:1945
[   49803ms] [ERROR] ./app/cosma/page.tsx:3:1
Module not found: Can't resolve '@/components/cosma/playground'
  1 | import type { Metadata } from "next";
  2 | import { Navigation } from "@/components/navigation";
> 3 | import { CosmaPlayground } from "@/components/cosma/playground";
    | ^^^^^^^^^^^^^^^^^^^^^^^^^^^^^^^^^^^^^^^^^^^^^^^^^^^^^^^^^^^^^^^^
  4 | import { SiteFooter } from "@/components/site-footer";
  5 | import { CoffeeSupportCard } from "@/components/coffee-support-card";
  6 |

Import map: aliased to relative './components/cosma/playground' inside of [project]/

https://nextjs.org/docs/messages/module-not-found @ http://localhost:4200/_next/static/chunks/0aus_next_dist_00tg.dm._.js:1945
[   49868ms] [ERROR] ./app/cosma/page.tsx:3:1
Module not found: Can't resolve '@/components/cosma/playground'
  1 | import type { Metadata } from "next";
  2 | import { Navigation } from "@/components/navigation";
> 3 | import { CosmaPlayground } from "@/components/cosma/playground";
    | ^^^^^^^^^^^^^^^^^^^^^^^^^^^^^^^^^^^^^^^^^^^^^^^^^^^^^^^^^^^^^^^^
  4 | import { SiteFooter } from "@/components/site-footer";
  5 | import { CoffeeSupportCard } from "@/components/coffee-support-card";
  6 |

Import map: aliased to relative './components/cosma/playground' inside of [project]/

https://nextjs.org/docs/messages/module-not-found @ http://localhost:4200/_next/static/chunks/0aus_next_dist_00tg.dm._.js:1945
[   49930ms] [ERROR] ./app/cosma/page.tsx:3:1
Module not found: Can't resolve '@/components/cosma/playground'
  1 | import type { Metadata } from "next";
  2 | import { Navigation } from "@/components/navigation";
> 3 | import { CosmaPlayground } from "@/components/cosma/playground";
    | ^^^^^^^^^^^^^^^^^^^^^^^^^^^^^^^^^^^^^^^^^^^^^^^^^^^^^^^^^^^^^^^^
  4 | import { SiteFooter } from "@/components/site-footer";
  5 | import { CoffeeSupportCard } from "@/components/coffee-support-card";
  6 |

Import map: aliased to relative './components/cosma/playground' inside of [project]/

https://nextjs.org/docs/messages/module-not-found @ http://localhost:4200/_next/static/chunks/0aus_next_dist_00tg.dm._.js:1945
[   49993ms] [LOG] [Fast Refresh] rebuilding @ http://localhost:4200/_next/static/chunks/0aus_next_dist_00tg.dm._.js:1226
[   50056ms] [ERROR] ./app/cosma/page.tsx:3:1
Module not found: Can't resolve '@/components/cosma/playground'
  1 | import type { Metadata } from "next";
  2 | import { Navigation } from "@/components/navigation";
> 3 | import { CosmaPlayground } from "@/components/cosma/playground";
    | ^^^^^^^^^^^^^^^^^^^^^^^^^^^^^^^^^^^^^^^^^^^^^^^^^^^^^^^^^^^^^^^^
  4 | import { SiteFooter } from "@/components/site-footer";
  5 | import { CoffeeSupportCard } from "@/components/coffee-support-card";
  6 |

Import map: aliased to relative './components/cosma/playground' inside of [project]/

https://nextjs.org/docs/messages/module-not-found @ http://localhost:4200/_next/static/chunks/0aus_next_dist_00tg.dm._.js:1945
[   50116ms] [ERROR] ./app/cosma/page.tsx:3:1
Module not found: Can't resolve '@/components/cosma/playground'
  1 | import type { Metadata } from "next";
  2 | import { Navigation } from "@/components/navigation";
> 3 | import { CosmaPlayground } from "@/components/cosma/playground";
    | ^^^^^^^^^^^^^^^^^^^^^^^^^^^^^^^^^^^^^^^^^^^^^^^^^^^^^^^^^^^^^^^^
  4 | import { SiteFooter } from "@/components/site-footer";
  5 | import { CoffeeSupportCard } from "@/components/coffee-support-card";
  6 |

Import map: aliased to relative './components/cosma/playground' inside of [project]/

https://nextjs.org/docs/messages/module-not-found @ http://localhost:4200/_next/static/chunks/0aus_next_dist_00tg.dm._.js:1945
[   50180ms] [ERROR] ./app/cosma/page.tsx:3:1
Module not found: Can't resolve '@/components/cosma/playground'
  1 | import type { Metadata } from "next";
  2 | import { Navigation } from "@/components/navigation";
> 3 | import { CosmaPlayground } from "@/components/cosma/playground";
    | ^^^^^^^^^^^^^^^^^^^^^^^^^^^^^^^^^^^^^^^^^^^^^^^^^^^^^^^^^^^^^^^^
  4 | import { SiteFooter } from "@/components/site-footer";
  5 | import { CoffeeSupportCard } from "@/components/coffee-support-card";
  6 |

Import map: aliased to relative './components/cosma/playground' inside of [project]/

https://nextjs.org/docs/messages/module-not-found @ http://localhost:4200/_next/static/chunks/0aus_next_dist_00tg.dm._.js:1945
[   50244ms] [ERROR] ./app/cosma/page.tsx:3:1
Module not found: Can't resolve '@/components/cosma/playground'
  1 | import type { Metadata } from "next";
  2 | import { Navigation } from "@/components/navigation";
> 3 | import { CosmaPlayground } from "@/components/cosma/playground";
    | ^^^^^^^^^^^^^^^^^^^^^^^^^^^^^^^^^^^^^^^^^^^^^^^^^^^^^^^^^^^^^^^^
  4 | import { SiteFooter } from "@/components/site-footer";
  5 | import { CoffeeSupportCard } from "@/components/coffee-support-card";
  6 |

Import map: aliased to relative './components/cosma/playground' inside of [project]/

https://nextjs.org/docs/messages/module-not-found @ http://localhost:4200/_next/static/chunks/0aus_next_dist_00tg.dm._.js:1945
[   50309ms] [ERROR] ./app/cosma/page.tsx:3:1
Module not found: Can't resolve '@/components/cosma/playground'
  1 | import type { Metadata } from "next";
  2 | import { Navigation } from "@/components/navigation";
> 3 | import { CosmaPlayground } from "@/components/cosma/playground";
    | ^^^^^^^^^^^^^^^^^^^^^^^^^^^^^^^^^^^^^^^^^^^^^^^^^^^^^^^^^^^^^^^^
  4 | import { SiteFooter } from "@/components/site-footer";
  5 | import { CoffeeSupportCard } from "@/components/coffee-support-card";
  6 |

Import map: aliased to relative './components/cosma/playground' inside of [project]/

https://nextjs.org/docs/messages/module-not-found @ http://localhost:4200/_next/static/chunks/0aus_next_dist_00tg.dm._.js:1945
[   50370ms] [LOG] [Fast Refresh] rebuilding @ http://localhost:4200/_next/static/chunks/0aus_next_dist_00tg.dm._.js:1226
[   50453ms] [ERROR] ./app/cosma/page.tsx:3:1
Module not found: Can't resolve '@/components/cosma/playground'
  1 | import type { Metadata } from "next";
  2 | import { Navigation } from "@/components/navigation";
> 3 | import { CosmaPlayground } from "@/components/cosma/playground";
    | ^^^^^^^^^^^^^^^^^^^^^^^^^^^^^^^^^^^^^^^^^^^^^^^^^^^^^^^^^^^^^^^^
  4 | import { SiteFooter } from "@/components/site-footer";
  5 | import { CoffeeSupportCard } from "@/components/coffee-support-card";
  6 |

Import map: aliased to relative './components/cosma/playground' inside of [project]/

https://nextjs.org/docs/messages/module-not-found @ http://localhost:4200/_next/static/chunks/0aus_next_dist_00tg.dm._.js:1945
[   50516ms] [ERROR] ./app/cosma/page.tsx:3:1
Module not found: Can't resolve '@/components/cosma/playground'
  1 | import type { Metadata } from "next";
  2 | import { Navigation } from "@/components/navigation";
> 3 | import { CosmaPlayground } from "@/components/cosma/playground";
    | ^^^^^^^^^^^^^^^^^^^^^^^^^^^^^^^^^^^^^^^^^^^^^^^^^^^^^^^^^^^^^^^^
  4 | import { SiteFooter } from "@/components/site-footer";
  5 | import { CoffeeSupportCard } from "@/components/coffee-support-card";
  6 |

Import map: aliased to relative './components/cosma/playground' inside of [project]/

https://nextjs.org/docs/messages/module-not-found @ http://localhost:4200/_next/static/chunks/0aus_next_dist_00tg.dm._.js:1945
[   50578ms] [ERROR] ./app/cosma/page.tsx:3:1
Module not found: Can't resolve '@/components/cosma/playground'
  1 | import type { Metadata } from "next";
  2 | import { Navigation } from "@/components/navigation";
> 3 | import { CosmaPlayground } from "@/components/cosma/playground";
    | ^^^^^^^^^^^^^^^^^^^^^^^^^^^^^^^^^^^^^^^^^^^^^^^^^^^^^^^^^^^^^^^^
  4 | import { SiteFooter } from "@/components/site-footer";
  5 | import { CoffeeSupportCard } from "@/components/coffee-support-card";
  6 |

Import map: aliased to relative './components/cosma/playground' inside of [project]/

https://nextjs.org/docs/messages/module-not-found @ http://localhost:4200/_next/static/chunks/0aus_next_dist_00tg.dm._.js:1945
[   50641ms] [ERROR] ./app/cosma/page.tsx:3:1
Module not found: Can't resolve '@/components/cosma/playground'
  1 | import type { Metadata } from "next";
  2 | import { Navigation } from "@/components/navigation";
> 3 | import { CosmaPlayground } from "@/components/cosma/playground";
    | ^^^^^^^^^^^^^^^^^^^^^^^^^^^^^^^^^^^^^^^^^^^^^^^^^^^^^^^^^^^^^^^^
  4 | import { SiteFooter } from "@/components/site-footer";
  5 | import { CoffeeSupportCard } from "@/components/coffee-support-card";
  6 |

Import map: aliased to relative './components/cosma/playground' inside of [project]/

https://nextjs.org/docs/messages/module-not-found @ http://localhost:4200/_next/static/chunks/0aus_next_dist_00tg.dm._.js:1945
[   50706ms] [ERROR] ./app/cosma/page.tsx:3:1
Module not found: Can't resolve '@/components/cosma/playground'
  1 | import type { Metadata } from "next";
  2 | import { Navigation } from "@/components/navigation";
> 3 | import { CosmaPlayground } from "@/components/cosma/playground";
    | ^^^^^^^^^^^^^^^^^^^^^^^^^^^^^^^^^^^^^^^^^^^^^^^^^^^^^^^^^^^^^^^^
  4 | import { SiteFooter } from "@/components/site-footer";
  5 | import { CoffeeSupportCard } from "@/components/coffee-support-card";
  6 |

Import map: aliased to relative './components/cosma/playground' inside of [project]/

https://nextjs.org/docs/messages/module-not-found @ http://localhost:4200/_next/static/chunks/0aus_next_dist_00tg.dm._.js:1945
[   50768ms] [ERROR] ./app/cosma/page.tsx:3:1
Module not found: Can't resolve '@/components/cosma/playground'
  1 | import type { Metadata } from "next";
  2 | import { Navigation } from "@/components/navigation";
> 3 | import { CosmaPlayground } from "@/components/cosma/playground";
    | ^^^^^^^^^^^^^^^^^^^^^^^^^^^^^^^^^^^^^^^^^^^^^^^^^^^^^^^^^^^^^^^^
  4 | import { SiteFooter } from "@/components/site-footer";
  5 | import { CoffeeSupportCard } from "@/components/coffee-support-card";
  6 |

Import map: aliased to relative './components/cosma/playground' inside of [project]/

https://nextjs.org/docs/messages/module-not-found @ http://localhost:4200/_next/static/chunks/0aus_next_dist_00tg.dm._.js:1945
[   50830ms] [ERROR] ./app/cosma/page.tsx:3:1
Module not found: Can't resolve '@/components/cosma/playground'
  1 | import type { Metadata } from "next";
  2 | import { Navigation } from "@/components/navigation";
> 3 | import { CosmaPlayground } from "@/components/cosma/playground";
    | ^^^^^^^^^^^^^^^^^^^^^^^^^^^^^^^^^^^^^^^^^^^^^^^^^^^^^^^^^^^^^^^^
  4 | import { SiteFooter } from "@/components/site-footer";
  5 | import { CoffeeSupportCard } from "@/components/coffee-support-card";
  6 |

Import map: aliased to relative './components/cosma/playground' inside of [project]/

https://nextjs.org/docs/messages/module-not-found @ http://localhost:4200/_next/static/chunks/0aus_next_dist_00tg.dm._.js:1945
[   50893ms] [ERROR] ./app/cosma/page.tsx:3:1
Module not found: Can't resolve '@/components/cosma/playground'
  1 | import type { Metadata } from "next";
  2 | import { Navigation } from "@/components/navigation";
> 3 | import { CosmaPlayground } from "@/components/cosma/playground";
    | ^^^^^^^^^^^^^^^^^^^^^^^^^^^^^^^^^^^^^^^^^^^^^^^^^^^^^^^^^^^^^^^^
  4 | import { SiteFooter } from "@/components/site-footer";
  5 | import { CoffeeSupportCard } from "@/components/coffee-support-card";
  6 |

Import map: aliased to relative './components/cosma/playground' inside of [project]/

https://nextjs.org/docs/messages/module-not-found @ http://localhost:4200/_next/static/chunks/0aus_next_dist_00tg.dm._.js:1945
[   50955ms] [ERROR] ./app/cosma/page.tsx:3:1
Module not found: Can't resolve '@/components/cosma/playground'
  1 | import type { Metadata } from "next";
  2 | import { Navigation } from "@/components/navigation";
> 3 | import { CosmaPlayground } from "@/components/cosma/playground";
    | ^^^^^^^^^^^^^^^^^^^^^^^^^^^^^^^^^^^^^^^^^^^^^^^^^^^^^^^^^^^^^^^^
  4 | import { SiteFooter } from "@/components/site-footer";
  5 | import { CoffeeSupportCard } from "@/components/coffee-support-card";
  6 |

Import map: aliased to relative './components/cosma/playground' inside of [project]/

https://nextjs.org/docs/messages/module-not-found @ http://localhost:4200/_next/static/chunks/0aus_next_dist_00tg.dm._.js:1945
[   51018ms] [ERROR] ./app/cosma/page.tsx:3:1
Module not found: Can't resolve '@/components/cosma/playground'
  1 | import type { Metadata } from "next";
  2 | import { Navigation } from "@/components/navigation";
> 3 | import { CosmaPlayground } from "@/components/cosma/playground";
    | ^^^^^^^^^^^^^^^^^^^^^^^^^^^^^^^^^^^^^^^^^^^^^^^^^^^^^^^^^^^^^^^^
  4 | import { SiteFooter } from "@/components/site-footer";
  5 | import { CoffeeSupportCard } from "@/components/coffee-support-card";
  6 |

Import map: aliased to relative './components/cosma/playground' inside of [project]/

https://nextjs.org/docs/messages/module-not-found @ http://localhost:4200/_next/static/chunks/0aus_next_dist_00tg.dm._.js:1945
[   51080ms] [ERROR] ./app/cosma/page.tsx:3:1
Module not found: Can't resolve '@/components/cosma/playground'
  1 | import type { Metadata } from "next";
  2 | import { Navigation } from "@/components/navigation";
> 3 | import { CosmaPlayground } from "@/components/cosma/playground";
    | ^^^^^^^^^^^^^^^^^^^^^^^^^^^^^^^^^^^^^^^^^^^^^^^^^^^^^^^^^^^^^^^^
  4 | import { SiteFooter } from "@/components/site-footer";
  5 | import { CoffeeSupportCard } from "@/components/coffee-support-card";
  6 |

Import map: aliased to relative './components/cosma/playground' inside of [project]/

https://nextjs.org/docs/messages/module-not-found @ http://localhost:4200/_next/static/chunks/0aus_next_dist_00tg.dm._.js:1945
[   51141ms] [ERROR] ./app/cosma/page.tsx:3:1
Module not found: Can't resolve '@/components/cosma/playground'
  1 | import type { Metadata } from "next";
  2 | import { Navigation } from "@/components/navigation";
> 3 | import { CosmaPlayground } from "@/components/cosma/playground";
    | ^^^^^^^^^^^^^^^^^^^^^^^^^^^^^^^^^^^^^^^^^^^^^^^^^^^^^^^^^^^^^^^^
  4 | import { SiteFooter } from "@/components/site-footer";
  5 | import { CoffeeSupportCard } from "@/components/coffee-support-card";
  6 |

Import map: aliased to relative './components/cosma/playground' inside of [project]/

https://nextjs.org/docs/messages/module-not-found @ http://localhost:4200/_next/static/chunks/0aus_next_dist_00tg.dm._.js:1945
[   51207ms] [ERROR] ./app/cosma/page.tsx:3:1
Module not found: Can't resolve '@/components/cosma/playground'
  1 | import type { Metadata } from "next";
  2 | import { Navigation } from "@/components/navigation";
> 3 | import { CosmaPlayground } from "@/components/cosma/playground";
    | ^^^^^^^^^^^^^^^^^^^^^^^^^^^^^^^^^^^^^^^^^^^^^^^^^^^^^^^^^^^^^^^^
  4 | import { SiteFooter } from "@/components/site-footer";
  5 | import { CoffeeSupportCard } from "@/components/coffee-support-card";
  6 |

Import map: aliased to relative './components/cosma/playground' inside of [project]/

https://nextjs.org/docs/messages/module-not-found @ http://localhost:4200/_next/static/chunks/0aus_next_dist_00tg.dm._.js:1945
[   51308ms] [LOG] [Fast Refresh] rebuilding @ http://localhost:4200/_next/static/chunks/0aus_next_dist_00tg.dm._.js:1226
[   51626ms] [ERROR] ./app/cosma/page.tsx:3:1
Module not found: Can't resolve '@/components/cosma/playground'
  1 | import type { Metadata } from "next";
  2 | import { Navigation } from "@/components/navigation";
> 3 | import { CosmaPlayground } from "@/components/cosma/playground";
    | ^^^^^^^^^^^^^^^^^^^^^^^^^^^^^^^^^^^^^^^^^^^^^^^^^^^^^^^^^^^^^^^^
  4 | import { SiteFooter } from "@/components/site-footer";
  5 | import { CoffeeSupportCard } from "@/components/coffee-support-card";
  6 |

Import map: aliased to relative './components/cosma/playground' inside of [project]/

https://nextjs.org/docs/messages/module-not-found @ http://localhost:4200/_next/static/chunks/0aus_next_dist_00tg.dm._.js:1945
