[     277ms] [INFO] %cDownload the React DevTools for a better development experience: https://react.dev/link/react-devtools font-weight:bold @ http://localhost:4200/_next/static/chunks/0aus_next_dist_0dxyg_i._.js:2431
[     295ms] [LOG] [HMR] connected @ http://localhost:4200/_next/static/chunks/0aus_next_dist_0dxyg_i._.js:2431
[  295044ms] [LOG] [Fast Refresh] rebuilding @ http://localhost:4200/_next/static/chunks/0aus_next_dist_0dxyg_i._.js:2431
[  295090ms] [LOG] [Fast Refresh] done in 129ms @ http://localhost:4200/_next/static/chunks/0aus_next_dist_0dxyg_i._.js:2431
[  299826ms] [LOG] [Fast Refresh] rebuilding @ http://localhost:4200/_next/static/chunks/0aus_next_dist_0dxyg_i._.js:2431
[  299842ms] [LOG] [Fast Refresh] done in 42ms @ http://localhost:4200/_next/static/chunks/0aus_next_dist_0dxyg_i._.js:2431
[  313612ms] [LOG] [Fast Refresh] rebuilding @ http://localhost:4200/_next/static/chunks/0aus_next_dist_0dxyg_i._.js:2431
[  313635ms] [LOG] [Fast Refresh] done in 63ms @ http://localhost:4200/_next/static/chunks/0aus_next_dist_0dxyg_i._.js:2431
[  320002ms] [LOG] [Fast Refresh] rebuilding @ http://localhost:4200/_next/static/chunks/0aus_next_dist_0dxyg_i._.js:2431
[  320024ms] [LOG] [Fast Refresh] done in 30ms @ http://localhost:4200/_next/static/chunks/0aus_next_dist_0dxyg_i._.js:2431
[  321915ms] [LOG] [Fast Refresh] rebuilding @ http://localhost:4200/_next/static/chunks/0aus_next_dist_0dxyg_i._.js:2431
[  321930ms] [LOG] [Fast Refresh] done in 116ms @ http://localhost:4200/_next/static/chunks/0aus_next_dist_0dxyg_i._.js:2431
[  336362ms] [LOG] [Fast Refresh] rebuilding @ http://localhost:4200/_next/static/chunks/0aus_next_dist_0dxyg_i._.js:2431
[  336389ms] [LOG] [Fast Refresh] done in 79ms @ http://localhost:4200/_next/static/chunks/0aus_next_dist_0dxyg_i._.js:2431
[  355099ms] [LOG] [Fast Refresh] rebuilding @ http://localhost:4200/_next/static/chunks/0aus_next_dist_0dxyg_i._.js:2431
[  355125ms] [LOG] [Fast Refresh] done in 27ms @ http://localhost:4200/_next/static/chunks/0aus_next_dist_0dxyg_i._.js:2431
[  359165ms] [LOG] [Fast Refresh] rebuilding @ http://localhost:4200/_next/static/chunks/0aus_next_dist_0dxyg_i._.js:2431
[  359187ms] [LOG] [Fast Refresh] done in 123ms @ http://localhost:4200/_next/static/chunks/0aus_next_dist_0dxyg_i._.js:2431
[  363010ms] [LOG] [Fast Refresh] rebuilding @ http://localhost:4200/_next/static/chunks/0aus_next_dist_0dxyg_i._.js:2431
[  363030ms] [LOG] [Fast Refresh] done in 34ms @ http://localhost:4200/_next/static/chunks/0aus_next_dist_0dxyg_i._.js:2431
[  366796ms] [LOG] [Fast Refresh] rebuilding @ http://localhost:4200/_next/static/chunks/0aus_next_dist_0dxyg_i._.js:2431
[  366801ms] [LOG] [Fast Refresh] done in 106ms @ http://localhost:4200/_next/static/chunks/0aus_next_dist_0dxyg_i._.js:2431
[  378518ms] [LOG] [Fast Refresh] rebuilding @ http://localhost:4200/_next/static/chunks/0aus_next_dist_0dxyg_i._.js:2431
[  378545ms] [LOG] [Fast Refresh] done in 26ms @ http://localhost:4200/_next/static/chunks/0aus_next_dist_0dxyg_i._.js:2431
[  464307ms] [LOG] [Fast Refresh] rebuilding @ http://localhost:4200/_next/static/chunks/0aus_next_dist_0dxyg_i._.js:2431
[  464336ms] [LOG] [Fast Refresh] done in 131ms @ http://localhost:4200/_next/static/chunks/0aus_next_dist_0dxyg_i._.js:2431
[  643160ms] [LOG] [Fast Refresh] rebuilding @ http://localhost:4200/_next/static/chunks/0aus_next_dist_0dxyg_i._.js:2431
[  643251ms] [LOG] [Fast Refresh] done in 175ms @ http://localhost:4200/_next/static/chunks/0aus_next_dist_0dxyg_i._.js:2431
[  643387ms] [LOG] [Fast Refresh] rebuilding @ http://localhost:4200/_next/static/chunks/0aus_next_dist_0dxyg_i._.js:2431
[  643998ms] [LOG] [Fast Refresh] done in 712ms @ http://localhost:4200/_next/static/chunks/0aus_next_dist_0dxyg_i._.js:2431
[  647861ms] [LOG] [Fast Refresh] rebuilding @ http://localhost:4200/_next/static/chunks/0aus_next_dist_0dxyg_i._.js:2431
[  647888ms] [LOG] [Fast Refresh] done in 23ms @ http://localhost:4200/_next/static/chunks/0aus_next_dist_0dxyg_i._.js:2431
[  654121ms] [LOG] [Fast Refresh] rebuilding @ http://localhost:4200/_next/static/chunks/0aus_next_dist_0dxyg_i._.js:2431
[  654145ms] [LOG] [Fast Refresh] done in 34ms @ http://localhost:4200/_next/static/chunks/0aus_next_dist_0dxyg_i._.js:2431
[  656888ms] [LOG] [Fast Refresh] rebuilding @ http://localhost:4200/_next/static/chunks/0aus_next_dist_0dxyg_i._.js:2431
[  657458ms] [LOG] [Fast Refresh] done in 671ms @ http://localhost:4200/_next/static/chunks/0aus_next_dist_0dxyg_i._.js:2431
[  658831ms] [LOG] [Fast Refresh] rebuilding @ http://localhost:4200/_next/static/chunks/0aus_next_dist_0dxyg_i._.js:2431
[  658853ms] [LOG] [Fast Refresh] done in 30ms @ http://localhost:4200/_next/static/chunks/0aus_next_dist_0dxyg_i._.js:2431
[  671832ms] [LOG] [Fast Refresh] rebuilding @ http://localhost:4200/_next/static/chunks/0aus_next_dist_0dxyg_i._.js:2431
[  671833ms] [LOG] [Fast Refresh] done in 82ms @ http://localhost:4200/_next/static/chunks/0aus_next_dist_0dxyg_i._.js:2431
[  677405ms] [LOG] [Fast Refresh] rebuilding @ http://localhost:4200/_next/static/chunks/0aus_next_dist_0dxyg_i._.js:2431
[  677431ms] [LOG] [Fast Refresh] done in 23ms @ http://localhost:4200/_next/static/chunks/0aus_next_dist_0dxyg_i._.js:2431
[  681963ms] [LOG] [Fast Refresh] rebuilding @ http://localhost:4200/_next/static/chunks/0aus_next_dist_0dxyg_i._.js:2431
[  682015ms] [LOG] [Fast Refresh] done in 152ms @ http://localhost:4200/_next/static/chunks/0aus_next_dist_0dxyg_i._.js:2431
[  687355ms] [LOG] [Fast Refresh] rebuilding @ http://localhost:4200/_next/static/chunks/0aus_next_dist_0dxyg_i._.js:2431
[  687379ms] [LOG] [Fast Refresh] done in 26ms @ http://localhost:4200/_next/static/chunks/0aus_next_dist_0dxyg_i._.js:2431
[  705113ms] [LOG] [Fast Refresh] rebuilding @ http://localhost:4200/_next/static/chunks/0aus_next_dist_0dxyg_i._.js:2431
[  705140ms] [LOG] [Fast Refresh] done in 16ms @ http://localhost:4200/_next/static/chunks/0aus_next_dist_0dxyg_i._.js:2431
[  872530ms] [LOG] [Fast Refresh] rebuilding @ http://localhost:4200/_next/static/chunks/0aus_next_dist_0dxyg_i._.js:2431
[  875873ms] [ERROR] Failed to load resource: the server responded with a status of 500 (Internal Server Error) @ http://localhost:4200/bento-5?_rsc=16zu3:0
[  876121ms] [ERROR] Failed to load resource: the server responded with a status of 500 (Internal Server Error) @ http://localhost:4200/bento-5?_rsc=16zu3:0
[  876221ms] [ERROR] Failed to load resource: the server responded with a status of 500 (Internal Server Error) @ http://localhost:4200/bento-5:0
[  876479ms] [INFO] %cDownload the React DevTools for a better development experience: https://react.dev/link/react-devtools font-weight:bold @ http://localhost:4200/_next/static/chunks/0e-u_react-dom_0037m-m._.js:15305
[  876575ms] Error: ./app/bento-5/page.tsx:6:1
Module not found: Can't resolve './card-glow'
  4 | import SrcC4 from "./src-c-4";
  5 | import Globe from "./globe";
> 6 | import CardGlow from "./card-glow";
    | ^^^^^^^^^^^^^^^^^^^^^^^^^^^^^^^^^^^
  7 | import Flat from "./flat";
  8 | import Glow from "./glow";
  9 | import LoadIn, { LoadInGroup } from "./load-in";



https://nextjs.org/docs/messages/module-not-found


    at <unknown> (Error: ./app/bento-5/page.tsx:6:1)
    at <unknown> (https://nextjs.org/docs/messages/module-not-found)
    at Object.getCompilationErrors (file:///Users/godwinjanarthan/Documents/Projects/d2studio-ui/node_modules/.pnpm/next@16.2.4_@babel+core@7.28.4_react-dom@19.2.5_react@19.2.5__react@19.2.5/node_modules/next/dist/server/dev/hot-reloader-turbopack.js:1186:59)
    at DevBundlerService.getCompilationError (file:///Users/godwinjanarthan/Documents/Projects/d2studio-ui/node_modules/.pnpm/next@16.2.4_@babel+core@7.28.4_react-dom@19.2.5_react@19.2.5__react@19.2.5/node_modules/next/dist/server/lib/dev-bundler-service.js:44:55)
    at DevServer.getCompilationError (file:///Users/godwinjanarthan/Documents/Projects/d2studio-ui/node_modules/.pnpm/next@16.2.4_@babel+core@7.28.4_react-dom@19.2.5_react@19.2.5__react@19.2.5/node_modules/next/dist/server/dev/next-dev-server.js:719:42)
    at DevServer.findPageComponents (file:///Users/godwinjanarthan/Documents/Projects/d2studio-ui/node_modules/.pnpm/next@16.2.4_@babel+core@7.28.4_react-dom@19.2.5_react@19.2.5__react@19.2.5/node_modules/next/dist/server/dev/next-dev-server.js:689:43)
    at async DevServer.renderErrorToResponseImpl (file:///Users/godwinjanarthan/Documents/Projects/d2studio-ui/node_modules/.pnpm/next@16.2.4_@babel+core@7.28.4_react-dom@19.2.5_react@19.2.5__react@19.2.5/node_modules/next/dist/server/base-server.js:1745:26)
[  876664ms] [LOG] [HMR] connected @ http://localhost:4200/_next/static/chunks/0aus_next_dist_00tg.dm._.js:1226
[  876716ms] [ERROR] ./app/bento-5/page.tsx:6:1
Module not found: Can't resolve './card-glow'
  4 | import SrcC4 from "./src-c-4";
  5 | import Globe from "./globe";
> 6 | import CardGlow from "./card-glow";
    | ^^^^^^^^^^^^^^^^^^^^^^^^^^^^^^^^^^^
  7 | import Flat from "./flat";
  8 | import Glow from "./glow";
  9 | import LoadIn, { LoadInGroup } from "./load-in";

https://nextjs.org/docs/messages/module-not-found @ http://localhost:4200/_next/static/chunks/0aus_next_dist_00tg.dm._.js:1945
[  876717ms] [ERROR] ./app/bento-5/page.tsx:7:1
Module not found: Can't resolve './flat'
   5 | import Globe from "./globe";
   6 | import CardGlow from "./card-glow";
>  7 | import Flat from "./flat";
     | ^^^^^^^^^^^^^^^^^^^^^^^^^^
   8 | import Glow from "./glow";
   9 | import LoadIn, { LoadInGroup } from "./load-in";
  10 | import MetallicShimmer from "@/registry/default/components/metallic-shimmer";

https://nextjs.org/docs/messages/module-not-found @ http://localhost:4200/_next/static/chunks/0aus_next_dist_00tg.dm._.js:1945
[  876717ms] [ERROR] ./app/bento-5/page.tsx:5:1
Module not found: Can't resolve './globe'
  3 | import SrcC3 from "./src-c-3";
  4 | import SrcC4 from "./src-c-4";
> 5 | import Globe from "./globe";
    | ^^^^^^^^^^^^^^^^^^^^^^^^^^^^
  6 | import CardGlow from "./card-glow";
  7 | import Flat from "./flat";
  8 | import Glow from "./glow";

https://nextjs.org/docs/messages/module-not-found @ http://localhost:4200/_next/static/chunks/0aus_next_dist_00tg.dm._.js:1945
[  876717ms] [ERROR] ./app/bento-5/page.tsx:8:1
Module not found: Can't resolve './glow'
   6 | import CardGlow from "./card-glow";
   7 | import Flat from "./flat";
>  8 | import Glow from "./glow";
     | ^^^^^^^^^^^^^^^^^^^^^^^^^^
   9 | import LoadIn, { LoadInGroup } from "./load-in";
  10 | import MetallicShimmer from "@/registry/default/components/metallic-shimmer";
  11 | import { GLYPH_16, GLYPH_16_AT, GLYPH_AI } from "./glyphs";

https://nextjs.org/docs/messages/module-not-found @ http://localhost:4200/_next/static/chunks/0aus_next_dist_00tg.dm._.js:1945
[  876717ms] [ERROR] ./app/bento-5/page.tsx:11:1
Module not found: Can't resolve './glyphs'
   9 | import LoadIn, { LoadInGroup } from "./load-in";
  10 | import MetallicShimmer from "@/registry/default/components/metallic-shimmer";
> 11 | import { GLYPH_16, GLYPH_16_AT, GLYPH_AI } from "./glyphs";
     | ^^^^^^^^^^^^^^^^^^^^^^^^^^^^^^^^^^^^^^^^^^^^^^^^^^^^^^^^^^^
  12 |
  13 | // The cards are the Figma exports as-is: each SVG already paints its own glass
  14 | // fill and 16px gradient border, so a cell is just a clip + a covering SVG.

https://nextjs.org/docs/messages/module-not-found @ http://localhost:4200/_next/static/chunks/0aus_next_dist_00tg.dm._.js:1945
[  876717ms] [ERROR] ./app/bento-5/page.tsx:9:1
Module not found: Can't resolve './load-in'
   7 | import Flat from "./flat";
   8 | import Glow from "./glow";
>  9 | import LoadIn, { LoadInGroup } from "./load-in";
     | ^^^^^^^^^^^^^^^^^^^^^^^^^^^^^^^^^^^^^^^^^^^^^^^^
  10 | import MetallicShimmer from "@/registry/default/components/metallic-shimmer";
  11 | import { GLYPH_16, GLYPH_16_AT, GLYPH_AI } from "./glyphs";
  12 |

https://nextjs.org/docs/messages/module-not-found @ http://localhost:4200/_next/static/chunks/0aus_next_dist_00tg.dm._.js:1945
[  876718ms] [ERROR] ./app/bento-5/page.tsx:1:1
Module not found: Can't resolve './src-c-1'
> 1 | import SrcC1 from "./src-c-1";
    | ^^^^^^^^^^^^^^^^^^^^^^^^^^^^^^
  2 | import SrcC2 from "./src-c-2";
  3 | import SrcC3 from "./src-c-3";
  4 | import SrcC4 from "./src-c-4";

https://nextjs.org/docs/messages/module-not-found @ http://localhost:4200/_next/static/chunks/0aus_next_dist_00tg.dm._.js:1945
[  876718ms] [ERROR] ./app/bento-5/page.tsx:2:1
Module not found: Can't resolve './src-c-2'
  1 | import SrcC1 from "./src-c-1";
> 2 | import SrcC2 from "./src-c-2";
    | ^^^^^^^^^^^^^^^^^^^^^^^^^^^^^^
  3 | import SrcC3 from "./src-c-3";
  4 | import SrcC4 from "./src-c-4";
  5 | import Globe from "./globe";

https://nextjs.org/docs/messages/module-not-found @ http://localhost:4200/_next/static/chunks/0aus_next_dist_00tg.dm._.js:1945
[  876718ms] [ERROR] ./app/bento-5/page.tsx:3:1
Module not found: Can't resolve './src-c-3'
  1 | import SrcC1 from "./src-c-1";
  2 | import SrcC2 from "./src-c-2";
> 3 | import SrcC3 from "./src-c-3";
    | ^^^^^^^^^^^^^^^^^^^^^^^^^^^^^^
  4 | import SrcC4 from "./src-c-4";
  5 | import Globe from "./globe";
  6 | import CardGlow from "./card-glow";

https://nextjs.org/docs/messages/module-not-found @ http://localhost:4200/_next/static/chunks/0aus_next_dist_00tg.dm._.js:1945
[  876718ms] [ERROR] ./app/bento-5/page.tsx:4:1
Module not found: Can't resolve './src-c-4'
  2 | import SrcC2 from "./src-c-2";
  3 | import SrcC3 from "./src-c-3";
> 4 | import SrcC4 from "./src-c-4";
    | ^^^^^^^^^^^^^^^^^^^^^^^^^^^^^^
  5 | import Globe from "./globe";
  6 | import CardGlow from "./card-glow";
  7 | import Flat from "./flat";

https://nextjs.org/docs/messages/module-not-found @ http://localhost:4200/_next/static/chunks/0aus_next_dist_00tg.dm._.js:1945
[  880390ms] [ERROR] Failed to load resource: the server responded with a status of 500 (Internal Server Error) @ http://localhost:4200/bento-5:0
[  880484ms] [INFO] %cDownload the React DevTools for a better development experience: https://react.dev/link/react-devtools font-weight:bold @ http://localhost:4200/_next/static/chunks/0e-u_react-dom_0037m-m._.js:15305
[  880506ms] Error: ./app/bento-5/page.tsx:6:1
Module not found: Can't resolve './card-glow'
  4 | import SrcC4 from "./src-c-4";
  5 | import Globe from "./globe";
> 6 | import CardGlow from "./card-glow";
    | ^^^^^^^^^^^^^^^^^^^^^^^^^^^^^^^^^^^
  7 | import Flat from "./flat";
  8 | import Glow from "./glow";
  9 | import LoadIn, { LoadInGroup } from "./load-in";



https://nextjs.org/docs/messages/module-not-found


    at <unknown> (Error: ./app/bento-5/page.tsx:6:1)
    at <unknown> (https://nextjs.org/docs/messages/module-not-found)
    at Object.getCompilationErrors (file:///Users/godwinjanarthan/Documents/Projects/d2studio-ui/node_modules/.pnpm/next@16.2.4_@babel+core@7.28.4_react-dom@19.2.5_react@19.2.5__react@19.2.5/node_modules/next/dist/server/dev/hot-reloader-turbopack.js:1186:59)
    at DevBundlerService.getCompilationError (file:///Users/godwinjanarthan/Documents/Projects/d2studio-ui/node_modules/.pnpm/next@16.2.4_@babel+core@7.28.4_react-dom@19.2.5_react@19.2.5__react@19.2.5/node_modules/next/dist/server/lib/dev-bundler-service.js:44:55)
    at DevServer.getCompilationError (file:///Users/godwinjanarthan/Documents/Projects/d2studio-ui/node_modules/.pnpm/next@16.2.4_@babel+core@7.28.4_react-dom@19.2.5_react@19.2.5__react@19.2.5/node_modules/next/dist/server/dev/next-dev-server.js:719:42)
    at DevServer.findPageComponents (file:///Users/godwinjanarthan/Documents/Projects/d2studio-ui/node_modules/.pnpm/next@16.2.4_@babel+core@7.28.4_react-dom@19.2.5_react@19.2.5__react@19.2.5/node_modules/next/dist/server/dev/next-dev-server.js:689:43)
    at async DevServer.renderErrorToResponseImpl (file:///Users/godwinjanarthan/Documents/Projects/d2studio-ui/node_modules/.pnpm/next@16.2.4_@babel+core@7.28.4_react-dom@19.2.5_react@19.2.5__react@19.2.5/node_modules/next/dist/server/base-server.js:1745:26)
[  880522ms] [LOG] [HMR] connected @ http://localhost:4200/_next/static/chunks/0aus_next_dist_00tg.dm._.js:1226
[  880564ms] [ERROR] ./app/bento-5/page.tsx:6:1
Module not found: Can't resolve './card-glow'
  4 | import SrcC4 from "./src-c-4";
  5 | import Globe from "./globe";
> 6 | import CardGlow from "./card-glow";
    | ^^^^^^^^^^^^^^^^^^^^^^^^^^^^^^^^^^^
  7 | import Flat from "./flat";
  8 | import Glow from "./glow";
  9 | import LoadIn, { LoadInGroup } from "./load-in";

https://nextjs.org/docs/messages/module-not-found @ http://localhost:4200/_next/static/chunks/0aus_next_dist_00tg.dm._.js:1945
[  880564ms] [ERROR] ./app/bento-5/page.tsx:7:1
Module not found: Can't resolve './flat'
   5 | import Globe from "./globe";
   6 | import CardGlow from "./card-glow";
>  7 | import Flat from "./flat";
     | ^^^^^^^^^^^^^^^^^^^^^^^^^^
   8 | import Glow from "./glow";
   9 | import LoadIn, { LoadInGroup } from "./load-in";
  10 | import MetallicShimmer from "@/registry/default/components/metallic-shimmer";

https://nextjs.org/docs/messages/module-not-found @ http://localhost:4200/_next/static/chunks/0aus_next_dist_00tg.dm._.js:1945
[  880564ms] [ERROR] ./app/bento-5/page.tsx:5:1
Module not found: Can't resolve './globe'
  3 | import SrcC3 from "./src-c-3";
  4 | import SrcC4 from "./src-c-4";
> 5 | import Globe from "./globe";
    | ^^^^^^^^^^^^^^^^^^^^^^^^^^^^
  6 | import CardGlow from "./card-glow";
  7 | import Flat from "./flat";
  8 | import Glow from "./glow";

https://nextjs.org/docs/messages/module-not-found @ http://localhost:4200/_next/static/chunks/0aus_next_dist_00tg.dm._.js:1945
[  880564ms] [ERROR] ./app/bento-5/page.tsx:8:1
Module not found: Can't resolve './glow'
   6 | import CardGlow from "./card-glow";
   7 | import Flat from "./flat";
>  8 | import Glow from "./glow";
     | ^^^^^^^^^^^^^^^^^^^^^^^^^^
   9 | import LoadIn, { LoadInGroup } from "./load-in";
  10 | import MetallicShimmer from "@/registry/default/components/metallic-shimmer";
  11 | import { GLYPH_16, GLYPH_16_AT, GLYPH_AI } from "./glyphs";

https://nextjs.org/docs/messages/module-not-found @ http://localhost:4200/_next/static/chunks/0aus_next_dist_00tg.dm._.js:1945
[  880564ms] [ERROR] ./app/bento-5/page.tsx:11:1
Module not found: Can't resolve './glyphs'
   9 | import LoadIn, { LoadInGroup } from "./load-in";
  10 | import MetallicShimmer from "@/registry/default/components/metallic-shimmer";
> 11 | import { GLYPH_16, GLYPH_16_AT, GLYPH_AI } from "./glyphs";
     | ^^^^^^^^^^^^^^^^^^^^^^^^^^^^^^^^^^^^^^^^^^^^^^^^^^^^^^^^^^^
  12 |
  13 | // The cards are the Figma exports as-is: each SVG already paints its own glass
  14 | // fill and 16px gradient border, so a cell is just a clip + a covering SVG.

https://nextjs.org/docs/messages/module-not-found @ http://localhost:4200/_next/static/chunks/0aus_next_dist_00tg.dm._.js:1945
[  880565ms] [ERROR] ./app/bento-5/page.tsx:9:1
Module not found: Can't resolve './load-in'
   7 | import Flat from "./flat";
   8 | import Glow from "./glow";
>  9 | import LoadIn, { LoadInGroup } from "./load-in";
     | ^^^^^^^^^^^^^^^^^^^^^^^^^^^^^^^^^^^^^^^^^^^^^^^^
  10 | import MetallicShimmer from "@/registry/default/components/metallic-shimmer";
  11 | import { GLYPH_16, GLYPH_16_AT, GLYPH_AI } from "./glyphs";
  12 |

https://nextjs.org/docs/messages/module-not-found @ http://localhost:4200/_next/static/chunks/0aus_next_dist_00tg.dm._.js:1945
[  880565ms] [ERROR] ./app/bento-5/page.tsx:1:1
Module not found: Can't resolve './src-c-1'
> 1 | import SrcC1 from "./src-c-1";
    | ^^^^^^^^^^^^^^^^^^^^^^^^^^^^^^
  2 | import SrcC2 from "./src-c-2";
  3 | import SrcC3 from "./src-c-3";
  4 | import SrcC4 from "./src-c-4";

https://nextjs.org/docs/messages/module-not-found @ http://localhost:4200/_next/static/chunks/0aus_next_dist_00tg.dm._.js:1945
[  880565ms] [ERROR] ./app/bento-5/page.tsx:2:1
Module not found: Can't resolve './src-c-2'
  1 | import SrcC1 from "./src-c-1";
> 2 | import SrcC2 from "./src-c-2";
    | ^^^^^^^^^^^^^^^^^^^^^^^^^^^^^^
  3 | import SrcC3 from "./src-c-3";
  4 | import SrcC4 from "./src-c-4";
  5 | import Globe from "./globe";

https://nextjs.org/docs/messages/module-not-found @ http://localhost:4200/_next/static/chunks/0aus_next_dist_00tg.dm._.js:1945
[  880565ms] [ERROR] ./app/bento-5/page.tsx:3:1
Module not found: Can't resolve './src-c-3'
  1 | import SrcC1 from "./src-c-1";
  2 | import SrcC2 from "./src-c-2";
> 3 | import SrcC3 from "./src-c-3";
    | ^^^^^^^^^^^^^^^^^^^^^^^^^^^^^^
  4 | import SrcC4 from "./src-c-4";
  5 | import Globe from "./globe";
  6 | import CardGlow from "./card-glow";

https://nextjs.org/docs/messages/module-not-found @ http://localhost:4200/_next/static/chunks/0aus_next_dist_00tg.dm._.js:1945
[  880565ms] [ERROR] ./app/bento-5/page.tsx:4:1
Module not found: Can't resolve './src-c-4'
  2 | import SrcC2 from "./src-c-2";
  3 | import SrcC3 from "./src-c-3";
> 4 | import SrcC4 from "./src-c-4";
    | ^^^^^^^^^^^^^^^^^^^^^^^^^^^^^^
  5 | import Globe from "./globe";
  6 | import CardGlow from "./card-glow";
  7 | import Flat from "./flat";

https://nextjs.org/docs/messages/module-not-found @ http://localhost:4200/_next/static/chunks/0aus_next_dist_00tg.dm._.js:1945
[  881535ms] [ERROR] ./app/bento-5/page.tsx:6:1
Module not found: Can't resolve './card-glow'
  4 | import SrcC4 from "./src-c-4";
  5 | import Globe from "./globe";
> 6 | import CardGlow from "./card-glow";
    | ^^^^^^^^^^^^^^^^^^^^^^^^^^^^^^^^^^^
  7 | import Flat from "./flat";
  8 | import Glow from "./glow";
  9 | import LoadIn, { LoadInGroup } from "./load-in";

https://nextjs.org/docs/messages/module-not-found @ http://localhost:4200/_next/static/chunks/0aus_next_dist_00tg.dm._.js:1945
[  881535ms] [ERROR] ./app/bento-5/page.tsx:7:1
Module not found: Can't resolve './flat'
   5 | import Globe from "./globe";
   6 | import CardGlow from "./card-glow";
>  7 | import Flat from "./flat";
     | ^^^^^^^^^^^^^^^^^^^^^^^^^^
   8 | import Glow from "./glow";
   9 | import LoadIn, { LoadInGroup } from "./load-in";
  10 | import MetallicShimmer from "@/registry/default/components/metallic-shimmer";

https://nextjs.org/docs/messages/module-not-found @ http://localhost:4200/_next/static/chunks/0aus_next_dist_00tg.dm._.js:1945
[  881535ms] [ERROR] ./app/bento-5/page.tsx:5:1
Module not found: Can't resolve './globe'
  3 | import SrcC3 from "./src-c-3";
  4 | import SrcC4 from "./src-c-4";
> 5 | import Globe from "./globe";
    | ^^^^^^^^^^^^^^^^^^^^^^^^^^^^
  6 | import CardGlow from "./card-glow";
  7 | import Flat from "./flat";
  8 | import Glow from "./glow";

https://nextjs.org/docs/messages/module-not-found @ http://localhost:4200/_next/static/chunks/0aus_next_dist_00tg.dm._.js:1945
[  881535ms] [ERROR] ./app/bento-5/page.tsx:8:1
Module not found: Can't resolve './glow'
   6 | import CardGlow from "./card-glow";
   7 | import Flat from "./flat";
>  8 | import Glow from "./glow";
     | ^^^^^^^^^^^^^^^^^^^^^^^^^^
   9 | import LoadIn, { LoadInGroup } from "./load-in";
  10 | import MetallicShimmer from "@/registry/default/components/metallic-shimmer";
  11 | import { GLYPH_16, GLYPH_16_AT, GLYPH_AI } from "./glyphs";

https://nextjs.org/docs/messages/module-not-found @ http://localhost:4200/_next/static/chunks/0aus_next_dist_00tg.dm._.js:1945
[  881535ms] [ERROR] ./app/bento-5/page.tsx:11:1
Module not found: Can't resolve './glyphs'
   9 | import LoadIn, { LoadInGroup } from "./load-in";
  10 | import MetallicShimmer from "@/registry/default/components/metallic-shimmer";
> 11 | import { GLYPH_16, GLYPH_16_AT, GLYPH_AI } from "./glyphs";
     | ^^^^^^^^^^^^^^^^^^^^^^^^^^^^^^^^^^^^^^^^^^^^^^^^^^^^^^^^^^^
  12 |
  13 | // The cards are the Figma exports as-is: each SVG already paints its own glass
  14 | // fill and 16px gradient border, so a cell is just a clip + a covering SVG.

https://nextjs.org/docs/messages/module-not-found @ http://localhost:4200/_next/static/chunks/0aus_next_dist_00tg.dm._.js:1945
[  881535ms] [ERROR] ./app/bento-5/page.tsx:9:1
Module not found: Can't resolve './load-in'
   7 | import Flat from "./flat";
   8 | import Glow from "./glow";
>  9 | import LoadIn, { LoadInGroup } from "./load-in";
     | ^^^^^^^^^^^^^^^^^^^^^^^^^^^^^^^^^^^^^^^^^^^^^^^^
  10 | import MetallicShimmer from "@/registry/default/components/metallic-shimmer";
  11 | import { GLYPH_16, GLYPH_16_AT, GLYPH_AI } from "./glyphs";
  12 |

https://nextjs.org/docs/messages/module-not-found @ http://localhost:4200/_next/static/chunks/0aus_next_dist_00tg.dm._.js:1945
[  881535ms] [ERROR] ./app/bento-5/page.tsx:1:1
Module not found: Can't resolve './src-c-1'
> 1 | import SrcC1 from "./src-c-1";
    | ^^^^^^^^^^^^^^^^^^^^^^^^^^^^^^
  2 | import SrcC2 from "./src-c-2";
  3 | import SrcC3 from "./src-c-3";
  4 | import SrcC4 from "./src-c-4";

https://nextjs.org/docs/messages/module-not-found @ http://localhost:4200/_next/static/chunks/0aus_next_dist_00tg.dm._.js:1945
[  881535ms] [ERROR] ./app/bento-5/page.tsx:2:1
Module not found: Can't resolve './src-c-2'
  1 | import SrcC1 from "./src-c-1";
> 2 | import SrcC2 from "./src-c-2";
    | ^^^^^^^^^^^^^^^^^^^^^^^^^^^^^^
  3 | import SrcC3 from "./src-c-3";
  4 | import SrcC4 from "./src-c-4";
  5 | import Globe from "./globe";

https://nextjs.org/docs/messages/module-not-found @ http://localhost:4200/_next/static/chunks/0aus_next_dist_00tg.dm._.js:1945
[  881535ms] [ERROR] ./app/bento-5/page.tsx:3:1
Module not found: Can't resolve './src-c-3'
  1 | import SrcC1 from "./src-c-1";
  2 | import SrcC2 from "./src-c-2";
> 3 | import SrcC3 from "./src-c-3";
    | ^^^^^^^^^^^^^^^^^^^^^^^^^^^^^^
  4 | import SrcC4 from "./src-c-4";
  5 | import Globe from "./globe";
  6 | import CardGlow from "./card-glow";

https://nextjs.org/docs/messages/module-not-found @ http://localhost:4200/_next/static/chunks/0aus_next_dist_00tg.dm._.js:1945
[  881535ms] [ERROR] ./app/bento-5/page.tsx:4:1
Module not found: Can't resolve './src-c-4'
  2 | import SrcC2 from "./src-c-2";
  3 | import SrcC3 from "./src-c-3";
> 4 | import SrcC4 from "./src-c-4";
    | ^^^^^^^^^^^^^^^^^^^^^^^^^^^^^^
  5 | import Globe from "./globe";
  6 | import CardGlow from "./card-glow";
  7 | import Flat from "./flat";

https://nextjs.org/docs/messages/module-not-found @ http://localhost:4200/_next/static/chunks/0aus_next_dist_00tg.dm._.js:1945
[  881719ms] [ERROR] ./app/bento-5/page.tsx:6:1
Module not found: Can't resolve './card-glow'
  4 | import SrcC4 from "./src-c-4";
  5 | import Globe from "./globe";
> 6 | import CardGlow from "./card-glow";
    | ^^^^^^^^^^^^^^^^^^^^^^^^^^^^^^^^^^^
  7 | import Flat from "./flat";
  8 | import Glow from "./glow";
  9 | import LoadIn, { LoadInGroup } from "./load-in";

https://nextjs.org/docs/messages/module-not-found @ http://localhost:4200/_next/static/chunks/0aus_next_dist_00tg.dm._.js:1945
[  881719ms] [ERROR] ./app/bento-5/page.tsx:7:1
Module not found: Can't resolve './flat'
   5 | import Globe from "./globe";
   6 | import CardGlow from "./card-glow";
>  7 | import Flat from "./flat";
     | ^^^^^^^^^^^^^^^^^^^^^^^^^^
   8 | import Glow from "./glow";
   9 | import LoadIn, { LoadInGroup } from "./load-in";
  10 | import MetallicShimmer from "@/registry/default/components/metallic-shimmer";

https://nextjs.org/docs/messages/module-not-found @ http://localhost:4200/_next/static/chunks/0aus_next_dist_00tg.dm._.js:1945
[  881719ms] [ERROR] ./app/bento-5/page.tsx:5:1
Module not found: Can't resolve './globe'
  3 | import SrcC3 from "./src-c-3";
  4 | import SrcC4 from "./src-c-4";
> 5 | import Globe from "./globe";
    | ^^^^^^^^^^^^^^^^^^^^^^^^^^^^
  6 | import CardGlow from "./card-glow";
  7 | import Flat from "./flat";
  8 | import Glow from "./glow";

https://nextjs.org/docs/messages/module-not-found @ http://localhost:4200/_next/static/chunks/0aus_next_dist_00tg.dm._.js:1945
[  881719ms] [ERROR] ./app/bento-5/page.tsx:8:1
Module not found: Can't resolve './glow'
   6 | import CardGlow from "./card-glow";
   7 | import Flat from "./flat";
>  8 | import Glow from "./glow";
     | ^^^^^^^^^^^^^^^^^^^^^^^^^^
   9 | import LoadIn, { LoadInGroup } from "./load-in";
  10 | import MetallicShimmer from "@/registry/default/components/metallic-shimmer";
  11 | import { GLYPH_16, GLYPH_16_AT, GLYPH_AI } from "./glyphs";

https://nextjs.org/docs/messages/module-not-found @ http://localhost:4200/_next/static/chunks/0aus_next_dist_00tg.dm._.js:1945
[  881719ms] [ERROR] ./app/bento-5/page.tsx:11:1
Module not found: Can't resolve './glyphs'
   9 | import LoadIn, { LoadInGroup } from "./load-in";
  10 | import MetallicShimmer from "@/registry/default/components/metallic-shimmer";
> 11 | import { GLYPH_16, GLYPH_16_AT, GLYPH_AI } from "./glyphs";
     | ^^^^^^^^^^^^^^^^^^^^^^^^^^^^^^^^^^^^^^^^^^^^^^^^^^^^^^^^^^^
  12 |
  13 | // The cards are the Figma exports as-is: each SVG already paints its own glass
  14 | // fill and 16px gradient border, so a cell is just a clip + a covering SVG.

https://nextjs.org/docs/messages/module-not-found @ http://localhost:4200/_next/static/chunks/0aus_next_dist_00tg.dm._.js:1945
[  881719ms] [ERROR] ./app/bento-5/page.tsx:9:1
Module not found: Can't resolve './load-in'
   7 | import Flat from "./flat";
   8 | import Glow from "./glow";
>  9 | import LoadIn, { LoadInGroup } from "./load-in";
     | ^^^^^^^^^^^^^^^^^^^^^^^^^^^^^^^^^^^^^^^^^^^^^^^^
  10 | import MetallicShimmer from "@/registry/default/components/metallic-shimmer";
  11 | import { GLYPH_16, GLYPH_16_AT, GLYPH_AI } from "./glyphs";
  12 |

https://nextjs.org/docs/messages/module-not-found @ http://localhost:4200/_next/static/chunks/0aus_next_dist_00tg.dm._.js:1945
[  881719ms] [ERROR] ./app/bento-5/page.tsx:1:1
Module not found: Can't resolve './src-c-1'
> 1 | import SrcC1 from "./src-c-1";
    | ^^^^^^^^^^^^^^^^^^^^^^^^^^^^^^
  2 | import SrcC2 from "./src-c-2";
  3 | import SrcC3 from "./src-c-3";
  4 | import SrcC4 from "./src-c-4";

https://nextjs.org/docs/messages/module-not-found @ http://localhost:4200/_next/static/chunks/0aus_next_dist_00tg.dm._.js:1945
[  881719ms] [ERROR] ./app/bento-5/page.tsx:2:1
Module not found: Can't resolve './src-c-2'
  1 | import SrcC1 from "./src-c-1";
> 2 | import SrcC2 from "./src-c-2";
    | ^^^^^^^^^^^^^^^^^^^^^^^^^^^^^^
  3 | import SrcC3 from "./src-c-3";
  4 | import SrcC4 from "./src-c-4";
  5 | import Globe from "./globe";

https://nextjs.org/docs/messages/module-not-found @ http://localhost:4200/_next/static/chunks/0aus_next_dist_00tg.dm._.js:1945
[  881719ms] [ERROR] ./app/bento-5/page.tsx:3:1
Module not found: Can't resolve './src-c-3'
  1 | import SrcC1 from "./src-c-1";
  2 | import SrcC2 from "./src-c-2";
> 3 | import SrcC3 from "./src-c-3";
    | ^^^^^^^^^^^^^^^^^^^^^^^^^^^^^^
  4 | import SrcC4 from "./src-c-4";
  5 | import Globe from "./globe";
  6 | import CardGlow from "./card-glow";

https://nextjs.org/docs/messages/module-not-found @ http://localhost:4200/_next/static/chunks/0aus_next_dist_00tg.dm._.js:1945
[  881719ms] [ERROR] ./app/bento-5/page.tsx:4:1
Module not found: Can't resolve './src-c-4'
  2 | import SrcC2 from "./src-c-2";
  3 | import SrcC3 from "./src-c-3";
> 4 | import SrcC4 from "./src-c-4";
    | ^^^^^^^^^^^^^^^^^^^^^^^^^^^^^^
  5 | import Globe from "./globe";
  6 | import CardGlow from "./card-glow";
  7 | import Flat from "./flat";

https://nextjs.org/docs/messages/module-not-found @ http://localhost:4200/_next/static/chunks/0aus_next_dist_00tg.dm._.js:1945
[  881735ms] [ERROR] Failed to load resource: the server responded with a status of 500 (Internal Server Error) @ http://localhost:4200/bento-5:0
[  881901ms] [INFO] %cDownload the React DevTools for a better development experience: https://react.dev/link/react-devtools font-weight:bold @ http://localhost:4200/_next/static/chunks/0e-u_react-dom_0037m-m._.js:15305
[  881906ms] Error: ./app/bento-5/page.tsx:6:1
Module not found: Can't resolve './card-glow'
  4 | import SrcC4 from "./src-c-4";
  5 | import Globe from "./globe";
> 6 | import CardGlow from "./card-glow";
    | ^^^^^^^^^^^^^^^^^^^^^^^^^^^^^^^^^^^
  7 | import Flat from "./flat";
  8 | import Glow from "./glow";
  9 | import LoadIn, { LoadInGroup } from "./load-in";



https://nextjs.org/docs/messages/module-not-found


    at <unknown> (Error: ./app/bento-5/page.tsx:6:1)
    at <unknown> (https://nextjs.org/docs/messages/module-not-found)
    at Object.getCompilationErrors (file:///Users/godwinjanarthan/Documents/Projects/d2studio-ui/node_modules/.pnpm/next@16.2.4_@babel+core@7.28.4_react-dom@19.2.5_react@19.2.5__react@19.2.5/node_modules/next/dist/server/dev/hot-reloader-turbopack.js:1186:59)
    at DevBundlerService.getCompilationError (file:///Users/godwinjanarthan/Documents/Projects/d2studio-ui/node_modules/.pnpm/next@16.2.4_@babel+core@7.28.4_react-dom@19.2.5_react@19.2.5__react@19.2.5/node_modules/next/dist/server/lib/dev-bundler-service.js:44:55)
    at DevServer.getCompilationError (file:///Users/godwinjanarthan/Documents/Projects/d2studio-ui/node_modules/.pnpm/next@16.2.4_@babel+core@7.28.4_react-dom@19.2.5_react@19.2.5__react@19.2.5/node_modules/next/dist/server/dev/next-dev-server.js:719:42)
    at DevServer.findPageComponents (file:///Users/godwinjanarthan/Documents/Projects/d2studio-ui/node_modules/.pnpm/next@16.2.4_@babel+core@7.28.4_react-dom@19.2.5_react@19.2.5__react@19.2.5/node_modules/next/dist/server/dev/next-dev-server.js:689:43)
    at async DevServer.renderErrorToResponseImpl (file:///Users/godwinjanarthan/Documents/Projects/d2studio-ui/node_modules/.pnpm/next@16.2.4_@babel+core@7.28.4_react-dom@19.2.5_react@19.2.5__react@19.2.5/node_modules/next/dist/server/base-server.js:1745:26)
[  881929ms] [LOG] [HMR] connected @ http://localhost:4200/_next/static/chunks/0aus_next_dist_00tg.dm._.js:1226
[  881949ms] [ERROR] ./app/bento-5/page.tsx:6:1
Module not found: Can't resolve './card-glow'
  4 | import SrcC4 from "./src-c-4";
  5 | import Globe from "./globe";
> 6 | import CardGlow from "./card-glow";
    | ^^^^^^^^^^^^^^^^^^^^^^^^^^^^^^^^^^^
  7 | import Flat from "./flat";
  8 | import Glow from "./glow";
  9 | import LoadIn, { LoadInGroup } from "./load-in";

https://nextjs.org/docs/messages/module-not-found @ http://localhost:4200/_next/static/chunks/0aus_next_dist_00tg.dm._.js:1945
[  881949ms] [ERROR] ./app/bento-5/page.tsx:7:1
Module not found: Can't resolve './flat'
   5 | import Globe from "./globe";
   6 | import CardGlow from "./card-glow";
>  7 | import Flat from "./flat";
     | ^^^^^^^^^^^^^^^^^^^^^^^^^^
   8 | import Glow from "./glow";
   9 | import LoadIn, { LoadInGroup } from "./load-in";
  10 | import MetallicShimmer from "@/registry/default/components/metallic-shimmer";

https://nextjs.org/docs/messages/module-not-found @ http://localhost:4200/_next/static/chunks/0aus_next_dist_00tg.dm._.js:1945
[  881949ms] [ERROR] ./app/bento-5/page.tsx:5:1
Module not found: Can't resolve './globe'
  3 | import SrcC3 from "./src-c-3";
  4 | import SrcC4 from "./src-c-4";
> 5 | import Globe from "./globe";
    | ^^^^^^^^^^^^^^^^^^^^^^^^^^^^
  6 | import CardGlow from "./card-glow";
  7 | import Flat from "./flat";
  8 | import Glow from "./glow";

https://nextjs.org/docs/messages/module-not-found @ http://localhost:4200/_next/static/chunks/0aus_next_dist_00tg.dm._.js:1945
[  881949ms] [ERROR] ./app/bento-5/page.tsx:8:1
Module not found: Can't resolve './glow'
   6 | import CardGlow from "./card-glow";
   7 | import Flat from "./flat";
>  8 | import Glow from "./glow";
     | ^^^^^^^^^^^^^^^^^^^^^^^^^^
   9 | import LoadIn, { LoadInGroup } from "./load-in";
  10 | import MetallicShimmer from "@/registry/default/components/metallic-shimmer";
  11 | import { GLYPH_16, GLYPH_16_AT, GLYPH_AI } from "./glyphs";

https://nextjs.org/docs/messages/module-not-found @ http://localhost:4200/_next/static/chunks/0aus_next_dist_00tg.dm._.js:1945
[  881949ms] [ERROR] ./app/bento-5/page.tsx:11:1
Module not found: Can't resolve './glyphs'
   9 | import LoadIn, { LoadInGroup } from "./load-in";
  10 | import MetallicShimmer from "@/registry/default/components/metallic-shimmer";
> 11 | import { GLYPH_16, GLYPH_16_AT, GLYPH_AI } from "./glyphs";
     | ^^^^^^^^^^^^^^^^^^^^^^^^^^^^^^^^^^^^^^^^^^^^^^^^^^^^^^^^^^^
  12 |
  13 | // The cards are the Figma exports as-is: each SVG already paints its own glass
  14 | // fill and 16px gradient border, so a cell is just a clip + a covering SVG.

https://nextjs.org/docs/messages/module-not-found @ http://localhost:4200/_next/static/chunks/0aus_next_dist_00tg.dm._.js:1945
[  881949ms] [ERROR] ./app/bento-5/page.tsx:9:1
Module not found: Can't resolve './load-in'
   7 | import Flat from "./flat";
   8 | import Glow from "./glow";
>  9 | import LoadIn, { LoadInGroup } from "./load-in";
     | ^^^^^^^^^^^^^^^^^^^^^^^^^^^^^^^^^^^^^^^^^^^^^^^^
  10 | import MetallicShimmer from "@/registry/default/components/metallic-shimmer";
  11 | import { GLYPH_16, GLYPH_16_AT, GLYPH_AI } from "./glyphs";
  12 |

https://nextjs.org/docs/messages/module-not-found @ http://localhost:4200/_next/static/chunks/0aus_next_dist_00tg.dm._.js:1945
[  881949ms] [ERROR] ./app/bento-5/page.tsx:1:1
Module not found: Can't resolve './src-c-1'
> 1 | import SrcC1 from "./src-c-1";
    | ^^^^^^^^^^^^^^^^^^^^^^^^^^^^^^
  2 | import SrcC2 from "./src-c-2";
  3 | import SrcC3 from "./src-c-3";
  4 | import SrcC4 from "./src-c-4";

https://nextjs.org/docs/messages/module-not-found @ http://localhost:4200/_next/static/chunks/0aus_next_dist_00tg.dm._.js:1945
[  881949ms] [ERROR] ./app/bento-5/page.tsx:2:1
Module not found: Can't resolve './src-c-2'
  1 | import SrcC1 from "./src-c-1";
> 2 | import SrcC2 from "./src-c-2";
    | ^^^^^^^^^^^^^^^^^^^^^^^^^^^^^^
  3 | import SrcC3 from "./src-c-3";
  4 | import SrcC4 from "./src-c-4";
  5 | import Globe from "./globe";

https://nextjs.org/docs/messages/module-not-found @ http://localhost:4200/_next/static/chunks/0aus_next_dist_00tg.dm._.js:1945
[  881949ms] [ERROR] ./app/bento-5/page.tsx:3:1
Module not found: Can't resolve './src-c-3'
  1 | import SrcC1 from "./src-c-1";
  2 | import SrcC2 from "./src-c-2";
> 3 | import SrcC3 from "./src-c-3";
    | ^^^^^^^^^^^^^^^^^^^^^^^^^^^^^^
  4 | import SrcC4 from "./src-c-4";
  5 | import Globe from "./globe";
  6 | import CardGlow from "./card-glow";

https://nextjs.org/docs/messages/module-not-found @ http://localhost:4200/_next/static/chunks/0aus_next_dist_00tg.dm._.js:1945
[  881949ms] [ERROR] ./app/bento-5/page.tsx:4:1
Module not found: Can't resolve './src-c-4'
  2 | import SrcC2 from "./src-c-2";
  3 | import SrcC3 from "./src-c-3";
> 4 | import SrcC4 from "./src-c-4";
    | ^^^^^^^^^^^^^^^^^^^^^^^^^^^^^^
  5 | import Globe from "./globe";
  6 | import CardGlow from "./card-glow";
  7 | import Flat from "./flat";

https://nextjs.org/docs/messages/module-not-found @ http://localhost:4200/_next/static/chunks/0aus_next_dist_00tg.dm._.js:1945
[  881981ms] [ERROR] ./app/bento-5/page.tsx:6:1
Module not found: Can't resolve './card-glow'
  4 | import SrcC4 from "./src-c-4";
  5 | import Globe from "./globe";
> 6 | import CardGlow from "./card-glow";
    | ^^^^^^^^^^^^^^^^^^^^^^^^^^^^^^^^^^^
  7 | import Flat from "./flat";
  8 | import Glow from "./glow";
  9 | import LoadIn, { LoadInGroup } from "./load-in";

https://nextjs.org/docs/messages/module-not-found @ http://localhost:4200/_next/static/chunks/0aus_next_dist_00tg.dm._.js:1945
[  881982ms] [ERROR] ./app/bento-5/page.tsx:7:1
Module not found: Can't resolve './flat'
   5 | import Globe from "./globe";
   6 | import CardGlow from "./card-glow";
>  7 | import Flat from "./flat";
     | ^^^^^^^^^^^^^^^^^^^^^^^^^^
   8 | import Glow from "./glow";
   9 | import LoadIn, { LoadInGroup } from "./load-in";
  10 | import MetallicShimmer from "@/registry/default/components/metallic-shimmer";

https://nextjs.org/docs/messages/module-not-found @ http://localhost:4200/_next/static/chunks/0aus_next_dist_00tg.dm._.js:1945
[  881982ms] [ERROR] ./app/bento-5/page.tsx:5:1
Module not found: Can't resolve './globe'
  3 | import SrcC3 from "./src-c-3";
  4 | import SrcC4 from "./src-c-4";
> 5 | import Globe from "./globe";
    | ^^^^^^^^^^^^^^^^^^^^^^^^^^^^
  6 | import CardGlow from "./card-glow";
  7 | import Flat from "./flat";
  8 | import Glow from "./glow";

https://nextjs.org/docs/messages/module-not-found @ http://localhost:4200/_next/static/chunks/0aus_next_dist_00tg.dm._.js:1945
[  881982ms] [ERROR] ./app/bento-5/page.tsx:8:1
Module not found: Can't resolve './glow'
   6 | import CardGlow from "./card-glow";
   7 | import Flat from "./flat";
>  8 | import Glow from "./glow";
     | ^^^^^^^^^^^^^^^^^^^^^^^^^^
   9 | import LoadIn, { LoadInGroup } from "./load-in";
  10 | import MetallicShimmer from "@/registry/default/components/metallic-shimmer";
  11 | import { GLYPH_16, GLYPH_16_AT, GLYPH_AI } from "./glyphs";

https://nextjs.org/docs/messages/module-not-found @ http://localhost:4200/_next/static/chunks/0aus_next_dist_00tg.dm._.js:1945
[  881982ms] [ERROR] ./app/bento-5/page.tsx:11:1
Module not found: Can't resolve './glyphs'
   9 | import LoadIn, { LoadInGroup } from "./load-in";
  10 | import MetallicShimmer from "@/registry/default/components/metallic-shimmer";
> 11 | import { GLYPH_16, GLYPH_16_AT, GLYPH_AI } from "./glyphs";
     | ^^^^^^^^^^^^^^^^^^^^^^^^^^^^^^^^^^^^^^^^^^^^^^^^^^^^^^^^^^^
  12 |
  13 | // The cards are the Figma exports as-is: each SVG already paints its own glass
  14 | // fill and 16px gradient border, so a cell is just a clip + a covering SVG.

https://nextjs.org/docs/messages/module-not-found @ http://localhost:4200/_next/static/chunks/0aus_next_dist_00tg.dm._.js:1945
[  881982ms] [ERROR] ./app/bento-5/page.tsx:9:1
Module not found: Can't resolve './load-in'
   7 | import Flat from "./flat";
   8 | import Glow from "./glow";
>  9 | import LoadIn, { LoadInGroup } from "./load-in";
     | ^^^^^^^^^^^^^^^^^^^^^^^^^^^^^^^^^^^^^^^^^^^^^^^^
  10 | import MetallicShimmer from "@/registry/default/components/metallic-shimmer";
  11 | import { GLYPH_16, GLYPH_16_AT, GLYPH_AI } from "./glyphs";
  12 |

https://nextjs.org/docs/messages/module-not-found @ http://localhost:4200/_next/static/chunks/0aus_next_dist_00tg.dm._.js:1945
[  881982ms] [ERROR] ./app/bento-5/page.tsx:1:1
Module not found: Can't resolve './src-c-1'
> 1 | import SrcC1 from "./src-c-1";
    | ^^^^^^^^^^^^^^^^^^^^^^^^^^^^^^
  2 | import SrcC2 from "./src-c-2";
  3 | import SrcC3 from "./src-c-3";
  4 | import SrcC4 from "./src-c-4";

https://nextjs.org/docs/messages/module-not-found @ http://localhost:4200/_next/static/chunks/0aus_next_dist_00tg.dm._.js:1945
[  881982ms] [ERROR] ./app/bento-5/page.tsx:2:1
Module not found: Can't resolve './src-c-2'
  1 | import SrcC1 from "./src-c-1";
> 2 | import SrcC2 from "./src-c-2";
    | ^^^^^^^^^^^^^^^^^^^^^^^^^^^^^^
  3 | import SrcC3 from "./src-c-3";
  4 | import SrcC4 from "./src-c-4";
  5 | import Globe from "./globe";

https://nextjs.org/docs/messages/module-not-found @ http://localhost:4200/_next/static/chunks/0aus_next_dist_00tg.dm._.js:1945
[  881982ms] [ERROR] ./app/bento-5/page.tsx:3:1
Module not found: Can't resolve './src-c-3'
  1 | import SrcC1 from "./src-c-1";
  2 | import SrcC2 from "./src-c-2";
> 3 | import SrcC3 from "./src-c-3";
    | ^^^^^^^^^^^^^^^^^^^^^^^^^^^^^^
  4 | import SrcC4 from "./src-c-4";
  5 | import Globe from "./globe";
  6 | import CardGlow from "./card-glow";

https://nextjs.org/docs/messages/module-not-found @ http://localhost:4200/_next/static/chunks/0aus_next_dist_00tg.dm._.js:1945
[  881982ms] [ERROR] ./app/bento-5/page.tsx:4:1
Module not found: Can't resolve './src-c-4'
  2 | import SrcC2 from "./src-c-2";
  3 | import SrcC3 from "./src-c-3";
> 4 | import SrcC4 from "./src-c-4";
    | ^^^^^^^^^^^^^^^^^^^^^^^^^^^^^^
  5 | import Globe from "./globe";
  6 | import CardGlow from "./card-glow";
  7 | import Flat from "./flat";

https://nextjs.org/docs/messages/module-not-found @ http://localhost:4200/_next/static/chunks/0aus_next_dist_00tg.dm._.js:1945
[  882039ms] [ERROR] ./app/bento-5/page.tsx:6:1
Module not found: Can't resolve './card-glow'
  4 | import SrcC4 from "./src-c-4";
  5 | import Globe from "./globe";
> 6 | import CardGlow from "./card-glow";
    | ^^^^^^^^^^^^^^^^^^^^^^^^^^^^^^^^^^^
  7 | import Flat from "./flat";
  8 | import Glow from "./glow";
  9 | import LoadIn, { LoadInGroup } from "./load-in";

https://nextjs.org/docs/messages/module-not-found @ http://localhost:4200/_next/static/chunks/0aus_next_dist_00tg.dm._.js:1945
[  882039ms] [ERROR] ./app/bento-5/page.tsx:7:1
Module not found: Can't resolve './flat'
   5 | import Globe from "./globe";
   6 | import CardGlow from "./card-glow";
>  7 | import Flat from "./flat";
     | ^^^^^^^^^^^^^^^^^^^^^^^^^^
   8 | import Glow from "./glow";
   9 | import LoadIn, { LoadInGroup } from "./load-in";
  10 | import MetallicShimmer from "@/registry/default/components/metallic-shimmer";

https://nextjs.org/docs/messages/module-not-found @ http://localhost:4200/_next/static/chunks/0aus_next_dist_00tg.dm._.js:1945
[  882039ms] [ERROR] ./app/bento-5/page.tsx:5:1
Module not found: Can't resolve './globe'
  3 | import SrcC3 from "./src-c-3";
  4 | import SrcC4 from "./src-c-4";
> 5 | import Globe from "./globe";
    | ^^^^^^^^^^^^^^^^^^^^^^^^^^^^
  6 | import CardGlow from "./card-glow";
  7 | import Flat from "./flat";
  8 | import Glow from "./glow";

https://nextjs.org/docs/messages/module-not-found @ http://localhost:4200/_next/static/chunks/0aus_next_dist_00tg.dm._.js:1945
[  882039ms] [ERROR] ./app/bento-5/page.tsx:8:1
Module not found: Can't resolve './glow'
   6 | import CardGlow from "./card-glow";
   7 | import Flat from "./flat";
>  8 | import Glow from "./glow";
     | ^^^^^^^^^^^^^^^^^^^^^^^^^^
   9 | import LoadIn, { LoadInGroup } from "./load-in";
  10 | import MetallicShimmer from "@/registry/default/components/metallic-shimmer";
  11 | import { GLYPH_16, GLYPH_16_AT, GLYPH_AI } from "./glyphs";

https://nextjs.org/docs/messages/module-not-found @ http://localhost:4200/_next/static/chunks/0aus_next_dist_00tg.dm._.js:1945
[  882039ms] [ERROR] ./app/bento-5/page.tsx:11:1
Module not found: Can't resolve './glyphs'
   9 | import LoadIn, { LoadInGroup } from "./load-in";
  10 | import MetallicShimmer from "@/registry/default/components/metallic-shimmer";
> 11 | import { GLYPH_16, GLYPH_16_AT, GLYPH_AI } from "./glyphs";
     | ^^^^^^^^^^^^^^^^^^^^^^^^^^^^^^^^^^^^^^^^^^^^^^^^^^^^^^^^^^^
  12 |
  13 | // The cards are the Figma exports as-is: each SVG already paints its own glass
  14 | // fill and 16px gradient border, so a cell is just a clip + a covering SVG.

https://nextjs.org/docs/messages/module-not-found @ http://localhost:4200/_next/static/chunks/0aus_next_dist_00tg.dm._.js:1945
[  882040ms] [ERROR] ./app/bento-5/page.tsx:9:1
Module not found: Can't resolve './load-in'
   7 | import Flat from "./flat";
   8 | import Glow from "./glow";
>  9 | import LoadIn, { LoadInGroup } from "./load-in";
     | ^^^^^^^^^^^^^^^^^^^^^^^^^^^^^^^^^^^^^^^^^^^^^^^^
  10 | import MetallicShimmer from "@/registry/default/components/metallic-shimmer";
  11 | import { GLYPH_16, GLYPH_16_AT, GLYPH_AI } from "./glyphs";
  12 |

https://nextjs.org/docs/messages/module-not-found @ http://localhost:4200/_next/static/chunks/0aus_next_dist_00tg.dm._.js:1945
[  882040ms] [ERROR] ./app/bento-5/page.tsx:1:1
Module not found: Can't resolve './src-c-1'
> 1 | import SrcC1 from "./src-c-1";
    | ^^^^^^^^^^^^^^^^^^^^^^^^^^^^^^
  2 | import SrcC2 from "./src-c-2";
  3 | import SrcC3 from "./src-c-3";
  4 | import SrcC4 from "./src-c-4";

https://nextjs.org/docs/messages/module-not-found @ http://localhost:4200/_next/static/chunks/0aus_next_dist_00tg.dm._.js:1945
[  882040ms] [ERROR] ./app/bento-5/page.tsx:2:1
Module not found: Can't resolve './src-c-2'
  1 | import SrcC1 from "./src-c-1";
> 2 | import SrcC2 from "./src-c-2";
    | ^^^^^^^^^^^^^^^^^^^^^^^^^^^^^^
  3 | import SrcC3 from "./src-c-3";
  4 | import SrcC4 from "./src-c-4";
  5 | import Globe from "./globe";

https://nextjs.org/docs/messages/module-not-found @ http://localhost:4200/_next/static/chunks/0aus_next_dist_00tg.dm._.js:1945
[  882040ms] [ERROR] ./app/bento-5/page.tsx:3:1
Module not found: Can't resolve './src-c-3'
  1 | import SrcC1 from "./src-c-1";
  2 | import SrcC2 from "./src-c-2";
> 3 | import SrcC3 from "./src-c-3";
    | ^^^^^^^^^^^^^^^^^^^^^^^^^^^^^^
  4 | import SrcC4 from "./src-c-4";
  5 | import Globe from "./globe";
  6 | import CardGlow from "./card-glow";

https://nextjs.org/docs/messages/module-not-found @ http://localhost:4200/_next/static/chunks/0aus_next_dist_00tg.dm._.js:1945
[  882040ms] [ERROR] ./app/bento-5/page.tsx:4:1
Module not found: Can't resolve './src-c-4'
  2 | import SrcC2 from "./src-c-2";
  3 | import SrcC3 from "./src-c-3";
> 4 | import SrcC4 from "./src-c-4";
    | ^^^^^^^^^^^^^^^^^^^^^^^^^^^^^^
  5 | import Globe from "./globe";
  6 | import CardGlow from "./card-glow";
  7 | import Flat from "./flat";

https://nextjs.org/docs/messages/module-not-found @ http://localhost:4200/_next/static/chunks/0aus_next_dist_00tg.dm._.js:1945
[  882084ms] [LOG] [Fast Refresh] rebuilding @ http://localhost:4200/_next/static/chunks/0aus_next_dist_00tg.dm._.js:1226
[  943427ms] [LOG] [Fast Refresh] rebuilding @ http://localhost:4200/_next/static/chunks/0aus_next_dist_00tg.dm._.js:1226
[  948939ms] [ERROR] ./app/bento-5/page.tsx:6:1
Module not found: Can't resolve './card-glow'
  4 | import SrcC4 from "./src-c-4";
  5 | import Globe from "./globe";
> 6 | import CardGlow from "./card-glow";
    | ^^^^^^^^^^^^^^^^^^^^^^^^^^^^^^^^^^^
  7 | import Flat from "./flat";
  8 | import Glow from "./glow";
  9 | import LoadIn, { LoadInGroup } from "./load-in";

https://nextjs.org/docs/messages/module-not-found @ http://localhost:4200/_next/static/chunks/0aus_next_dist_00tg.dm._.js:1945
[  948939ms] [ERROR] ./app/bento-5/page.tsx:7:1
Module not found: Can't resolve './flat'
   5 | import Globe from "./globe";
   6 | import CardGlow from "./card-glow";
>  7 | import Flat from "./flat";
     | ^^^^^^^^^^^^^^^^^^^^^^^^^^
   8 | import Glow from "./glow";
   9 | import LoadIn, { LoadInGroup } from "./load-in";
  10 | import MetallicShimmer from "@/registry/default/components/metallic-shimmer";

https://nextjs.org/docs/messages/module-not-found @ http://localhost:4200/_next/static/chunks/0aus_next_dist_00tg.dm._.js:1945
[  948939ms] [ERROR] ./app/bento-5/page.tsx:5:1
Module not found: Can't resolve './globe'
  3 | import SrcC3 from "./src-c-3";
  4 | import SrcC4 from "./src-c-4";
> 5 | import Globe from "./globe";
    | ^^^^^^^^^^^^^^^^^^^^^^^^^^^^
  6 | import CardGlow from "./card-glow";
  7 | import Flat from "./flat";
  8 | import Glow from "./glow";

https://nextjs.org/docs/messages/module-not-found @ http://localhost:4200/_next/static/chunks/0aus_next_dist_00tg.dm._.js:1945
[  948939ms] [ERROR] ./app/bento-5/page.tsx:8:1
Module not found: Can't resolve './glow'
   6 | import CardGlow from "./card-glow";
   7 | import Flat from "./flat";
>  8 | import Glow from "./glow";
     | ^^^^^^^^^^^^^^^^^^^^^^^^^^
   9 | import LoadIn, { LoadInGroup } from "./load-in";
  10 | import MetallicShimmer from "@/registry/default/components/metallic-shimmer";
  11 | import { GLYPH_16, GLYPH_16_AT, GLYPH_AI } from "./glyphs";

https://nextjs.org/docs/messages/module-not-found @ http://localhost:4200/_next/static/chunks/0aus_next_dist_00tg.dm._.js:1945
[  948939ms] [ERROR] ./app/bento-5/page.tsx:11:1
Module not found: Can't resolve './glyphs'
   9 | import LoadIn, { LoadInGroup } from "./load-in";
  10 | import MetallicShimmer from "@/registry/default/components/metallic-shimmer";
> 11 | import { GLYPH_16, GLYPH_16_AT, GLYPH_AI } from "./glyphs";
     | ^^^^^^^^^^^^^^^^^^^^^^^^^^^^^^^^^^^^^^^^^^^^^^^^^^^^^^^^^^^
  12 |
  13 | // The cards are the Figma exports as-is: each SVG already paints its own glass
  14 | // fill and 16px gradient border, so a cell is just a clip + a covering SVG.

https://nextjs.org/docs/messages/module-not-found @ http://localhost:4200/_next/static/chunks/0aus_next_dist_00tg.dm._.js:1945
[  948939ms] [ERROR] ./app/bento-5/page.tsx:9:1
Module not found: Can't resolve './load-in'
   7 | import Flat from "./flat";
   8 | import Glow from "./glow";
>  9 | import LoadIn, { LoadInGroup } from "./load-in";
     | ^^^^^^^^^^^^^^^^^^^^^^^^^^^^^^^^^^^^^^^^^^^^^^^^
  10 | import MetallicShimmer from "@/registry/default/components/metallic-shimmer";
  11 | import { GLYPH_16, GLYPH_16_AT, GLYPH_AI } from "./glyphs";
  12 |

https://nextjs.org/docs/messages/module-not-found @ http://localhost:4200/_next/static/chunks/0aus_next_dist_00tg.dm._.js:1945
[  948939ms] [ERROR] ./app/bento-5/page.tsx:1:1
Module not found: Can't resolve './src-c-1'
> 1 | import SrcC1 from "./src-c-1";
    | ^^^^^^^^^^^^^^^^^^^^^^^^^^^^^^
  2 | import SrcC2 from "./src-c-2";
  3 | import SrcC3 from "./src-c-3";
  4 | import SrcC4 from "./src-c-4";

https://nextjs.org/docs/messages/module-not-found @ http://localhost:4200/_next/static/chunks/0aus_next_dist_00tg.dm._.js:1945
[  948939ms] [ERROR] ./app/bento-5/page.tsx:2:1
Module not found: Can't resolve './src-c-2'
  1 | import SrcC1 from "./src-c-1";
> 2 | import SrcC2 from "./src-c-2";
    | ^^^^^^^^^^^^^^^^^^^^^^^^^^^^^^
  3 | import SrcC3 from "./src-c-3";
  4 | import SrcC4 from "./src-c-4";
  5 | import Globe from "./globe";

https://nextjs.org/docs/messages/module-not-found @ http://localhost:4200/_next/static/chunks/0aus_next_dist_00tg.dm._.js:1945
[  948939ms] [ERROR] ./app/bento-5/page.tsx:3:1
Module not found: Can't resolve './src-c-3'
  1 | import SrcC1 from "./src-c-1";
  2 | import SrcC2 from "./src-c-2";
> 3 | import SrcC3 from "./src-c-3";
    | ^^^^^^^^^^^^^^^^^^^^^^^^^^^^^^
  4 | import SrcC4 from "./src-c-4";
  5 | import Globe from "./globe";
  6 | import CardGlow from "./card-glow";

https://nextjs.org/docs/messages/module-not-found @ http://localhost:4200/_next/static/chunks/0aus_next_dist_00tg.dm._.js:1945
[  948939ms] [ERROR] ./app/bento-5/page.tsx:4:1
Module not found: Can't resolve './src-c-4'
  2 | import SrcC2 from "./src-c-2";
  3 | import SrcC3 from "./src-c-3";
> 4 | import SrcC4 from "./src-c-4";
    | ^^^^^^^^^^^^^^^^^^^^^^^^^^^^^^
  5 | import Globe from "./globe";
  6 | import CardGlow from "./card-glow";
  7 | import Flat from "./flat";

https://nextjs.org/docs/messages/module-not-found @ http://localhost:4200/_next/static/chunks/0aus_next_dist_00tg.dm._.js:1945
[  949134ms] [ERROR] Failed to load resource: the server responded with a status of 500 (Internal Server Error) @ http://localhost:4200/bento-5:0
[  949225ms] [INFO] %cDownload the React DevTools for a better development experience: https://react.dev/link/react-devtools font-weight:bold @ http://localhost:4200/_next/static/chunks/0e-u_react-dom_0037m-m._.js:15305
[  949238ms] Error: ./app/bento-5/page.tsx:6:1
Module not found: Can't resolve './card-glow'
  4 | import SrcC4 from "./src-c-4";
  5 | import Globe from "./globe";
> 6 | import CardGlow from "./card-glow";
    | ^^^^^^^^^^^^^^^^^^^^^^^^^^^^^^^^^^^
  7 | import Flat from "./flat";
  8 | import Glow from "./glow";
  9 | import LoadIn, { LoadInGroup } from "./load-in";



https://nextjs.org/docs/messages/module-not-found


    at <unknown> (Error: ./app/bento-5/page.tsx:6:1)
    at <unknown> (https://nextjs.org/docs/messages/module-not-found)
    at Object.getCompilationErrors (file:///Users/godwinjanarthan/Documents/Projects/d2studio-ui/node_modules/.pnpm/next@16.2.4_@babel+core@7.28.4_react-dom@19.2.5_react@19.2.5__react@19.2.5/node_modules/next/dist/server/dev/hot-reloader-turbopack.js:1186:59)
    at DevBundlerService.getCompilationError (file:///Users/godwinjanarthan/Documents/Projects/d2studio-ui/node_modules/.pnpm/next@16.2.4_@babel+core@7.28.4_react-dom@19.2.5_react@19.2.5__react@19.2.5/node_modules/next/dist/server/lib/dev-bundler-service.js:44:55)
    at DevServer.getCompilationError (file:///Users/godwinjanarthan/Documents/Projects/d2studio-ui/node_modules/.pnpm/next@16.2.4_@babel+core@7.28.4_react-dom@19.2.5_react@19.2.5__react@19.2.5/node_modules/next/dist/server/dev/next-dev-server.js:719:42)
    at DevServer.findPageComponents (file:///Users/godwinjanarthan/Documents/Projects/d2studio-ui/node_modules/.pnpm/next@16.2.4_@babel+core@7.28.4_react-dom@19.2.5_react@19.2.5__react@19.2.5/node_modules/next/dist/server/dev/next-dev-server.js:689:43)
    at async DevServer.renderErrorToResponseImpl (file:///Users/godwinjanarthan/Documents/Projects/d2studio-ui/node_modules/.pnpm/next@16.2.4_@babel+core@7.28.4_react-dom@19.2.5_react@19.2.5__react@19.2.5/node_modules/next/dist/server/base-server.js:1745:26)
[  949249ms] [LOG] [HMR] connected @ http://localhost:4200/_next/static/chunks/0aus_next_dist_00tg.dm._.js:1226
[  949276ms] [ERROR] ./app/bento-5/page.tsx:6:1
Module not found: Can't resolve './card-glow'
  4 | import SrcC4 from "./src-c-4";
  5 | import Globe from "./globe";
> 6 | import CardGlow from "./card-glow";
    | ^^^^^^^^^^^^^^^^^^^^^^^^^^^^^^^^^^^
  7 | import Flat from "./flat";
  8 | import Glow from "./glow";
  9 | import LoadIn, { LoadInGroup } from "./load-in";

https://nextjs.org/docs/messages/module-not-found @ http://localhost:4200/_next/static/chunks/0aus_next_dist_00tg.dm._.js:1945
[  949277ms] [ERROR] ./app/bento-5/page.tsx:7:1
Module not found: Can't resolve './flat'
   5 | import Globe from "./globe";
   6 | import CardGlow from "./card-glow";
>  7 | import Flat from "./flat";
     | ^^^^^^^^^^^^^^^^^^^^^^^^^^
   8 | import Glow from "./glow";
   9 | import LoadIn, { LoadInGroup } from "./load-in";
  10 | import MetallicShimmer from "@/registry/default/components/metallic-shimmer";

https://nextjs.org/docs/messages/module-not-found @ http://localhost:4200/_next/static/chunks/0aus_next_dist_00tg.dm._.js:1945
[  949277ms] [ERROR] ./app/bento-5/page.tsx:5:1
Module not found: Can't resolve './globe'
  3 | import SrcC3 from "./src-c-3";
  4 | import SrcC4 from "./src-c-4";
> 5 | import Globe from "./globe";
    | ^^^^^^^^^^^^^^^^^^^^^^^^^^^^
  6 | import CardGlow from "./card-glow";
  7 | import Flat from "./flat";
  8 | import Glow from "./glow";

https://nextjs.org/docs/messages/module-not-found @ http://localhost:4200/_next/static/chunks/0aus_next_dist_00tg.dm._.js:1945
[  949277ms] [ERROR] ./app/bento-5/page.tsx:8:1
Module not found: Can't resolve './glow'
   6 | import CardGlow from "./card-glow";
   7 | import Flat from "./flat";
>  8 | import Glow from "./glow";
     | ^^^^^^^^^^^^^^^^^^^^^^^^^^
   9 | import LoadIn, { LoadInGroup } from "./load-in";
  10 | import MetallicShimmer from "@/registry/default/components/metallic-shimmer";
  11 | import { GLYPH_16, GLYPH_16_AT, GLYPH_AI } from "./glyphs";

https://nextjs.org/docs/messages/module-not-found @ http://localhost:4200/_next/static/chunks/0aus_next_dist_00tg.dm._.js:1945
[  949277ms] [ERROR] ./app/bento-5/page.tsx:11:1
Module not found: Can't resolve './glyphs'
   9 | import LoadIn, { LoadInGroup } from "./load-in";
  10 | import MetallicShimmer from "@/registry/default/components/metallic-shimmer";
> 11 | import { GLYPH_16, GLYPH_16_AT, GLYPH_AI } from "./glyphs";
     | ^^^^^^^^^^^^^^^^^^^^^^^^^^^^^^^^^^^^^^^^^^^^^^^^^^^^^^^^^^^
  12 |
  13 | // The cards are the Figma exports as-is: each SVG already paints its own glass
  14 | // fill and 16px gradient border, so a cell is just a clip + a covering SVG.

https://nextjs.org/docs/messages/module-not-found @ http://localhost:4200/_next/static/chunks/0aus_next_dist_00tg.dm._.js:1945
[  949277ms] [ERROR] ./app/bento-5/page.tsx:9:1
Module not found: Can't resolve './load-in'
   7 | import Flat from "./flat";
   8 | import Glow from "./glow";
>  9 | import LoadIn, { LoadInGroup } from "./load-in";
     | ^^^^^^^^^^^^^^^^^^^^^^^^^^^^^^^^^^^^^^^^^^^^^^^^
  10 | import MetallicShimmer from "@/registry/default/components/metallic-shimmer";
  11 | import { GLYPH_16, GLYPH_16_AT, GLYPH_AI } from "./glyphs";
  12 |

https://nextjs.org/docs/messages/module-not-found @ http://localhost:4200/_next/static/chunks/0aus_next_dist_00tg.dm._.js:1945
[  949277ms] [ERROR] ./app/bento-5/page.tsx:1:1
Module not found: Can't resolve './src-c-1'
> 1 | import SrcC1 from "./src-c-1";
    | ^^^^^^^^^^^^^^^^^^^^^^^^^^^^^^
  2 | import SrcC2 from "./src-c-2";
  3 | import SrcC3 from "./src-c-3";
  4 | import SrcC4 from "./src-c-4";

https://nextjs.org/docs/messages/module-not-found @ http://localhost:4200/_next/static/chunks/0aus_next_dist_00tg.dm._.js:1945
[  949277ms] [ERROR] ./app/bento-5/page.tsx:2:1
Module not found: Can't resolve './src-c-2'
  1 | import SrcC1 from "./src-c-1";
> 2 | import SrcC2 from "./src-c-2";
    | ^^^^^^^^^^^^^^^^^^^^^^^^^^^^^^
  3 | import SrcC3 from "./src-c-3";
  4 | import SrcC4 from "./src-c-4";
  5 | import Globe from "./globe";

https://nextjs.org/docs/messages/module-not-found @ http://localhost:4200/_next/static/chunks/0aus_next_dist_00tg.dm._.js:1945
[  949277ms] [ERROR] ./app/bento-5/page.tsx:3:1
Module not found: Can't resolve './src-c-3'
  1 | import SrcC1 from "./src-c-1";
  2 | import SrcC2 from "./src-c-2";
> 3 | import SrcC3 from "./src-c-3";
    | ^^^^^^^^^^^^^^^^^^^^^^^^^^^^^^
  4 | import SrcC4 from "./src-c-4";
  5 | import Globe from "./globe";
  6 | import CardGlow from "./card-glow";

https://nextjs.org/docs/messages/module-not-found @ http://localhost:4200/_next/static/chunks/0aus_next_dist_00tg.dm._.js:1945
[  949277ms] [ERROR] ./app/bento-5/page.tsx:4:1
Module not found: Can't resolve './src-c-4'
  2 | import SrcC2 from "./src-c-2";
  3 | import SrcC3 from "./src-c-3";
> 4 | import SrcC4 from "./src-c-4";
    | ^^^^^^^^^^^^^^^^^^^^^^^^^^^^^^
  5 | import Globe from "./globe";
  6 | import CardGlow from "./card-glow";
  7 | import Flat from "./flat";

https://nextjs.org/docs/messages/module-not-found @ http://localhost:4200/_next/static/chunks/0aus_next_dist_00tg.dm._.js:1945
[  949301ms] [ERROR] ./app/bento-5/page.tsx:6:1
Module not found: Can't resolve './card-glow'
  4 | import SrcC4 from "./src-c-4";
  5 | import Globe from "./globe";
> 6 | import CardGlow from "./card-glow";
    | ^^^^^^^^^^^^^^^^^^^^^^^^^^^^^^^^^^^
  7 | import Flat from "./flat";
  8 | import Glow from "./glow";
  9 | import LoadIn, { LoadInGroup } from "./load-in";

https://nextjs.org/docs/messages/module-not-found @ http://localhost:4200/_next/static/chunks/0aus_next_dist_00tg.dm._.js:1945
[  949301ms] [ERROR] ./app/bento-5/page.tsx:7:1
Module not found: Can't resolve './flat'
   5 | import Globe from "./globe";
   6 | import CardGlow from "./card-glow";
>  7 | import Flat from "./flat";
     | ^^^^^^^^^^^^^^^^^^^^^^^^^^
   8 | import Glow from "./glow";
   9 | import LoadIn, { LoadInGroup } from "./load-in";
  10 | import MetallicShimmer from "@/registry/default/components/metallic-shimmer";

https://nextjs.org/docs/messages/module-not-found @ http://localhost:4200/_next/static/chunks/0aus_next_dist_00tg.dm._.js:1945
[  949301ms] [ERROR] ./app/bento-5/page.tsx:5:1
Module not found: Can't resolve './globe'
  3 | import SrcC3 from "./src-c-3";
  4 | import SrcC4 from "./src-c-4";
> 5 | import Globe from "./globe";
    | ^^^^^^^^^^^^^^^^^^^^^^^^^^^^
  6 | import CardGlow from "./card-glow";
  7 | import Flat from "./flat";
  8 | import Glow from "./glow";

https://nextjs.org/docs/messages/module-not-found @ http://localhost:4200/_next/static/chunks/0aus_next_dist_00tg.dm._.js:1945
[  949301ms] [ERROR] ./app/bento-5/page.tsx:8:1
Module not found: Can't resolve './glow'
   6 | import CardGlow from "./card-glow";
   7 | import Flat from "./flat";
>  8 | import Glow from "./glow";
     | ^^^^^^^^^^^^^^^^^^^^^^^^^^
   9 | import LoadIn, { LoadInGroup } from "./load-in";
  10 | import MetallicShimmer from "@/registry/default/components/metallic-shimmer";
  11 | import { GLYPH_16, GLYPH_16_AT, GLYPH_AI } from "./glyphs";

https://nextjs.org/docs/messages/module-not-found @ http://localhost:4200/_next/static/chunks/0aus_next_dist_00tg.dm._.js:1945
[  949301ms] [ERROR] ./app/bento-5/page.tsx:11:1
Module not found: Can't resolve './glyphs'
   9 | import LoadIn, { LoadInGroup } from "./load-in";
  10 | import MetallicShimmer from "@/registry/default/components/metallic-shimmer";
> 11 | import { GLYPH_16, GLYPH_16_AT, GLYPH_AI } from "./glyphs";
     | ^^^^^^^^^^^^^^^^^^^^^^^^^^^^^^^^^^^^^^^^^^^^^^^^^^^^^^^^^^^
  12 |
  13 | // The cards are the Figma exports as-is: each SVG already paints its own glass
  14 | // fill and 16px gradient border, so a cell is just a clip + a covering SVG.

https://nextjs.org/docs/messages/module-not-found @ http://localhost:4200/_next/static/chunks/0aus_next_dist_00tg.dm._.js:1945
[  949301ms] [ERROR] ./app/bento-5/page.tsx:9:1
Module not found: Can't resolve './load-in'
   7 | import Flat from "./flat";
   8 | import Glow from "./glow";
>  9 | import LoadIn, { LoadInGroup } from "./load-in";
     | ^^^^^^^^^^^^^^^^^^^^^^^^^^^^^^^^^^^^^^^^^^^^^^^^
  10 | import MetallicShimmer from "@/registry/default/components/metallic-shimmer";
  11 | import { GLYPH_16, GLYPH_16_AT, GLYPH_AI } from "./glyphs";
  12 |

https://nextjs.org/docs/messages/module-not-found @ http://localhost:4200/_next/static/chunks/0aus_next_dist_00tg.dm._.js:1945
[  949301ms] [ERROR] ./app/bento-5/page.tsx:1:1
Module not found: Can't resolve './src-c-1'
> 1 | import SrcC1 from "./src-c-1";
    | ^^^^^^^^^^^^^^^^^^^^^^^^^^^^^^
  2 | import SrcC2 from "./src-c-2";
  3 | import SrcC3 from "./src-c-3";
  4 | import SrcC4 from "./src-c-4";

https://nextjs.org/docs/messages/module-not-found @ http://localhost:4200/_next/static/chunks/0aus_next_dist_00tg.dm._.js:1945
[  949301ms] [ERROR] ./app/bento-5/page.tsx:2:1
Module not found: Can't resolve './src-c-2'
  1 | import SrcC1 from "./src-c-1";
> 2 | import SrcC2 from "./src-c-2";
    | ^^^^^^^^^^^^^^^^^^^^^^^^^^^^^^
  3 | import SrcC3 from "./src-c-3";
  4 | import SrcC4 from "./src-c-4";
  5 | import Globe from "./globe";

https://nextjs.org/docs/messages/module-not-found @ http://localhost:4200/_next/static/chunks/0aus_next_dist_00tg.dm._.js:1945
[  949301ms] [ERROR] ./app/bento-5/page.tsx:3:1
Module not found: Can't resolve './src-c-3'
  1 | import SrcC1 from "./src-c-1";
  2 | import SrcC2 from "./src-c-2";
> 3 | import SrcC3 from "./src-c-3";
    | ^^^^^^^^^^^^^^^^^^^^^^^^^^^^^^
  4 | import SrcC4 from "./src-c-4";
  5 | import Globe from "./globe";
  6 | import CardGlow from "./card-glow";

https://nextjs.org/docs/messages/module-not-found @ http://localhost:4200/_next/static/chunks/0aus_next_dist_00tg.dm._.js:1945
[  949302ms] [ERROR] ./app/bento-5/page.tsx:4:1
Module not found: Can't resolve './src-c-4'
  2 | import SrcC2 from "./src-c-2";
  3 | import SrcC3 from "./src-c-3";
> 4 | import SrcC4 from "./src-c-4";
    | ^^^^^^^^^^^^^^^^^^^^^^^^^^^^^^
  5 | import Globe from "./globe";
  6 | import CardGlow from "./card-glow";
  7 | import Flat from "./flat";

https://nextjs.org/docs/messages/module-not-found @ http://localhost:4200/_next/static/chunks/0aus_next_dist_00tg.dm._.js:1945
[  949392ms] [ERROR] ./app/bento-5/page.tsx:6:1
Module not found: Can't resolve './card-glow'
  4 | import SrcC4 from "./src-c-4";
  5 | import Globe from "./globe";
> 6 | import CardGlow from "./card-glow";
    | ^^^^^^^^^^^^^^^^^^^^^^^^^^^^^^^^^^^
  7 | import Flat from "./flat";
  8 | import Glow from "./glow";
  9 | import LoadIn, { LoadInGroup } from "./load-in";

https://nextjs.org/docs/messages/module-not-found @ http://localhost:4200/_next/static/chunks/0aus_next_dist_00tg.dm._.js:1945
[  949392ms] [ERROR] ./app/bento-5/page.tsx:7:1
Module not found: Can't resolve './flat'
   5 | import Globe from "./globe";
   6 | import CardGlow from "./card-glow";
>  7 | import Flat from "./flat";
     | ^^^^^^^^^^^^^^^^^^^^^^^^^^
   8 | import Glow from "./glow";
   9 | import LoadIn, { LoadInGroup } from "./load-in";
  10 | import MetallicShimmer from "@/registry/default/components/metallic-shimmer";

https://nextjs.org/docs/messages/module-not-found @ http://localhost:4200/_next/static/chunks/0aus_next_dist_00tg.dm._.js:1945
[  949392ms] [ERROR] ./app/bento-5/page.tsx:5:1
Module not found: Can't resolve './globe'
  3 | import SrcC3 from "./src-c-3";
  4 | import SrcC4 from "./src-c-4";
> 5 | import Globe from "./globe";
    | ^^^^^^^^^^^^^^^^^^^^^^^^^^^^
  6 | import CardGlow from "./card-glow";
  7 | import Flat from "./flat";
  8 | import Glow from "./glow";

https://nextjs.org/docs/messages/module-not-found @ http://localhost:4200/_next/static/chunks/0aus_next_dist_00tg.dm._.js:1945
[  949392ms] [ERROR] ./app/bento-5/page.tsx:8:1
Module not found: Can't resolve './glow'
   6 | import CardGlow from "./card-glow";
   7 | import Flat from "./flat";
>  8 | import Glow from "./glow";
     | ^^^^^^^^^^^^^^^^^^^^^^^^^^
   9 | import LoadIn, { LoadInGroup } from "./load-in";
  10 | import MetallicShimmer from "@/registry/default/components/metallic-shimmer";
  11 | import { GLYPH_16, GLYPH_16_AT, GLYPH_AI } from "./glyphs";

https://nextjs.org/docs/messages/module-not-found @ http://localhost:4200/_next/static/chunks/0aus_next_dist_00tg.dm._.js:1945
[  949392ms] [ERROR] ./app/bento-5/page.tsx:11:1
Module not found: Can't resolve './glyphs'
   9 | import LoadIn, { LoadInGroup } from "./load-in";
  10 | import MetallicShimmer from "@/registry/default/components/metallic-shimmer";
> 11 | import { GLYPH_16, GLYPH_16_AT, GLYPH_AI } from "./glyphs";
     | ^^^^^^^^^^^^^^^^^^^^^^^^^^^^^^^^^^^^^^^^^^^^^^^^^^^^^^^^^^^
  12 |
  13 | // The cards are the Figma exports as-is: each SVG already paints its own glass
  14 | // fill and 16px gradient border, so a cell is just a clip + a covering SVG.

https://nextjs.org/docs/messages/module-not-found @ http://localhost:4200/_next/static/chunks/0aus_next_dist_00tg.dm._.js:1945
[  949392ms] [ERROR] ./app/bento-5/page.tsx:9:1
Module not found: Can't resolve './load-in'
   7 | import Flat from "./flat";
   8 | import Glow from "./glow";
>  9 | import LoadIn, { LoadInGroup } from "./load-in";
     | ^^^^^^^^^^^^^^^^^^^^^^^^^^^^^^^^^^^^^^^^^^^^^^^^
  10 | import MetallicShimmer from "@/registry/default/components/metallic-shimmer";
  11 | import { GLYPH_16, GLYPH_16_AT, GLYPH_AI } from "./glyphs";
  12 |

https://nextjs.org/docs/messages/module-not-found @ http://localhost:4200/_next/static/chunks/0aus_next_dist_00tg.dm._.js:1945
[  949392ms] [ERROR] ./app/bento-5/page.tsx:1:1
Module not found: Can't resolve './src-c-1'
> 1 | import SrcC1 from "./src-c-1";
    | ^^^^^^^^^^^^^^^^^^^^^^^^^^^^^^
  2 | import SrcC2 from "./src-c-2";
  3 | import SrcC3 from "./src-c-3";
  4 | import SrcC4 from "./src-c-4";

https://nextjs.org/docs/messages/module-not-found @ http://localhost:4200/_next/static/chunks/0aus_next_dist_00tg.dm._.js:1945
[  949392ms] [ERROR] ./app/bento-5/page.tsx:2:1
Module not found: Can't resolve './src-c-2'
  1 | import SrcC1 from "./src-c-1";
> 2 | import SrcC2 from "./src-c-2";
    | ^^^^^^^^^^^^^^^^^^^^^^^^^^^^^^
  3 | import SrcC3 from "./src-c-3";
  4 | import SrcC4 from "./src-c-4";
  5 | import Globe from "./globe";

https://nextjs.org/docs/messages/module-not-found @ http://localhost:4200/_next/static/chunks/0aus_next_dist_00tg.dm._.js:1945
[  949392ms] [ERROR] ./app/bento-5/page.tsx:3:1
Module not found: Can't resolve './src-c-3'
  1 | import SrcC1 from "./src-c-1";
  2 | import SrcC2 from "./src-c-2";
> 3 | import SrcC3 from "./src-c-3";
    | ^^^^^^^^^^^^^^^^^^^^^^^^^^^^^^
  4 | import SrcC4 from "./src-c-4";
  5 | import Globe from "./globe";
  6 | import CardGlow from "./card-glow";

https://nextjs.org/docs/messages/module-not-found @ http://localhost:4200/_next/static/chunks/0aus_next_dist_00tg.dm._.js:1945
[  949392ms] [ERROR] ./app/bento-5/page.tsx:4:1
Module not found: Can't resolve './src-c-4'
  2 | import SrcC2 from "./src-c-2";
  3 | import SrcC3 from "./src-c-3";
> 4 | import SrcC4 from "./src-c-4";
    | ^^^^^^^^^^^^^^^^^^^^^^^^^^^^^^
  5 | import Globe from "./globe";
  6 | import CardGlow from "./card-glow";
  7 | import Flat from "./flat";

https://nextjs.org/docs/messages/module-not-found @ http://localhost:4200/_next/static/chunks/0aus_next_dist_00tg.dm._.js:1945
[  949425ms] [LOG] [Fast Refresh] rebuilding @ http://localhost:4200/_next/static/chunks/0aus_next_dist_00tg.dm._.js:1226
[  954530ms] [LOG] [Fast Refresh] rebuilding @ http://localhost:4200/_next/static/chunks/0aus_next_dist_00tg.dm._.js:1226
[  955611ms] [ERROR] ./registry/default/components/bento-05.tsx:11:1
Module not found: Can't resolve './bento-05/bento-05.css'
   9 | import LoadIn, { LoadInGroup } from "./bento-05/load-in";
  10 | import { GLYPH_16, GLYPH_16_AT, GLYPH_AI } from "./bento-05/glyphs";
> 11 | import "./bento-05/bento-05.css";
     | ^^^^^^^^^^^^^^^^^^^^^^^^^^^^^^^^^
  12 |
  13 | // The cards are the Figma exports as-is: each SVG already paints its own glass
  14 | // fill and 16px gradient border, so a cell is just a clip + a covering SVG.

Import trace:
  Server Component:
    ./registry/default/components/bento-05.tsx
    ./app/bento-5/page.tsx

https://nextjs.org/docs/messages/module-not-found @ http://localhost:4200/_next/static/chunks/0aus_next_dist_00tg.dm._.js:1945
[  955612ms] [ERROR] ./registry/default/components/bento-05/glow-art.tsx:12:1
Module not found: Can't resolve './src-c-1'
  10 | // the phone never asks for.
  11 |
> 12 | import SrcC1 from "./src-c-1";
     | ^^^^^^^^^^^^^^^^^^^^^^^^^^^^^^
  13 | import SrcC2 from "./src-c-2";
  14 | import SrcC3 from "./src-c-3";
  15 | import SrcC4 from "./src-c-4";

Import trace:
  Client Component Browser:
    ./registry/default/components/bento-05/glow-art.tsx [Client Component Browser]
    ./registry/default/components/bento-05/glow.tsx [Client Component Browser]
    ./registry/default/components/bento-05/glow.tsx [Server Component]
    ./registry/default/components/bento-05.tsx [Server Component]
    ./app/bento-5/page.tsx [Server Component]

https://nextjs.org/docs/messages/module-not-found @ http://localhost:4200/_next/static/chunks/0aus_next_dist_00tg.dm._.js:1945
[  955612ms] [ERROR] ./registry/default/components/bento-05/glow-art.tsx:13:1
Module not found: Can't resolve './src-c-2'
  11 |
  12 | import SrcC1 from "./src-c-1";
> 13 | import SrcC2 from "./src-c-2";
     | ^^^^^^^^^^^^^^^^^^^^^^^^^^^^^^
  14 | import SrcC3 from "./src-c-3";
  15 | import SrcC4 from "./src-c-4";
  16 |

Import trace:
  Client Component Browser:
    ./registry/default/components/bento-05/glow-art.tsx [Client Component Browser]
    ./registry/default/components/bento-05/glow.tsx [Client Component Browser]
    ./registry/default/components/bento-05/glow.tsx [Server Component]
    ./registry/default/components/bento-05.tsx [Server Component]
    ./app/bento-5/page.tsx [Server Component]

https://nextjs.org/docs/messages/module-not-found @ http://localhost:4200/_next/static/chunks/0aus_next_dist_00tg.dm._.js:1945
[  955612ms] [ERROR] ./registry/default/components/bento-05/glow-art.tsx:14:1
Module not found: Can't resolve './src-c-3'
  12 | import SrcC1 from "./src-c-1";
  13 | import SrcC2 from "./src-c-2";
> 14 | import SrcC3 from "./src-c-3";
     | ^^^^^^^^^^^^^^^^^^^^^^^^^^^^^^
  15 | import SrcC4 from "./src-c-4";
  16 |
  17 | const ART = { 1: SrcC1, 2: SrcC2, 3: SrcC3, 4: SrcC4 };

Import trace:
  Client Component Browser:
    ./registry/default/components/bento-05/glow-art.tsx [Client Component Browser]
    ./registry/default/components/bento-05/glow.tsx [Client Component Browser]
    ./registry/default/components/bento-05/glow.tsx [Server Component]
    ./registry/default/components/bento-05.tsx [Server Component]
    ./app/bento-5/page.tsx [Server Component]

https://nextjs.org/docs/messages/module-not-found @ http://localhost:4200/_next/static/chunks/0aus_next_dist_00tg.dm._.js:1945
[  955612ms] [ERROR] ./registry/default/components/bento-05/glow-art.tsx:15:1
Module not found: Can't resolve './src-c-4'
  13 | import SrcC2 from "./src-c-2";
  14 | import SrcC3 from "./src-c-3";
> 15 | import SrcC4 from "./src-c-4";
     | ^^^^^^^^^^^^^^^^^^^^^^^^^^^^^^
  16 |
  17 | const ART = { 1: SrcC1, 2: SrcC2, 3: SrcC3, 4: SrcC4 };
  18 |

Import trace:
  Client Component Browser:
    ./registry/default/components/bento-05/glow-art.tsx [Client Component Browser]
    ./registry/default/components/bento-05/glow.tsx [Client Component Browser]
    ./registry/default/components/bento-05/glow.tsx [Server Component]
    ./registry/default/components/bento-05.tsx [Server Component]
    ./app/bento-5/page.tsx [Server Component]

https://nextjs.org/docs/messages/module-not-found @ http://localhost:4200/_next/static/chunks/0aus_next_dist_00tg.dm._.js:1945
[  955910ms] [ERROR] Failed to load resource: the server responded with a status of 500 (Internal Server Error) @ http://localhost:4200/bento-5:0
[  956168ms] [INFO] %cDownload the React DevTools for a better development experience: https://react.dev/link/react-devtools font-weight:bold @ http://localhost:4200/_next/static/chunks/0e-u_react-dom_0037m-m._.js:15305
[  956174ms] Error: ./registry/default/components/bento-05.tsx:11:1
Module not found: Can't resolve './bento-05/bento-05.css'
   9 | import LoadIn, { LoadInGroup } from "./bento-05/load-in";
  10 | import { GLYPH_16, GLYPH_16_AT, GLYPH_AI } from "./bento-05/glyphs";
> 11 | import "./bento-05/bento-05.css";
     | ^^^^^^^^^^^^^^^^^^^^^^^^^^^^^^^^^
  12 |
  13 | // The cards are the Figma exports as-is: each SVG already paints its own glass
  14 | // fill and 16px gradient border, so a cell is just a clip + a covering SVG.



Import trace:
  Server Component:
    ./registry/default/components/bento-05.tsx
    ./app/bento-5/page.tsx

https://nextjs.org/docs/messages/module-not-found


    at <unknown> (Error: ./registry/default/components/bento-05.tsx:11:1)
    at <unknown> (https://nextjs.org/docs/messages/module-not-found)
    at Object.getCompilationErrors (file:///Users/godwinjanarthan/Documents/Projects/d2studio-ui/node_modules/.pnpm/next@16.2.4_@babel+core@7.28.4_react-dom@19.2.5_react@19.2.5__react@19.2.5/node_modules/next/dist/server/dev/hot-reloader-turbopack.js:1186:59)
    at DevBundlerService.getCompilationError (file:///Users/godwinjanarthan/Documents/Projects/d2studio-ui/node_modules/.pnpm/next@16.2.4_@babel+core@7.28.4_react-dom@19.2.5_react@19.2.5__react@19.2.5/node_modules/next/dist/server/lib/dev-bundler-service.js:44:55)
    at DevServer.getCompilationError (file:///Users/godwinjanarthan/Documents/Projects/d2studio-ui/node_modules/.pnpm/next@16.2.4_@babel+core@7.28.4_react-dom@19.2.5_react@19.2.5__react@19.2.5/node_modules/next/dist/server/dev/next-dev-server.js:719:42)
    at DevServer.findPageComponents (file:///Users/godwinjanarthan/Documents/Projects/d2studio-ui/node_modules/.pnpm/next@16.2.4_@babel+core@7.28.4_react-dom@19.2.5_react@19.2.5__react@19.2.5/node_modules/next/dist/server/dev/next-dev-server.js:689:43)
    at async DevServer.renderErrorToResponseImpl (file:///Users/godwinjanarthan/Documents/Projects/d2studio-ui/node_modules/.pnpm/next@16.2.4_@babel+core@7.28.4_react-dom@19.2.5_react@19.2.5__react@19.2.5/node_modules/next/dist/server/base-server.js:1745:26)
[  956223ms] [LOG] [HMR] connected @ http://localhost:4200/_next/static/chunks/0aus_next_dist_00tg.dm._.js:1226
[  956245ms] [ERROR] ./registry/default/components/bento-05.tsx:11:1
Module not found: Can't resolve './bento-05/bento-05.css'
   9 | import LoadIn, { LoadInGroup } from "./bento-05/load-in";
  10 | import { GLYPH_16, GLYPH_16_AT, GLYPH_AI } from "./bento-05/glyphs";
> 11 | import "./bento-05/bento-05.css";
     | ^^^^^^^^^^^^^^^^^^^^^^^^^^^^^^^^^
  12 |
  13 | // The cards are the Figma exports as-is: each SVG already paints its own glass
  14 | // fill and 16px gradient border, so a cell is just a clip + a covering SVG.

Import trace:
  Server Component:
    ./registry/default/components/bento-05.tsx
    ./app/bento-5/page.tsx

https://nextjs.org/docs/messages/module-not-found @ http://localhost:4200/_next/static/chunks/0aus_next_dist_00tg.dm._.js:1945
[  956245ms] [ERROR] ./registry/default/components/bento-05/glow-art.tsx:12:1
Module not found: Can't resolve './src-c-1'
  10 | // the phone never asks for.
  11 |
> 12 | import SrcC1 from "./src-c-1";
     | ^^^^^^^^^^^^^^^^^^^^^^^^^^^^^^
  13 | import SrcC2 from "./src-c-2";
  14 | import SrcC3 from "./src-c-3";
  15 | import SrcC4 from "./src-c-4";

Import trace:
  Client Component Browser:
    ./registry/default/components/bento-05/glow-art.tsx [Client Component Browser]
    ./registry/default/components/bento-05/glow.tsx [Client Component Browser]
    ./registry/default/components/bento-05/glow.tsx [Server Component]
    ./registry/default/components/bento-05.tsx [Server Component]
    ./app/bento-5/page.tsx [Server Component]

https://nextjs.org/docs/messages/module-not-found @ http://localhost:4200/_next/static/chunks/0aus_next_dist_00tg.dm._.js:1945
[  956245ms] [ERROR] ./registry/default/components/bento-05/glow-art.tsx:13:1
Module not found: Can't resolve './src-c-2'
  11 |
  12 | import SrcC1 from "./src-c-1";
> 13 | import SrcC2 from "./src-c-2";
     | ^^^^^^^^^^^^^^^^^^^^^^^^^^^^^^
  14 | import SrcC3 from "./src-c-3";
  15 | import SrcC4 from "./src-c-4";
  16 |

Import trace:
  Client Component Browser:
    ./registry/default/components/bento-05/glow-art.tsx [Client Component Browser]
    ./registry/default/components/bento-05/glow.tsx [Client Component Browser]
    ./registry/default/components/bento-05/glow.tsx [Server Component]
    ./registry/default/components/bento-05.tsx [Server Component]
    ./app/bento-5/page.tsx [Server Component]

https://nextjs.org/docs/messages/module-not-found @ http://localhost:4200/_next/static/chunks/0aus_next_dist_00tg.dm._.js:1945
[  956245ms] [ERROR] ./registry/default/components/bento-05/glow-art.tsx:14:1
Module not found: Can't resolve './src-c-3'
  12 | import SrcC1 from "./src-c-1";
  13 | import SrcC2 from "./src-c-2";
> 14 | import SrcC3 from "./src-c-3";
     | ^^^^^^^^^^^^^^^^^^^^^^^^^^^^^^
  15 | import SrcC4 from "./src-c-4";
  16 |
  17 | const ART = { 1: SrcC1, 2: SrcC2, 3: SrcC3, 4: SrcC4 };

Import trace:
  Client Component Browser:
    ./registry/default/components/bento-05/glow-art.tsx [Client Component Browser]
    ./registry/default/components/bento-05/glow.tsx [Client Component Browser]
    ./registry/default/components/bento-05/glow.tsx [Server Component]
    ./registry/default/components/bento-05.tsx [Server Component]
    ./app/bento-5/page.tsx [Server Component]

https://nextjs.org/docs/messages/module-not-found @ http://localhost:4200/_next/static/chunks/0aus_next_dist_00tg.dm._.js:1945
[  956245ms] [ERROR] ./registry/default/components/bento-05/glow-art.tsx:15:1
Module not found: Can't resolve './src-c-4'
  13 | import SrcC2 from "./src-c-2";
  14 | import SrcC3 from "./src-c-3";
> 15 | import SrcC4 from "./src-c-4";
     | ^^^^^^^^^^^^^^^^^^^^^^^^^^^^^^
  16 |
  17 | const ART = { 1: SrcC1, 2: SrcC2, 3: SrcC3, 4: SrcC4 };
  18 |

Import trace:
  Client Component Browser:
    ./registry/default/components/bento-05/glow-art.tsx [Client Component Browser]
    ./registry/default/components/bento-05/glow.tsx [Client Component Browser]
    ./registry/default/components/bento-05/glow.tsx [Server Component]
    ./registry/default/components/bento-05.tsx [Server Component]
    ./app/bento-5/page.tsx [Server Component]

https://nextjs.org/docs/messages/module-not-found @ http://localhost:4200/_next/static/chunks/0aus_next_dist_00tg.dm._.js:1945
[  956298ms] [ERROR] ./registry/default/components/bento-05.tsx:11:1
Module not found: Can't resolve './bento-05/bento-05.css'
   9 | import LoadIn, { LoadInGroup } from "./bento-05/load-in";
  10 | import { GLYPH_16, GLYPH_16_AT, GLYPH_AI } from "./bento-05/glyphs";
> 11 | import "./bento-05/bento-05.css";
     | ^^^^^^^^^^^^^^^^^^^^^^^^^^^^^^^^^
  12 |
  13 | // The cards are the Figma exports as-is: each SVG already paints its own glass
  14 | // fill and 16px gradient border, so a cell is just a clip + a covering SVG.

Import trace:
  Server Component:
    ./registry/default/components/bento-05.tsx
    ./app/bento-5/page.tsx

https://nextjs.org/docs/messages/module-not-found @ http://localhost:4200/_next/static/chunks/0aus_next_dist_00tg.dm._.js:1945
[  956299ms] [ERROR] ./registry/default/components/bento-05/glow-art.tsx:12:1
Module not found: Can't resolve './src-c-1'
  10 | // the phone never asks for.
  11 |
> 12 | import SrcC1 from "./src-c-1";
     | ^^^^^^^^^^^^^^^^^^^^^^^^^^^^^^
  13 | import SrcC2 from "./src-c-2";
  14 | import SrcC3 from "./src-c-3";
  15 | import SrcC4 from "./src-c-4";

Import trace:
  Client Component Browser:
    ./registry/default/components/bento-05/glow-art.tsx [Client Component Browser]
    ./registry/default/components/bento-05/glow.tsx [Client Component Browser]
    ./registry/default/components/bento-05/glow.tsx [Server Component]
    ./registry/default/components/bento-05.tsx [Server Component]
    ./app/bento-5/page.tsx [Server Component]

https://nextjs.org/docs/messages/module-not-found @ http://localhost:4200/_next/static/chunks/0aus_next_dist_00tg.dm._.js:1945
[  956299ms] [ERROR] ./registry/default/components/bento-05/glow-art.tsx:13:1
Module not found: Can't resolve './src-c-2'
  11 |
  12 | import SrcC1 from "./src-c-1";
> 13 | import SrcC2 from "./src-c-2";
     | ^^^^^^^^^^^^^^^^^^^^^^^^^^^^^^
  14 | import SrcC3 from "./src-c-3";
  15 | import SrcC4 from "./src-c-4";
  16 |

Import trace:
  Client Component Browser:
    ./registry/default/components/bento-05/glow-art.tsx [Client Component Browser]
    ./registry/default/components/bento-05/glow.tsx [Client Component Browser]
    ./registry/default/components/bento-05/glow.tsx [Server Component]
    ./registry/default/components/bento-05.tsx [Server Component]
    ./app/bento-5/page.tsx [Server Component]

https://nextjs.org/docs/messages/module-not-found @ http://localhost:4200/_next/static/chunks/0aus_next_dist_00tg.dm._.js:1945
[  956299ms] [ERROR] ./registry/default/components/bento-05/glow-art.tsx:14:1
Module not found: Can't resolve './src-c-3'
  12 | import SrcC1 from "./src-c-1";
  13 | import SrcC2 from "./src-c-2";
> 14 | import SrcC3 from "./src-c-3";
     | ^^^^^^^^^^^^^^^^^^^^^^^^^^^^^^
  15 | import SrcC4 from "./src-c-4";
  16 |
  17 | const ART = { 1: SrcC1, 2: SrcC2, 3: SrcC3, 4: SrcC4 };

Import trace:
  Client Component Browser:
    ./registry/default/components/bento-05/glow-art.tsx [Client Component Browser]
    ./registry/default/components/bento-05/glow.tsx [Client Component Browser]
    ./registry/default/components/bento-05/glow.tsx [Server Component]
    ./registry/default/components/bento-05.tsx [Server Component]
    ./app/bento-5/page.tsx [Server Component]

https://nextjs.org/docs/messages/module-not-found @ http://localhost:4200/_next/static/chunks/0aus_next_dist_00tg.dm._.js:1945
[  956299ms] [ERROR] ./registry/default/components/bento-05/glow-art.tsx:15:1
Module not found: Can't resolve './src-c-4'
  13 | import SrcC2 from "./src-c-2";
  14 | import SrcC3 from "./src-c-3";
> 15 | import SrcC4 from "./src-c-4";
     | ^^^^^^^^^^^^^^^^^^^^^^^^^^^^^^
  16 |
  17 | const ART = { 1: SrcC1, 2: SrcC2, 3: SrcC3, 4: SrcC4 };
  18 |

Import trace:
  Client Component Browser:
    ./registry/default/components/bento-05/glow-art.tsx [Client Component Browser]
    ./registry/default/components/bento-05/glow.tsx [Client Component Browser]
    ./registry/default/components/bento-05/glow.tsx [Server Component]
    ./registry/default/components/bento-05.tsx [Server Component]
    ./app/bento-5/page.tsx [Server Component]

https://nextjs.org/docs/messages/module-not-found @ http://localhost:4200/_next/static/chunks/0aus_next_dist_00tg.dm._.js:1945
[  956362ms] [ERROR] ./registry/default/components/bento-05.tsx:11:1
Module not found: Can't resolve './bento-05/bento-05.css'
   9 | import LoadIn, { LoadInGroup } from "./bento-05/load-in";
  10 | import { GLYPH_16, GLYPH_16_AT, GLYPH_AI } from "./bento-05/glyphs";
> 11 | import "./bento-05/bento-05.css";
     | ^^^^^^^^^^^^^^^^^^^^^^^^^^^^^^^^^
  12 |
  13 | // The cards are the Figma exports as-is: each SVG already paints its own glass
  14 | // fill and 16px gradient border, so a cell is just a clip + a covering SVG.

Import trace:
  Server Component:
    ./registry/default/components/bento-05.tsx
    ./app/bento-5/page.tsx

https://nextjs.org/docs/messages/module-not-found @ http://localhost:4200/_next/static/chunks/0aus_next_dist_00tg.dm._.js:1945
[  956362ms] [ERROR] ./registry/default/components/bento-05/glow-art.tsx:12:1
Module not found: Can't resolve './src-c-1'
  10 | // the phone never asks for.
  11 |
> 12 | import SrcC1 from "./src-c-1";
     | ^^^^^^^^^^^^^^^^^^^^^^^^^^^^^^
  13 | import SrcC2 from "./src-c-2";
  14 | import SrcC3 from "./src-c-3";
  15 | import SrcC4 from "./src-c-4";

Import trace:
  Client Component Browser:
    ./registry/default/components/bento-05/glow-art.tsx [Client Component Browser]
    ./registry/default/components/bento-05/glow.tsx [Client Component Browser]
    ./registry/default/components/bento-05/glow.tsx [Server Component]
    ./registry/default/components/bento-05.tsx [Server Component]
    ./app/bento-5/page.tsx [Server Component]

https://nextjs.org/docs/messages/module-not-found @ http://localhost:4200/_next/static/chunks/0aus_next_dist_00tg.dm._.js:1945
[  956362ms] [ERROR] ./registry/default/components/bento-05/glow-art.tsx:13:1
Module not found: Can't resolve './src-c-2'
  11 |
  12 | import SrcC1 from "./src-c-1";
> 13 | import SrcC2 from "./src-c-2";
     | ^^^^^^^^^^^^^^^^^^^^^^^^^^^^^^
  14 | import SrcC3 from "./src-c-3";
  15 | import SrcC4 from "./src-c-4";
  16 |

Import trace:
  Client Component Browser:
    ./registry/default/components/bento-05/glow-art.tsx [Client Component Browser]
    ./registry/default/components/bento-05/glow.tsx [Client Component Browser]
    ./registry/default/components/bento-05/glow.tsx [Server Component]
    ./registry/default/components/bento-05.tsx [Server Component]
    ./app/bento-5/page.tsx [Server Component]

https://nextjs.org/docs/messages/module-not-found @ http://localhost:4200/_next/static/chunks/0aus_next_dist_00tg.dm._.js:1945
[  956362ms] [ERROR] ./registry/default/components/bento-05/glow-art.tsx:14:1
Module not found: Can't resolve './src-c-3'
  12 | import SrcC1 from "./src-c-1";
  13 | import SrcC2 from "./src-c-2";
> 14 | import SrcC3 from "./src-c-3";
     | ^^^^^^^^^^^^^^^^^^^^^^^^^^^^^^
  15 | import SrcC4 from "./src-c-4";
  16 |
  17 | const ART = { 1: SrcC1, 2: SrcC2, 3: SrcC3, 4: SrcC4 };

Import trace:
  Client Component Browser:
    ./registry/default/components/bento-05/glow-art.tsx [Client Component Browser]
    ./registry/default/components/bento-05/glow.tsx [Client Component Browser]
    ./registry/default/components/bento-05/glow.tsx [Server Component]
    ./registry/default/components/bento-05.tsx [Server Component]
    ./app/bento-5/page.tsx [Server Component]

https://nextjs.org/docs/messages/module-not-found @ http://localhost:4200/_next/static/chunks/0aus_next_dist_00tg.dm._.js:1945
[  956362ms] [ERROR] ./registry/default/components/bento-05/glow-art.tsx:15:1
Module not found: Can't resolve './src-c-4'
  13 | import SrcC2 from "./src-c-2";
  14 | import SrcC3 from "./src-c-3";
> 15 | import SrcC4 from "./src-c-4";
     | ^^^^^^^^^^^^^^^^^^^^^^^^^^^^^^
  16 |
  17 | const ART = { 1: SrcC1, 2: SrcC2, 3: SrcC3, 4: SrcC4 };
  18 |

Import trace:
  Client Component Browser:
    ./registry/default/components/bento-05/glow-art.tsx [Client Component Browser]
    ./registry/default/components/bento-05/glow.tsx [Client Component Browser]
    ./registry/default/components/bento-05/glow.tsx [Server Component]
    ./registry/default/components/bento-05.tsx [Server Component]
    ./app/bento-5/page.tsx [Server Component]

https://nextjs.org/docs/messages/module-not-found @ http://localhost:4200/_next/static/chunks/0aus_next_dist_00tg.dm._.js:1945
[  956424ms] [LOG] [Fast Refresh] rebuilding @ http://localhost:4200/_next/static/chunks/0aus_next_dist_00tg.dm._.js:1226
[ 1370086ms] [LOG] [Fast Refresh] rebuilding @ http://localhost:4200/_next/static/chunks/0aus_next_dist_00tg.dm._.js:1226
[ 1371183ms] [ERROR] ./registry/default/components/bento-05.tsx:11:1
Module not found: Can't resolve './bento-05/bento-05.css'
   9 | import LoadIn, { LoadInGroup } from "./bento-05/load-in";
  10 | import { GLYPH_16, GLYPH_16_AT, GLYPH_AI } from "./bento-05/glyphs";
> 11 | import "./bento-05/bento-05.css";
     | ^^^^^^^^^^^^^^^^^^^^^^^^^^^^^^^^^
  12 |
  13 | // The cards are the Figma exports as-is: each SVG already paints its own glass
  14 | // fill and 16px gradient border, so a cell is just a clip + a covering SVG.

Import trace:
  Server Component:
    ./registry/default/components/bento-05.tsx
    ./app/bento-5/page.tsx

https://nextjs.org/docs/messages/module-not-found @ http://localhost:4200/_next/static/chunks/0aus_next_dist_00tg.dm._.js:1945
[ 1371324ms] [ERROR] Failed to load resource: the server responded with a status of 500 (Internal Server Error) @ http://localhost:4200/bento-5:0
[ 1371364ms] [INFO] %cDownload the React DevTools for a better development experience: https://react.dev/link/react-devtools font-weight:bold @ http://localhost:4200/_next/static/chunks/0e-u_react-dom_0037m-m._.js:15305
[ 1371375ms] Error: ./registry/default/components/bento-05.tsx:11:1
Module not found: Can't resolve './bento-05/bento-05.css'
   9 | import LoadIn, { LoadInGroup } from "./bento-05/load-in";
  10 | import { GLYPH_16, GLYPH_16_AT, GLYPH_AI } from "./bento-05/glyphs";
> 11 | import "./bento-05/bento-05.css";
     | ^^^^^^^^^^^^^^^^^^^^^^^^^^^^^^^^^
  12 |
  13 | // The cards are the Figma exports as-is: each SVG already paints its own glass
  14 | // fill and 16px gradient border, so a cell is just a clip + a covering SVG.



Import trace:
  Server Component:
    ./registry/default/components/bento-05.tsx
    ./app/bento-5/page.tsx

https://nextjs.org/docs/messages/module-not-found


    at <unknown> (Error: ./registry/default/components/bento-05.tsx:11:1)
    at <unknown> (https://nextjs.org/docs/messages/module-not-found)
    at Object.getCompilationErrors (file:///Users/godwinjanarthan/Documents/Projects/d2studio-ui/node_modules/.pnpm/next@16.2.4_@babel+core@7.28.4_react-dom@19.2.5_react@19.2.5__react@19.2.5/node_modules/next/dist/server/dev/hot-reloader-turbopack.js:1186:59)
    at DevBundlerService.getCompilationError (file:///Users/godwinjanarthan/Documents/Projects/d2studio-ui/node_modules/.pnpm/next@16.2.4_@babel+core@7.28.4_react-dom@19.2.5_react@19.2.5__react@19.2.5/node_modules/next/dist/server/lib/dev-bundler-service.js:44:55)
    at DevServer.getCompilationError (file:///Users/godwinjanarthan/Documents/Projects/d2studio-ui/node_modules/.pnpm/next@16.2.4_@babel+core@7.28.4_react-dom@19.2.5_react@19.2.5__react@19.2.5/node_modules/next/dist/server/dev/next-dev-server.js:719:42)
    at DevServer.findPageComponents (file:///Users/godwinjanarthan/Documents/Projects/d2studio-ui/node_modules/.pnpm/next@16.2.4_@babel+core@7.28.4_react-dom@19.2.5_react@19.2.5__react@19.2.5/node_modules/next/dist/server/dev/next-dev-server.js:689:43)
    at async DevServer.renderErrorToResponseImpl (file:///Users/godwinjanarthan/Documents/Projects/d2studio-ui/node_modules/.pnpm/next@16.2.4_@babel+core@7.28.4_react-dom@19.2.5_react@19.2.5__react@19.2.5/node_modules/next/dist/server/base-server.js:1745:26)
[ 1371390ms] [LOG] [HMR] connected @ http://localhost:4200/_next/static/chunks/0aus_next_dist_00tg.dm._.js:1226
[ 1371415ms] [ERROR] ./registry/default/components/bento-05.tsx:11:1
Module not found: Can't resolve './bento-05/bento-05.css'
   9 | import LoadIn, { LoadInGroup } from "./bento-05/load-in";
  10 | import { GLYPH_16, GLYPH_16_AT, GLYPH_AI } from "./bento-05/glyphs";
> 11 | import "./bento-05/bento-05.css";
     | ^^^^^^^^^^^^^^^^^^^^^^^^^^^^^^^^^
  12 |
  13 | // The cards are the Figma exports as-is: each SVG already paints its own glass
  14 | // fill and 16px gradient border, so a cell is just a clip + a covering SVG.

Import trace:
  Server Component:
    ./registry/default/components/bento-05.tsx
    ./app/bento-5/page.tsx

https://nextjs.org/docs/messages/module-not-found @ http://localhost:4200/_next/static/chunks/0aus_next_dist_00tg.dm._.js:1945
[ 1371502ms] [LOG] [Fast Refresh] rebuilding @ http://localhost:4200/_next/static/chunks/0aus_next_dist_00tg.dm._.js:1226
[ 1371504ms] [ERROR] ./registry/default/components/bento-05.tsx:11:1
Module not found: Can't resolve './bento-05/bento-05.css'
   9 | import LoadIn, { LoadInGroup } from "./bento-05/load-in";
  10 | import { GLYPH_16, GLYPH_16_AT, GLYPH_AI } from "./bento-05/glyphs";
> 11 | import "./bento-05/bento-05.css";
     | ^^^^^^^^^^^^^^^^^^^^^^^^^^^^^^^^^
  12 |
  13 | // The cards are the Figma exports as-is: each SVG already paints its own glass
  14 | // fill and 16px gradient border, so a cell is just a clip + a covering SVG.

Import trace:
  Server Component:
    ./registry/default/components/bento-05.tsx
    ./app/bento-5/page.tsx

https://nextjs.org/docs/messages/module-not-found @ http://localhost:4200/_next/static/chunks/0aus_next_dist_00tg.dm._.js:1945
[ 1371587ms] [ERROR] ./registry/default/components/bento-05.tsx:11:1
Module not found: Can't resolve './bento-05/bento-05.css'
   9 | import LoadIn, { LoadInGroup } from "./bento-05/load-in";
  10 | import { GLYPH_16, GLYPH_16_AT, GLYPH_AI } from "./bento-05/glyphs";
> 11 | import "./bento-05/bento-05.css";
     | ^^^^^^^^^^^^^^^^^^^^^^^^^^^^^^^^^
  12 |
  13 | // The cards are the Figma exports as-is: each SVG already paints its own glass
  14 | // fill and 16px gradient border, so a cell is just a clip + a covering SVG.

Import trace:
  Server Component:
    ./registry/default/components/bento-05.tsx
    ./app/bento-5/page.tsx

https://nextjs.org/docs/messages/module-not-found @ http://localhost:4200/_next/static/chunks/0aus_next_dist_00tg.dm._.js:1945
[ 1371633ms] [LOG] [Fast Refresh] rebuilding @ http://localhost:4200/_next/static/chunks/0aus_next_dist_00tg.dm._.js:1226
[ 1378744ms] [LOG] [Fast Refresh] rebuilding @ http://localhost:4200/_next/static/chunks/0aus_next_dist_00tg.dm._.js:1226
[ 1379234ms] [ERROR] ./registry/default/components/bento-05.tsx:11:1
Module not found: Can't resolve './bento-05/bento-05.css'
   9 | import LoadIn, { LoadInGroup } from "./bento-05/load-in";
  10 | import { GLYPH_16, GLYPH_16_AT, GLYPH_AI } from "./bento-05/glyphs";
> 11 | import "./bento-05/bento-05.css";
     | ^^^^^^^^^^^^^^^^^^^^^^^^^^^^^^^^^
  12 |
  13 | // The cards are the Figma exports as-is: each SVG already paints its own glass
  14 | // fill and 16px gradient border, so a cell is just a clip + a covering SVG.

Import trace:
  Server Component:
    ./registry/default/components/bento-05.tsx
    ./app/bento-5/page.tsx

https://nextjs.org/docs/messages/module-not-found @ http://localhost:4200/_next/static/chunks/0aus_next_dist_00tg.dm._.js:1945
[ 1379355ms] [ERROR] Failed to load resource: the server responded with a status of 500 (Internal Server Error) @ http://localhost:4200/bento-5:0
[ 1379383ms] [INFO] %cDownload the React DevTools for a better development experience: https://react.dev/link/react-devtools font-weight:bold @ http://localhost:4200/_next/static/chunks/0e-u_react-dom_0037m-m._.js:15305
[ 1379390ms] Error: ./registry/default/components/bento-05.tsx:11:1
Module not found: Can't resolve './bento-05/bento-05.css'
   9 | import LoadIn, { LoadInGroup } from "./bento-05/load-in";
  10 | import { GLYPH_16, GLYPH_16_AT, GLYPH_AI } from "./bento-05/glyphs";
> 11 | import "./bento-05/bento-05.css";
     | ^^^^^^^^^^^^^^^^^^^^^^^^^^^^^^^^^
  12 |
  13 | // The cards are the Figma exports as-is: each SVG already paints its own glass
  14 | // fill and 16px gradient border, so a cell is just a clip + a covering SVG.



Import trace:
  Server Component:
    ./registry/default/components/bento-05.tsx
    ./app/bento-5/page.tsx

https://nextjs.org/docs/messages/module-not-found


    at <unknown> (Error: ./registry/default/components/bento-05.tsx:11:1)
    at <unknown> (https://nextjs.org/docs/messages/module-not-found)
    at Object.getCompilationErrors (file:///Users/godwinjanarthan/Documents/Projects/d2studio-ui/node_modules/.pnpm/next@16.2.4_@babel+core@7.28.4_react-dom@19.2.5_react@19.2.5__react@19.2.5/node_modules/next/dist/server/dev/hot-reloader-turbopack.js:1186:59)
    at DevBundlerService.getCompilationError (file:///Users/godwinjanarthan/Documents/Projects/d2studio-ui/node_modules/.pnpm/next@16.2.4_@babel+core@7.28.4_react-dom@19.2.5_react@19.2.5__react@19.2.5/node_modules/next/dist/server/lib/dev-bundler-service.js:44:55)
    at DevServer.getCompilationError (file:///Users/godwinjanarthan/Documents/Projects/d2studio-ui/node_modules/.pnpm/next@16.2.4_@babel+core@7.28.4_react-dom@19.2.5_react@19.2.5__react@19.2.5/node_modules/next/dist/server/dev/next-dev-server.js:719:42)
    at DevServer.findPageComponents (file:///Users/godwinjanarthan/Documents/Projects/d2studio-ui/node_modules/.pnpm/next@16.2.4_@babel+core@7.28.4_react-dom@19.2.5_react@19.2.5__react@19.2.5/node_modules/next/dist/server/dev/next-dev-server.js:689:43)
    at async DevServer.renderErrorToResponseImpl (file:///Users/godwinjanarthan/Documents/Projects/d2studio-ui/node_modules/.pnpm/next@16.2.4_@babel+core@7.28.4_react-dom@19.2.5_react@19.2.5__react@19.2.5/node_modules/next/dist/server/base-server.js:1745:26)
[ 1379408ms] [LOG] [HMR] connected @ http://localhost:4200/_next/static/chunks/0aus_next_dist_00tg.dm._.js:1226
[ 1379415ms] [ERROR] ./registry/default/components/bento-05.tsx:11:1
Module not found: Can't resolve './bento-05/bento-05.css'
   9 | import LoadIn, { LoadInGroup } from "./bento-05/load-in";
  10 | import { GLYPH_16, GLYPH_16_AT, GLYPH_AI } from "./bento-05/glyphs";
> 11 | import "./bento-05/bento-05.css";
     | ^^^^^^^^^^^^^^^^^^^^^^^^^^^^^^^^^
  12 |
  13 | // The cards are the Figma exports as-is: each SVG already paints its own glass
  14 | // fill and 16px gradient border, so a cell is just a clip + a covering SVG.

Import trace:
  Server Component:
    ./registry/default/components/bento-05.tsx
    ./app/bento-5/page.tsx

https://nextjs.org/docs/messages/module-not-found @ http://localhost:4200/_next/static/chunks/0aus_next_dist_00tg.dm._.js:1945
[ 1379448ms] [ERROR] ./registry/default/components/bento-05.tsx:11:1
Module not found: Can't resolve './bento-05/bento-05.css'
   9 | import LoadIn, { LoadInGroup } from "./bento-05/load-in";
  10 | import { GLYPH_16, GLYPH_16_AT, GLYPH_AI } from "./bento-05/glyphs";
> 11 | import "./bento-05/bento-05.css";
     | ^^^^^^^^^^^^^^^^^^^^^^^^^^^^^^^^^
  12 |
  13 | // The cards are the Figma exports as-is: each SVG already paints its own glass
  14 | // fill and 16px gradient border, so a cell is just a clip + a covering SVG.

Import trace:
  Server Component:
    ./registry/default/components/bento-05.tsx
    ./app/bento-5/page.tsx

https://nextjs.org/docs/messages/module-not-found @ http://localhost:4200/_next/static/chunks/0aus_next_dist_00tg.dm._.js:1945
[ 1379515ms] [ERROR] ./registry/default/components/bento-05.tsx:11:1
Module not found: Can't resolve './bento-05/bento-05.css'
   9 | import LoadIn, { LoadInGroup } from "./bento-05/load-in";
  10 | import { GLYPH_16, GLYPH_16_AT, GLYPH_AI } from "./bento-05/glyphs";
> 11 | import "./bento-05/bento-05.css";
     | ^^^^^^^^^^^^^^^^^^^^^^^^^^^^^^^^^
  12 |
  13 | // The cards are the Figma exports as-is: each SVG already paints its own glass
  14 | // fill and 16px gradient border, so a cell is just a clip + a covering SVG.

Import trace:
  Server Component:
    ./registry/default/components/bento-05.tsx
    ./app/bento-5/page.tsx

https://nextjs.org/docs/messages/module-not-found @ http://localhost:4200/_next/static/chunks/0aus_next_dist_00tg.dm._.js:1945
[ 1379549ms] [LOG] [Fast Refresh] rebuilding @ http://localhost:4200/_next/static/chunks/0aus_next_dist_00tg.dm._.js:1226
[ 2218134ms] [LOG] [Fast Refresh] rebuilding @ http://localhost:4200/_next/static/chunks/0aus_next_dist_00tg.dm._.js:1226
[ 2219142ms] [ERROR] ./registry/default/components/bento-05.tsx:11:1
Module not found: Can't resolve './bento-05/bento-05.css'
   9 | import LoadIn, { LoadInGroup } from "./bento-05/load-in";
  10 | import { GLYPH_16, GLYPH_16_AT, GLYPH_AI } from "./bento-05/glyphs";
> 11 | import "./bento-05/bento-05.css";
     | ^^^^^^^^^^^^^^^^^^^^^^^^^^^^^^^^^
  12 |
  13 | // The cards are the Figma exports as-is: each SVG already paints its own glass
  14 | // fill and 16px gradient border, so a cell is just a clip + a covering SVG.

Import trace:
  Server Component:
    ./registry/default/components/bento-05.tsx
    ./app/bento-5/page.tsx

https://nextjs.org/docs/messages/module-not-found @ http://localhost:4200/_next/static/chunks/0aus_next_dist_00tg.dm._.js:1945
[ 2219662ms] [ERROR] Failed to load resource: the server responded with a status of 500 (Internal Server Error) @ http://localhost:4200/bento-5:0
[ 2219700ms] [INFO] %cDownload the React DevTools for a better development experience: https://react.dev/link/react-devtools font-weight:bold @ http://localhost:4200/_next/static/chunks/0e-u_react-dom_0037m-m._.js:15305
[ 2219713ms] Error: ./registry/default/components/bento-05.tsx:11:1
Module not found: Can't resolve './bento-05/bento-05.css'
   9 | import LoadIn, { LoadInGroup } from "./bento-05/load-in";
  10 | import { GLYPH_16, GLYPH_16_AT, GLYPH_AI } from "./bento-05/glyphs";
> 11 | import "./bento-05/bento-05.css";
     | ^^^^^^^^^^^^^^^^^^^^^^^^^^^^^^^^^
  12 |
  13 | // The cards are the Figma exports as-is: each SVG already paints its own glass
  14 | // fill and 16px gradient border, so a cell is just a clip + a covering SVG.



Import trace:
  Server Component:
    ./registry/default/components/bento-05.tsx
    ./app/bento-5/page.tsx

https://nextjs.org/docs/messages/module-not-found


    at <unknown> (Error: ./registry/default/components/bento-05.tsx:11:1)
    at <unknown> (https://nextjs.org/docs/messages/module-not-found)
    at Object.getCompilationErrors (file:///Users/godwinjanarthan/Documents/Projects/d2studio-ui/node_modules/.pnpm/next@16.2.4_@babel+core@7.28.4_react-dom@19.2.5_react@19.2.5__react@19.2.5/node_modules/next/dist/server/dev/hot-reloader-turbopack.js:1186:59)
    at DevBundlerService.getCompilationError (file:///Users/godwinjanarthan/Documents/Projects/d2studio-ui/node_modules/.pnpm/next@16.2.4_@babel+core@7.28.4_react-dom@19.2.5_react@19.2.5__react@19.2.5/node_modules/next/dist/server/lib/dev-bundler-service.js:44:55)
    at DevServer.getCompilationError (file:///Users/godwinjanarthan/Documents/Projects/d2studio-ui/node_modules/.pnpm/next@16.2.4_@babel+core@7.28.4_react-dom@19.2.5_react@19.2.5__react@19.2.5/node_modules/next/dist/server/dev/next-dev-server.js:719:42)
    at DevServer.findPageComponents (file:///Users/godwinjanarthan/Documents/Projects/d2studio-ui/node_modules/.pnpm/next@16.2.4_@babel+core@7.28.4_react-dom@19.2.5_react@19.2.5__react@19.2.5/node_modules/next/dist/server/dev/next-dev-server.js:689:43)
    at async DevServer.renderErrorToResponseImpl (file:///Users/godwinjanarthan/Documents/Projects/d2studio-ui/node_modules/.pnpm/next@16.2.4_@babel+core@7.28.4_react-dom@19.2.5_react@19.2.5__react@19.2.5/node_modules/next/dist/server/base-server.js:1745:26)
[ 2219718ms] [LOG] [HMR] connected @ http://localhost:4200/_next/static/chunks/0aus_next_dist_00tg.dm._.js:1226
[ 2219732ms] [ERROR] ./registry/default/components/bento-05.tsx:11:1
Module not found: Can't resolve './bento-05/bento-05.css'
   9 | import LoadIn, { LoadInGroup } from "./bento-05/load-in";
  10 | import { GLYPH_16, GLYPH_16_AT, GLYPH_AI } from "./bento-05/glyphs";
> 11 | import "./bento-05/bento-05.css";
     | ^^^^^^^^^^^^^^^^^^^^^^^^^^^^^^^^^
  12 |
  13 | // The cards are the Figma exports as-is: each SVG already paints its own glass
  14 | // fill and 16px gradient border, so a cell is just a clip + a covering SVG.

Import trace:
  Server Component:
    ./registry/default/components/bento-05.tsx
    ./app/bento-5/page.tsx

https://nextjs.org/docs/messages/module-not-found @ http://localhost:4200/_next/static/chunks/0aus_next_dist_00tg.dm._.js:1945
[ 2219777ms] [ERROR] ./registry/default/components/bento-05.tsx:11:1
Module not found: Can't resolve './bento-05/bento-05.css'
   9 | import LoadIn, { LoadInGroup } from "./bento-05/load-in";
  10 | import { GLYPH_16, GLYPH_16_AT, GLYPH_AI } from "./bento-05/glyphs";
> 11 | import "./bento-05/bento-05.css";
     | ^^^^^^^^^^^^^^^^^^^^^^^^^^^^^^^^^
  12 |
  13 | // The cards are the Figma exports as-is: each SVG already paints its own glass
  14 | // fill and 16px gradient border, so a cell is just a clip + a covering SVG.

Import trace:
  Server Component:
    ./registry/default/components/bento-05.tsx
    ./app/bento-5/page.tsx

https://nextjs.org/docs/messages/module-not-found @ http://localhost:4200/_next/static/chunks/0aus_next_dist_00tg.dm._.js:1945
[ 2219822ms] [ERROR] ./registry/default/components/bento-05.tsx:11:1
Module not found: Can't resolve './bento-05/bento-05.css'
   9 | import LoadIn, { LoadInGroup } from "./bento-05/load-in";
  10 | import { GLYPH_16, GLYPH_16_AT, GLYPH_AI } from "./bento-05/glyphs";
> 11 | import "./bento-05/bento-05.css";
     | ^^^^^^^^^^^^^^^^^^^^^^^^^^^^^^^^^
  12 |
  13 | // The cards are the Figma exports as-is: each SVG already paints its own glass
  14 | // fill and 16px gradient border, so a cell is just a clip + a covering SVG.

Import trace:
  Server Component:
    ./registry/default/components/bento-05.tsx
    ./app/bento-5/page.tsx

https://nextjs.org/docs/messages/module-not-found @ http://localhost:4200/_next/static/chunks/0aus_next_dist_00tg.dm._.js:1945
[ 2219886ms] [LOG] [Fast Refresh] rebuilding @ http://localhost:4200/_next/static/chunks/0aus_next_dist_00tg.dm._.js:1226
[ 2244774ms] [ERROR] ./registry/default/components/bento-05.tsx:11:1
Module not found: Can't resolve './bento-05/bento-05.css'
   9 | import LoadIn, { LoadInGroup } from "./bento-05/load-in";
  10 | import { GLYPH_16, GLYPH_16_AT, GLYPH_AI } from "./bento-05/glyphs";
> 11 | import "./bento-05/bento-05.css";
     | ^^^^^^^^^^^^^^^^^^^^^^^^^^^^^^^^^
  12 |
  13 | // The cards are the Figma exports as-is: each SVG already paints its own glass
  14 | // fill and 16px gradient border, so a cell is just a clip + a covering SVG.

Import trace:
  Server Component:
    ./registry/default/components/bento-05.tsx
    ./app/bento-5/page.tsx

https://nextjs.org/docs/messages/module-not-found @ http://localhost:4200/_next/static/chunks/0aus_next_dist_00tg.dm._.js:1945
[ 2244818ms] [LOG] [Fast Refresh] rebuilding @ http://localhost:4200/_next/static/chunks/0aus_next_dist_00tg.dm._.js:1226
[ 2258090ms] [LOG] [Fast Refresh] rebuilding @ http://localhost:4200/_next/static/chunks/0aus_next_dist_00tg.dm._.js:1226
[ 2258780ms] [ERROR] ./registry/default/components/bento-05.tsx:11:1
Module not found: Can't resolve './bento-05/bento-05.css'
   9 | import LoadIn, { LoadInGroup } from "./bento-05/load-in";
  10 | import { GLYPH_16, GLYPH_16_AT, GLYPH_AI } from "./bento-05/glyphs";
> 11 | import "./bento-05/bento-05.css";
     | ^^^^^^^^^^^^^^^^^^^^^^^^^^^^^^^^^
  12 |
  13 | // The cards are the Figma exports as-is: each SVG already paints its own glass
  14 | // fill and 16px gradient border, so a cell is just a clip + a covering SVG.

Import trace:
  Server Component:
    ./registry/default/components/bento-05.tsx
    ./app/bento-5/page.tsx

https://nextjs.org/docs/messages/module-not-found @ http://localhost:4200/_next/static/chunks/0aus_next_dist_00tg.dm._.js:1945
[ 2259013ms] [ERROR] Failed to load resource: the server responded with a status of 500 (Internal Server Error) @ http://localhost:4200/bento-5:0
[ 2259078ms] [INFO] %cDownload the React DevTools for a better development experience: https://react.dev/link/react-devtools font-weight:bold @ http://localhost:4200/_next/static/chunks/0e-u_react-dom_0037m-m._.js:15305
[ 2259085ms] Error: ./registry/default/components/bento-05.tsx:11:1
Module not found: Can't resolve './bento-05/bento-05.css'
   9 | import LoadIn, { LoadInGroup } from "./bento-05/load-in";
  10 | import { GLYPH_16, GLYPH_16_AT, GLYPH_AI } from "./bento-05/glyphs";
> 11 | import "./bento-05/bento-05.css";
     | ^^^^^^^^^^^^^^^^^^^^^^^^^^^^^^^^^
  12 |
  13 | // The cards are the Figma exports as-is: each SVG already paints its own glass
  14 | // fill and 16px gradient border, so a cell is just a clip + a covering SVG.



Import trace:
  Server Component:
    ./registry/default/components/bento-05.tsx
    ./app/bento-5/page.tsx

https://nextjs.org/docs/messages/module-not-found


    at <unknown> (Error: ./registry/default/components/bento-05.tsx:11:1)
    at <unknown> (https://nextjs.org/docs/messages/module-not-found)
    at Object.getCompilationErrors (file:///Users/godwinjanarthan/Documents/Projects/d2studio-ui/node_modules/.pnpm/next@16.2.4_@babel+core@7.28.4_react-dom@19.2.5_react@19.2.5__react@19.2.5/node_modules/next/dist/server/dev/hot-reloader-turbopack.js:1186:59)
    at DevBundlerService.getCompilationError (file:///Users/godwinjanarthan/Documents/Projects/d2studio-ui/node_modules/.pnpm/next@16.2.4_@babel+core@7.28.4_react-dom@19.2.5_react@19.2.5__react@19.2.5/node_modules/next/dist/server/lib/dev-bundler-service.js:44:55)
    at DevServer.getCompilationError (file:///Users/godwinjanarthan/Documents/Projects/d2studio-ui/node_modules/.pnpm/next@16.2.4_@babel+core@7.28.4_react-dom@19.2.5_react@19.2.5__react@19.2.5/node_modules/next/dist/server/dev/next-dev-server.js:719:42)
    at DevServer.findPageComponents (file:///Users/godwinjanarthan/Documents/Projects/d2studio-ui/node_modules/.pnpm/next@16.2.4_@babel+core@7.28.4_react-dom@19.2.5_react@19.2.5__react@19.2.5/node_modules/next/dist/server/dev/next-dev-server.js:689:43)
    at async DevServer.renderErrorToResponseImpl (file:///Users/godwinjanarthan/Documents/Projects/d2studio-ui/node_modules/.pnpm/next@16.2.4_@babel+core@7.28.4_react-dom@19.2.5_react@19.2.5__react@19.2.5/node_modules/next/dist/server/base-server.js:1745:26)
[ 2259097ms] [LOG] [HMR] connected @ http://localhost:4200/_next/static/chunks/0aus_next_dist_00tg.dm._.js:1226
[ 2259116ms] [ERROR] ./registry/default/components/bento-05.tsx:11:1
Module not found: Can't resolve './bento-05/bento-05.css'
   9 | import LoadIn, { LoadInGroup } from "./bento-05/load-in";
  10 | import { GLYPH_16, GLYPH_16_AT, GLYPH_AI } from "./bento-05/glyphs";
> 11 | import "./bento-05/bento-05.css";
     | ^^^^^^^^^^^^^^^^^^^^^^^^^^^^^^^^^
  12 |
  13 | // The cards are the Figma exports as-is: each SVG already paints its own glass
  14 | // fill and 16px gradient border, so a cell is just a clip + a covering SVG.

Import trace:
  Server Component:
    ./registry/default/components/bento-05.tsx
    ./app/bento-5/page.tsx

https://nextjs.org/docs/messages/module-not-found @ http://localhost:4200/_next/static/chunks/0aus_next_dist_00tg.dm._.js:1945
[ 2259155ms] [ERROR] ./registry/default/components/bento-05.tsx:11:1
Module not found: Can't resolve './bento-05/bento-05.css'
   9 | import LoadIn, { LoadInGroup } from "./bento-05/load-in";
  10 | import { GLYPH_16, GLYPH_16_AT, GLYPH_AI } from "./bento-05/glyphs";
> 11 | import "./bento-05/bento-05.css";
     | ^^^^^^^^^^^^^^^^^^^^^^^^^^^^^^^^^
  12 |
  13 | // The cards are the Figma exports as-is: each SVG already paints its own glass
  14 | // fill and 16px gradient border, so a cell is just a clip + a covering SVG.

Import trace:
  Server Component:
    ./registry/default/components/bento-05.tsx
    ./app/bento-5/page.tsx

https://nextjs.org/docs/messages/module-not-found @ http://localhost:4200/_next/static/chunks/0aus_next_dist_00tg.dm._.js:1945
[ 2259194ms] [ERROR] ./registry/default/components/bento-05.tsx:11:1
Module not found: Can't resolve './bento-05/bento-05.css'
   9 | import LoadIn, { LoadInGroup } from "./bento-05/load-in";
  10 | import { GLYPH_16, GLYPH_16_AT, GLYPH_AI } from "./bento-05/glyphs";
> 11 | import "./bento-05/bento-05.css";
     | ^^^^^^^^^^^^^^^^^^^^^^^^^^^^^^^^^
  12 |
  13 | // The cards are the Figma exports as-is: each SVG already paints its own glass
  14 | // fill and 16px gradient border, so a cell is just a clip + a covering SVG.

Import trace:
  Server Component:
    ./registry/default/components/bento-05.tsx
    ./app/bento-5/page.tsx

https://nextjs.org/docs/messages/module-not-found @ http://localhost:4200/_next/static/chunks/0aus_next_dist_00tg.dm._.js:1945
[ 2259257ms] [LOG] [Fast Refresh] rebuilding @ http://localhost:4200/_next/static/chunks/0aus_next_dist_00tg.dm._.js:1226
[ 2284268ms] [LOG] [Fast Refresh] rebuilding @ http://localhost:4200/_next/static/chunks/0aus_next_dist_00tg.dm._.js:1226
[ 2259194ms] [ERROR] ./registry/default/components/bento-05.tsx:11:1
Module not found: Can't resolve './bento-05/bento-05.css'
   9 | import LoadIn, { LoadInGroup } from "./bento-05/load-in";
  10 | import { GLYPH_16, GLYPH_16_AT, GLYPH_AI } from "./bento-05/glyphs";
> 11 | import "./bento-05/bento-05.css";
     | ^^^^^^^^^^^^^^^^^^^^^^^^^^^^^^^^^
  12 |
  13 | // The cards are the Figma exports as-is: each SVG already paints its own glass
  14 | // fill and 16px gradient border, so a cell is just a clip + a covering SVG.

Import trace:
  Server Component:
    ./registry/default/components/bento-05.tsx
    ./app/bento-5/page.tsx

https://nextjs.org/docs/messages/module-not-found @ http://localhost:4200/_next/static/chunks/0aus_next_dist_00tg.dm._.js:1945
[ 2259257ms] [LOG] [Fast Refresh] rebuilding @ http://localhost:4200/_next/static/chunks/0aus_next_dist_00tg.dm._.js:1226
[ 2284268ms] [LOG] [Fast Refresh] rebuilding @ http://localhost:4200/_next/static/chunks/0aus_next_dist_00tg.dm._.js:1226
