[     116ms] [ERROR] Failed to load resource: the server responded with a status of 500 (Internal Server Error) @ http://localhost:4200/bento-4:0
[     150ms] [INFO] %cDownload the React DevTools for a better development experience: https://react.dev/link/react-devtools font-weight:bold @ http://localhost:4200/_next/static/chunks/0e-u_react-dom_0037m-m._.js:15305
[     157ms] Error: ./app/globals.css:11976:25
Parsing CSS source code failed
  11974 |   }
  11975 |   .\[\@media\(hover\:hover\)and\(pointer\:fine\)\]\:block {
> 11976 |     @media (hover:hover)and(pointer:fine) {
        |                         ^
  11977 |       display: block;
  11978 |     }
  11979 |   }

Unexpected token Function("and")

Generated code of PostCSS transform of file content of app/globals.css:
./app/globals.css:11976:25
  11974 |   }
  11975 |   .\[\@media\(hover\:hover\)and\(pointer\:fine\)\]\:block {
> 11976 |     @media (hover:hover)and(pointer:fine) {
        |                         ^
  11977 |       display: block;
  11978 |     }
  11979 |   }

Import trace:
  Client Component Browser:
    ./app/globals.css [Client Component Browser]
    ./app/layout.tsx [Server Component]


    at <unknown> (Error: ./app/globals.css:11976:25)
    at <unknown> (./app/globals.css:11976:25)
    at Object.getCompilationErrors (file:///Users/godwinjanarthan/Documents/Projects/d2studio-ui/node_modules/.pnpm/next@16.2.4_@babel+core@7.28.4_react-dom@19.2.5_react@19.2.5__react@19.2.5/node_modules/next/dist/server/dev/hot-reloader-turbopack.js:1186:59)
    at DevBundlerService.getCompilationError (file:///Users/godwinjanarthan/Documents/Projects/d2studio-ui/node_modules/.pnpm/next@16.2.4_@babel+core@7.28.4_react-dom@19.2.5_react@19.2.5__react@19.2.5/node_modules/next/dist/server/lib/dev-bundler-service.js:44:55)
    at DevServer.getCompilationError (file:///Users/godwinjanarthan/Documents/Projects/d2studio-ui/node_modules/.pnpm/next@16.2.4_@babel+core@7.28.4_react-dom@19.2.5_react@19.2.5__react@19.2.5/node_modules/next/dist/server/dev/next-dev-server.js:719:42)
    at DevServer.findPageComponents (file:///Users/godwinjanarthan/Documents/Projects/d2studio-ui/node_modules/.pnpm/next@16.2.4_@babel+core@7.28.4_react-dom@19.2.5_react@19.2.5__react@19.2.5/node_modules/next/dist/server/dev/next-dev-server.js:689:43)
    at async DevServer.renderErrorToResponseImpl (file:///Users/godwinjanarthan/Documents/Projects/d2studio-ui/node_modules/.pnpm/next@16.2.4_@babel+core@7.28.4_react-dom@19.2.5_react@19.2.5__react@19.2.5/node_modules/next/dist/server/base-server.js:1745:26)
[     158ms] [LOG] [HMR] connected @ http://localhost:4200/_next/static/chunks/0aus_next_dist_00tg.dm._.js:1226
[     165ms] [ERROR] ./app/globals.css:11976:25
Parsing CSS source code failed
  11974 |   }
  11975 |   .\[\@media\(hover\:hover\)and\(pointer\:fine\)\]\:block {
> 11976 |     @media (hover:hover)and(pointer:fine) {
        |                         ^
  11977 |       display: block;
  11978 |     }
  11979 |   }

Unexpected token Function("and")

Generated code of PostCSS transform of file content of app/globals.css:
./app/globals.css:11976:25
  11974 |   }
  11975 |   .\[\@media\(hover\:hover\)and\(pointer\:fine\)\]\:block {
> 11976 |     @media (hover:hover)and(pointer:fine) {
        |                         ^
  11977 |       display: block;
  11978 |     }
  11979 |   }

Import trace:
  Client Component Browser:
    ./app/globals.css [Client Component Browser]
    ./app/layout.tsx [Server Component] @ http://localhost:4200/_next/static/chunks/0aus_next_dist_00tg.dm._.js:1945
[     166ms] [ERROR] ./app/globals.css:11976:25
Parsing CSS source code failed
  11974 |   }
  11975 |   .\[\@media\(hover\:hover\)and\(pointer\:fine\)\]\:block {
> 11976 |     @media (hover:hover)and(pointer:fine) {
        |                         ^
  11977 |       display: block;
  11978 |     }
  11979 |   }

Unexpected token Function("and")

Generated code of PostCSS transform of file content of app/globals.css:
./app/globals.css:11976:25
  11974 |   }
  11975 |   .\[\@media\(hover\:hover\)and\(pointer\:fine\)\]\:block {
> 11976 |     @media (hover:hover)and(pointer:fine) {
        |                         ^
  11977 |       display: block;
  11978 |     }
  11979 |   }

Import trace:
  Client Component Browser:
    ./app/globals.css [Client Component Browser]
    ./app/layout.tsx [Server Component] @ http://localhost:4200/_next/static/chunks/0aus_next_dist_00tg.dm._.js:1945
[     212ms] [ERROR] ./app/globals.css:11976:25
Parsing CSS source code failed
  11974 |   }
  11975 |   .\[\@media\(hover\:hover\)and\(pointer\:fine\)\]\:block {
> 11976 |     @media (hover:hover)and(pointer:fine) {
        |                         ^
  11977 |       display: block;
  11978 |     }
  11979 |   }

Unexpected token Function("and")

Generated code of PostCSS transform of file content of app/globals.css:
./app/globals.css:11976:25
  11974 |   }
  11975 |   .\[\@media\(hover\:hover\)and\(pointer\:fine\)\]\:block {
> 11976 |     @media (hover:hover)and(pointer:fine) {
        |                         ^
  11977 |       display: block;
  11978 |     }
  11979 |   }

Import trace:
  Client Component Browser:
    ./app/globals.css [Client Component Browser]
    ./app/layout.tsx [Server Component] @ http://localhost:4200/_next/static/chunks/0aus_next_dist_00tg.dm._.js:1945
[     262ms] [LOG] [Fast Refresh] rebuilding @ http://localhost:4200/_next/static/chunks/0aus_next_dist_00tg.dm._.js:1226
[     396ms] [LOG] [Fast Refresh] rebuilding @ http://localhost:4200/_next/static/chunks/0aus_next_dist_00tg.dm._.js:1226
[     634ms] [ERROR] ./app/globals.css:11976:25
Parsing CSS source code failed
  11974 |   }
  11975 |   .\[\@media\(hover\:hover\)and\(pointer\:fine\)\]\:block {
> 11976 |     @media (hover:hover)and(pointer:fine) {
        |                         ^
  11977 |       display: block;
  11978 |     }
  11979 |   }

Unexpected token Function("and")

Generated code of PostCSS transform of file content of app/globals.css:
./app/globals.css:11976:25
  11974 |   }
  11975 |   .\[\@media\(hover\:hover\)and\(pointer\:fine\)\]\:block {
> 11976 |     @media (hover:hover)and(pointer:fine) {
        |                         ^
  11977 |       display: block;
  11978 |     }
  11979 |   }

Import trace:
  Client Component Browser:
    ./app/globals.css [Client Component Browser]
    ./app/layout.tsx [Server Component] @ http://localhost:4200/_next/static/chunks/0aus_next_dist_00tg.dm._.js:1945
[     700ms] [ERROR] ./app/globals.css:11976:25
Parsing CSS source code failed
  11974 |   }
  11975 |   .\[\@media\(hover\:hover\)and\(pointer\:fine\)\]\:block {
> 11976 |     @media (hover:hover)and(pointer:fine) {
        |                         ^
  11977 |       display: block;
  11978 |     }
  11979 |   }

Unexpected token Function("and")

Generated code of PostCSS transform of file content of app/globals.css:
./app/globals.css:11976:25
  11974 |   }
  11975 |   .\[\@media\(hover\:hover\)and\(pointer\:fine\)\]\:block {
> 11976 |     @media (hover:hover)and(pointer:fine) {
        |                         ^
  11977 |       display: block;
  11978 |     }
  11979 |   }

Import trace:
  Client Component Browser:
    ./app/globals.css [Client Component Browser]
    ./app/layout.tsx [Server Component] @ http://localhost:4200/_next/static/chunks/0aus_next_dist_00tg.dm._.js:1945
[     763ms] [ERROR] ./app/globals.css:11976:25
Parsing CSS source code failed
  11974 |   }
  11975 |   .\[\@media\(hover\:hover\)and\(pointer\:fine\)\]\:block {
> 11976 |     @media (hover:hover)and(pointer:fine) {
        |                         ^
  11977 |       display: block;
  11978 |     }
  11979 |   }

Unexpected token Function("and")

Generated code of PostCSS transform of file content of app/globals.css:
./app/globals.css:11976:25
  11974 |   }
  11975 |   .\[\@media\(hover\:hover\)and\(pointer\:fine\)\]\:block {
> 11976 |     @media (hover:hover)and(pointer:fine) {
        |                         ^
  11977 |       display: block;
  11978 |     }
  11979 |   }

Import trace:
  Client Component Browser:
    ./app/globals.css [Client Component Browser]
    ./app/layout.tsx [Server Component] @ http://localhost:4200/_next/static/chunks/0aus_next_dist_00tg.dm._.js:1945
[     826ms] [ERROR] ./app/globals.css:11976:25
Parsing CSS source code failed
  11974 |   }
  11975 |   .\[\@media\(hover\:hover\)and\(pointer\:fine\)\]\:block {
> 11976 |     @media (hover:hover)and(pointer:fine) {
        |                         ^
  11977 |       display: block;
  11978 |     }
  11979 |   }

Unexpected token Function("and")

Generated code of PostCSS transform of file content of app/globals.css:
./app/globals.css:11976:25
  11974 |   }
  11975 |   .\[\@media\(hover\:hover\)and\(pointer\:fine\)\]\:block {
> 11976 |     @media (hover:hover)and(pointer:fine) {
        |                         ^
  11977 |       display: block;
  11978 |     }
  11979 |   }

Import trace:
  Client Component Browser:
    ./app/globals.css [Client Component Browser]
    ./app/layout.tsx [Server Component] @ http://localhost:4200/_next/static/chunks/0aus_next_dist_00tg.dm._.js:1945
[     888ms] [ERROR] ./app/globals.css:11976:25
Parsing CSS source code failed
  11974 |   }
  11975 |   .\[\@media\(hover\:hover\)and\(pointer\:fine\)\]\:block {
> 11976 |     @media (hover:hover)and(pointer:fine) {
        |                         ^
  11977 |       display: block;
  11978 |     }
  11979 |   }

Unexpected token Function("and")

Generated code of PostCSS transform of file content of app/globals.css:
./app/globals.css:11976:25
  11974 |   }
  11975 |   .\[\@media\(hover\:hover\)and\(pointer\:fine\)\]\:block {
> 11976 |     @media (hover:hover)and(pointer:fine) {
        |                         ^
  11977 |       display: block;
  11978 |     }
  11979 |   }

Import trace:
  Client Component Browser:
    ./app/globals.css [Client Component Browser]
    ./app/layout.tsx [Server Component] @ http://localhost:4200/_next/static/chunks/0aus_next_dist_00tg.dm._.js:1945
[     951ms] [ERROR] ./app/globals.css:11976:25
Parsing CSS source code failed
  11974 |   }
  11975 |   .\[\@media\(hover\:hover\)and\(pointer\:fine\)\]\:block {
> 11976 |     @media (hover:hover)and(pointer:fine) {
        |                         ^
  11977 |       display: block;
  11978 |     }
  11979 |   }

Unexpected token Function("and")

Generated code of PostCSS transform of file content of app/globals.css:
./app/globals.css:11976:25
  11974 |   }
  11975 |   .\[\@media\(hover\:hover\)and\(pointer\:fine\)\]\:block {
> 11976 |     @media (hover:hover)and(pointer:fine) {
        |                         ^
  11977 |       display: block;
  11978 |     }
  11979 |   }

Import trace:
  Client Component Browser:
    ./app/globals.css [Client Component Browser]
    ./app/layout.tsx [Server Component] @ http://localhost:4200/_next/static/chunks/0aus_next_dist_00tg.dm._.js:1945
[    1012ms] [ERROR] ./app/globals.css:11976:25
Parsing CSS source code failed
  11974 |   }
  11975 |   .\[\@media\(hover\:hover\)and\(pointer\:fine\)\]\:block {
> 11976 |     @media (hover:hover)and(pointer:fine) {
        |                         ^
  11977 |       display: block;
  11978 |     }
  11979 |   }

Unexpected token Function("and")

Generated code of PostCSS transform of file content of app/globals.css:
./app/globals.css:11976:25
  11974 |   }
  11975 |   .\[\@media\(hover\:hover\)and\(pointer\:fine\)\]\:block {
> 11976 |     @media (hover:hover)and(pointer:fine) {
        |                         ^
  11977 |       display: block;
  11978 |     }
  11979 |   }

Import trace:
  Client Component Browser:
    ./app/globals.css [Client Component Browser]
    ./app/layout.tsx [Server Component] @ http://localhost:4200/_next/static/chunks/0aus_next_dist_00tg.dm._.js:1945
[    1074ms] [ERROR] ./app/globals.css:11976:25
Parsing CSS source code failed
  11974 |   }
  11975 |   .\[\@media\(hover\:hover\)and\(pointer\:fine\)\]\:block {
> 11976 |     @media (hover:hover)and(pointer:fine) {
        |                         ^
  11977 |       display: block;
  11978 |     }
  11979 |   }

Unexpected token Function("and")

Generated code of PostCSS transform of file content of app/globals.css:
./app/globals.css:11976:25
  11974 |   }
  11975 |   .\[\@media\(hover\:hover\)and\(pointer\:fine\)\]\:block {
> 11976 |     @media (hover:hover)and(pointer:fine) {
        |                         ^
  11977 |       display: block;
  11978 |     }
  11979 |   }

Import trace:
  Client Component Browser:
    ./app/globals.css [Client Component Browser]
    ./app/layout.tsx [Server Component] @ http://localhost:4200/_next/static/chunks/0aus_next_dist_00tg.dm._.js:1945
[    1134ms] [ERROR] ./app/globals.css:11976:25
Parsing CSS source code failed
  11974 |   }
  11975 |   .\[\@media\(hover\:hover\)and\(pointer\:fine\)\]\:block {
> 11976 |     @media (hover:hover)and(pointer:fine) {
        |                         ^
  11977 |       display: block;
  11978 |     }
  11979 |   }

Unexpected token Function("and")

Generated code of PostCSS transform of file content of app/globals.css:
./app/globals.css:11976:25
  11974 |   }
  11975 |   .\[\@media\(hover\:hover\)and\(pointer\:fine\)\]\:block {
> 11976 |     @media (hover:hover)and(pointer:fine) {
        |                         ^
  11977 |       display: block;
  11978 |     }
  11979 |   }

Import trace:
  Client Component Browser:
    ./app/globals.css [Client Component Browser]
    ./app/layout.tsx [Server Component] @ http://localhost:4200/_next/static/chunks/0aus_next_dist_00tg.dm._.js:1945
[    1195ms] [ERROR] ./app/globals.css:11976:25
Parsing CSS source code failed
  11974 |   }
  11975 |   .\[\@media\(hover\:hover\)and\(pointer\:fine\)\]\:block {
> 11976 |     @media (hover:hover)and(pointer:fine) {
        |                         ^
  11977 |       display: block;
  11978 |     }
  11979 |   }

Unexpected token Function("and")

Generated code of PostCSS transform of file content of app/globals.css:
./app/globals.css:11976:25
  11974 |   }
  11975 |   .\[\@media\(hover\:hover\)and\(pointer\:fine\)\]\:block {
> 11976 |     @media (hover:hover)and(pointer:fine) {
        |                         ^
  11977 |       display: block;
  11978 |     }
  11979 |   }

Import trace:
  Client Component Browser:
    ./app/globals.css [Client Component Browser]
    ./app/layout.tsx [Server Component] @ http://localhost:4200/_next/static/chunks/0aus_next_dist_00tg.dm._.js:1945
[    1257ms] [ERROR] ./app/globals.css:11976:25
Parsing CSS source code failed
  11974 |   }
  11975 |   .\[\@media\(hover\:hover\)and\(pointer\:fine\)\]\:block {
> 11976 |     @media (hover:hover)and(pointer:fine) {
        |                         ^
  11977 |       display: block;
  11978 |     }
  11979 |   }

Unexpected token Function("and")

Generated code of PostCSS transform of file content of app/globals.css:
./app/globals.css:11976:25
  11974 |   }
  11975 |   .\[\@media\(hover\:hover\)and\(pointer\:fine\)\]\:block {
> 11976 |     @media (hover:hover)and(pointer:fine) {
        |                         ^
  11977 |       display: block;
  11978 |     }
  11979 |   }

Import trace:
  Client Component Browser:
    ./app/globals.css [Client Component Browser]
    ./app/layout.tsx [Server Component] @ http://localhost:4200/_next/static/chunks/0aus_next_dist_00tg.dm._.js:1945
[    1317ms] [ERROR] ./app/globals.css:11976:25
Parsing CSS source code failed
  11974 |   }
  11975 |   .\[\@media\(hover\:hover\)and\(pointer\:fine\)\]\:block {
> 11976 |     @media (hover:hover)and(pointer:fine) {
        |                         ^
  11977 |       display: block;
  11978 |     }
  11979 |   }

Unexpected token Function("and")

Generated code of PostCSS transform of file content of app/globals.css:
./app/globals.css:11976:25
  11974 |   }
  11975 |   .\[\@media\(hover\:hover\)and\(pointer\:fine\)\]\:block {
> 11976 |     @media (hover:hover)and(pointer:fine) {
        |                         ^
  11977 |       display: block;
  11978 |     }
  11979 |   }

Import trace:
  Client Component Browser:
    ./app/globals.css [Client Component Browser]
    ./app/layout.tsx [Server Component] @ http://localhost:4200/_next/static/chunks/0aus_next_dist_00tg.dm._.js:1945
[    1379ms] [ERROR] ./app/globals.css:11976:25
Parsing CSS source code failed
  11974 |   }
  11975 |   .\[\@media\(hover\:hover\)and\(pointer\:fine\)\]\:block {
> 11976 |     @media (hover:hover)and(pointer:fine) {
        |                         ^
  11977 |       display: block;
  11978 |     }
  11979 |   }

Unexpected token Function("and")

Generated code of PostCSS transform of file content of app/globals.css:
./app/globals.css:11976:25
  11974 |   }
  11975 |   .\[\@media\(hover\:hover\)and\(pointer\:fine\)\]\:block {
> 11976 |     @media (hover:hover)and(pointer:fine) {
        |                         ^
  11977 |       display: block;
  11978 |     }
  11979 |   }

Import trace:
  Client Component Browser:
    ./app/globals.css [Client Component Browser]
    ./app/layout.tsx [Server Component] @ http://localhost:4200/_next/static/chunks/0aus_next_dist_00tg.dm._.js:1945
[    1442ms] [ERROR] ./app/globals.css:11976:25
Parsing CSS source code failed
  11974 |   }
  11975 |   .\[\@media\(hover\:hover\)and\(pointer\:fine\)\]\:block {
> 11976 |     @media (hover:hover)and(pointer:fine) {
        |                         ^
  11977 |       display: block;
  11978 |     }
  11979 |   }

Unexpected token Function("and")

Generated code of PostCSS transform of file content of app/globals.css:
./app/globals.css:11976:25
  11974 |   }
  11975 |   .\[\@media\(hover\:hover\)and\(pointer\:fine\)\]\:block {
> 11976 |     @media (hover:hover)and(pointer:fine) {
        |                         ^
  11977 |       display: block;
  11978 |     }
  11979 |   }

Import trace:
  Client Component Browser:
    ./app/globals.css [Client Component Browser]
    ./app/layout.tsx [Server Component] @ http://localhost:4200/_next/static/chunks/0aus_next_dist_00tg.dm._.js:1945
[    1507ms] [ERROR] ./app/globals.css:11976:25
Parsing CSS source code failed
  11974 |   }
  11975 |   .\[\@media\(hover\:hover\)and\(pointer\:fine\)\]\:block {
> 11976 |     @media (hover:hover)and(pointer:fine) {
        |                         ^
  11977 |       display: block;
  11978 |     }
  11979 |   }

Unexpected token Function("and")

Generated code of PostCSS transform of file content of app/globals.css:
./app/globals.css:11976:25
  11974 |   }
  11975 |   .\[\@media\(hover\:hover\)and\(pointer\:fine\)\]\:block {
> 11976 |     @media (hover:hover)and(pointer:fine) {
        |                         ^
  11977 |       display: block;
  11978 |     }
  11979 |   }

Import trace:
  Client Component Browser:
    ./app/globals.css [Client Component Browser]
    ./app/layout.tsx [Server Component] @ http://localhost:4200/_next/static/chunks/0aus_next_dist_00tg.dm._.js:1945
[    1570ms] [ERROR] ./app/globals.css:11976:25
Parsing CSS source code failed
  11974 |   }
  11975 |   .\[\@media\(hover\:hover\)and\(pointer\:fine\)\]\:block {
> 11976 |     @media (hover:hover)and(pointer:fine) {
        |                         ^
  11977 |       display: block;
  11978 |     }
  11979 |   }

Unexpected token Function("and")

Generated code of PostCSS transform of file content of app/globals.css:
./app/globals.css:11976:25
  11974 |   }
  11975 |   .\[\@media\(hover\:hover\)and\(pointer\:fine\)\]\:block {
> 11976 |     @media (hover:hover)and(pointer:fine) {
        |                         ^
  11977 |       display: block;
  11978 |     }
  11979 |   }

Import trace:
  Client Component Browser:
    ./app/globals.css [Client Component Browser]
    ./app/layout.tsx [Server Component] @ http://localhost:4200/_next/static/chunks/0aus_next_dist_00tg.dm._.js:1945
[    1631ms] [ERROR] ./app/globals.css:11976:25
Parsing CSS source code failed
  11974 |   }
  11975 |   .\[\@media\(hover\:hover\)and\(pointer\:fine\)\]\:block {
> 11976 |     @media (hover:hover)and(pointer:fine) {
        |                         ^
  11977 |       display: block;
  11978 |     }
  11979 |   }

Unexpected token Function("and")

Generated code of PostCSS transform of file content of app/globals.css:
./app/globals.css:11976:25
  11974 |   }
  11975 |   .\[\@media\(hover\:hover\)and\(pointer\:fine\)\]\:block {
> 11976 |     @media (hover:hover)and(pointer:fine) {
        |                         ^
  11977 |       display: block;
  11978 |     }
  11979 |   }

Import trace:
  Client Component Browser:
    ./app/globals.css [Client Component Browser]
    ./app/layout.tsx [Server Component] @ http://localhost:4200/_next/static/chunks/0aus_next_dist_00tg.dm._.js:1945
[    1693ms] [ERROR] ./app/globals.css:11976:25
Parsing CSS source code failed
  11974 |   }
  11975 |   .\[\@media\(hover\:hover\)and\(pointer\:fine\)\]\:block {
> 11976 |     @media (hover:hover)and(pointer:fine) {
        |                         ^
  11977 |       display: block;
  11978 |     }
  11979 |   }

Unexpected token Function("and")

Generated code of PostCSS transform of file content of app/globals.css:
./app/globals.css:11976:25
  11974 |   }
  11975 |   .\[\@media\(hover\:hover\)and\(pointer\:fine\)\]\:block {
> 11976 |     @media (hover:hover)and(pointer:fine) {
        |                         ^
  11977 |       display: block;
  11978 |     }
  11979 |   }

Import trace:
  Client Component Browser:
    ./app/globals.css [Client Component Browser]
    ./app/layout.tsx [Server Component] @ http://localhost:4200/_next/static/chunks/0aus_next_dist_00tg.dm._.js:1945
[    1756ms] [ERROR] ./app/globals.css:11976:25
Parsing CSS source code failed
  11974 |   }
  11975 |   .\[\@media\(hover\:hover\)and\(pointer\:fine\)\]\:block {
> 11976 |     @media (hover:hover)and(pointer:fine) {
        |                         ^
  11977 |       display: block;
  11978 |     }
  11979 |   }

Unexpected token Function("and")

Generated code of PostCSS transform of file content of app/globals.css:
./app/globals.css:11976:25
  11974 |   }
  11975 |   .\[\@media\(hover\:hover\)and\(pointer\:fine\)\]\:block {
> 11976 |     @media (hover:hover)and(pointer:fine) {
        |                         ^
  11977 |       display: block;
  11978 |     }
  11979 |   }

Import trace:
  Client Component Browser:
    ./app/globals.css [Client Component Browser]
    ./app/layout.tsx [Server Component] @ http://localhost:4200/_next/static/chunks/0aus_next_dist_00tg.dm._.js:1945
[    1819ms] [ERROR] ./app/globals.css:11976:25
Parsing CSS source code failed
  11974 |   }
  11975 |   .\[\@media\(hover\:hover\)and\(pointer\:fine\)\]\:block {
> 11976 |     @media (hover:hover)and(pointer:fine) {
        |                         ^
  11977 |       display: block;
  11978 |     }
  11979 |   }

Unexpected token Function("and")

Generated code of PostCSS transform of file content of app/globals.css:
./app/globals.css:11976:25
  11974 |   }
  11975 |   .\[\@media\(hover\:hover\)and\(pointer\:fine\)\]\:block {
> 11976 |     @media (hover:hover)and(pointer:fine) {
        |                         ^
  11977 |       display: block;
  11978 |     }
  11979 |   }

Import trace:
  Client Component Browser:
    ./app/globals.css [Client Component Browser]
    ./app/layout.tsx [Server Component] @ http://localhost:4200/_next/static/chunks/0aus_next_dist_00tg.dm._.js:1945
[    1883ms] [ERROR] ./app/globals.css:11976:25
Parsing CSS source code failed
  11974 |   }
  11975 |   .\[\@media\(hover\:hover\)and\(pointer\:fine\)\]\:block {
> 11976 |     @media (hover:hover)and(pointer:fine) {
        |                         ^
  11977 |       display: block;
  11978 |     }
  11979 |   }

Unexpected token Function("and")

Generated code of PostCSS transform of file content of app/globals.css:
./app/globals.css:11976:25
  11974 |   }
  11975 |   .\[\@media\(hover\:hover\)and\(pointer\:fine\)\]\:block {
> 11976 |     @media (hover:hover)and(pointer:fine) {
        |                         ^
  11977 |       display: block;
  11978 |     }
  11979 |   }

Import trace:
  Client Component Browser:
    ./app/globals.css [Client Component Browser]
    ./app/layout.tsx [Server Component] @ http://localhost:4200/_next/static/chunks/0aus_next_dist_00tg.dm._.js:1945
[    1948ms] [ERROR] ./app/globals.css:11976:25
Parsing CSS source code failed
  11974 |   }
  11975 |   .\[\@media\(hover\:hover\)and\(pointer\:fine\)\]\:block {
> 11976 |     @media (hover:hover)and(pointer:fine) {
        |                         ^
  11977 |       display: block;
  11978 |     }
  11979 |   }

Unexpected token Function("and")

Generated code of PostCSS transform of file content of app/globals.css:
./app/globals.css:11976:25
  11974 |   }
  11975 |   .\[\@media\(hover\:hover\)and\(pointer\:fine\)\]\:block {
> 11976 |     @media (hover:hover)and(pointer:fine) {
        |                         ^
  11977 |       display: block;
  11978 |     }
  11979 |   }

Import trace:
  Client Component Browser:
    ./app/globals.css [Client Component Browser]
    ./app/layout.tsx [Server Component] @ http://localhost:4200/_next/static/chunks/0aus_next_dist_00tg.dm._.js:1945
[    2012ms] [ERROR] ./app/globals.css:11976:25
Parsing CSS source code failed
  11974 |   }
  11975 |   .\[\@media\(hover\:hover\)and\(pointer\:fine\)\]\:block {
> 11976 |     @media (hover:hover)and(pointer:fine) {
        |                         ^
  11977 |       display: block;
  11978 |     }
  11979 |   }

Unexpected token Function("and")

Generated code of PostCSS transform of file content of app/globals.css:
./app/globals.css:11976:25
  11974 |   }
  11975 |   .\[\@media\(hover\:hover\)and\(pointer\:fine\)\]\:block {
> 11976 |     @media (hover:hover)and(pointer:fine) {
        |                         ^
  11977 |       display: block;
  11978 |     }
  11979 |   }

Import trace:
  Client Component Browser:
    ./app/globals.css [Client Component Browser]
    ./app/layout.tsx [Server Component] @ http://localhost:4200/_next/static/chunks/0aus_next_dist_00tg.dm._.js:1945
[    2078ms] [ERROR] ./app/globals.css:11976:25
Parsing CSS source code failed
  11974 |   }
  11975 |   .\[\@media\(hover\:hover\)and\(pointer\:fine\)\]\:block {
> 11976 |     @media (hover:hover)and(pointer:fine) {
        |                         ^
  11977 |       display: block;
  11978 |     }
  11979 |   }

Unexpected token Function("and")

Generated code of PostCSS transform of file content of app/globals.css:
./app/globals.css:11976:25
  11974 |   }
  11975 |   .\[\@media\(hover\:hover\)and\(pointer\:fine\)\]\:block {
> 11976 |     @media (hover:hover)and(pointer:fine) {
        |                         ^
  11977 |       display: block;
  11978 |     }
  11979 |   }

Import trace:
  Client Component Browser:
    ./app/globals.css [Client Component Browser]
    ./app/layout.tsx [Server Component] @ http://localhost:4200/_next/static/chunks/0aus_next_dist_00tg.dm._.js:1945
[    2143ms] [ERROR] ./app/globals.css:11976:25
Parsing CSS source code failed
  11974 |   }
  11975 |   .\[\@media\(hover\:hover\)and\(pointer\:fine\)\]\:block {
> 11976 |     @media (hover:hover)and(pointer:fine) {
        |                         ^
  11977 |       display: block;
  11978 |     }
  11979 |   }

Unexpected token Function("and")

Generated code of PostCSS transform of file content of app/globals.css:
./app/globals.css:11976:25
  11974 |   }
  11975 |   .\[\@media\(hover\:hover\)and\(pointer\:fine\)\]\:block {
> 11976 |     @media (hover:hover)and(pointer:fine) {
        |                         ^
  11977 |       display: block;
  11978 |     }
  11979 |   }

Import trace:
  Client Component Browser:
    ./app/globals.css [Client Component Browser]
    ./app/layout.tsx [Server Component] @ http://localhost:4200/_next/static/chunks/0aus_next_dist_00tg.dm._.js:1945
[    2208ms] [ERROR] ./app/globals.css:11976:25
Parsing CSS source code failed
  11974 |   }
  11975 |   .\[\@media\(hover\:hover\)and\(pointer\:fine\)\]\:block {
> 11976 |     @media (hover:hover)and(pointer:fine) {
        |                         ^
  11977 |       display: block;
  11978 |     }
  11979 |   }

Unexpected token Function("and")

Generated code of PostCSS transform of file content of app/globals.css:
./app/globals.css:11976:25
  11974 |   }
  11975 |   .\[\@media\(hover\:hover\)and\(pointer\:fine\)\]\:block {
> 11976 |     @media (hover:hover)and(pointer:fine) {
        |                         ^
  11977 |       display: block;
  11978 |     }
  11979 |   }

Import trace:
  Client Component Browser:
    ./app/globals.css [Client Component Browser]
    ./app/layout.tsx [Server Component] @ http://localhost:4200/_next/static/chunks/0aus_next_dist_00tg.dm._.js:1945
[    2271ms] [ERROR] ./app/globals.css:11976:25
Parsing CSS source code failed
  11974 |   }
  11975 |   .\[\@media\(hover\:hover\)and\(pointer\:fine\)\]\:block {
> 11976 |     @media (hover:hover)and(pointer:fine) {
        |                         ^
  11977 |       display: block;
  11978 |     }
  11979 |   }

Unexpected token Function("and")

Generated code of PostCSS transform of file content of app/globals.css:
./app/globals.css:11976:25
  11974 |   }
  11975 |   .\[\@media\(hover\:hover\)and\(pointer\:fine\)\]\:block {
> 11976 |     @media (hover:hover)and(pointer:fine) {
        |                         ^
  11977 |       display: block;
  11978 |     }
  11979 |   }

Import trace:
  Client Component Browser:
    ./app/globals.css [Client Component Browser]
    ./app/layout.tsx [Server Component] @ http://localhost:4200/_next/static/chunks/0aus_next_dist_00tg.dm._.js:1945
[    2336ms] [ERROR] ./app/globals.css:11976:25
Parsing CSS source code failed
  11974 |   }
  11975 |   .\[\@media\(hover\:hover\)and\(pointer\:fine\)\]\:block {
> 11976 |     @media (hover:hover)and(pointer:fine) {
        |                         ^
  11977 |       display: block;
  11978 |     }
  11979 |   }

Unexpected token Function("and")

Generated code of PostCSS transform of file content of app/globals.css:
./app/globals.css:11976:25
  11974 |   }
  11975 |   .\[\@media\(hover\:hover\)and\(pointer\:fine\)\]\:block {
> 11976 |     @media (hover:hover)and(pointer:fine) {
        |                         ^
  11977 |       display: block;
  11978 |     }
  11979 |   }

Import trace:
  Client Component Browser:
    ./app/globals.css [Client Component Browser]
    ./app/layout.tsx [Server Component] @ http://localhost:4200/_next/static/chunks/0aus_next_dist_00tg.dm._.js:1945
[    2401ms] [ERROR] ./app/globals.css:11976:25
Parsing CSS source code failed
  11974 |   }
  11975 |   .\[\@media\(hover\:hover\)and\(pointer\:fine\)\]\:block {
> 11976 |     @media (hover:hover)and(pointer:fine) {
        |                         ^
  11977 |       display: block;
  11978 |     }
  11979 |   }

Unexpected token Function("and")

Generated code of PostCSS transform of file content of app/globals.css:
./app/globals.css:11976:25
  11974 |   }
  11975 |   .\[\@media\(hover\:hover\)and\(pointer\:fine\)\]\:block {
> 11976 |     @media (hover:hover)and(pointer:fine) {
        |                         ^
  11977 |       display: block;
  11978 |     }
  11979 |   }

Import trace:
  Client Component Browser:
    ./app/globals.css [Client Component Browser]
    ./app/layout.tsx [Server Component] @ http://localhost:4200/_next/static/chunks/0aus_next_dist_00tg.dm._.js:1945
[    2462ms] [ERROR] ./app/globals.css:11976:25
Parsing CSS source code failed
  11974 |   }
  11975 |   .\[\@media\(hover\:hover\)and\(pointer\:fine\)\]\:block {
> 11976 |     @media (hover:hover)and(pointer:fine) {
        |                         ^
  11977 |       display: block;
  11978 |     }
  11979 |   }

Unexpected token Function("and")

Generated code of PostCSS transform of file content of app/globals.css:
./app/globals.css:11976:25
  11974 |   }
  11975 |   .\[\@media\(hover\:hover\)and\(pointer\:fine\)\]\:block {
> 11976 |     @media (hover:hover)and(pointer:fine) {
        |                         ^
  11977 |       display: block;
  11978 |     }
  11979 |   }

Import trace:
  Client Component Browser:
    ./app/globals.css [Client Component Browser]
    ./app/layout.tsx [Server Component] @ http://localhost:4200/_next/static/chunks/0aus_next_dist_00tg.dm._.js:1945
[    2524ms] [ERROR] ./app/globals.css:11976:25
Parsing CSS source code failed
  11974 |   }
  11975 |   .\[\@media\(hover\:hover\)and\(pointer\:fine\)\]\:block {
> 11976 |     @media (hover:hover)and(pointer:fine) {
        |                         ^
  11977 |       display: block;
  11978 |     }
  11979 |   }

Unexpected token Function("and")

Generated code of PostCSS transform of file content of app/globals.css:
./app/globals.css:11976:25
  11974 |   }
  11975 |   .\[\@media\(hover\:hover\)and\(pointer\:fine\)\]\:block {
> 11976 |     @media (hover:hover)and(pointer:fine) {
        |                         ^
  11977 |       display: block;
  11978 |     }
  11979 |   }

Import trace:
  Client Component Browser:
    ./app/globals.css [Client Component Browser]
    ./app/layout.tsx [Server Component] @ http://localhost:4200/_next/static/chunks/0aus_next_dist_00tg.dm._.js:1945
[    2585ms] [ERROR] ./app/globals.css:11976:25
Parsing CSS source code failed
  11974 |   }
  11975 |   .\[\@media\(hover\:hover\)and\(pointer\:fine\)\]\:block {
> 11976 |     @media (hover:hover)and(pointer:fine) {
        |                         ^
  11977 |       display: block;
  11978 |     }
  11979 |   }

Unexpected token Function("and")

Generated code of PostCSS transform of file content of app/globals.css:
./app/globals.css:11976:25
  11974 |   }
  11975 |   .\[\@media\(hover\:hover\)and\(pointer\:fine\)\]\:block {
> 11976 |     @media (hover:hover)and(pointer:fine) {
        |                         ^
  11977 |       display: block;
  11978 |     }
  11979 |   }

Import trace:
  Client Component Browser:
    ./app/globals.css [Client Component Browser]
    ./app/layout.tsx [Server Component] @ http://localhost:4200/_next/static/chunks/0aus_next_dist_00tg.dm._.js:1945
[    2645ms] [ERROR] ./app/globals.css:11976:25
Parsing CSS source code failed
  11974 |   }
  11975 |   .\[\@media\(hover\:hover\)and\(pointer\:fine\)\]\:block {
> 11976 |     @media (hover:hover)and(pointer:fine) {
        |                         ^
  11977 |       display: block;
  11978 |     }
  11979 |   }

Unexpected token Function("and")

Generated code of PostCSS transform of file content of app/globals.css:
./app/globals.css:11976:25
  11974 |   }
  11975 |   .\[\@media\(hover\:hover\)and\(pointer\:fine\)\]\:block {
> 11976 |     @media (hover:hover)and(pointer:fine) {
        |                         ^
  11977 |       display: block;
  11978 |     }
  11979 |   }

Import trace:
  Client Component Browser:
    ./app/globals.css [Client Component Browser]
    ./app/layout.tsx [Server Component] @ http://localhost:4200/_next/static/chunks/0aus_next_dist_00tg.dm._.js:1945
[    2706ms] [ERROR] ./app/globals.css:11976:25
Parsing CSS source code failed
  11974 |   }
  11975 |   .\[\@media\(hover\:hover\)and\(pointer\:fine\)\]\:block {
> 11976 |     @media (hover:hover)and(pointer:fine) {
        |                         ^
  11977 |       display: block;
  11978 |     }
  11979 |   }

Unexpected token Function("and")

Generated code of PostCSS transform of file content of app/globals.css:
./app/globals.css:11976:25
  11974 |   }
  11975 |   .\[\@media\(hover\:hover\)and\(pointer\:fine\)\]\:block {
> 11976 |     @media (hover:hover)and(pointer:fine) {
        |                         ^
  11977 |       display: block;
  11978 |     }
  11979 |   }

Import trace:
  Client Component Browser:
    ./app/globals.css [Client Component Browser]
    ./app/layout.tsx [Server Component] @ http://localhost:4200/_next/static/chunks/0aus_next_dist_00tg.dm._.js:1945
[    2767ms] [ERROR] ./app/globals.css:11976:25
Parsing CSS source code failed
  11974 |   }
  11975 |   .\[\@media\(hover\:hover\)and\(pointer\:fine\)\]\:block {
> 11976 |     @media (hover:hover)and(pointer:fine) {
        |                         ^
  11977 |       display: block;
  11978 |     }
  11979 |   }

Unexpected token Function("and")

Generated code of PostCSS transform of file content of app/globals.css:
./app/globals.css:11976:25
  11974 |   }
  11975 |   .\[\@media\(hover\:hover\)and\(pointer\:fine\)\]\:block {
> 11976 |     @media (hover:hover)and(pointer:fine) {
        |                         ^
  11977 |       display: block;
  11978 |     }
  11979 |   }

Import trace:
  Client Component Browser:
    ./app/globals.css [Client Component Browser]
    ./app/layout.tsx [Server Component] @ http://localhost:4200/_next/static/chunks/0aus_next_dist_00tg.dm._.js:1945
[    2831ms] [ERROR] ./app/globals.css:11976:25
Parsing CSS source code failed
  11974 |   }
  11975 |   .\[\@media\(hover\:hover\)and\(pointer\:fine\)\]\:block {
> 11976 |     @media (hover:hover)and(pointer:fine) {
        |                         ^
  11977 |       display: block;
  11978 |     }
  11979 |   }

Unexpected token Function("and")

Generated code of PostCSS transform of file content of app/globals.css:
./app/globals.css:11976:25
  11974 |   }
  11975 |   .\[\@media\(hover\:hover\)and\(pointer\:fine\)\]\:block {
> 11976 |     @media (hover:hover)and(pointer:fine) {
        |                         ^
  11977 |       display: block;
  11978 |     }
  11979 |   }

Import trace:
  Client Component Browser:
    ./app/globals.css [Client Component Browser]
    ./app/layout.tsx [Server Component] @ http://localhost:4200/_next/static/chunks/0aus_next_dist_00tg.dm._.js:1945
[    2895ms] [ERROR] ./app/globals.css:11976:25
Parsing CSS source code failed
  11974 |   }
  11975 |   .\[\@media\(hover\:hover\)and\(pointer\:fine\)\]\:block {
> 11976 |     @media (hover:hover)and(pointer:fine) {
        |                         ^
  11977 |       display: block;
  11978 |     }
  11979 |   }

Unexpected token Function("and")

Generated code of PostCSS transform of file content of app/globals.css:
./app/globals.css:11976:25
  11974 |   }
  11975 |   .\[\@media\(hover\:hover\)and\(pointer\:fine\)\]\:block {
> 11976 |     @media (hover:hover)and(pointer:fine) {
        |                         ^
  11977 |       display: block;
  11978 |     }
  11979 |   }

Import trace:
  Client Component Browser:
    ./app/globals.css [Client Component Browser]
    ./app/layout.tsx [Server Component] @ http://localhost:4200/_next/static/chunks/0aus_next_dist_00tg.dm._.js:1945
[    2959ms] [ERROR] ./app/globals.css:11976:25
Parsing CSS source code failed
  11974 |   }
  11975 |   .\[\@media\(hover\:hover\)and\(pointer\:fine\)\]\:block {
> 11976 |     @media (hover:hover)and(pointer:fine) {
        |                         ^
  11977 |       display: block;
  11978 |     }
  11979 |   }

Unexpected token Function("and")

Generated code of PostCSS transform of file content of app/globals.css:
./app/globals.css:11976:25
  11974 |   }
  11975 |   .\[\@media\(hover\:hover\)and\(pointer\:fine\)\]\:block {
> 11976 |     @media (hover:hover)and(pointer:fine) {
        |                         ^
  11977 |       display: block;
  11978 |     }
  11979 |   }

Import trace:
  Client Component Browser:
    ./app/globals.css [Client Component Browser]
    ./app/layout.tsx [Server Component] @ http://localhost:4200/_next/static/chunks/0aus_next_dist_00tg.dm._.js:1945
[    3023ms] [ERROR] ./app/globals.css:11976:25
Parsing CSS source code failed
  11974 |   }
  11975 |   .\[\@media\(hover\:hover\)and\(pointer\:fine\)\]\:block {
> 11976 |     @media (hover:hover)and(pointer:fine) {
        |                         ^
  11977 |       display: block;
  11978 |     }
  11979 |   }

Unexpected token Function("and")

Generated code of PostCSS transform of file content of app/globals.css:
./app/globals.css:11976:25
  11974 |   }
  11975 |   .\[\@media\(hover\:hover\)and\(pointer\:fine\)\]\:block {
> 11976 |     @media (hover:hover)and(pointer:fine) {
        |                         ^
  11977 |       display: block;
  11978 |     }
  11979 |   }

Import trace:
  Client Component Browser:
    ./app/globals.css [Client Component Browser]
    ./app/layout.tsx [Server Component] @ http://localhost:4200/_next/static/chunks/0aus_next_dist_00tg.dm._.js:1945
[    3088ms] [ERROR] ./app/globals.css:11976:25
Parsing CSS source code failed
  11974 |   }
  11975 |   .\[\@media\(hover\:hover\)and\(pointer\:fine\)\]\:block {
> 11976 |     @media (hover:hover)and(pointer:fine) {
        |                         ^
  11977 |       display: block;
  11978 |     }
  11979 |   }

Unexpected token Function("and")

Generated code of PostCSS transform of file content of app/globals.css:
./app/globals.css:11976:25
  11974 |   }
  11975 |   .\[\@media\(hover\:hover\)and\(pointer\:fine\)\]\:block {
> 11976 |     @media (hover:hover)and(pointer:fine) {
        |                         ^
  11977 |       display: block;
  11978 |     }
  11979 |   }

Import trace:
  Client Component Browser:
    ./app/globals.css [Client Component Browser]
    ./app/layout.tsx [Server Component] @ http://localhost:4200/_next/static/chunks/0aus_next_dist_00tg.dm._.js:1945
[    3154ms] [ERROR] ./app/globals.css:11976:25
Parsing CSS source code failed
  11974 |   }
  11975 |   .\[\@media\(hover\:hover\)and\(pointer\:fine\)\]\:block {
> 11976 |     @media (hover:hover)and(pointer:fine) {
        |                         ^
  11977 |       display: block;
  11978 |     }
  11979 |   }

Unexpected token Function("and")

Generated code of PostCSS transform of file content of app/globals.css:
./app/globals.css:11976:25
  11974 |   }
  11975 |   .\[\@media\(hover\:hover\)and\(pointer\:fine\)\]\:block {
> 11976 |     @media (hover:hover)and(pointer:fine) {
        |                         ^
  11977 |       display: block;
  11978 |     }
  11979 |   }

Import trace:
  Client Component Browser:
    ./app/globals.css [Client Component Browser]
    ./app/layout.tsx [Server Component] @ http://localhost:4200/_next/static/chunks/0aus_next_dist_00tg.dm._.js:1945
[    3218ms] [ERROR] ./app/globals.css:11976:25
Parsing CSS source code failed
  11974 |   }
  11975 |   .\[\@media\(hover\:hover\)and\(pointer\:fine\)\]\:block {
> 11976 |     @media (hover:hover)and(pointer:fine) {
        |                         ^
  11977 |       display: block;
  11978 |     }
  11979 |   }

Unexpected token Function("and")

Generated code of PostCSS transform of file content of app/globals.css:
./app/globals.css:11976:25
  11974 |   }
  11975 |   .\[\@media\(hover\:hover\)and\(pointer\:fine\)\]\:block {
> 11976 |     @media (hover:hover)and(pointer:fine) {
        |                         ^
  11977 |       display: block;
  11978 |     }
  11979 |   }

Import trace:
  Client Component Browser:
    ./app/globals.css [Client Component Browser]
    ./app/layout.tsx [Server Component] @ http://localhost:4200/_next/static/chunks/0aus_next_dist_00tg.dm._.js:1945
[    3280ms] [ERROR] ./app/globals.css:11976:25
Parsing CSS source code failed
  11974 |   }
  11975 |   .\[\@media\(hover\:hover\)and\(pointer\:fine\)\]\:block {
> 11976 |     @media (hover:hover)and(pointer:fine) {
        |                         ^
  11977 |       display: block;
  11978 |     }
  11979 |   }

Unexpected token Function("and")

Generated code of PostCSS transform of file content of app/globals.css:
./app/globals.css:11976:25
  11974 |   }
  11975 |   .\[\@media\(hover\:hover\)and\(pointer\:fine\)\]\:block {
> 11976 |     @media (hover:hover)and(pointer:fine) {
        |                         ^
  11977 |       display: block;
  11978 |     }
  11979 |   }

Import trace:
  Client Component Browser:
    ./app/globals.css [Client Component Browser]
    ./app/layout.tsx [Server Component] @ http://localhost:4200/_next/static/chunks/0aus_next_dist_00tg.dm._.js:1945
[    3343ms] [ERROR] ./app/globals.css:11976:25
Parsing CSS source code failed
  11974 |   }
  11975 |   .\[\@media\(hover\:hover\)and\(pointer\:fine\)\]\:block {
> 11976 |     @media (hover:hover)and(pointer:fine) {
        |                         ^
  11977 |       display: block;
  11978 |     }
  11979 |   }

Unexpected token Function("and")

Generated code of PostCSS transform of file content of app/globals.css:
./app/globals.css:11976:25
  11974 |   }
  11975 |   .\[\@media\(hover\:hover\)and\(pointer\:fine\)\]\:block {
> 11976 |     @media (hover:hover)and(pointer:fine) {
        |                         ^
  11977 |       display: block;
  11978 |     }
  11979 |   }

Import trace:
  Client Component Browser:
    ./app/globals.css [Client Component Browser]
    ./app/layout.tsx [Server Component] @ http://localhost:4200/_next/static/chunks/0aus_next_dist_00tg.dm._.js:1945
[    3406ms] [ERROR] ./app/globals.css:11976:25
Parsing CSS source code failed
  11974 |   }
  11975 |   .\[\@media\(hover\:hover\)and\(pointer\:fine\)\]\:block {
> 11976 |     @media (hover:hover)and(pointer:fine) {
        |                         ^
  11977 |       display: block;
  11978 |     }
  11979 |   }

Unexpected token Function("and")

Generated code of PostCSS transform of file content of app/globals.css:
./app/globals.css:11976:25
  11974 |   }
  11975 |   .\[\@media\(hover\:hover\)and\(pointer\:fine\)\]\:block {
> 11976 |     @media (hover:hover)and(pointer:fine) {
        |                         ^
  11977 |       display: block;
  11978 |     }
  11979 |   }

Import trace:
  Client Component Browser:
    ./app/globals.css [Client Component Browser]
    ./app/layout.tsx [Server Component] @ http://localhost:4200/_next/static/chunks/0aus_next_dist_00tg.dm._.js:1945
[    3470ms] [ERROR] ./app/globals.css:11976:25
Parsing CSS source code failed
  11974 |   }
  11975 |   .\[\@media\(hover\:hover\)and\(pointer\:fine\)\]\:block {
> 11976 |     @media (hover:hover)and(pointer:fine) {
        |                         ^
  11977 |       display: block;
  11978 |     }
  11979 |   }

Unexpected token Function("and")

Generated code of PostCSS transform of file content of app/globals.css:
./app/globals.css:11976:25
  11974 |   }
  11975 |   .\[\@media\(hover\:hover\)and\(pointer\:fine\)\]\:block {
> 11976 |     @media (hover:hover)and(pointer:fine) {
        |                         ^
  11977 |       display: block;
  11978 |     }
  11979 |   }

Import trace:
  Client Component Browser:
    ./app/globals.css [Client Component Browser]
    ./app/layout.tsx [Server Component] @ http://localhost:4200/_next/static/chunks/0aus_next_dist_00tg.dm._.js:1945
[    3532ms] [ERROR] ./app/globals.css:11976:25
Parsing CSS source code failed
  11974 |   }
  11975 |   .\[\@media\(hover\:hover\)and\(pointer\:fine\)\]\:block {
> 11976 |     @media (hover:hover)and(pointer:fine) {
        |                         ^
  11977 |       display: block;
  11978 |     }
  11979 |   }

Unexpected token Function("and")

Generated code of PostCSS transform of file content of app/globals.css:
./app/globals.css:11976:25
  11974 |   }
  11975 |   .\[\@media\(hover\:hover\)and\(pointer\:fine\)\]\:block {
> 11976 |     @media (hover:hover)and(pointer:fine) {
        |                         ^
  11977 |       display: block;
  11978 |     }
  11979 |   }

Import trace:
  Client Component Browser:
    ./app/globals.css [Client Component Browser]
    ./app/layout.tsx [Server Component] @ http://localhost:4200/_next/static/chunks/0aus_next_dist_00tg.dm._.js:1945
[    3596ms] [ERROR] ./app/globals.css:11976:25
Parsing CSS source code failed
  11974 |   }
  11975 |   .\[\@media\(hover\:hover\)and\(pointer\:fine\)\]\:block {
> 11976 |     @media (hover:hover)and(pointer:fine) {
        |                         ^
  11977 |       display: block;
  11978 |     }
  11979 |   }

Unexpected token Function("and")

Generated code of PostCSS transform of file content of app/globals.css:
./app/globals.css:11976:25
  11974 |   }
  11975 |   .\[\@media\(hover\:hover\)and\(pointer\:fine\)\]\:block {
> 11976 |     @media (hover:hover)and(pointer:fine) {
        |                         ^
  11977 |       display: block;
  11978 |     }
  11979 |   }

Import trace:
  Client Component Browser:
    ./app/globals.css [Client Component Browser]
    ./app/layout.tsx [Server Component] @ http://localhost:4200/_next/static/chunks/0aus_next_dist_00tg.dm._.js:1945
[    3662ms] [ERROR] ./app/globals.css:11976:25
Parsing CSS source code failed
  11974 |   }
  11975 |   .\[\@media\(hover\:hover\)and\(pointer\:fine\)\]\:block {
> 11976 |     @media (hover:hover)and(pointer:fine) {
        |                         ^
  11977 |       display: block;
  11978 |     }
  11979 |   }

Unexpected token Function("and")

Generated code of PostCSS transform of file content of app/globals.css:
./app/globals.css:11976:25
  11974 |   }
  11975 |   .\[\@media\(hover\:hover\)and\(pointer\:fine\)\]\:block {
> 11976 |     @media (hover:hover)and(pointer:fine) {
        |                         ^
  11977 |       display: block;
  11978 |     }
  11979 |   }

Import trace:
  Client Component Browser:
    ./app/globals.css [Client Component Browser]
    ./app/layout.tsx [Server Component] @ http://localhost:4200/_next/static/chunks/0aus_next_dist_00tg.dm._.js:1945
[    3726ms] [ERROR] ./app/globals.css:11976:25
Parsing CSS source code failed
  11974 |   }
  11975 |   .\[\@media\(hover\:hover\)and\(pointer\:fine\)\]\:block {
> 11976 |     @media (hover:hover)and(pointer:fine) {
        |                         ^
  11977 |       display: block;
  11978 |     }
  11979 |   }

Unexpected token Function("and")

Generated code of PostCSS transform of file content of app/globals.css:
./app/globals.css:11976:25
  11974 |   }
  11975 |   .\[\@media\(hover\:hover\)and\(pointer\:fine\)\]\:block {
> 11976 |     @media (hover:hover)and(pointer:fine) {
        |                         ^
  11977 |       display: block;
  11978 |     }
  11979 |   }

Import trace:
  Client Component Browser:
    ./app/globals.css [Client Component Browser]
    ./app/layout.tsx [Server Component] @ http://localhost:4200/_next/static/chunks/0aus_next_dist_00tg.dm._.js:1945
[    3790ms] [ERROR] ./app/globals.css:11976:25
Parsing CSS source code failed
  11974 |   }
  11975 |   .\[\@media\(hover\:hover\)and\(pointer\:fine\)\]\:block {
> 11976 |     @media (hover:hover)and(pointer:fine) {
        |                         ^
  11977 |       display: block;
  11978 |     }
  11979 |   }

Unexpected token Function("and")

Generated code of PostCSS transform of file content of app/globals.css:
./app/globals.css:11976:25
  11974 |   }
  11975 |   .\[\@media\(hover\:hover\)and\(pointer\:fine\)\]\:block {
> 11976 |     @media (hover:hover)and(pointer:fine) {
        |                         ^
  11977 |       display: block;
  11978 |     }
  11979 |   }

Import trace:
  Client Component Browser:
    ./app/globals.css [Client Component Browser]
    ./app/layout.tsx [Server Component] @ http://localhost:4200/_next/static/chunks/0aus_next_dist_00tg.dm._.js:1945
[    3855ms] [ERROR] ./app/globals.css:11976:25
Parsing CSS source code failed
  11974 |   }
  11975 |   .\[\@media\(hover\:hover\)and\(pointer\:fine\)\]\:block {
> 11976 |     @media (hover:hover)and(pointer:fine) {
        |                         ^
  11977 |       display: block;
  11978 |     }
  11979 |   }

Unexpected token Function("and")

Generated code of PostCSS transform of file content of app/globals.css:
./app/globals.css:11976:25
  11974 |   }
  11975 |   .\[\@media\(hover\:hover\)and\(pointer\:fine\)\]\:block {
> 11976 |     @media (hover:hover)and(pointer:fine) {
        |                         ^
  11977 |       display: block;
  11978 |     }
  11979 |   }

Import trace:
  Client Component Browser:
    ./app/globals.css [Client Component Browser]
    ./app/layout.tsx [Server Component] @ http://localhost:4200/_next/static/chunks/0aus_next_dist_00tg.dm._.js:1945
[    3920ms] [ERROR] ./app/globals.css:11976:25
Parsing CSS source code failed
  11974 |   }
  11975 |   .\[\@media\(hover\:hover\)and\(pointer\:fine\)\]\:block {
> 11976 |     @media (hover:hover)and(pointer:fine) {
        |                         ^
  11977 |       display: block;
  11978 |     }
  11979 |   }

Unexpected token Function("and")

Generated code of PostCSS transform of file content of app/globals.css:
./app/globals.css:11976:25
  11974 |   }
  11975 |   .\[\@media\(hover\:hover\)and\(pointer\:fine\)\]\:block {
> 11976 |     @media (hover:hover)and(pointer:fine) {
        |                         ^
  11977 |       display: block;
  11978 |     }
  11979 |   }

Import trace:
  Client Component Browser:
    ./app/globals.css [Client Component Browser]
    ./app/layout.tsx [Server Component] @ http://localhost:4200/_next/static/chunks/0aus_next_dist_00tg.dm._.js:1945
[    3983ms] [ERROR] ./app/globals.css:11976:25
Parsing CSS source code failed
  11974 |   }
  11975 |   .\[\@media\(hover\:hover\)and\(pointer\:fine\)\]\:block {
> 11976 |     @media (hover:hover)and(pointer:fine) {
        |                         ^
  11977 |       display: block;
  11978 |     }
  11979 |   }

Unexpected token Function("and")

Generated code of PostCSS transform of file content of app/globals.css:
./app/globals.css:11976:25
  11974 |   }
  11975 |   .\[\@media\(hover\:hover\)and\(pointer\:fine\)\]\:block {
> 11976 |     @media (hover:hover)and(pointer:fine) {
        |                         ^
  11977 |       display: block;
  11978 |     }
  11979 |   }

Import trace:
  Client Component Browser:
    ./app/globals.css [Client Component Browser]
    ./app/layout.tsx [Server Component] @ http://localhost:4200/_next/static/chunks/0aus_next_dist_00tg.dm._.js:1945
[    4049ms] [ERROR] ./app/globals.css:11976:25
Parsing CSS source code failed
  11974 |   }
  11975 |   .\[\@media\(hover\:hover\)and\(pointer\:fine\)\]\:block {
> 11976 |     @media (hover:hover)and(pointer:fine) {
        |                         ^
  11977 |       display: block;
  11978 |     }
  11979 |   }

Unexpected token Function("and")

Generated code of PostCSS transform of file content of app/globals.css:
./app/globals.css:11976:25
  11974 |   }
  11975 |   .\[\@media\(hover\:hover\)and\(pointer\:fine\)\]\:block {
> 11976 |     @media (hover:hover)and(pointer:fine) {
        |                         ^
  11977 |       display: block;
  11978 |     }
  11979 |   }

Import trace:
  Client Component Browser:
    ./app/globals.css [Client Component Browser]
    ./app/layout.tsx [Server Component] @ http://localhost:4200/_next/static/chunks/0aus_next_dist_00tg.dm._.js:1945
[    4114ms] [ERROR] ./app/globals.css:11976:25
Parsing CSS source code failed
  11974 |   }
  11975 |   .\[\@media\(hover\:hover\)and\(pointer\:fine\)\]\:block {
> 11976 |     @media (hover:hover)and(pointer:fine) {
        |                         ^
  11977 |       display: block;
  11978 |     }
  11979 |   }

Unexpected token Function("and")

Generated code of PostCSS transform of file content of app/globals.css:
./app/globals.css:11976:25
  11974 |   }
  11975 |   .\[\@media\(hover\:hover\)and\(pointer\:fine\)\]\:block {
> 11976 |     @media (hover:hover)and(pointer:fine) {
        |                         ^
  11977 |       display: block;
  11978 |     }
  11979 |   }

Import trace:
  Client Component Browser:
    ./app/globals.css [Client Component Browser]
    ./app/layout.tsx [Server Component] @ http://localhost:4200/_next/static/chunks/0aus_next_dist_00tg.dm._.js:1945
[    4175ms] [ERROR] ./app/globals.css:11976:25
Parsing CSS source code failed
  11974 |   }
  11975 |   .\[\@media\(hover\:hover\)and\(pointer\:fine\)\]\:block {
> 11976 |     @media (hover:hover)and(pointer:fine) {
        |                         ^
  11977 |       display: block;
  11978 |     }
  11979 |   }

Unexpected token Function("and")

Generated code of PostCSS transform of file content of app/globals.css:
./app/globals.css:11976:25
  11974 |   }
  11975 |   .\[\@media\(hover\:hover\)and\(pointer\:fine\)\]\:block {
> 11976 |     @media (hover:hover)and(pointer:fine) {
        |                         ^
  11977 |       display: block;
  11978 |     }
  11979 |   }

Import trace:
  Client Component Browser:
    ./app/globals.css [Client Component Browser]
    ./app/layout.tsx [Server Component] @ http://localhost:4200/_next/static/chunks/0aus_next_dist_00tg.dm._.js:1945
[    4237ms] [ERROR] ./app/globals.css:11976:25
Parsing CSS source code failed
  11974 |   }
  11975 |   .\[\@media\(hover\:hover\)and\(pointer\:fine\)\]\:block {
> 11976 |     @media (hover:hover)and(pointer:fine) {
        |                         ^
  11977 |       display: block;
  11978 |     }
  11979 |   }

Unexpected token Function("and")

Generated code of PostCSS transform of file content of app/globals.css:
./app/globals.css:11976:25
  11974 |   }
  11975 |   .\[\@media\(hover\:hover\)and\(pointer\:fine\)\]\:block {
> 11976 |     @media (hover:hover)and(pointer:fine) {
        |                         ^
  11977 |       display: block;
  11978 |     }
  11979 |   }

Import trace:
  Client Component Browser:
    ./app/globals.css [Client Component Browser]
    ./app/layout.tsx [Server Component] @ http://localhost:4200/_next/static/chunks/0aus_next_dist_00tg.dm._.js:1945
[    4299ms] [ERROR] ./app/globals.css:11976:25
Parsing CSS source code failed
  11974 |   }
  11975 |   .\[\@media\(hover\:hover\)and\(pointer\:fine\)\]\:block {
> 11976 |     @media (hover:hover)and(pointer:fine) {
        |                         ^
  11977 |       display: block;
  11978 |     }
  11979 |   }

Unexpected token Function("and")

Generated code of PostCSS transform of file content of app/globals.css:
./app/globals.css:11976:25
  11974 |   }
  11975 |   .\[\@media\(hover\:hover\)and\(pointer\:fine\)\]\:block {
> 11976 |     @media (hover:hover)and(pointer:fine) {
        |                         ^
  11977 |       display: block;
  11978 |     }
  11979 |   }

Import trace:
  Client Component Browser:
    ./app/globals.css [Client Component Browser]
    ./app/layout.tsx [Server Component] @ http://localhost:4200/_next/static/chunks/0aus_next_dist_00tg.dm._.js:1945
[    4361ms] [ERROR] ./app/globals.css:11976:25
Parsing CSS source code failed
  11974 |   }
  11975 |   .\[\@media\(hover\:hover\)and\(pointer\:fine\)\]\:block {
> 11976 |     @media (hover:hover)and(pointer:fine) {
        |                         ^
  11977 |       display: block;
  11978 |     }
  11979 |   }

Unexpected token Function("and")

Generated code of PostCSS transform of file content of app/globals.css:
./app/globals.css:11976:25
  11974 |   }
  11975 |   .\[\@media\(hover\:hover\)and\(pointer\:fine\)\]\:block {
> 11976 |     @media (hover:hover)and(pointer:fine) {
        |                         ^
  11977 |       display: block;
  11978 |     }
  11979 |   }

Import trace:
  Client Component Browser:
    ./app/globals.css [Client Component Browser]
    ./app/layout.tsx [Server Component] @ http://localhost:4200/_next/static/chunks/0aus_next_dist_00tg.dm._.js:1945
[    4425ms] [ERROR] ./app/globals.css:11976:25
Parsing CSS source code failed
  11974 |   }
  11975 |   .\[\@media\(hover\:hover\)and\(pointer\:fine\)\]\:block {
> 11976 |     @media (hover:hover)and(pointer:fine) {
        |                         ^
  11977 |       display: block;
  11978 |     }
  11979 |   }

Unexpected token Function("and")

Generated code of PostCSS transform of file content of app/globals.css:
./app/globals.css:11976:25
  11974 |   }
  11975 |   .\[\@media\(hover\:hover\)and\(pointer\:fine\)\]\:block {
> 11976 |     @media (hover:hover)and(pointer:fine) {
        |                         ^
  11977 |       display: block;
  11978 |     }
  11979 |   }

Import trace:
  Client Component Browser:
    ./app/globals.css [Client Component Browser]
    ./app/layout.tsx [Server Component] @ http://localhost:4200/_next/static/chunks/0aus_next_dist_00tg.dm._.js:1945
[    4486ms] [ERROR] ./app/globals.css:11976:25
Parsing CSS source code failed
  11974 |   }
  11975 |   .\[\@media\(hover\:hover\)and\(pointer\:fine\)\]\:block {
> 11976 |     @media (hover:hover)and(pointer:fine) {
        |                         ^
  11977 |       display: block;
  11978 |     }
  11979 |   }

Unexpected token Function("and")

Generated code of PostCSS transform of file content of app/globals.css:
./app/globals.css:11976:25
  11974 |   }
  11975 |   .\[\@media\(hover\:hover\)and\(pointer\:fine\)\]\:block {
> 11976 |     @media (hover:hover)and(pointer:fine) {
        |                         ^
  11977 |       display: block;
  11978 |     }
  11979 |   }

Import trace:
  Client Component Browser:
    ./app/globals.css [Client Component Browser]
    ./app/layout.tsx [Server Component] @ http://localhost:4200/_next/static/chunks/0aus_next_dist_00tg.dm._.js:1945
[    4548ms] [ERROR] ./app/globals.css:11976:25
Parsing CSS source code failed
  11974 |   }
  11975 |   .\[\@media\(hover\:hover\)and\(pointer\:fine\)\]\:block {
> 11976 |     @media (hover:hover)and(pointer:fine) {
        |                         ^
  11977 |       display: block;
  11978 |     }
  11979 |   }

Unexpected token Function("and")

Generated code of PostCSS transform of file content of app/globals.css:
./app/globals.css:11976:25
  11974 |   }
  11975 |   .\[\@media\(hover\:hover\)and\(pointer\:fine\)\]\:block {
> 11976 |     @media (hover:hover)and(pointer:fine) {
        |                         ^
  11977 |       display: block;
  11978 |     }
  11979 |   }

Import trace:
  Client Component Browser:
    ./app/globals.css [Client Component Browser]
    ./app/layout.tsx [Server Component] @ http://localhost:4200/_next/static/chunks/0aus_next_dist_00tg.dm._.js:1945
[    4610ms] [ERROR] ./app/globals.css:11976:25
Parsing CSS source code failed
  11974 |   }
  11975 |   .\[\@media\(hover\:hover\)and\(pointer\:fine\)\]\:block {
> 11976 |     @media (hover:hover)and(pointer:fine) {
        |                         ^
  11977 |       display: block;
  11978 |     }
  11979 |   }

Unexpected token Function("and")

Generated code of PostCSS transform of file content of app/globals.css:
./app/globals.css:11976:25
  11974 |   }
  11975 |   .\[\@media\(hover\:hover\)and\(pointer\:fine\)\]\:block {
> 11976 |     @media (hover:hover)and(pointer:fine) {
        |                         ^
  11977 |       display: block;
  11978 |     }
  11979 |   }

Import trace:
  Client Component Browser:
    ./app/globals.css [Client Component Browser]
    ./app/layout.tsx [Server Component] @ http://localhost:4200/_next/static/chunks/0aus_next_dist_00tg.dm._.js:1945
[    4672ms] [ERROR] ./app/globals.css:11976:25
Parsing CSS source code failed
  11974 |   }
  11975 |   .\[\@media\(hover\:hover\)and\(pointer\:fine\)\]\:block {
> 11976 |     @media (hover:hover)and(pointer:fine) {
        |                         ^
  11977 |       display: block;
  11978 |     }
  11979 |   }

Unexpected token Function("and")

Generated code of PostCSS transform of file content of app/globals.css:
./app/globals.css:11976:25
  11974 |   }
  11975 |   .\[\@media\(hover\:hover\)and\(pointer\:fine\)\]\:block {
> 11976 |     @media (hover:hover)and(pointer:fine) {
        |                         ^
  11977 |       display: block;
  11978 |     }
  11979 |   }

Import trace:
  Client Component Browser:
    ./app/globals.css [Client Component Browser]
    ./app/layout.tsx [Server Component] @ http://localhost:4200/_next/static/chunks/0aus_next_dist_00tg.dm._.js:1945
[    4737ms] [ERROR] ./app/globals.css:11976:25
Parsing CSS source code failed
  11974 |   }
  11975 |   .\[\@media\(hover\:hover\)and\(pointer\:fine\)\]\:block {
> 11976 |     @media (hover:hover)and(pointer:fine) {
        |                         ^
  11977 |       display: block;
  11978 |     }
  11979 |   }

Unexpected token Function("and")

Generated code of PostCSS transform of file content of app/globals.css:
./app/globals.css:11976:25
  11974 |   }
  11975 |   .\[\@media\(hover\:hover\)and\(pointer\:fine\)\]\:block {
> 11976 |     @media (hover:hover)and(pointer:fine) {
        |                         ^
  11977 |       display: block;
  11978 |     }
  11979 |   }

Import trace:
  Client Component Browser:
    ./app/globals.css [Client Component Browser]
    ./app/layout.tsx [Server Component] @ http://localhost:4200/_next/static/chunks/0aus_next_dist_00tg.dm._.js:1945
[    4799ms] [ERROR] ./app/globals.css:11976:25
Parsing CSS source code failed
  11974 |   }
  11975 |   .\[\@media\(hover\:hover\)and\(pointer\:fine\)\]\:block {
> 11976 |     @media (hover:hover)and(pointer:fine) {
        |                         ^
  11977 |       display: block;
  11978 |     }
  11979 |   }

Unexpected token Function("and")

Generated code of PostCSS transform of file content of app/globals.css:
./app/globals.css:11976:25
  11974 |   }
  11975 |   .\[\@media\(hover\:hover\)and\(pointer\:fine\)\]\:block {
> 11976 |     @media (hover:hover)and(pointer:fine) {
        |                         ^
  11977 |       display: block;
  11978 |     }
  11979 |   }

Import trace:
  Client Component Browser:
    ./app/globals.css [Client Component Browser]
    ./app/layout.tsx [Server Component] @ http://localhost:4200/_next/static/chunks/0aus_next_dist_00tg.dm._.js:1945
[    4862ms] [ERROR] ./app/globals.css:11976:25
Parsing CSS source code failed
  11974 |   }
  11975 |   .\[\@media\(hover\:hover\)and\(pointer\:fine\)\]\:block {
> 11976 |     @media (hover:hover)and(pointer:fine) {
        |                         ^
  11977 |       display: block;
  11978 |     }
  11979 |   }

Unexpected token Function("and")

Generated code of PostCSS transform of file content of app/globals.css:
./app/globals.css:11976:25
  11974 |   }
  11975 |   .\[\@media\(hover\:hover\)and\(pointer\:fine\)\]\:block {
> 11976 |     @media (hover:hover)and(pointer:fine) {
        |                         ^
  11977 |       display: block;
  11978 |     }
  11979 |   }

Import trace:
  Client Component Browser:
    ./app/globals.css [Client Component Browser]
    ./app/layout.tsx [Server Component] @ http://localhost:4200/_next/static/chunks/0aus_next_dist_00tg.dm._.js:1945
[    4924ms] [ERROR] ./app/globals.css:11976:25
Parsing CSS source code failed
  11974 |   }
  11975 |   .\[\@media\(hover\:hover\)and\(pointer\:fine\)\]\:block {
> 11976 |     @media (hover:hover)and(pointer:fine) {
        |                         ^
  11977 |       display: block;
  11978 |     }
  11979 |   }

Unexpected token Function("and")

Generated code of PostCSS transform of file content of app/globals.css:
./app/globals.css:11976:25
  11974 |   }
  11975 |   .\[\@media\(hover\:hover\)and\(pointer\:fine\)\]\:block {
> 11976 |     @media (hover:hover)and(pointer:fine) {
        |                         ^
  11977 |       display: block;
  11978 |     }
  11979 |   }

Import trace:
  Client Component Browser:
    ./app/globals.css [Client Component Browser]
    ./app/layout.tsx [Server Component] @ http://localhost:4200/_next/static/chunks/0aus_next_dist_00tg.dm._.js:1945
[    4987ms] [ERROR] ./app/globals.css:11976:25
Parsing CSS source code failed
  11974 |   }
  11975 |   .\[\@media\(hover\:hover\)and\(pointer\:fine\)\]\:block {
> 11976 |     @media (hover:hover)and(pointer:fine) {
        |                         ^
  11977 |       display: block;
  11978 |     }
  11979 |   }

Unexpected token Function("and")

Generated code of PostCSS transform of file content of app/globals.css:
./app/globals.css:11976:25
  11974 |   }
  11975 |   .\[\@media\(hover\:hover\)and\(pointer\:fine\)\]\:block {
> 11976 |     @media (hover:hover)and(pointer:fine) {
        |                         ^
  11977 |       display: block;
  11978 |     }
  11979 |   }

Import trace:
  Client Component Browser:
    ./app/globals.css [Client Component Browser]
    ./app/layout.tsx [Server Component] @ http://localhost:4200/_next/static/chunks/0aus_next_dist_00tg.dm._.js:1945
[    5049ms] [ERROR] ./app/globals.css:11976:25
Parsing CSS source code failed
  11974 |   }
  11975 |   .\[\@media\(hover\:hover\)and\(pointer\:fine\)\]\:block {
> 11976 |     @media (hover:hover)and(pointer:fine) {
        |                         ^
  11977 |       display: block;
  11978 |     }
  11979 |   }

Unexpected token Function("and")

Generated code of PostCSS transform of file content of app/globals.css:
./app/globals.css:11976:25
  11974 |   }
  11975 |   .\[\@media\(hover\:hover\)and\(pointer\:fine\)\]\:block {
> 11976 |     @media (hover:hover)and(pointer:fine) {
        |                         ^
  11977 |       display: block;
  11978 |     }
  11979 |   }

Import trace:
  Client Component Browser:
    ./app/globals.css [Client Component Browser]
    ./app/layout.tsx [Server Component] @ http://localhost:4200/_next/static/chunks/0aus_next_dist_00tg.dm._.js:1945
[    5113ms] [ERROR] ./app/globals.css:11976:25
Parsing CSS source code failed
  11974 |   }
  11975 |   .\[\@media\(hover\:hover\)and\(pointer\:fine\)\]\:block {
> 11976 |     @media (hover:hover)and(pointer:fine) {
        |                         ^
  11977 |       display: block;
  11978 |     }
  11979 |   }

Unexpected token Function("and")

Generated code of PostCSS transform of file content of app/globals.css:
./app/globals.css:11976:25
  11974 |   }
  11975 |   .\[\@media\(hover\:hover\)and\(pointer\:fine\)\]\:block {
> 11976 |     @media (hover:hover)and(pointer:fine) {
        |                         ^
  11977 |       display: block;
  11978 |     }
  11979 |   }

Import trace:
  Client Component Browser:
    ./app/globals.css [Client Component Browser]
    ./app/layout.tsx [Server Component] @ http://localhost:4200/_next/static/chunks/0aus_next_dist_00tg.dm._.js:1945
[    5177ms] [ERROR] ./app/globals.css:11976:25
Parsing CSS source code failed
  11974 |   }
  11975 |   .\[\@media\(hover\:hover\)and\(pointer\:fine\)\]\:block {
> 11976 |     @media (hover:hover)and(pointer:fine) {
        |                         ^
  11977 |       display: block;
  11978 |     }
  11979 |   }

Unexpected token Function("and")

Generated code of PostCSS transform of file content of app/globals.css:
./app/globals.css:11976:25
  11974 |   }
  11975 |   .\[\@media\(hover\:hover\)and\(pointer\:fine\)\]\:block {
> 11976 |     @media (hover:hover)and(pointer:fine) {
        |                         ^
  11977 |       display: block;
  11978 |     }
  11979 |   }

Import trace:
  Client Component Browser:
    ./app/globals.css [Client Component Browser]
    ./app/layout.tsx [Server Component] @ http://localhost:4200/_next/static/chunks/0aus_next_dist_00tg.dm._.js:1945
[    5242ms] [ERROR] ./app/globals.css:11976:25
Parsing CSS source code failed
  11974 |   }
  11975 |   .\[\@media\(hover\:hover\)and\(pointer\:fine\)\]\:block {
> 11976 |     @media (hover:hover)and(pointer:fine) {
        |                         ^
  11977 |       display: block;
  11978 |     }
  11979 |   }

Unexpected token Function("and")

Generated code of PostCSS transform of file content of app/globals.css:
./app/globals.css:11976:25
  11974 |   }
  11975 |   .\[\@media\(hover\:hover\)and\(pointer\:fine\)\]\:block {
> 11976 |     @media (hover:hover)and(pointer:fine) {
        |                         ^
  11977 |       display: block;
  11978 |     }
  11979 |   }

Import trace:
  Client Component Browser:
    ./app/globals.css [Client Component Browser]
    ./app/layout.tsx [Server Component] @ http://localhost:4200/_next/static/chunks/0aus_next_dist_00tg.dm._.js:1945
[    5306ms] [ERROR] ./app/globals.css:11976:25
Parsing CSS source code failed
  11974 |   }
  11975 |   .\[\@media\(hover\:hover\)and\(pointer\:fine\)\]\:block {
> 11976 |     @media (hover:hover)and(pointer:fine) {
        |                         ^
  11977 |       display: block;
  11978 |     }
  11979 |   }

Unexpected token Function("and")

Generated code of PostCSS transform of file content of app/globals.css:
./app/globals.css:11976:25
  11974 |   }
  11975 |   .\[\@media\(hover\:hover\)and\(pointer\:fine\)\]\:block {
> 11976 |     @media (hover:hover)and(pointer:fine) {
        |                         ^
  11977 |       display: block;
  11978 |     }
  11979 |   }

Import trace:
  Client Component Browser:
    ./app/globals.css [Client Component Browser]
    ./app/layout.tsx [Server Component] @ http://localhost:4200/_next/static/chunks/0aus_next_dist_00tg.dm._.js:1945
[    5371ms] [ERROR] ./app/globals.css:11976:25
Parsing CSS source code failed
  11974 |   }
  11975 |   .\[\@media\(hover\:hover\)and\(pointer\:fine\)\]\:block {
> 11976 |     @media (hover:hover)and(pointer:fine) {
        |                         ^
  11977 |       display: block;
  11978 |     }
  11979 |   }

Unexpected token Function("and")

Generated code of PostCSS transform of file content of app/globals.css:
./app/globals.css:11976:25
  11974 |   }
  11975 |   .\[\@media\(hover\:hover\)and\(pointer\:fine\)\]\:block {
> 11976 |     @media (hover:hover)and(pointer:fine) {
        |                         ^
  11977 |       display: block;
  11978 |     }
  11979 |   }

Import trace:
  Client Component Browser:
    ./app/globals.css [Client Component Browser]
    ./app/layout.tsx [Server Component] @ http://localhost:4200/_next/static/chunks/0aus_next_dist_00tg.dm._.js:1945
[    5435ms] [ERROR] ./app/globals.css:11976:25
Parsing CSS source code failed
  11974 |   }
  11975 |   .\[\@media\(hover\:hover\)and\(pointer\:fine\)\]\:block {
> 11976 |     @media (hover:hover)and(pointer:fine) {
        |                         ^
  11977 |       display: block;
  11978 |     }
  11979 |   }

Unexpected token Function("and")

Generated code of PostCSS transform of file content of app/globals.css:
./app/globals.css:11976:25
  11974 |   }
  11975 |   .\[\@media\(hover\:hover\)and\(pointer\:fine\)\]\:block {
> 11976 |     @media (hover:hover)and(pointer:fine) {
        |                         ^
  11977 |       display: block;
  11978 |     }
  11979 |   }

Import trace:
  Client Component Browser:
    ./app/globals.css [Client Component Browser]
    ./app/layout.tsx [Server Component] @ http://localhost:4200/_next/static/chunks/0aus_next_dist_00tg.dm._.js:1945
[    5500ms] [ERROR] ./app/globals.css:11976:25
Parsing CSS source code failed
  11974 |   }
  11975 |   .\[\@media\(hover\:hover\)and\(pointer\:fine\)\]\:block {
> 11976 |     @media (hover:hover)and(pointer:fine) {
        |                         ^
  11977 |       display: block;
  11978 |     }
  11979 |   }

Unexpected token Function("and")

Generated code of PostCSS transform of file content of app/globals.css:
./app/globals.css:11976:25
  11974 |   }
  11975 |   .\[\@media\(hover\:hover\)and\(pointer\:fine\)\]\:block {
> 11976 |     @media (hover:hover)and(pointer:fine) {
        |                         ^
  11977 |       display: block;
  11978 |     }
  11979 |   }

Import trace:
  Client Component Browser:
    ./app/globals.css [Client Component Browser]
    ./app/layout.tsx [Server Component] @ http://localhost:4200/_next/static/chunks/0aus_next_dist_00tg.dm._.js:1945
[    5565ms] [ERROR] ./app/globals.css:11976:25
Parsing CSS source code failed
  11974 |   }
  11975 |   .\[\@media\(hover\:hover\)and\(pointer\:fine\)\]\:block {
> 11976 |     @media (hover:hover)and(pointer:fine) {
        |                         ^
  11977 |       display: block;
  11978 |     }
  11979 |   }

Unexpected token Function("and")

Generated code of PostCSS transform of file content of app/globals.css:
./app/globals.css:11976:25
  11974 |   }
  11975 |   .\[\@media\(hover\:hover\)and\(pointer\:fine\)\]\:block {
> 11976 |     @media (hover:hover)and(pointer:fine) {
        |                         ^
  11977 |       display: block;
  11978 |     }
  11979 |   }

Import trace:
  Client Component Browser:
    ./app/globals.css [Client Component Browser]
    ./app/layout.tsx [Server Component] @ http://localhost:4200/_next/static/chunks/0aus_next_dist_00tg.dm._.js:1945
[    5629ms] [ERROR] ./app/globals.css:11976:25
Parsing CSS source code failed
  11974 |   }
  11975 |   .\[\@media\(hover\:hover\)and\(pointer\:fine\)\]\:block {
> 11976 |     @media (hover:hover)and(pointer:fine) {
        |                         ^
  11977 |       display: block;
  11978 |     }
  11979 |   }

Unexpected token Function("and")

Generated code of PostCSS transform of file content of app/globals.css:
./app/globals.css:11976:25
  11974 |   }
  11975 |   .\[\@media\(hover\:hover\)and\(pointer\:fine\)\]\:block {
> 11976 |     @media (hover:hover)and(pointer:fine) {
        |                         ^
  11977 |       display: block;
  11978 |     }
  11979 |   }

Import trace:
  Client Component Browser:
    ./app/globals.css [Client Component Browser]
    ./app/layout.tsx [Server Component] @ http://localhost:4200/_next/static/chunks/0aus_next_dist_00tg.dm._.js:1945
[    5693ms] [LOG] [Fast Refresh] rebuilding @ http://localhost:4200/_next/static/chunks/0aus_next_dist_00tg.dm._.js:1226
[    5756ms] [ERROR] ./app/globals.css:11976:25
Parsing CSS source code failed
  11974 |   }
  11975 |   .\[\@media\(hover\:hover\)and\(pointer\:fine\)\]\:block {
> 11976 |     @media (hover:hover)and(pointer:fine) {
        |                         ^
  11977 |       display: block;
  11978 |     }
  11979 |   }

Unexpected token Function("and")

Generated code of PostCSS transform of file content of app/globals.css:
./app/globals.css:11976:25
  11974 |   }
  11975 |   .\[\@media\(hover\:hover\)and\(pointer\:fine\)\]\:block {
> 11976 |     @media (hover:hover)and(pointer:fine) {
        |                         ^
  11977 |       display: block;
  11978 |     }
  11979 |   }

Import trace:
  Client Component Browser:
    ./app/globals.css [Client Component Browser]
    ./app/layout.tsx [Server Component] @ http://localhost:4200/_next/static/chunks/0aus_next_dist_00tg.dm._.js:1945
[    5816ms] [ERROR] ./app/globals.css:11976:25
Parsing CSS source code failed
  11974 |   }
  11975 |   .\[\@media\(hover\:hover\)and\(pointer\:fine\)\]\:block {
> 11976 |     @media (hover:hover)and(pointer:fine) {
        |                         ^
  11977 |       display: block;
  11978 |     }
  11979 |   }

Unexpected token Function("and")

Generated code of PostCSS transform of file content of app/globals.css:
./app/globals.css:11976:25
  11974 |   }
  11975 |   .\[\@media\(hover\:hover\)and\(pointer\:fine\)\]\:block {
> 11976 |     @media (hover:hover)and(pointer:fine) {
        |                         ^
  11977 |       display: block;
  11978 |     }
  11979 |   }

Import trace:
  Client Component Browser:
    ./app/globals.css [Client Component Browser]
    ./app/layout.tsx [Server Component] @ http://localhost:4200/_next/static/chunks/0aus_next_dist_00tg.dm._.js:1945
[    5877ms] [ERROR] ./app/globals.css:11976:25
Parsing CSS source code failed
  11974 |   }
  11975 |   .\[\@media\(hover\:hover\)and\(pointer\:fine\)\]\:block {
> 11976 |     @media (hover:hover)and(pointer:fine) {
        |                         ^
  11977 |       display: block;
  11978 |     }
  11979 |   }

Unexpected token Function("and")

Generated code of PostCSS transform of file content of app/globals.css:
./app/globals.css:11976:25
  11974 |   }
  11975 |   .\[\@media\(hover\:hover\)and\(pointer\:fine\)\]\:block {
> 11976 |     @media (hover:hover)and(pointer:fine) {
        |                         ^
  11977 |       display: block;
  11978 |     }
  11979 |   }

Import trace:
  Client Component Browser:
    ./app/globals.css [Client Component Browser]
    ./app/layout.tsx [Server Component] @ http://localhost:4200/_next/static/chunks/0aus_next_dist_00tg.dm._.js:1945
[    5940ms] [ERROR] ./app/globals.css:11976:25
Parsing CSS source code failed
  11974 |   }
  11975 |   .\[\@media\(hover\:hover\)and\(pointer\:fine\)\]\:block {
> 11976 |     @media (hover:hover)and(pointer:fine) {
        |                         ^
  11977 |       display: block;
  11978 |     }
  11979 |   }

Unexpected token Function("and")

Generated code of PostCSS transform of file content of app/globals.css:
./app/globals.css:11976:25
  11974 |   }
  11975 |   .\[\@media\(hover\:hover\)and\(pointer\:fine\)\]\:block {
> 11976 |     @media (hover:hover)and(pointer:fine) {
        |                         ^
  11977 |       display: block;
  11978 |     }
  11979 |   }

Import trace:
  Client Component Browser:
    ./app/globals.css [Client Component Browser]
    ./app/layout.tsx [Server Component] @ http://localhost:4200/_next/static/chunks/0aus_next_dist_00tg.dm._.js:1945
[    6003ms] [ERROR] ./app/globals.css:11976:25
Parsing CSS source code failed
  11974 |   }
  11975 |   .\[\@media\(hover\:hover\)and\(pointer\:fine\)\]\:block {
> 11976 |     @media (hover:hover)and(pointer:fine) {
        |                         ^
  11977 |       display: block;
  11978 |     }
  11979 |   }

Unexpected token Function("and")

Generated code of PostCSS transform of file content of app/globals.css:
./app/globals.css:11976:25
  11974 |   }
  11975 |   .\[\@media\(hover\:hover\)and\(pointer\:fine\)\]\:block {
> 11976 |     @media (hover:hover)and(pointer:fine) {
        |                         ^
  11977 |       display: block;
  11978 |     }
  11979 |   }

Import trace:
  Client Component Browser:
    ./app/globals.css [Client Component Browser]
    ./app/layout.tsx [Server Component] @ http://localhost:4200/_next/static/chunks/0aus_next_dist_00tg.dm._.js:1945
[    6067ms] [ERROR] ./app/globals.css:11976:25
Parsing CSS source code failed
  11974 |   }
  11975 |   .\[\@media\(hover\:hover\)and\(pointer\:fine\)\]\:block {
> 11976 |     @media (hover:hover)and(pointer:fine) {
        |                         ^
  11977 |       display: block;
  11978 |     }
  11979 |   }

Unexpected token Function("and")

Generated code of PostCSS transform of file content of app/globals.css:
./app/globals.css:11976:25
  11974 |   }
  11975 |   .\[\@media\(hover\:hover\)and\(pointer\:fine\)\]\:block {
> 11976 |     @media (hover:hover)and(pointer:fine) {
        |                         ^
  11977 |       display: block;
  11978 |     }
  11979 |   }

Import trace:
  Client Component Browser:
    ./app/globals.css [Client Component Browser]
    ./app/layout.tsx [Server Component] @ http://localhost:4200/_next/static/chunks/0aus_next_dist_00tg.dm._.js:1945
[    6130ms] [ERROR] ./app/globals.css:11976:25
Parsing CSS source code failed
  11974 |   }
  11975 |   .\[\@media\(hover\:hover\)and\(pointer\:fine\)\]\:block {
> 11976 |     @media (hover:hover)and(pointer:fine) {
        |                         ^
  11977 |       display: block;
  11978 |     }
  11979 |   }

Unexpected token Function("and")

Generated code of PostCSS transform of file content of app/globals.css:
./app/globals.css:11976:25
  11974 |   }
  11975 |   .\[\@media\(hover\:hover\)and\(pointer\:fine\)\]\:block {
> 11976 |     @media (hover:hover)and(pointer:fine) {
        |                         ^
  11977 |       display: block;
  11978 |     }
  11979 |   }

Import trace:
  Client Component Browser:
    ./app/globals.css [Client Component Browser]
    ./app/layout.tsx [Server Component] @ http://localhost:4200/_next/static/chunks/0aus_next_dist_00tg.dm._.js:1945
[    6193ms] [ERROR] ./app/globals.css:11976:25
Parsing CSS source code failed
  11974 |   }
  11975 |   .\[\@media\(hover\:hover\)and\(pointer\:fine\)\]\:block {
> 11976 |     @media (hover:hover)and(pointer:fine) {
        |                         ^
  11977 |       display: block;
  11978 |     }
  11979 |   }

Unexpected token Function("and")

Generated code of PostCSS transform of file content of app/globals.css:
./app/globals.css:11976:25
  11974 |   }
  11975 |   .\[\@media\(hover\:hover\)and\(pointer\:fine\)\]\:block {
> 11976 |     @media (hover:hover)and(pointer:fine) {
        |                         ^
  11977 |       display: block;
  11978 |     }
  11979 |   }

Import trace:
  Client Component Browser:
    ./app/globals.css [Client Component Browser]
    ./app/layout.tsx [Server Component] @ http://localhost:4200/_next/static/chunks/0aus_next_dist_00tg.dm._.js:1945
[    6257ms] [ERROR] ./app/globals.css:11976:25
Parsing CSS source code failed
  11974 |   }
  11975 |   .\[\@media\(hover\:hover\)and\(pointer\:fine\)\]\:block {
> 11976 |     @media (hover:hover)and(pointer:fine) {
        |                         ^
  11977 |       display: block;
  11978 |     }
  11979 |   }

Unexpected token Function("and")

Generated code of PostCSS transform of file content of app/globals.css:
./app/globals.css:11976:25
  11974 |   }
  11975 |   .\[\@media\(hover\:hover\)and\(pointer\:fine\)\]\:block {
> 11976 |     @media (hover:hover)and(pointer:fine) {
        |                         ^
  11977 |       display: block;
  11978 |     }
  11979 |   }

Import trace:
  Client Component Browser:
    ./app/globals.css [Client Component Browser]
    ./app/layout.tsx [Server Component] @ http://localhost:4200/_next/static/chunks/0aus_next_dist_00tg.dm._.js:1945
[    6322ms] [ERROR] ./app/globals.css:11976:25
Parsing CSS source code failed
  11974 |   }
  11975 |   .\[\@media\(hover\:hover\)and\(pointer\:fine\)\]\:block {
> 11976 |     @media (hover:hover)and(pointer:fine) {
        |                         ^
  11977 |       display: block;
  11978 |     }
  11979 |   }

Unexpected token Function("and")

Generated code of PostCSS transform of file content of app/globals.css:
./app/globals.css:11976:25
  11974 |   }
  11975 |   .\[\@media\(hover\:hover\)and\(pointer\:fine\)\]\:block {
> 11976 |     @media (hover:hover)and(pointer:fine) {
        |                         ^
  11977 |       display: block;
  11978 |     }
  11979 |   }

Import trace:
  Client Component Browser:
    ./app/globals.css [Client Component Browser]
    ./app/layout.tsx [Server Component] @ http://localhost:4200/_next/static/chunks/0aus_next_dist_00tg.dm._.js:1945
[    6388ms] [ERROR] ./app/globals.css:11976:25
Parsing CSS source code failed
  11974 |   }
  11975 |   .\[\@media\(hover\:hover\)and\(pointer\:fine\)\]\:block {
> 11976 |     @media (hover:hover)and(pointer:fine) {
        |                         ^
  11977 |       display: block;
  11978 |     }
  11979 |   }

Unexpected token Function("and")

Generated code of PostCSS transform of file content of app/globals.css:
./app/globals.css:11976:25
  11974 |   }
  11975 |   .\[\@media\(hover\:hover\)and\(pointer\:fine\)\]\:block {
> 11976 |     @media (hover:hover)and(pointer:fine) {
        |                         ^
  11977 |       display: block;
  11978 |     }
  11979 |   }

Import trace:
  Client Component Browser:
    ./app/globals.css [Client Component Browser]
    ./app/layout.tsx [Server Component] @ http://localhost:4200/_next/static/chunks/0aus_next_dist_00tg.dm._.js:1945
[    6452ms] [ERROR] ./app/globals.css:11976:25
Parsing CSS source code failed
  11974 |   }
  11975 |   .\[\@media\(hover\:hover\)and\(pointer\:fine\)\]\:block {
> 11976 |     @media (hover:hover)and(pointer:fine) {
        |                         ^
  11977 |       display: block;
  11978 |     }
  11979 |   }

Unexpected token Function("and")

Generated code of PostCSS transform of file content of app/globals.css:
./app/globals.css:11976:25
  11974 |   }
  11975 |   .\[\@media\(hover\:hover\)and\(pointer\:fine\)\]\:block {
> 11976 |     @media (hover:hover)and(pointer:fine) {
        |                         ^
  11977 |       display: block;
  11978 |     }
  11979 |   }

Import trace:
  Client Component Browser:
    ./app/globals.css [Client Component Browser]
    ./app/layout.tsx [Server Component] @ http://localhost:4200/_next/static/chunks/0aus_next_dist_00tg.dm._.js:1945
[    6517ms] [ERROR] ./app/globals.css:11976:25
Parsing CSS source code failed
  11974 |   }
  11975 |   .\[\@media\(hover\:hover\)and\(pointer\:fine\)\]\:block {
> 11976 |     @media (hover:hover)and(pointer:fine) {
        |                         ^
  11977 |       display: block;
  11978 |     }
  11979 |   }

Unexpected token Function("and")

Generated code of PostCSS transform of file content of app/globals.css:
./app/globals.css:11976:25
  11974 |   }
  11975 |   .\[\@media\(hover\:hover\)and\(pointer\:fine\)\]\:block {
> 11976 |     @media (hover:hover)and(pointer:fine) {
        |                         ^
  11977 |       display: block;
  11978 |     }
  11979 |   }

Import trace:
  Client Component Browser:
    ./app/globals.css [Client Component Browser]
    ./app/layout.tsx [Server Component] @ http://localhost:4200/_next/static/chunks/0aus_next_dist_00tg.dm._.js:1945
[    6580ms] [ERROR] ./app/globals.css:11976:25
Parsing CSS source code failed
  11974 |   }
  11975 |   .\[\@media\(hover\:hover\)and\(pointer\:fine\)\]\:block {
> 11976 |     @media (hover:hover)and(pointer:fine) {
        |                         ^
  11977 |       display: block;
  11978 |     }
  11979 |   }

Unexpected token Function("and")

Generated code of PostCSS transform of file content of app/globals.css:
./app/globals.css:11976:25
  11974 |   }
  11975 |   .\[\@media\(hover\:hover\)and\(pointer\:fine\)\]\:block {
> 11976 |     @media (hover:hover)and(pointer:fine) {
        |                         ^
  11977 |       display: block;
  11978 |     }
  11979 |   }

Import trace:
  Client Component Browser:
    ./app/globals.css [Client Component Browser]
    ./app/layout.tsx [Server Component] @ http://localhost:4200/_next/static/chunks/0aus_next_dist_00tg.dm._.js:1945
[    6642ms] [ERROR] ./app/globals.css:11976:25
Parsing CSS source code failed
  11974 |   }
  11975 |   .\[\@media\(hover\:hover\)and\(pointer\:fine\)\]\:block {
> 11976 |     @media (hover:hover)and(pointer:fine) {
        |                         ^
  11977 |       display: block;
  11978 |     }
  11979 |   }

Unexpected token Function("and")

Generated code of PostCSS transform of file content of app/globals.css:
./app/globals.css:11976:25
  11974 |   }
  11975 |   .\[\@media\(hover\:hover\)and\(pointer\:fine\)\]\:block {
> 11976 |     @media (hover:hover)and(pointer:fine) {
        |                         ^
  11977 |       display: block;
  11978 |     }
  11979 |   }

Import trace:
  Client Component Browser:
    ./app/globals.css [Client Component Browser]
    ./app/layout.tsx [Server Component] @ http://localhost:4200/_next/static/chunks/0aus_next_dist_00tg.dm._.js:1945
[    6704ms] [ERROR] ./app/globals.css:11976:25
Parsing CSS source code failed
  11974 |   }
  11975 |   .\[\@media\(hover\:hover\)and\(pointer\:fine\)\]\:block {
> 11976 |     @media (hover:hover)and(pointer:fine) {
        |                         ^
  11977 |       display: block;
  11978 |     }
  11979 |   }

Unexpected token Function("and")

Generated code of PostCSS transform of file content of app/globals.css:
./app/globals.css:11976:25
  11974 |   }
  11975 |   .\[\@media\(hover\:hover\)and\(pointer\:fine\)\]\:block {
> 11976 |     @media (hover:hover)and(pointer:fine) {
        |                         ^
  11977 |       display: block;
  11978 |     }
  11979 |   }

Import trace:
  Client Component Browser:
    ./app/globals.css [Client Component Browser]
    ./app/layout.tsx [Server Component] @ http://localhost:4200/_next/static/chunks/0aus_next_dist_00tg.dm._.js:1945
[    6768ms] [ERROR] ./app/globals.css:11976:25
Parsing CSS source code failed
  11974 |   }
  11975 |   .\[\@media\(hover\:hover\)and\(pointer\:fine\)\]\:block {
> 11976 |     @media (hover:hover)and(pointer:fine) {
        |                         ^
  11977 |       display: block;
  11978 |     }
  11979 |   }

Unexpected token Function("and")

Generated code of PostCSS transform of file content of app/globals.css:
./app/globals.css:11976:25
  11974 |   }
  11975 |   .\[\@media\(hover\:hover\)and\(pointer\:fine\)\]\:block {
> 11976 |     @media (hover:hover)and(pointer:fine) {
        |                         ^
  11977 |       display: block;
  11978 |     }
  11979 |   }

Import trace:
  Client Component Browser:
    ./app/globals.css [Client Component Browser]
    ./app/layout.tsx [Server Component] @ http://localhost:4200/_next/static/chunks/0aus_next_dist_00tg.dm._.js:1945
[    6833ms] [ERROR] ./app/globals.css:11976:25
Parsing CSS source code failed
  11974 |   }
  11975 |   .\[\@media\(hover\:hover\)and\(pointer\:fine\)\]\:block {
> 11976 |     @media (hover:hover)and(pointer:fine) {
        |                         ^
  11977 |       display: block;
  11978 |     }
  11979 |   }

Unexpected token Function("and")

Generated code of PostCSS transform of file content of app/globals.css:
./app/globals.css:11976:25
  11974 |   }
  11975 |   .\[\@media\(hover\:hover\)and\(pointer\:fine\)\]\:block {
> 11976 |     @media (hover:hover)and(pointer:fine) {
        |                         ^
  11977 |       display: block;
  11978 |     }
  11979 |   }

Import trace:
  Client Component Browser:
    ./app/globals.css [Client Component Browser]
    ./app/layout.tsx [Server Component] @ http://localhost:4200/_next/static/chunks/0aus_next_dist_00tg.dm._.js:1945
[    6896ms] [ERROR] ./app/globals.css:11976:25
Parsing CSS source code failed
  11974 |   }
  11975 |   .\[\@media\(hover\:hover\)and\(pointer\:fine\)\]\:block {
> 11976 |     @media (hover:hover)and(pointer:fine) {
        |                         ^
  11977 |       display: block;
  11978 |     }
  11979 |   }

Unexpected token Function("and")

Generated code of PostCSS transform of file content of app/globals.css:
./app/globals.css:11976:25
  11974 |   }
  11975 |   .\[\@media\(hover\:hover\)and\(pointer\:fine\)\]\:block {
> 11976 |     @media (hover:hover)and(pointer:fine) {
        |                         ^
  11977 |       display: block;
  11978 |     }
  11979 |   }

Import trace:
  Client Component Browser:
    ./app/globals.css [Client Component Browser]
    ./app/layout.tsx [Server Component] @ http://localhost:4200/_next/static/chunks/0aus_next_dist_00tg.dm._.js:1945
[    6960ms] [ERROR] ./app/globals.css:11976:25
Parsing CSS source code failed
  11974 |   }
  11975 |   .\[\@media\(hover\:hover\)and\(pointer\:fine\)\]\:block {
> 11976 |     @media (hover:hover)and(pointer:fine) {
        |                         ^
  11977 |       display: block;
  11978 |     }
  11979 |   }

Unexpected token Function("and")

Generated code of PostCSS transform of file content of app/globals.css:
./app/globals.css:11976:25
  11974 |   }
  11975 |   .\[\@media\(hover\:hover\)and\(pointer\:fine\)\]\:block {
> 11976 |     @media (hover:hover)and(pointer:fine) {
        |                         ^
  11977 |       display: block;
  11978 |     }
  11979 |   }

Import trace:
  Client Component Browser:
    ./app/globals.css [Client Component Browser]
    ./app/layout.tsx [Server Component] @ http://localhost:4200/_next/static/chunks/0aus_next_dist_00tg.dm._.js:1945
[    7024ms] [ERROR] ./app/globals.css:11976:25
Parsing CSS source code failed
  11974 |   }
  11975 |   .\[\@media\(hover\:hover\)and\(pointer\:fine\)\]\:block {
> 11976 |     @media (hover:hover)and(pointer:fine) {
        |                         ^
  11977 |       display: block;
  11978 |     }
  11979 |   }

Unexpected token Function("and")

Generated code of PostCSS transform of file content of app/globals.css:
./app/globals.css:11976:25
  11974 |   }
  11975 |   .\[\@media\(hover\:hover\)and\(pointer\:fine\)\]\:block {
> 11976 |     @media (hover:hover)and(pointer:fine) {
        |                         ^
  11977 |       display: block;
  11978 |     }
  11979 |   }

Import trace:
  Client Component Browser:
    ./app/globals.css [Client Component Browser]
    ./app/layout.tsx [Server Component] @ http://localhost:4200/_next/static/chunks/0aus_next_dist_00tg.dm._.js:1945
[    7088ms] [ERROR] ./app/globals.css:11976:25
Parsing CSS source code failed
  11974 |   }
  11975 |   .\[\@media\(hover\:hover\)and\(pointer\:fine\)\]\:block {
> 11976 |     @media (hover:hover)and(pointer:fine) {
        |                         ^
  11977 |       display: block;
  11978 |     }
  11979 |   }

Unexpected token Function("and")

Generated code of PostCSS transform of file content of app/globals.css:
./app/globals.css:11976:25
  11974 |   }
  11975 |   .\[\@media\(hover\:hover\)and\(pointer\:fine\)\]\:block {
> 11976 |     @media (hover:hover)and(pointer:fine) {
        |                         ^
  11977 |       display: block;
  11978 |     }
  11979 |   }

Import trace:
  Client Component Browser:
    ./app/globals.css [Client Component Browser]
    ./app/layout.tsx [Server Component] @ http://localhost:4200/_next/static/chunks/0aus_next_dist_00tg.dm._.js:1945
[    7153ms] [ERROR] ./app/globals.css:11976:25
Parsing CSS source code failed
  11974 |   }
  11975 |   .\[\@media\(hover\:hover\)and\(pointer\:fine\)\]\:block {
> 11976 |     @media (hover:hover)and(pointer:fine) {
        |                         ^
  11977 |       display: block;
  11978 |     }
  11979 |   }

Unexpected token Function("and")

Generated code of PostCSS transform of file content of app/globals.css:
./app/globals.css:11976:25
  11974 |   }
  11975 |   .\[\@media\(hover\:hover\)and\(pointer\:fine\)\]\:block {
> 11976 |     @media (hover:hover)and(pointer:fine) {
        |                         ^
  11977 |       display: block;
  11978 |     }
  11979 |   }

Import trace:
  Client Component Browser:
    ./app/globals.css [Client Component Browser]
    ./app/layout.tsx [Server Component] @ http://localhost:4200/_next/static/chunks/0aus_next_dist_00tg.dm._.js:1945
[    7216ms] [ERROR] ./app/globals.css:11976:25
Parsing CSS source code failed
  11974 |   }
  11975 |   .\[\@media\(hover\:hover\)and\(pointer\:fine\)\]\:block {
> 11976 |     @media (hover:hover)and(pointer:fine) {
        |                         ^
  11977 |       display: block;
  11978 |     }
  11979 |   }

Unexpected token Function("and")

Generated code of PostCSS transform of file content of app/globals.css:
./app/globals.css:11976:25
  11974 |   }
  11975 |   .\[\@media\(hover\:hover\)and\(pointer\:fine\)\]\:block {
> 11976 |     @media (hover:hover)and(pointer:fine) {
        |                         ^
  11977 |       display: block;
  11978 |     }
  11979 |   }

Import trace:
  Client Component Browser:
    ./app/globals.css [Client Component Browser]
    ./app/layout.tsx [Server Component] @ http://localhost:4200/_next/static/chunks/0aus_next_dist_00tg.dm._.js:1945
[    7280ms] [ERROR] ./app/globals.css:11976:25
Parsing CSS source code failed
  11974 |   }
  11975 |   .\[\@media\(hover\:hover\)and\(pointer\:fine\)\]\:block {
> 11976 |     @media (hover:hover)and(pointer:fine) {
        |                         ^
  11977 |       display: block;
  11978 |     }
  11979 |   }

Unexpected token Function("and")

Generated code of PostCSS transform of file content of app/globals.css:
./app/globals.css:11976:25
  11974 |   }
  11975 |   .\[\@media\(hover\:hover\)and\(pointer\:fine\)\]\:block {
> 11976 |     @media (hover:hover)and(pointer:fine) {
        |                         ^
  11977 |       display: block;
  11978 |     }
  11979 |   }

Import trace:
  Client Component Browser:
    ./app/globals.css [Client Component Browser]
    ./app/layout.tsx [Server Component] @ http://localhost:4200/_next/static/chunks/0aus_next_dist_00tg.dm._.js:1945
[    7346ms] [ERROR] ./app/globals.css:11976:25
Parsing CSS source code failed
  11974 |   }
  11975 |   .\[\@media\(hover\:hover\)and\(pointer\:fine\)\]\:block {
> 11976 |     @media (hover:hover)and(pointer:fine) {
        |                         ^
  11977 |       display: block;
  11978 |     }
  11979 |   }

Unexpected token Function("and")

Generated code of PostCSS transform of file content of app/globals.css:
./app/globals.css:11976:25
  11974 |   }
  11975 |   .\[\@media\(hover\:hover\)and\(pointer\:fine\)\]\:block {
> 11976 |     @media (hover:hover)and(pointer:fine) {
        |                         ^
  11977 |       display: block;
  11978 |     }
  11979 |   }

Import trace:
  Client Component Browser:
    ./app/globals.css [Client Component Browser]
    ./app/layout.tsx [Server Component] @ http://localhost:4200/_next/static/chunks/0aus_next_dist_00tg.dm._.js:1945
[    7409ms] [ERROR] ./app/globals.css:11976:25
Parsing CSS source code failed
  11974 |   }
  11975 |   .\[\@media\(hover\:hover\)and\(pointer\:fine\)\]\:block {
> 11976 |     @media (hover:hover)and(pointer:fine) {
        |                         ^
  11977 |       display: block;
  11978 |     }
  11979 |   }

Unexpected token Function("and")

Generated code of PostCSS transform of file content of app/globals.css:
./app/globals.css:11976:25
  11974 |   }
  11975 |   .\[\@media\(hover\:hover\)and\(pointer\:fine\)\]\:block {
> 11976 |     @media (hover:hover)and(pointer:fine) {
        |                         ^
  11977 |       display: block;
  11978 |     }
  11979 |   }

Import trace:
  Client Component Browser:
    ./app/globals.css [Client Component Browser]
    ./app/layout.tsx [Server Component] @ http://localhost:4200/_next/static/chunks/0aus_next_dist_00tg.dm._.js:1945
[    7471ms] [ERROR] ./app/globals.css:11976:25
Parsing CSS source code failed
  11974 |   }
  11975 |   .\[\@media\(hover\:hover\)and\(pointer\:fine\)\]\:block {
> 11976 |     @media (hover:hover)and(pointer:fine) {
        |                         ^
  11977 |       display: block;
  11978 |     }
  11979 |   }

Unexpected token Function("and")

Generated code of PostCSS transform of file content of app/globals.css:
./app/globals.css:11976:25
  11974 |   }
  11975 |   .\[\@media\(hover\:hover\)and\(pointer\:fine\)\]\:block {
> 11976 |     @media (hover:hover)and(pointer:fine) {
        |                         ^
  11977 |       display: block;
  11978 |     }
  11979 |   }

Import trace:
  Client Component Browser:
    ./app/globals.css [Client Component Browser]
    ./app/layout.tsx [Server Component] @ http://localhost:4200/_next/static/chunks/0aus_next_dist_00tg.dm._.js:1945
[    7532ms] [ERROR] ./app/globals.css:11976:25
Parsing CSS source code failed
  11974 |   }
  11975 |   .\[\@media\(hover\:hover\)and\(pointer\:fine\)\]\:block {
> 11976 |     @media (hover:hover)and(pointer:fine) {
        |                         ^
  11977 |       display: block;
  11978 |     }
  11979 |   }

Unexpected token Function("and")

Generated code of PostCSS transform of file content of app/globals.css:
./app/globals.css:11976:25
  11974 |   }
  11975 |   .\[\@media\(hover\:hover\)and\(pointer\:fine\)\]\:block {
> 11976 |     @media (hover:hover)and(pointer:fine) {
        |                         ^
  11977 |       display: block;
  11978 |     }
  11979 |   }

Import trace:
  Client Component Browser:
    ./app/globals.css [Client Component Browser]
    ./app/layout.tsx [Server Component] @ http://localhost:4200/_next/static/chunks/0aus_next_dist_00tg.dm._.js:1945
[    7595ms] [ERROR] ./app/globals.css:11976:25
Parsing CSS source code failed
  11974 |   }
  11975 |   .\[\@media\(hover\:hover\)and\(pointer\:fine\)\]\:block {
> 11976 |     @media (hover:hover)and(pointer:fine) {
        |                         ^
  11977 |       display: block;
  11978 |     }
  11979 |   }

Unexpected token Function("and")

Generated code of PostCSS transform of file content of app/globals.css:
./app/globals.css:11976:25
  11974 |   }
  11975 |   .\[\@media\(hover\:hover\)and\(pointer\:fine\)\]\:block {
> 11976 |     @media (hover:hover)and(pointer:fine) {
        |                         ^
  11977 |       display: block;
  11978 |     }
  11979 |   }

Import trace:
  Client Component Browser:
    ./app/globals.css [Client Component Browser]
    ./app/layout.tsx [Server Component] @ http://localhost:4200/_next/static/chunks/0aus_next_dist_00tg.dm._.js:1945
[    7658ms] [ERROR] ./app/globals.css:11976:25
Parsing CSS source code failed
  11974 |   }
  11975 |   .\[\@media\(hover\:hover\)and\(pointer\:fine\)\]\:block {
> 11976 |     @media (hover:hover)and(pointer:fine) {
        |                         ^
  11977 |       display: block;
  11978 |     }
  11979 |   }

Unexpected token Function("and")

Generated code of PostCSS transform of file content of app/globals.css:
./app/globals.css:11976:25
  11974 |   }
  11975 |   .\[\@media\(hover\:hover\)and\(pointer\:fine\)\]\:block {
> 11976 |     @media (hover:hover)and(pointer:fine) {
        |                         ^
  11977 |       display: block;
  11978 |     }
  11979 |   }

Import trace:
  Client Component Browser:
    ./app/globals.css [Client Component Browser]
    ./app/layout.tsx [Server Component] @ http://localhost:4200/_next/static/chunks/0aus_next_dist_00tg.dm._.js:1945
[    7721ms] [ERROR] ./app/globals.css:11976:25
Parsing CSS source code failed
  11974 |   }
  11975 |   .\[\@media\(hover\:hover\)and\(pointer\:fine\)\]\:block {
> 11976 |     @media (hover:hover)and(pointer:fine) {
        |                         ^
  11977 |       display: block;
  11978 |     }
  11979 |   }

Unexpected token Function("and")

Generated code of PostCSS transform of file content of app/globals.css:
./app/globals.css:11976:25
  11974 |   }
  11975 |   .\[\@media\(hover\:hover\)and\(pointer\:fine\)\]\:block {
> 11976 |     @media (hover:hover)and(pointer:fine) {
        |                         ^
  11977 |       display: block;
  11978 |     }
  11979 |   }

Import trace:
  Client Component Browser:
    ./app/globals.css [Client Component Browser]
    ./app/layout.tsx [Server Component] @ http://localhost:4200/_next/static/chunks/0aus_next_dist_00tg.dm._.js:1945
[    7785ms] [ERROR] ./app/globals.css:11976:25
Parsing CSS source code failed
  11974 |   }
  11975 |   .\[\@media\(hover\:hover\)and\(pointer\:fine\)\]\:block {
> 11976 |     @media (hover:hover)and(pointer:fine) {
        |                         ^
  11977 |       display: block;
  11978 |     }
  11979 |   }

Unexpected token Function("and")

Generated code of PostCSS transform of file content of app/globals.css:
./app/globals.css:11976:25
  11974 |   }
  11975 |   .\[\@media\(hover\:hover\)and\(pointer\:fine\)\]\:block {
> 11976 |     @media (hover:hover)and(pointer:fine) {
        |                         ^
  11977 |       display: block;
  11978 |     }
  11979 |   }

Import trace:
  Client Component Browser:
    ./app/globals.css [Client Component Browser]
    ./app/layout.tsx [Server Component] @ http://localhost:4200/_next/static/chunks/0aus_next_dist_00tg.dm._.js:1945
[    7848ms] [ERROR] ./app/globals.css:11976:25
Parsing CSS source code failed
  11974 |   }
  11975 |   .\[\@media\(hover\:hover\)and\(pointer\:fine\)\]\:block {
> 11976 |     @media (hover:hover)and(pointer:fine) {
        |                         ^
  11977 |       display: block;
  11978 |     }
  11979 |   }

Unexpected token Function("and")

Generated code of PostCSS transform of file content of app/globals.css:
./app/globals.css:11976:25
  11974 |   }
  11975 |   .\[\@media\(hover\:hover\)and\(pointer\:fine\)\]\:block {
> 11976 |     @media (hover:hover)and(pointer:fine) {
        |                         ^
  11977 |       display: block;
  11978 |     }
  11979 |   }

Import trace:
  Client Component Browser:
    ./app/globals.css [Client Component Browser]
    ./app/layout.tsx [Server Component] @ http://localhost:4200/_next/static/chunks/0aus_next_dist_00tg.dm._.js:1945
[    7911ms] [ERROR] ./app/globals.css:11976:25
Parsing CSS source code failed
  11974 |   }
  11975 |   .\[\@media\(hover\:hover\)and\(pointer\:fine\)\]\:block {
> 11976 |     @media (hover:hover)and(pointer:fine) {
        |                         ^
  11977 |       display: block;
  11978 |     }
  11979 |   }

Unexpected token Function("and")

Generated code of PostCSS transform of file content of app/globals.css:
./app/globals.css:11976:25
  11974 |   }
  11975 |   .\[\@media\(hover\:hover\)and\(pointer\:fine\)\]\:block {
> 11976 |     @media (hover:hover)and(pointer:fine) {
        |                         ^
  11977 |       display: block;
  11978 |     }
  11979 |   }

Import trace:
  Client Component Browser:
    ./app/globals.css [Client Component Browser]
    ./app/layout.tsx [Server Component] @ http://localhost:4200/_next/static/chunks/0aus_next_dist_00tg.dm._.js:1945
[    7976ms] [ERROR] ./app/globals.css:11976:25
Parsing CSS source code failed
  11974 |   }
  11975 |   .\[\@media\(hover\:hover\)and\(pointer\:fine\)\]\:block {
> 11976 |     @media (hover:hover)and(pointer:fine) {
        |                         ^
  11977 |       display: block;
  11978 |     }
  11979 |   }

Unexpected token Function("and")

Generated code of PostCSS transform of file content of app/globals.css:
./app/globals.css:11976:25
  11974 |   }
  11975 |   .\[\@media\(hover\:hover\)and\(pointer\:fine\)\]\:block {
> 11976 |     @media (hover:hover)and(pointer:fine) {
        |                         ^
  11977 |       display: block;
  11978 |     }
  11979 |   }

Import trace:
  Client Component Browser:
    ./app/globals.css [Client Component Browser]
    ./app/layout.tsx [Server Component] @ http://localhost:4200/_next/static/chunks/0aus_next_dist_00tg.dm._.js:1945
[    8039ms] [ERROR] ./app/globals.css:11976:25
Parsing CSS source code failed
  11974 |   }
  11975 |   .\[\@media\(hover\:hover\)and\(pointer\:fine\)\]\:block {
> 11976 |     @media (hover:hover)and(pointer:fine) {
        |                         ^
  11977 |       display: block;
  11978 |     }
  11979 |   }

Unexpected token Function("and")

Generated code of PostCSS transform of file content of app/globals.css:
./app/globals.css:11976:25
  11974 |   }
  11975 |   .\[\@media\(hover\:hover\)and\(pointer\:fine\)\]\:block {
> 11976 |     @media (hover:hover)and(pointer:fine) {
        |                         ^
  11977 |       display: block;
  11978 |     }
  11979 |   }

Import trace:
  Client Component Browser:
    ./app/globals.css [Client Component Browser]
    ./app/layout.tsx [Server Component] @ http://localhost:4200/_next/static/chunks/0aus_next_dist_00tg.dm._.js:1945
[    8103ms] [ERROR] ./app/globals.css:11976:25
Parsing CSS source code failed
  11974 |   }
  11975 |   .\[\@media\(hover\:hover\)and\(pointer\:fine\)\]\:block {
> 11976 |     @media (hover:hover)and(pointer:fine) {
        |                         ^
  11977 |       display: block;
  11978 |     }
  11979 |   }

Unexpected token Function("and")

Generated code of PostCSS transform of file content of app/globals.css:
./app/globals.css:11976:25
  11974 |   }
  11975 |   .\[\@media\(hover\:hover\)and\(pointer\:fine\)\]\:block {
> 11976 |     @media (hover:hover)and(pointer:fine) {
        |                         ^
  11977 |       display: block;
  11978 |     }
  11979 |   }

Import trace:
  Client Component Browser:
    ./app/globals.css [Client Component Browser]
    ./app/layout.tsx [Server Component] @ http://localhost:4200/_next/static/chunks/0aus_next_dist_00tg.dm._.js:1945
[    8168ms] [ERROR] ./app/globals.css:11976:25
Parsing CSS source code failed
  11974 |   }
  11975 |   .\[\@media\(hover\:hover\)and\(pointer\:fine\)\]\:block {
> 11976 |     @media (hover:hover)and(pointer:fine) {
        |                         ^
  11977 |       display: block;
  11978 |     }
  11979 |   }

Unexpected token Function("and")

Generated code of PostCSS transform of file content of app/globals.css:
./app/globals.css:11976:25
  11974 |   }
  11975 |   .\[\@media\(hover\:hover\)and\(pointer\:fine\)\]\:block {
> 11976 |     @media (hover:hover)and(pointer:fine) {
        |                         ^
  11977 |       display: block;
  11978 |     }
  11979 |   }

Import trace:
  Client Component Browser:
    ./app/globals.css [Client Component Browser]
    ./app/layout.tsx [Server Component] @ http://localhost:4200/_next/static/chunks/0aus_next_dist_00tg.dm._.js:1945
[    8231ms] [ERROR] ./app/globals.css:11976:25
Parsing CSS source code failed
  11974 |   }
  11975 |   .\[\@media\(hover\:hover\)and\(pointer\:fine\)\]\:block {
> 11976 |     @media (hover:hover)and(pointer:fine) {
        |                         ^
  11977 |       display: block;
  11978 |     }
  11979 |   }

Unexpected token Function("and")

Generated code of PostCSS transform of file content of app/globals.css:
./app/globals.css:11976:25
  11974 |   }
  11975 |   .\[\@media\(hover\:hover\)and\(pointer\:fine\)\]\:block {
> 11976 |     @media (hover:hover)and(pointer:fine) {
        |                         ^
  11977 |       display: block;
  11978 |     }
  11979 |   }

Import trace:
  Client Component Browser:
    ./app/globals.css [Client Component Browser]
    ./app/layout.tsx [Server Component] @ http://localhost:4200/_next/static/chunks/0aus_next_dist_00tg.dm._.js:1945
[    8292ms] [ERROR] ./app/globals.css:11976:25
Parsing CSS source code failed
  11974 |   }
  11975 |   .\[\@media\(hover\:hover\)and\(pointer\:fine\)\]\:block {
> 11976 |     @media (hover:hover)and(pointer:fine) {
        |                         ^
  11977 |       display: block;
  11978 |     }
  11979 |   }

Unexpected token Function("and")

Generated code of PostCSS transform of file content of app/globals.css:
./app/globals.css:11976:25
  11974 |   }
  11975 |   .\[\@media\(hover\:hover\)and\(pointer\:fine\)\]\:block {
> 11976 |     @media (hover:hover)and(pointer:fine) {
        |                         ^
  11977 |       display: block;
  11978 |     }
  11979 |   }

Import trace:
  Client Component Browser:
    ./app/globals.css [Client Component Browser]
    ./app/layout.tsx [Server Component] @ http://localhost:4200/_next/static/chunks/0aus_next_dist_00tg.dm._.js:1945
[    8354ms] [ERROR] ./app/globals.css:11976:25
Parsing CSS source code failed
  11974 |   }
  11975 |   .\[\@media\(hover\:hover\)and\(pointer\:fine\)\]\:block {
> 11976 |     @media (hover:hover)and(pointer:fine) {
        |                         ^
  11977 |       display: block;
  11978 |     }
  11979 |   }

Unexpected token Function("and")

Generated code of PostCSS transform of file content of app/globals.css:
./app/globals.css:11976:25
  11974 |   }
  11975 |   .\[\@media\(hover\:hover\)and\(pointer\:fine\)\]\:block {
> 11976 |     @media (hover:hover)and(pointer:fine) {
        |                         ^
  11977 |       display: block;
  11978 |     }
  11979 |   }

Import trace:
  Client Component Browser:
    ./app/globals.css [Client Component Browser]
    ./app/layout.tsx [Server Component] @ http://localhost:4200/_next/static/chunks/0aus_next_dist_00tg.dm._.js:1945
[    8414ms] [ERROR] ./app/globals.css:11976:25
Parsing CSS source code failed
  11974 |   }
  11975 |   .\[\@media\(hover\:hover\)and\(pointer\:fine\)\]\:block {
> 11976 |     @media (hover:hover)and(pointer:fine) {
        |                         ^
  11977 |       display: block;
  11978 |     }
  11979 |   }

Unexpected token Function("and")

Generated code of PostCSS transform of file content of app/globals.css:
./app/globals.css:11976:25
  11974 |   }
  11975 |   .\[\@media\(hover\:hover\)and\(pointer\:fine\)\]\:block {
> 11976 |     @media (hover:hover)and(pointer:fine) {
        |                         ^
  11977 |       display: block;
  11978 |     }
  11979 |   }

Import trace:
  Client Component Browser:
    ./app/globals.css [Client Component Browser]
    ./app/layout.tsx [Server Component] @ http://localhost:4200/_next/static/chunks/0aus_next_dist_00tg.dm._.js:1945
[    8475ms] [ERROR] ./app/globals.css:11976:25
Parsing CSS source code failed
  11974 |   }
  11975 |   .\[\@media\(hover\:hover\)and\(pointer\:fine\)\]\:block {
> 11976 |     @media (hover:hover)and(pointer:fine) {
        |                         ^
  11977 |       display: block;
  11978 |     }
  11979 |   }

Unexpected token Function("and")

Generated code of PostCSS transform of file content of app/globals.css:
./app/globals.css:11976:25
  11974 |   }
  11975 |   .\[\@media\(hover\:hover\)and\(pointer\:fine\)\]\:block {
> 11976 |     @media (hover:hover)and(pointer:fine) {
        |                         ^
  11977 |       display: block;
  11978 |     }
  11979 |   }

Import trace:
  Client Component Browser:
    ./app/globals.css [Client Component Browser]
    ./app/layout.tsx [Server Component] @ http://localhost:4200/_next/static/chunks/0aus_next_dist_00tg.dm._.js:1945
[    8536ms] [ERROR] ./app/globals.css:11976:25
Parsing CSS source code failed
  11974 |   }
  11975 |   .\[\@media\(hover\:hover\)and\(pointer\:fine\)\]\:block {
> 11976 |     @media (hover:hover)and(pointer:fine) {
        |                         ^
  11977 |       display: block;
  11978 |     }
  11979 |   }

Unexpected token Function("and")

Generated code of PostCSS transform of file content of app/globals.css:
./app/globals.css:11976:25
  11974 |   }
  11975 |   .\[\@media\(hover\:hover\)and\(pointer\:fine\)\]\:block {
> 11976 |     @media (hover:hover)and(pointer:fine) {
        |                         ^
  11977 |       display: block;
  11978 |     }
  11979 |   }

Import trace:
  Client Component Browser:
    ./app/globals.css [Client Component Browser]
    ./app/layout.tsx [Server Component] @ http://localhost:4200/_next/static/chunks/0aus_next_dist_00tg.dm._.js:1945
[    8599ms] [ERROR] ./app/globals.css:11976:25
Parsing CSS source code failed
  11974 |   }
  11975 |   .\[\@media\(hover\:hover\)and\(pointer\:fine\)\]\:block {
> 11976 |     @media (hover:hover)and(pointer:fine) {
        |                         ^
  11977 |       display: block;
  11978 |     }
  11979 |   }

Unexpected token Function("and")

Generated code of PostCSS transform of file content of app/globals.css:
./app/globals.css:11976:25
  11974 |   }
  11975 |   .\[\@media\(hover\:hover\)and\(pointer\:fine\)\]\:block {
> 11976 |     @media (hover:hover)and(pointer:fine) {
        |                         ^
  11977 |       display: block;
  11978 |     }
  11979 |   }

Import trace:
  Client Component Browser:
    ./app/globals.css [Client Component Browser]
    ./app/layout.tsx [Server Component] @ http://localhost:4200/_next/static/chunks/0aus_next_dist_00tg.dm._.js:1945
[    8662ms] [ERROR] ./app/globals.css:11976:25
Parsing CSS source code failed
  11974 |   }
  11975 |   .\[\@media\(hover\:hover\)and\(pointer\:fine\)\]\:block {
> 11976 |     @media (hover:hover)and(pointer:fine) {
        |                         ^
  11977 |       display: block;
  11978 |     }
  11979 |   }

Unexpected token Function("and")

Generated code of PostCSS transform of file content of app/globals.css:
./app/globals.css:11976:25
  11974 |   }
  11975 |   .\[\@media\(hover\:hover\)and\(pointer\:fine\)\]\:block {
> 11976 |     @media (hover:hover)and(pointer:fine) {
        |                         ^
  11977 |       display: block;
  11978 |     }
  11979 |   }

Import trace:
  Client Component Browser:
    ./app/globals.css [Client Component Browser]
    ./app/layout.tsx [Server Component] @ http://localhost:4200/_next/static/chunks/0aus_next_dist_00tg.dm._.js:1945
[    8725ms] [ERROR] ./app/globals.css:11976:25
Parsing CSS source code failed
  11974 |   }
  11975 |   .\[\@media\(hover\:hover\)and\(pointer\:fine\)\]\:block {
> 11976 |     @media (hover:hover)and(pointer:fine) {
        |                         ^
  11977 |       display: block;
  11978 |     }
  11979 |   }

Unexpected token Function("and")

Generated code of PostCSS transform of file content of app/globals.css:
./app/globals.css:11976:25
  11974 |   }
  11975 |   .\[\@media\(hover\:hover\)and\(pointer\:fine\)\]\:block {
> 11976 |     @media (hover:hover)and(pointer:fine) {
        |                         ^
  11977 |       display: block;
  11978 |     }
  11979 |   }

Import trace:
  Client Component Browser:
    ./app/globals.css [Client Component Browser]
    ./app/layout.tsx [Server Component] @ http://localhost:4200/_next/static/chunks/0aus_next_dist_00tg.dm._.js:1945
[    8788ms] [ERROR] ./app/globals.css:11976:25
Parsing CSS source code failed
  11974 |   }
  11975 |   .\[\@media\(hover\:hover\)and\(pointer\:fine\)\]\:block {
> 11976 |     @media (hover:hover)and(pointer:fine) {
        |                         ^
  11977 |       display: block;
  11978 |     }
  11979 |   }

Unexpected token Function("and")

Generated code of PostCSS transform of file content of app/globals.css:
./app/globals.css:11976:25
  11974 |   }
  11975 |   .\[\@media\(hover\:hover\)and\(pointer\:fine\)\]\:block {
> 11976 |     @media (hover:hover)and(pointer:fine) {
        |                         ^
  11977 |       display: block;
  11978 |     }
  11979 |   }

Import trace:
  Client Component Browser:
    ./app/globals.css [Client Component Browser]
    ./app/layout.tsx [Server Component] @ http://localhost:4200/_next/static/chunks/0aus_next_dist_00tg.dm._.js:1945
[    8851ms] [ERROR] ./app/globals.css:11976:25
Parsing CSS source code failed
  11974 |   }
  11975 |   .\[\@media\(hover\:hover\)and\(pointer\:fine\)\]\:block {
> 11976 |     @media (hover:hover)and(pointer:fine) {
        |                         ^
  11977 |       display: block;
  11978 |     }
  11979 |   }

Unexpected token Function("and")

Generated code of PostCSS transform of file content of app/globals.css:
./app/globals.css:11976:25
  11974 |   }
  11975 |   .\[\@media\(hover\:hover\)and\(pointer\:fine\)\]\:block {
> 11976 |     @media (hover:hover)and(pointer:fine) {
        |                         ^
  11977 |       display: block;
  11978 |     }
  11979 |   }

Import trace:
  Client Component Browser:
    ./app/globals.css [Client Component Browser]
    ./app/layout.tsx [Server Component] @ http://localhost:4200/_next/static/chunks/0aus_next_dist_00tg.dm._.js:1945
[    8915ms] [ERROR] ./app/globals.css:11976:25
Parsing CSS source code failed
  11974 |   }
  11975 |   .\[\@media\(hover\:hover\)and\(pointer\:fine\)\]\:block {
> 11976 |     @media (hover:hover)and(pointer:fine) {
        |                         ^
  11977 |       display: block;
  11978 |     }
  11979 |   }

Unexpected token Function("and")

Generated code of PostCSS transform of file content of app/globals.css:
./app/globals.css:11976:25
  11974 |   }
  11975 |   .\[\@media\(hover\:hover\)and\(pointer\:fine\)\]\:block {
> 11976 |     @media (hover:hover)and(pointer:fine) {
        |                         ^
  11977 |       display: block;
  11978 |     }
  11979 |   }

Import trace:
  Client Component Browser:
    ./app/globals.css [Client Component Browser]
    ./app/layout.tsx [Server Component] @ http://localhost:4200/_next/static/chunks/0aus_next_dist_00tg.dm._.js:1945
[    8979ms] [ERROR] ./app/globals.css:11976:25
Parsing CSS source code failed
  11974 |   }
  11975 |   .\[\@media\(hover\:hover\)and\(pointer\:fine\)\]\:block {
> 11976 |     @media (hover:hover)and(pointer:fine) {
        |                         ^
  11977 |       display: block;
  11978 |     }
  11979 |   }

Unexpected token Function("and")

Generated code of PostCSS transform of file content of app/globals.css:
./app/globals.css:11976:25
  11974 |   }
  11975 |   .\[\@media\(hover\:hover\)and\(pointer\:fine\)\]\:block {
> 11976 |     @media (hover:hover)and(pointer:fine) {
        |                         ^
  11977 |       display: block;
  11978 |     }
  11979 |   }

Import trace:
  Client Component Browser:
    ./app/globals.css [Client Component Browser]
    ./app/layout.tsx [Server Component] @ http://localhost:4200/_next/static/chunks/0aus_next_dist_00tg.dm._.js:1945
[    9043ms] [ERROR] ./app/globals.css:11976:25
Parsing CSS source code failed
  11974 |   }
  11975 |   .\[\@media\(hover\:hover\)and\(pointer\:fine\)\]\:block {
> 11976 |     @media (hover:hover)and(pointer:fine) {
        |                         ^
  11977 |       display: block;
  11978 |     }
  11979 |   }

Unexpected token Function("and")

Generated code of PostCSS transform of file content of app/globals.css:
./app/globals.css:11976:25
  11974 |   }
  11975 |   .\[\@media\(hover\:hover\)and\(pointer\:fine\)\]\:block {
> 11976 |     @media (hover:hover)and(pointer:fine) {
        |                         ^
  11977 |       display: block;
  11978 |     }
  11979 |   }

Import trace:
  Client Component Browser:
    ./app/globals.css [Client Component Browser]
    ./app/layout.tsx [Server Component] @ http://localhost:4200/_next/static/chunks/0aus_next_dist_00tg.dm._.js:1945
[    9107ms] [ERROR] ./app/globals.css:11976:25
Parsing CSS source code failed
  11974 |   }
  11975 |   .\[\@media\(hover\:hover\)and\(pointer\:fine\)\]\:block {
> 11976 |     @media (hover:hover)and(pointer:fine) {
        |                         ^
  11977 |       display: block;
  11978 |     }
  11979 |   }

Unexpected token Function("and")

Generated code of PostCSS transform of file content of app/globals.css:
./app/globals.css:11976:25
  11974 |   }
  11975 |   .\[\@media\(hover\:hover\)and\(pointer\:fine\)\]\:block {
> 11976 |     @media (hover:hover)and(pointer:fine) {
        |                         ^
  11977 |       display: block;
  11978 |     }
  11979 |   }

Import trace:
  Client Component Browser:
    ./app/globals.css [Client Component Browser]
    ./app/layout.tsx [Server Component] @ http://localhost:4200/_next/static/chunks/0aus_next_dist_00tg.dm._.js:1945
[    9168ms] [ERROR] ./app/globals.css:11976:25
Parsing CSS source code failed
  11974 |   }
  11975 |   .\[\@media\(hover\:hover\)and\(pointer\:fine\)\]\:block {
> 11976 |     @media (hover:hover)and(pointer:fine) {
        |                         ^
  11977 |       display: block;
  11978 |     }
  11979 |   }

Unexpected token Function("and")

Generated code of PostCSS transform of file content of app/globals.css:
./app/globals.css:11976:25
  11974 |   }
  11975 |   .\[\@media\(hover\:hover\)and\(pointer\:fine\)\]\:block {
> 11976 |     @media (hover:hover)and(pointer:fine) {
        |                         ^
  11977 |       display: block;
  11978 |     }
  11979 |   }

Import trace:
  Client Component Browser:
    ./app/globals.css [Client Component Browser]
    ./app/layout.tsx [Server Component] @ http://localhost:4200/_next/static/chunks/0aus_next_dist_00tg.dm._.js:1945
[    9229ms] [ERROR] ./app/globals.css:11976:25
Parsing CSS source code failed
  11974 |   }
  11975 |   .\[\@media\(hover\:hover\)and\(pointer\:fine\)\]\:block {
> 11976 |     @media (hover:hover)and(pointer:fine) {
        |                         ^
  11977 |       display: block;
  11978 |     }
  11979 |   }

Unexpected token Function("and")

Generated code of PostCSS transform of file content of app/globals.css:
./app/globals.css:11976:25
  11974 |   }
  11975 |   .\[\@media\(hover\:hover\)and\(pointer\:fine\)\]\:block {
> 11976 |     @media (hover:hover)and(pointer:fine) {
        |                         ^
  11977 |       display: block;
  11978 |     }
  11979 |   }

Import trace:
  Client Component Browser:
    ./app/globals.css [Client Component Browser]
    ./app/layout.tsx [Server Component] @ http://localhost:4200/_next/static/chunks/0aus_next_dist_00tg.dm._.js:1945
[    9291ms] [ERROR] ./app/globals.css:11976:25
Parsing CSS source code failed
  11974 |   }
  11975 |   .\[\@media\(hover\:hover\)and\(pointer\:fine\)\]\:block {
> 11976 |     @media (hover:hover)and(pointer:fine) {
        |                         ^
  11977 |       display: block;
  11978 |     }
  11979 |   }

Unexpected token Function("and")

Generated code of PostCSS transform of file content of app/globals.css:
./app/globals.css:11976:25
  11974 |   }
  11975 |   .\[\@media\(hover\:hover\)and\(pointer\:fine\)\]\:block {
> 11976 |     @media (hover:hover)and(pointer:fine) {
        |                         ^
  11977 |       display: block;
  11978 |     }
  11979 |   }

Import trace:
  Client Component Browser:
    ./app/globals.css [Client Component Browser]
    ./app/layout.tsx [Server Component] @ http://localhost:4200/_next/static/chunks/0aus_next_dist_00tg.dm._.js:1945
[    9353ms] [ERROR] ./app/globals.css:11976:25
Parsing CSS source code failed
  11974 |   }
  11975 |   .\[\@media\(hover\:hover\)and\(pointer\:fine\)\]\:block {
> 11976 |     @media (hover:hover)and(pointer:fine) {
        |                         ^
  11977 |       display: block;
  11978 |     }
  11979 |   }

Unexpected token Function("and")

Generated code of PostCSS transform of file content of app/globals.css:
./app/globals.css:11976:25
  11974 |   }
  11975 |   .\[\@media\(hover\:hover\)and\(pointer\:fine\)\]\:block {
> 11976 |     @media (hover:hover)and(pointer:fine) {
        |                         ^
  11977 |       display: block;
  11978 |     }
  11979 |   }

Import trace:
  Client Component Browser:
    ./app/globals.css [Client Component Browser]
    ./app/layout.tsx [Server Component] @ http://localhost:4200/_next/static/chunks/0aus_next_dist_00tg.dm._.js:1945
[    9418ms] [ERROR] ./app/globals.css:11976:25
Parsing CSS source code failed
  11974 |   }
  11975 |   .\[\@media\(hover\:hover\)and\(pointer\:fine\)\]\:block {
> 11976 |     @media (hover:hover)and(pointer:fine) {
        |                         ^
  11977 |       display: block;
  11978 |     }
  11979 |   }

Unexpected token Function("and")

Generated code of PostCSS transform of file content of app/globals.css:
./app/globals.css:11976:25
  11974 |   }
  11975 |   .\[\@media\(hover\:hover\)and\(pointer\:fine\)\]\:block {
> 11976 |     @media (hover:hover)and(pointer:fine) {
        |                         ^
  11977 |       display: block;
  11978 |     }
  11979 |   }

Import trace:
  Client Component Browser:
    ./app/globals.css [Client Component Browser]
    ./app/layout.tsx [Server Component] @ http://localhost:4200/_next/static/chunks/0aus_next_dist_00tg.dm._.js:1945
[    9481ms] [ERROR] ./app/globals.css:11976:25
Parsing CSS source code failed
  11974 |   }
  11975 |   .\[\@media\(hover\:hover\)and\(pointer\:fine\)\]\:block {
> 11976 |     @media (hover:hover)and(pointer:fine) {
        |                         ^
  11977 |       display: block;
  11978 |     }
  11979 |   }

Unexpected token Function("and")

Generated code of PostCSS transform of file content of app/globals.css:
./app/globals.css:11976:25
  11974 |   }
  11975 |   .\[\@media\(hover\:hover\)and\(pointer\:fine\)\]\:block {
> 11976 |     @media (hover:hover)and(pointer:fine) {
        |                         ^
  11977 |       display: block;
  11978 |     }
  11979 |   }

Import trace:
  Client Component Browser:
    ./app/globals.css [Client Component Browser]
    ./app/layout.tsx [Server Component] @ http://localhost:4200/_next/static/chunks/0aus_next_dist_00tg.dm._.js:1945
[    9545ms] [ERROR] ./app/globals.css:11976:25
Parsing CSS source code failed
  11974 |   }
  11975 |   .\[\@media\(hover\:hover\)and\(pointer\:fine\)\]\:block {
> 11976 |     @media (hover:hover)and(pointer:fine) {
        |                         ^
  11977 |       display: block;
  11978 |     }
  11979 |   }

Unexpected token Function("and")

Generated code of PostCSS transform of file content of app/globals.css:
./app/globals.css:11976:25
  11974 |   }
  11975 |   .\[\@media\(hover\:hover\)and\(pointer\:fine\)\]\:block {
> 11976 |     @media (hover:hover)and(pointer:fine) {
        |                         ^
  11977 |       display: block;
  11978 |     }
  11979 |   }

Import trace:
  Client Component Browser:
    ./app/globals.css [Client Component Browser]
    ./app/layout.tsx [Server Component] @ http://localhost:4200/_next/static/chunks/0aus_next_dist_00tg.dm._.js:1945
[    9608ms] [ERROR] ./app/globals.css:11976:25
Parsing CSS source code failed
  11974 |   }
  11975 |   .\[\@media\(hover\:hover\)and\(pointer\:fine\)\]\:block {
> 11976 |     @media (hover:hover)and(pointer:fine) {
        |                         ^
  11977 |       display: block;
  11978 |     }
  11979 |   }

Unexpected token Function("and")

Generated code of PostCSS transform of file content of app/globals.css:
./app/globals.css:11976:25
  11974 |   }
  11975 |   .\[\@media\(hover\:hover\)and\(pointer\:fine\)\]\:block {
> 11976 |     @media (hover:hover)and(pointer:fine) {
        |                         ^
  11977 |       display: block;
  11978 |     }
  11979 |   }

Import trace:
  Client Component Browser:
    ./app/globals.css [Client Component Browser]
    ./app/layout.tsx [Server Component] @ http://localhost:4200/_next/static/chunks/0aus_next_dist_00tg.dm._.js:1945
[    9672ms] [ERROR] ./app/globals.css:11976:25
Parsing CSS source code failed
  11974 |   }
  11975 |   .\[\@media\(hover\:hover\)and\(pointer\:fine\)\]\:block {
> 11976 |     @media (hover:hover)and(pointer:fine) {
        |                         ^
  11977 |       display: block;
  11978 |     }
  11979 |   }

Unexpected token Function("and")

Generated code of PostCSS transform of file content of app/globals.css:
./app/globals.css:11976:25
  11974 |   }
  11975 |   .\[\@media\(hover\:hover\)and\(pointer\:fine\)\]\:block {
> 11976 |     @media (hover:hover)and(pointer:fine) {
        |                         ^
  11977 |       display: block;
  11978 |     }
  11979 |   }

Import trace:
  Client Component Browser:
    ./app/globals.css [Client Component Browser]
    ./app/layout.tsx [Server Component] @ http://localhost:4200/_next/static/chunks/0aus_next_dist_00tg.dm._.js:1945
[    9740ms] [ERROR] ./app/globals.css:11976:25
Parsing CSS source code failed
  11974 |   }
  11975 |   .\[\@media\(hover\:hover\)and\(pointer\:fine\)\]\:block {
> 11976 |     @media (hover:hover)and(pointer:fine) {
        |                         ^
  11977 |       display: block;
  11978 |     }
  11979 |   }

Unexpected token Function("and")

Generated code of PostCSS transform of file content of app/globals.css:
./app/globals.css:11976:25
  11974 |   }
  11975 |   .\[\@media\(hover\:hover\)and\(pointer\:fine\)\]\:block {
> 11976 |     @media (hover:hover)and(pointer:fine) {
        |                         ^
  11977 |       display: block;
  11978 |     }
  11979 |   }

Import trace:
  Client Component Browser:
    ./app/globals.css [Client Component Browser]
    ./app/layout.tsx [Server Component] @ http://localhost:4200/_next/static/chunks/0aus_next_dist_00tg.dm._.js:1945
[    9803ms] [ERROR] ./app/globals.css:11976:25
Parsing CSS source code failed
  11974 |   }
  11975 |   .\[\@media\(hover\:hover\)and\(pointer\:fine\)\]\:block {
> 11976 |     @media (hover:hover)and(pointer:fine) {
        |                         ^
  11977 |       display: block;
  11978 |     }
  11979 |   }

Unexpected token Function("and")

Generated code of PostCSS transform of file content of app/globals.css:
./app/globals.css:11976:25
  11974 |   }
  11975 |   .\[\@media\(hover\:hover\)and\(pointer\:fine\)\]\:block {
> 11976 |     @media (hover:hover)and(pointer:fine) {
        |                         ^
  11977 |       display: block;
  11978 |     }
  11979 |   }

Import trace:
  Client Component Browser:
    ./app/globals.css [Client Component Browser]
    ./app/layout.tsx [Server Component] @ http://localhost:4200/_next/static/chunks/0aus_next_dist_00tg.dm._.js:1945
[    9868ms] [ERROR] ./app/globals.css:11976:25
Parsing CSS source code failed
  11974 |   }
  11975 |   .\[\@media\(hover\:hover\)and\(pointer\:fine\)\]\:block {
> 11976 |     @media (hover:hover)and(pointer:fine) {
        |                         ^
  11977 |       display: block;
  11978 |     }
  11979 |   }

Unexpected token Function("and")

Generated code of PostCSS transform of file content of app/globals.css:
./app/globals.css:11976:25
  11974 |   }
  11975 |   .\[\@media\(hover\:hover\)and\(pointer\:fine\)\]\:block {
> 11976 |     @media (hover:hover)and(pointer:fine) {
        |                         ^
  11977 |       display: block;
  11978 |     }
  11979 |   }

Import trace:
  Client Component Browser:
    ./app/globals.css [Client Component Browser]
    ./app/layout.tsx [Server Component] @ http://localhost:4200/_next/static/chunks/0aus_next_dist_00tg.dm._.js:1945
[    9937ms] [ERROR] ./app/globals.css:11976:25
Parsing CSS source code failed
  11974 |   }
  11975 |   .\[\@media\(hover\:hover\)and\(pointer\:fine\)\]\:block {
> 11976 |     @media (hover:hover)and(pointer:fine) {
        |                         ^
  11977 |       display: block;
  11978 |     }
  11979 |   }

Unexpected token Function("and")

Generated code of PostCSS transform of file content of app/globals.css:
./app/globals.css:11976:25
  11974 |   }
  11975 |   .\[\@media\(hover\:hover\)and\(pointer\:fine\)\]\:block {
> 11976 |     @media (hover:hover)and(pointer:fine) {
        |                         ^
  11977 |       display: block;
  11978 |     }
  11979 |   }

Import trace:
  Client Component Browser:
    ./app/globals.css [Client Component Browser]
    ./app/layout.tsx [Server Component] @ http://localhost:4200/_next/static/chunks/0aus_next_dist_00tg.dm._.js:1945
[   10006ms] [ERROR] ./app/globals.css:11976:25
Parsing CSS source code failed
  11974 |   }
  11975 |   .\[\@media\(hover\:hover\)and\(pointer\:fine\)\]\:block {
> 11976 |     @media (hover:hover)and(pointer:fine) {
        |                         ^
  11977 |       display: block;
  11978 |     }
  11979 |   }

Unexpected token Function("and")

Generated code of PostCSS transform of file content of app/globals.css:
./app/globals.css:11976:25
  11974 |   }
  11975 |   .\[\@media\(hover\:hover\)and\(pointer\:fine\)\]\:block {
> 11976 |     @media (hover:hover)and(pointer:fine) {
        |                         ^
  11977 |       display: block;
  11978 |     }
  11979 |   }

Import trace:
  Client Component Browser:
    ./app/globals.css [Client Component Browser]
    ./app/layout.tsx [Server Component] @ http://localhost:4200/_next/static/chunks/0aus_next_dist_00tg.dm._.js:1945
[   10068ms] [ERROR] ./app/globals.css:11976:25
Parsing CSS source code failed
  11974 |   }
  11975 |   .\[\@media\(hover\:hover\)and\(pointer\:fine\)\]\:block {
> 11976 |     @media (hover:hover)and(pointer:fine) {
        |                         ^
  11977 |       display: block;
  11978 |     }
  11979 |   }

Unexpected token Function("and")

Generated code of PostCSS transform of file content of app/globals.css:
./app/globals.css:11976:25
  11974 |   }
  11975 |   .\[\@media\(hover\:hover\)and\(pointer\:fine\)\]\:block {
> 11976 |     @media (hover:hover)and(pointer:fine) {
        |                         ^
  11977 |       display: block;
  11978 |     }
  11979 |   }

Import trace:
  Client Component Browser:
    ./app/globals.css [Client Component Browser]
    ./app/layout.tsx [Server Component] @ http://localhost:4200/_next/static/chunks/0aus_next_dist_00tg.dm._.js:1945
[   10130ms] [ERROR] ./app/globals.css:11976:25
Parsing CSS source code failed
  11974 |   }
  11975 |   .\[\@media\(hover\:hover\)and\(pointer\:fine\)\]\:block {
> 11976 |     @media (hover:hover)and(pointer:fine) {
        |                         ^
  11977 |       display: block;
  11978 |     }
  11979 |   }

Unexpected token Function("and")

Generated code of PostCSS transform of file content of app/globals.css:
./app/globals.css:11976:25
  11974 |   }
  11975 |   .\[\@media\(hover\:hover\)and\(pointer\:fine\)\]\:block {
> 11976 |     @media (hover:hover)and(pointer:fine) {
        |                         ^
  11977 |       display: block;
  11978 |     }
  11979 |   }

Import trace:
  Client Component Browser:
    ./app/globals.css [Client Component Browser]
    ./app/layout.tsx [Server Component] @ http://localhost:4200/_next/static/chunks/0aus_next_dist_00tg.dm._.js:1945
[   10193ms] [ERROR] ./app/globals.css:11976:25
Parsing CSS source code failed
  11974 |   }
  11975 |   .\[\@media\(hover\:hover\)and\(pointer\:fine\)\]\:block {
> 11976 |     @media (hover:hover)and(pointer:fine) {
        |                         ^
  11977 |       display: block;
  11978 |     }
  11979 |   }

Unexpected token Function("and")

Generated code of PostCSS transform of file content of app/globals.css:
./app/globals.css:11976:25
  11974 |   }
  11975 |   .\[\@media\(hover\:hover\)and\(pointer\:fine\)\]\:block {
> 11976 |     @media (hover:hover)and(pointer:fine) {
        |                         ^
  11977 |       display: block;
  11978 |     }
  11979 |   }

Import trace:
  Client Component Browser:
    ./app/globals.css [Client Component Browser]
    ./app/layout.tsx [Server Component] @ http://localhost:4200/_next/static/chunks/0aus_next_dist_00tg.dm._.js:1945
[   10255ms] [ERROR] ./app/globals.css:11976:25
Parsing CSS source code failed
  11974 |   }
  11975 |   .\[\@media\(hover\:hover\)and\(pointer\:fine\)\]\:block {
> 11976 |     @media (hover:hover)and(pointer:fine) {
        |                         ^
  11977 |       display: block;
  11978 |     }
  11979 |   }

Unexpected token Function("and")

Generated code of PostCSS transform of file content of app/globals.css:
./app/globals.css:11976:25
  11974 |   }
  11975 |   .\[\@media\(hover\:hover\)and\(pointer\:fine\)\]\:block {
> 11976 |     @media (hover:hover)and(pointer:fine) {
        |                         ^
  11977 |       display: block;
  11978 |     }
  11979 |   }

Import trace:
  Client Component Browser:
    ./app/globals.css [Client Component Browser]
    ./app/layout.tsx [Server Component] @ http://localhost:4200/_next/static/chunks/0aus_next_dist_00tg.dm._.js:1945
[   10316ms] [ERROR] ./app/globals.css:11976:25
Parsing CSS source code failed
  11974 |   }
  11975 |   .\[\@media\(hover\:hover\)and\(pointer\:fine\)\]\:block {
> 11976 |     @media (hover:hover)and(pointer:fine) {
        |                         ^
  11977 |       display: block;
  11978 |     }
  11979 |   }

Unexpected token Function("and")

Generated code of PostCSS transform of file content of app/globals.css:
./app/globals.css:11976:25
  11974 |   }
  11975 |   .\[\@media\(hover\:hover\)and\(pointer\:fine\)\]\:block {
> 11976 |     @media (hover:hover)and(pointer:fine) {
        |                         ^
  11977 |       display: block;
  11978 |     }
  11979 |   }

Import trace:
  Client Component Browser:
    ./app/globals.css [Client Component Browser]
    ./app/layout.tsx [Server Component] @ http://localhost:4200/_next/static/chunks/0aus_next_dist_00tg.dm._.js:1945
[   10376ms] [ERROR] ./app/globals.css:11976:25
Parsing CSS source code failed
  11974 |   }
  11975 |   .\[\@media\(hover\:hover\)and\(pointer\:fine\)\]\:block {
> 11976 |     @media (hover:hover)and(pointer:fine) {
        |                         ^
  11977 |       display: block;
  11978 |     }
  11979 |   }

Unexpected token Function("and")

Generated code of PostCSS transform of file content of app/globals.css:
./app/globals.css:11976:25
  11974 |   }
  11975 |   .\[\@media\(hover\:hover\)and\(pointer\:fine\)\]\:block {
> 11976 |     @media (hover:hover)and(pointer:fine) {
        |                         ^
  11977 |       display: block;
  11978 |     }
  11979 |   }

Import trace:
  Client Component Browser:
    ./app/globals.css [Client Component Browser]
    ./app/layout.tsx [Server Component] @ http://localhost:4200/_next/static/chunks/0aus_next_dist_00tg.dm._.js:1945
[   10436ms] [ERROR] ./app/globals.css:11976:25
Parsing CSS source code failed
  11974 |   }
  11975 |   .\[\@media\(hover\:hover\)and\(pointer\:fine\)\]\:block {
> 11976 |     @media (hover:hover)and(pointer:fine) {
        |                         ^
  11977 |       display: block;
  11978 |     }
  11979 |   }

Unexpected token Function("and")

Generated code of PostCSS transform of file content of app/globals.css:
./app/globals.css:11976:25
  11974 |   }
  11975 |   .\[\@media\(hover\:hover\)and\(pointer\:fine\)\]\:block {
> 11976 |     @media (hover:hover)and(pointer:fine) {
        |                         ^
  11977 |       display: block;
  11978 |     }
  11979 |   }

Import trace:
  Client Component Browser:
    ./app/globals.css [Client Component Browser]
    ./app/layout.tsx [Server Component] @ http://localhost:4200/_next/static/chunks/0aus_next_dist_00tg.dm._.js:1945
[   10497ms] [ERROR] ./app/globals.css:11976:25
Parsing CSS source code failed
  11974 |   }
  11975 |   .\[\@media\(hover\:hover\)and\(pointer\:fine\)\]\:block {
> 11976 |     @media (hover:hover)and(pointer:fine) {
        |                         ^
  11977 |       display: block;
  11978 |     }
  11979 |   }

Unexpected token Function("and")

Generated code of PostCSS transform of file content of app/globals.css:
./app/globals.css:11976:25
  11974 |   }
  11975 |   .\[\@media\(hover\:hover\)and\(pointer\:fine\)\]\:block {
> 11976 |     @media (hover:hover)and(pointer:fine) {
        |                         ^
  11977 |       display: block;
  11978 |     }
  11979 |   }

Import trace:
  Client Component Browser:
    ./app/globals.css [Client Component Browser]
    ./app/layout.tsx [Server Component] @ http://localhost:4200/_next/static/chunks/0aus_next_dist_00tg.dm._.js:1945
[   10559ms] [ERROR] ./app/globals.css:11976:25
Parsing CSS source code failed
  11974 |   }
  11975 |   .\[\@media\(hover\:hover\)and\(pointer\:fine\)\]\:block {
> 11976 |     @media (hover:hover)and(pointer:fine) {
        |                         ^
  11977 |       display: block;
  11978 |     }
  11979 |   }

Unexpected token Function("and")

Generated code of PostCSS transform of file content of app/globals.css:
./app/globals.css:11976:25
  11974 |   }
  11975 |   .\[\@media\(hover\:hover\)and\(pointer\:fine\)\]\:block {
> 11976 |     @media (hover:hover)and(pointer:fine) {
        |                         ^
  11977 |       display: block;
  11978 |     }
  11979 |   }

Import trace:
  Client Component Browser:
    ./app/globals.css [Client Component Browser]
    ./app/layout.tsx [Server Component] @ http://localhost:4200/_next/static/chunks/0aus_next_dist_00tg.dm._.js:1945
[   10622ms] [ERROR] ./app/globals.css:11976:25
Parsing CSS source code failed
  11974 |   }
  11975 |   .\[\@media\(hover\:hover\)and\(pointer\:fine\)\]\:block {
> 11976 |     @media (hover:hover)and(pointer:fine) {
        |                         ^
  11977 |       display: block;
  11978 |     }
  11979 |   }

Unexpected token Function("and")

Generated code of PostCSS transform of file content of app/globals.css:
./app/globals.css:11976:25
  11974 |   }
  11975 |   .\[\@media\(hover\:hover\)and\(pointer\:fine\)\]\:block {
> 11976 |     @media (hover:hover)and(pointer:fine) {
        |                         ^
  11977 |       display: block;
  11978 |     }
  11979 |   }

Import trace:
  Client Component Browser:
    ./app/globals.css [Client Component Browser]
    ./app/layout.tsx [Server Component] @ http://localhost:4200/_next/static/chunks/0aus_next_dist_00tg.dm._.js:1945
[   10683ms] [ERROR] ./app/globals.css:11976:25
Parsing CSS source code failed
  11974 |   }
  11975 |   .\[\@media\(hover\:hover\)and\(pointer\:fine\)\]\:block {
> 11976 |     @media (hover:hover)and(pointer:fine) {
        |                         ^
  11977 |       display: block;
  11978 |     }
  11979 |   }

Unexpected token Function("and")

Generated code of PostCSS transform of file content of app/globals.css:
./app/globals.css:11976:25
  11974 |   }
  11975 |   .\[\@media\(hover\:hover\)and\(pointer\:fine\)\]\:block {
> 11976 |     @media (hover:hover)and(pointer:fine) {
        |                         ^
  11977 |       display: block;
  11978 |     }
  11979 |   }

Import trace:
  Client Component Browser:
    ./app/globals.css [Client Component Browser]
    ./app/layout.tsx [Server Component] @ http://localhost:4200/_next/static/chunks/0aus_next_dist_00tg.dm._.js:1945
[   10743ms] [ERROR] ./app/globals.css:11976:25
Parsing CSS source code failed
  11974 |   }
  11975 |   .\[\@media\(hover\:hover\)and\(pointer\:fine\)\]\:block {
> 11976 |     @media (hover:hover)and(pointer:fine) {
        |                         ^
  11977 |       display: block;
  11978 |     }
  11979 |   }

Unexpected token Function("and")

Generated code of PostCSS transform of file content of app/globals.css:
./app/globals.css:11976:25
  11974 |   }
  11975 |   .\[\@media\(hover\:hover\)and\(pointer\:fine\)\]\:block {
> 11976 |     @media (hover:hover)and(pointer:fine) {
        |                         ^
  11977 |       display: block;
  11978 |     }
  11979 |   }

Import trace:
  Client Component Browser:
    ./app/globals.css [Client Component Browser]
    ./app/layout.tsx [Server Component] @ http://localhost:4200/_next/static/chunks/0aus_next_dist_00tg.dm._.js:1945
[   10833ms] [ERROR] ./app/globals.css:11976:25
Parsing CSS source code failed
  11974 |   }
  11975 |   .\[\@media\(hover\:hover\)and\(pointer\:fine\)\]\:block {
> 11976 |     @media (hover:hover)and(pointer:fine) {
        |                         ^
  11977 |       display: block;
  11978 |     }
  11979 |   }

Unexpected token Function("and")

Generated code of PostCSS transform of file content of app/globals.css:
./app/globals.css:11976:25
  11974 |   }
  11975 |   .\[\@media\(hover\:hover\)and\(pointer\:fine\)\]\:block {
> 11976 |     @media (hover:hover)and(pointer:fine) {
        |                         ^
  11977 |       display: block;
  11978 |     }
  11979 |   }

Import trace:
  Client Component Browser:
    ./app/globals.css [Client Component Browser]
    ./app/layout.tsx [Server Component] @ http://localhost:4200/_next/static/chunks/0aus_next_dist_00tg.dm._.js:1945
[   10895ms] [ERROR] ./app/globals.css:11976:25
Parsing CSS source code failed
  11974 |   }
  11975 |   .\[\@media\(hover\:hover\)and\(pointer\:fine\)\]\:block {
> 11976 |     @media (hover:hover)and(pointer:fine) {
        |                         ^
  11977 |       display: block;
  11978 |     }
  11979 |   }

Unexpected token Function("and")

Generated code of PostCSS transform of file content of app/globals.css:
./app/globals.css:11976:25
  11974 |   }
  11975 |   .\[\@media\(hover\:hover\)and\(pointer\:fine\)\]\:block {
> 11976 |     @media (hover:hover)and(pointer:fine) {
        |                         ^
  11977 |       display: block;
  11978 |     }
  11979 |   }

Import trace:
  Client Component Browser:
    ./app/globals.css [Client Component Browser]
    ./app/layout.tsx [Server Component] @ http://localhost:4200/_next/static/chunks/0aus_next_dist_00tg.dm._.js:1945
[   10956ms] [ERROR] ./app/globals.css:11976:25
Parsing CSS source code failed
  11974 |   }
  11975 |   .\[\@media\(hover\:hover\)and\(pointer\:fine\)\]\:block {
> 11976 |     @media (hover:hover)and(pointer:fine) {
        |                         ^
  11977 |       display: block;
  11978 |     }
  11979 |   }

Unexpected token Function("and")

Generated code of PostCSS transform of file content of app/globals.css:
./app/globals.css:11976:25
  11974 |   }
  11975 |   .\[\@media\(hover\:hover\)and\(pointer\:fine\)\]\:block {
> 11976 |     @media (hover:hover)and(pointer:fine) {
        |                         ^
  11977 |       display: block;
  11978 |     }
  11979 |   }

Import trace:
  Client Component Browser:
    ./app/globals.css [Client Component Browser]
    ./app/layout.tsx [Server Component] @ http://localhost:4200/_next/static/chunks/0aus_next_dist_00tg.dm._.js:1945
[   11018ms] [ERROR] ./app/globals.css:11976:25
Parsing CSS source code failed
  11974 |   }
  11975 |   .\[\@media\(hover\:hover\)and\(pointer\:fine\)\]\:block {
> 11976 |     @media (hover:hover)and(pointer:fine) {
        |                         ^
  11977 |       display: block;
  11978 |     }
  11979 |   }

Unexpected token Function("and")

Generated code of PostCSS transform of file content of app/globals.css:
./app/globals.css:11976:25
  11974 |   }
  11975 |   .\[\@media\(hover\:hover\)and\(pointer\:fine\)\]\:block {
> 11976 |     @media (hover:hover)and(pointer:fine) {
        |                         ^
  11977 |       display: block;
  11978 |     }
  11979 |   }

Import trace:
  Client Component Browser:
    ./app/globals.css [Client Component Browser]
    ./app/layout.tsx [Server Component] @ http://localhost:4200/_next/static/chunks/0aus_next_dist_00tg.dm._.js:1945
[   11079ms] [ERROR] ./app/globals.css:11976:25
Parsing CSS source code failed
  11974 |   }
  11975 |   .\[\@media\(hover\:hover\)and\(pointer\:fine\)\]\:block {
> 11976 |     @media (hover:hover)and(pointer:fine) {
        |                         ^
  11977 |       display: block;
  11978 |     }
  11979 |   }

Unexpected token Function("and")

Generated code of PostCSS transform of file content of app/globals.css:
./app/globals.css:11976:25
  11974 |   }
  11975 |   .\[\@media\(hover\:hover\)and\(pointer\:fine\)\]\:block {
> 11976 |     @media (hover:hover)and(pointer:fine) {
        |                         ^
  11977 |       display: block;
  11978 |     }
  11979 |   }

Import trace:
  Client Component Browser:
    ./app/globals.css [Client Component Browser]
    ./app/layout.tsx [Server Component] @ http://localhost:4200/_next/static/chunks/0aus_next_dist_00tg.dm._.js:1945
[   11140ms] [ERROR] ./app/globals.css:11976:25
Parsing CSS source code failed
  11974 |   }
  11975 |   .\[\@media\(hover\:hover\)and\(pointer\:fine\)\]\:block {
> 11976 |     @media (hover:hover)and(pointer:fine) {
        |                         ^
  11977 |       display: block;
  11978 |     }
  11979 |   }

Unexpected token Function("and")

Generated code of PostCSS transform of file content of app/globals.css:
./app/globals.css:11976:25
  11974 |   }
  11975 |   .\[\@media\(hover\:hover\)and\(pointer\:fine\)\]\:block {
> 11976 |     @media (hover:hover)and(pointer:fine) {
        |                         ^
  11977 |       display: block;
  11978 |     }
  11979 |   }

Import trace:
  Client Component Browser:
    ./app/globals.css [Client Component Browser]
    ./app/layout.tsx [Server Component] @ http://localhost:4200/_next/static/chunks/0aus_next_dist_00tg.dm._.js:1945
[   11199ms] [ERROR] ./app/globals.css:11976:25
Parsing CSS source code failed
  11974 |   }
  11975 |   .\[\@media\(hover\:hover\)and\(pointer\:fine\)\]\:block {
> 11976 |     @media (hover:hover)and(pointer:fine) {
        |                         ^
  11977 |       display: block;
  11978 |     }
  11979 |   }

Unexpected token Function("and")

Generated code of PostCSS transform of file content of app/globals.css:
./app/globals.css:11976:25
  11974 |   }
  11975 |   .\[\@media\(hover\:hover\)and\(pointer\:fine\)\]\:block {
> 11976 |     @media (hover:hover)and(pointer:fine) {
        |                         ^
  11977 |       display: block;
  11978 |     }
  11979 |   }

Import trace:
  Client Component Browser:
    ./app/globals.css [Client Component Browser]
    ./app/layout.tsx [Server Component] @ http://localhost:4200/_next/static/chunks/0aus_next_dist_00tg.dm._.js:1945
[   11259ms] [ERROR] ./app/globals.css:11976:25
Parsing CSS source code failed
  11974 |   }
  11975 |   .\[\@media\(hover\:hover\)and\(pointer\:fine\)\]\:block {
> 11976 |     @media (hover:hover)and(pointer:fine) {
        |                         ^
  11977 |       display: block;
  11978 |     }
  11979 |   }

Unexpected token Function("and")

Generated code of PostCSS transform of file content of app/globals.css:
./app/globals.css:11976:25
  11974 |   }
  11975 |   .\[\@media\(hover\:hover\)and\(pointer\:fine\)\]\:block {
> 11976 |     @media (hover:hover)and(pointer:fine) {
        |                         ^
  11977 |       display: block;
  11978 |     }
  11979 |   }

Import trace:
  Client Component Browser:
    ./app/globals.css [Client Component Browser]
    ./app/layout.tsx [Server Component] @ http://localhost:4200/_next/static/chunks/0aus_next_dist_00tg.dm._.js:1945
[   11320ms] [ERROR] ./app/globals.css:11976:25
Parsing CSS source code failed
  11974 |   }
  11975 |   .\[\@media\(hover\:hover\)and\(pointer\:fine\)\]\:block {
> 11976 |     @media (hover:hover)and(pointer:fine) {
        |                         ^
  11977 |       display: block;
  11978 |     }
  11979 |   }

Unexpected token Function("and")

Generated code of PostCSS transform of file content of app/globals.css:
./app/globals.css:11976:25
  11974 |   }
  11975 |   .\[\@media\(hover\:hover\)and\(pointer\:fine\)\]\:block {
> 11976 |     @media (hover:hover)and(pointer:fine) {
        |                         ^
  11977 |       display: block;
  11978 |     }
  11979 |   }

Import trace:
  Client Component Browser:
    ./app/globals.css [Client Component Browser]
    ./app/layout.tsx [Server Component] @ http://localhost:4200/_next/static/chunks/0aus_next_dist_00tg.dm._.js:1945
[   11380ms] [ERROR] ./app/globals.css:11976:25
Parsing CSS source code failed
  11974 |   }
  11975 |   .\[\@media\(hover\:hover\)and\(pointer\:fine\)\]\:block {
> 11976 |     @media (hover:hover)and(pointer:fine) {
        |                         ^
  11977 |       display: block;
  11978 |     }
  11979 |   }

Unexpected token Function("and")

Generated code of PostCSS transform of file content of app/globals.css:
./app/globals.css:11976:25
  11974 |   }
  11975 |   .\[\@media\(hover\:hover\)and\(pointer\:fine\)\]\:block {
> 11976 |     @media (hover:hover)and(pointer:fine) {
        |                         ^
  11977 |       display: block;
  11978 |     }
  11979 |   }

Import trace:
  Client Component Browser:
    ./app/globals.css [Client Component Browser]
    ./app/layout.tsx [Server Component] @ http://localhost:4200/_next/static/chunks/0aus_next_dist_00tg.dm._.js:1945
[   11441ms] [ERROR] ./app/globals.css:11976:25
Parsing CSS source code failed
  11974 |   }
  11975 |   .\[\@media\(hover\:hover\)and\(pointer\:fine\)\]\:block {
> 11976 |     @media (hover:hover)and(pointer:fine) {
        |                         ^
  11977 |       display: block;
  11978 |     }
  11979 |   }

Unexpected token Function("and")

Generated code of PostCSS transform of file content of app/globals.css:
./app/globals.css:11976:25
  11974 |   }
  11975 |   .\[\@media\(hover\:hover\)and\(pointer\:fine\)\]\:block {
> 11976 |     @media (hover:hover)and(pointer:fine) {
        |                         ^
  11977 |       display: block;
  11978 |     }
  11979 |   }

Import trace:
  Client Component Browser:
    ./app/globals.css [Client Component Browser]
    ./app/layout.tsx [Server Component] @ http://localhost:4200/_next/static/chunks/0aus_next_dist_00tg.dm._.js:1945
[   11505ms] [ERROR] ./app/globals.css:11976:25
Parsing CSS source code failed
  11974 |   }
  11975 |   .\[\@media\(hover\:hover\)and\(pointer\:fine\)\]\:block {
> 11976 |     @media (hover:hover)and(pointer:fine) {
        |                         ^
  11977 |       display: block;
  11978 |     }
  11979 |   }

Unexpected token Function("and")

Generated code of PostCSS transform of file content of app/globals.css:
./app/globals.css:11976:25
  11974 |   }
  11975 |   .\[\@media\(hover\:hover\)and\(pointer\:fine\)\]\:block {
> 11976 |     @media (hover:hover)and(pointer:fine) {
        |                         ^
  11977 |       display: block;
  11978 |     }
  11979 |   }

Import trace:
  Client Component Browser:
    ./app/globals.css [Client Component Browser]
    ./app/layout.tsx [Server Component] @ http://localhost:4200/_next/static/chunks/0aus_next_dist_00tg.dm._.js:1945
[   11566ms] [ERROR] ./app/globals.css:11976:25
Parsing CSS source code failed
  11974 |   }
  11975 |   .\[\@media\(hover\:hover\)and\(pointer\:fine\)\]\:block {
> 11976 |     @media (hover:hover)and(pointer:fine) {
        |                         ^
  11977 |       display: block;
  11978 |     }
  11979 |   }

Unexpected token Function("and")

Generated code of PostCSS transform of file content of app/globals.css:
./app/globals.css:11976:25
  11974 |   }
  11975 |   .\[\@media\(hover\:hover\)and\(pointer\:fine\)\]\:block {
> 11976 |     @media (hover:hover)and(pointer:fine) {
        |                         ^
  11977 |       display: block;
  11978 |     }
  11979 |   }

Import trace:
  Client Component Browser:
    ./app/globals.css [Client Component Browser]
    ./app/layout.tsx [Server Component] @ http://localhost:4200/_next/static/chunks/0aus_next_dist_00tg.dm._.js:1945
[   11628ms] [ERROR] ./app/globals.css:11976:25
Parsing CSS source code failed
  11974 |   }
  11975 |   .\[\@media\(hover\:hover\)and\(pointer\:fine\)\]\:block {
> 11976 |     @media (hover:hover)and(pointer:fine) {
        |                         ^
  11977 |       display: block;
  11978 |     }
  11979 |   }

Unexpected token Function("and")

Generated code of PostCSS transform of file content of app/globals.css:
./app/globals.css:11976:25
  11974 |   }
  11975 |   .\[\@media\(hover\:hover\)and\(pointer\:fine\)\]\:block {
> 11976 |     @media (hover:hover)and(pointer:fine) {
        |                         ^
  11977 |       display: block;
  11978 |     }
  11979 |   }

Import trace:
  Client Component Browser:
    ./app/globals.css [Client Component Browser]
    ./app/layout.tsx [Server Component] @ http://localhost:4200/_next/static/chunks/0aus_next_dist_00tg.dm._.js:1945
[   11691ms] [ERROR] ./app/globals.css:11976:25
Parsing CSS source code failed
  11974 |   }
  11975 |   .\[\@media\(hover\:hover\)and\(pointer\:fine\)\]\:block {
> 11976 |     @media (hover:hover)and(pointer:fine) {
        |                         ^
  11977 |       display: block;
  11978 |     }
  11979 |   }

Unexpected token Function("and")

Generated code of PostCSS transform of file content of app/globals.css:
./app/globals.css:11976:25
  11974 |   }
  11975 |   .\[\@media\(hover\:hover\)and\(pointer\:fine\)\]\:block {
> 11976 |     @media (hover:hover)and(pointer:fine) {
        |                         ^
  11977 |       display: block;
  11978 |     }
  11979 |   }

Import trace:
  Client Component Browser:
    ./app/globals.css [Client Component Browser]
    ./app/layout.tsx [Server Component] @ http://localhost:4200/_next/static/chunks/0aus_next_dist_00tg.dm._.js:1945
[   11753ms] [ERROR] ./app/globals.css:11976:25
Parsing CSS source code failed
  11974 |   }
  11975 |   .\[\@media\(hover\:hover\)and\(pointer\:fine\)\]\:block {
> 11976 |     @media (hover:hover)and(pointer:fine) {
        |                         ^
  11977 |       display: block;
  11978 |     }
  11979 |   }

Unexpected token Function("and")

Generated code of PostCSS transform of file content of app/globals.css:
./app/globals.css:11976:25
  11974 |   }
  11975 |   .\[\@media\(hover\:hover\)and\(pointer\:fine\)\]\:block {
> 11976 |     @media (hover:hover)and(pointer:fine) {
        |                         ^
  11977 |       display: block;
  11978 |     }
  11979 |   }

Import trace:
  Client Component Browser:
    ./app/globals.css [Client Component Browser]
    ./app/layout.tsx [Server Component] @ http://localhost:4200/_next/static/chunks/0aus_next_dist_00tg.dm._.js:1945
[   11818ms] [ERROR] ./app/globals.css:11976:25
Parsing CSS source code failed
  11974 |   }
  11975 |   .\[\@media\(hover\:hover\)and\(pointer\:fine\)\]\:block {
> 11976 |     @media (hover:hover)and(pointer:fine) {
        |                         ^
  11977 |       display: block;
  11978 |     }
  11979 |   }

Unexpected token Function("and")

Generated code of PostCSS transform of file content of app/globals.css:
./app/globals.css:11976:25
  11974 |   }
  11975 |   .\[\@media\(hover\:hover\)and\(pointer\:fine\)\]\:block {
> 11976 |     @media (hover:hover)and(pointer:fine) {
        |                         ^
  11977 |       display: block;
  11978 |     }
  11979 |   }

Import trace:
  Client Component Browser:
    ./app/globals.css [Client Component Browser]
    ./app/layout.tsx [Server Component] @ http://localhost:4200/_next/static/chunks/0aus_next_dist_00tg.dm._.js:1945
[   11880ms] [ERROR] ./app/globals.css:11976:25
Parsing CSS source code failed
  11974 |   }
  11975 |   .\[\@media\(hover\:hover\)and\(pointer\:fine\)\]\:block {
> 11976 |     @media (hover:hover)and(pointer:fine) {
        |                         ^
  11977 |       display: block;
  11978 |     }
  11979 |   }

Unexpected token Function("and")

Generated code of PostCSS transform of file content of app/globals.css:
./app/globals.css:11976:25
  11974 |   }
  11975 |   .\[\@media\(hover\:hover\)and\(pointer\:fine\)\]\:block {
> 11976 |     @media (hover:hover)and(pointer:fine) {
        |                         ^
  11977 |       display: block;
  11978 |     }
  11979 |   }

Import trace:
  Client Component Browser:
    ./app/globals.css [Client Component Browser]
    ./app/layout.tsx [Server Component] @ http://localhost:4200/_next/static/chunks/0aus_next_dist_00tg.dm._.js:1945
[   11945ms] [ERROR] ./app/globals.css:11976:25
Parsing CSS source code failed
  11974 |   }
  11975 |   .\[\@media\(hover\:hover\)and\(pointer\:fine\)\]\:block {
> 11976 |     @media (hover:hover)and(pointer:fine) {
        |                         ^
  11977 |       display: block;
  11978 |     }
  11979 |   }

Unexpected token Function("and")

Generated code of PostCSS transform of file content of app/globals.css:
./app/globals.css:11976:25
  11974 |   }
  11975 |   .\[\@media\(hover\:hover\)and\(pointer\:fine\)\]\:block {
> 11976 |     @media (hover:hover)and(pointer:fine) {
        |                         ^
  11977 |       display: block;
  11978 |     }
  11979 |   }

Import trace:
  Client Component Browser:
    ./app/globals.css [Client Component Browser]
    ./app/layout.tsx [Server Component] @ http://localhost:4200/_next/static/chunks/0aus_next_dist_00tg.dm._.js:1945
[   12009ms] [ERROR] ./app/globals.css:11976:25
Parsing CSS source code failed
  11974 |   }
  11975 |   .\[\@media\(hover\:hover\)and\(pointer\:fine\)\]\:block {
> 11976 |     @media (hover:hover)and(pointer:fine) {
        |                         ^
  11977 |       display: block;
  11978 |     }
  11979 |   }

Unexpected token Function("and")

Generated code of PostCSS transform of file content of app/globals.css:
./app/globals.css:11976:25
  11974 |   }
  11975 |   .\[\@media\(hover\:hover\)and\(pointer\:fine\)\]\:block {
> 11976 |     @media (hover:hover)and(pointer:fine) {
        |                         ^
  11977 |       display: block;
  11978 |     }
  11979 |   }

Import trace:
  Client Component Browser:
    ./app/globals.css [Client Component Browser]
    ./app/layout.tsx [Server Component] @ http://localhost:4200/_next/static/chunks/0aus_next_dist_00tg.dm._.js:1945
[   12073ms] [ERROR] ./app/globals.css:11976:25
Parsing CSS source code failed
  11974 |   }
  11975 |   .\[\@media\(hover\:hover\)and\(pointer\:fine\)\]\:block {
> 11976 |     @media (hover:hover)and(pointer:fine) {
        |                         ^
  11977 |       display: block;
  11978 |     }
  11979 |   }

Unexpected token Function("and")

Generated code of PostCSS transform of file content of app/globals.css:
./app/globals.css:11976:25
  11974 |   }
  11975 |   .\[\@media\(hover\:hover\)and\(pointer\:fine\)\]\:block {
> 11976 |     @media (hover:hover)and(pointer:fine) {
        |                         ^
  11977 |       display: block;
  11978 |     }
  11979 |   }

Import trace:
  Client Component Browser:
    ./app/globals.css [Client Component Browser]
    ./app/layout.tsx [Server Component] @ http://localhost:4200/_next/static/chunks/0aus_next_dist_00tg.dm._.js:1945
[   12136ms] [ERROR] ./app/globals.css:11976:25
Parsing CSS source code failed
  11974 |   }
  11975 |   .\[\@media\(hover\:hover\)and\(pointer\:fine\)\]\:block {
> 11976 |     @media (hover:hover)and(pointer:fine) {
        |                         ^
  11977 |       display: block;
  11978 |     }
  11979 |   }

Unexpected token Function("and")

Generated code of PostCSS transform of file content of app/globals.css:
./app/globals.css:11976:25
  11974 |   }
  11975 |   .\[\@media\(hover\:hover\)and\(pointer\:fine\)\]\:block {
> 11976 |     @media (hover:hover)and(pointer:fine) {
        |                         ^
  11977 |       display: block;
  11978 |     }
  11979 |   }

Import trace:
  Client Component Browser:
    ./app/globals.css [Client Component Browser]
    ./app/layout.tsx [Server Component] @ http://localhost:4200/_next/static/chunks/0aus_next_dist_00tg.dm._.js:1945
[   12200ms] [ERROR] ./app/globals.css:11976:25
Parsing CSS source code failed
  11974 |   }
  11975 |   .\[\@media\(hover\:hover\)and\(pointer\:fine\)\]\:block {
> 11976 |     @media (hover:hover)and(pointer:fine) {
        |                         ^
  11977 |       display: block;
  11978 |     }
  11979 |   }

Unexpected token Function("and")

Generated code of PostCSS transform of file content of app/globals.css:
./app/globals.css:11976:25
  11974 |   }
  11975 |   .\[\@media\(hover\:hover\)and\(pointer\:fine\)\]\:block {
> 11976 |     @media (hover:hover)and(pointer:fine) {
        |                         ^
  11977 |       display: block;
  11978 |     }
  11979 |   }

Import trace:
  Client Component Browser:
    ./app/globals.css [Client Component Browser]
    ./app/layout.tsx [Server Component] @ http://localhost:4200/_next/static/chunks/0aus_next_dist_00tg.dm._.js:1945
[   12264ms] [ERROR] ./app/globals.css:11976:25
Parsing CSS source code failed
  11974 |   }
  11975 |   .\[\@media\(hover\:hover\)and\(pointer\:fine\)\]\:block {
> 11976 |     @media (hover:hover)and(pointer:fine) {
        |                         ^
  11977 |       display: block;
  11978 |     }
  11979 |   }

Unexpected token Function("and")

Generated code of PostCSS transform of file content of app/globals.css:
./app/globals.css:11976:25
  11974 |   }
  11975 |   .\[\@media\(hover\:hover\)and\(pointer\:fine\)\]\:block {
> 11976 |     @media (hover:hover)and(pointer:fine) {
        |                         ^
  11977 |       display: block;
  11978 |     }
  11979 |   }

Import trace:
  Client Component Browser:
    ./app/globals.css [Client Component Browser]
    ./app/layout.tsx [Server Component] @ http://localhost:4200/_next/static/chunks/0aus_next_dist_00tg.dm._.js:1945
[   12328ms] [ERROR] ./app/globals.css:11976:25
Parsing CSS source code failed
  11974 |   }
  11975 |   .\[\@media\(hover\:hover\)and\(pointer\:fine\)\]\:block {
> 11976 |     @media (hover:hover)and(pointer:fine) {
        |                         ^
  11977 |       display: block;
  11978 |     }
  11979 |   }

Unexpected token Function("and")

Generated code of PostCSS transform of file content of app/globals.css:
./app/globals.css:11976:25
  11974 |   }
  11975 |   .\[\@media\(hover\:hover\)and\(pointer\:fine\)\]\:block {
> 11976 |     @media (hover:hover)and(pointer:fine) {
        |                         ^
  11977 |       display: block;
  11978 |     }
  11979 |   }

Import trace:
  Client Component Browser:
    ./app/globals.css [Client Component Browser]
    ./app/layout.tsx [Server Component] @ http://localhost:4200/_next/static/chunks/0aus_next_dist_00tg.dm._.js:1945
[   12390ms] [ERROR] ./app/globals.css:11976:25
Parsing CSS source code failed
  11974 |   }
  11975 |   .\[\@media\(hover\:hover\)and\(pointer\:fine\)\]\:block {
> 11976 |     @media (hover:hover)and(pointer:fine) {
        |                         ^
  11977 |       display: block;
  11978 |     }
  11979 |   }

Unexpected token Function("and")

Generated code of PostCSS transform of file content of app/globals.css:
./app/globals.css:11976:25
  11974 |   }
  11975 |   .\[\@media\(hover\:hover\)and\(pointer\:fine\)\]\:block {
> 11976 |     @media (hover:hover)and(pointer:fine) {
        |                         ^
  11977 |       display: block;
  11978 |     }
  11979 |   }

Import trace:
  Client Component Browser:
    ./app/globals.css [Client Component Browser]
    ./app/layout.tsx [Server Component] @ http://localhost:4200/_next/static/chunks/0aus_next_dist_00tg.dm._.js:1945
[   12453ms] [ERROR] ./app/globals.css:11976:25
Parsing CSS source code failed
  11974 |   }
  11975 |   .\[\@media\(hover\:hover\)and\(pointer\:fine\)\]\:block {
> 11976 |     @media (hover:hover)and(pointer:fine) {
        |                         ^
  11977 |       display: block;
  11978 |     }
  11979 |   }

Unexpected token Function("and")

Generated code of PostCSS transform of file content of app/globals.css:
./app/globals.css:11976:25
  11974 |   }
  11975 |   .\[\@media\(hover\:hover\)and\(pointer\:fine\)\]\:block {
> 11976 |     @media (hover:hover)and(pointer:fine) {
        |                         ^
  11977 |       display: block;
  11978 |     }
  11979 |   }

Import trace:
  Client Component Browser:
    ./app/globals.css [Client Component Browser]
    ./app/layout.tsx [Server Component] @ http://localhost:4200/_next/static/chunks/0aus_next_dist_00tg.dm._.js:1945
[   12516ms] [ERROR] ./app/globals.css:11976:25
Parsing CSS source code failed
  11974 |   }
  11975 |   .\[\@media\(hover\:hover\)and\(pointer\:fine\)\]\:block {
> 11976 |     @media (hover:hover)and(pointer:fine) {
        |                         ^
  11977 |       display: block;
  11978 |     }
  11979 |   }

Unexpected token Function("and")

Generated code of PostCSS transform of file content of app/globals.css:
./app/globals.css:11976:25
  11974 |   }
  11975 |   .\[\@media\(hover\:hover\)and\(pointer\:fine\)\]\:block {
> 11976 |     @media (hover:hover)and(pointer:fine) {
        |                         ^
  11977 |       display: block;
  11978 |     }
  11979 |   }

Import trace:
  Client Component Browser:
    ./app/globals.css [Client Component Browser]
    ./app/layout.tsx [Server Component] @ http://localhost:4200/_next/static/chunks/0aus_next_dist_00tg.dm._.js:1945
[   12581ms] [ERROR] ./app/globals.css:11976:25
Parsing CSS source code failed
  11974 |   }
  11975 |   .\[\@media\(hover\:hover\)and\(pointer\:fine\)\]\:block {
> 11976 |     @media (hover:hover)and(pointer:fine) {
        |                         ^
  11977 |       display: block;
  11978 |     }
  11979 |   }

Unexpected token Function("and")

Generated code of PostCSS transform of file content of app/globals.css:
./app/globals.css:11976:25
  11974 |   }
  11975 |   .\[\@media\(hover\:hover\)and\(pointer\:fine\)\]\:block {
> 11976 |     @media (hover:hover)and(pointer:fine) {
        |                         ^
  11977 |       display: block;
  11978 |     }
  11979 |   }

Import trace:
  Client Component Browser:
    ./app/globals.css [Client Component Browser]
    ./app/layout.tsx [Server Component] @ http://localhost:4200/_next/static/chunks/0aus_next_dist_00tg.dm._.js:1945
[   12643ms] [ERROR] ./app/globals.css:11976:25
Parsing CSS source code failed
  11974 |   }
  11975 |   .\[\@media\(hover\:hover\)and\(pointer\:fine\)\]\:block {
> 11976 |     @media (hover:hover)and(pointer:fine) {
        |                         ^
  11977 |       display: block;
  11978 |     }
  11979 |   }

Unexpected token Function("and")

Generated code of PostCSS transform of file content of app/globals.css:
./app/globals.css:11976:25
  11974 |   }
  11975 |   .\[\@media\(hover\:hover\)and\(pointer\:fine\)\]\:block {
> 11976 |     @media (hover:hover)and(pointer:fine) {
        |                         ^
  11977 |       display: block;
  11978 |     }
  11979 |   }

Import trace:
  Client Component Browser:
    ./app/globals.css [Client Component Browser]
    ./app/layout.tsx [Server Component] @ http://localhost:4200/_next/static/chunks/0aus_next_dist_00tg.dm._.js:1945
[   12707ms] [ERROR] ./app/globals.css:11976:25
Parsing CSS source code failed
  11974 |   }
  11975 |   .\[\@media\(hover\:hover\)and\(pointer\:fine\)\]\:block {
> 11976 |     @media (hover:hover)and(pointer:fine) {
        |                         ^
  11977 |       display: block;
  11978 |     }
  11979 |   }

Unexpected token Function("and")

Generated code of PostCSS transform of file content of app/globals.css:
./app/globals.css:11976:25
  11974 |   }
  11975 |   .\[\@media\(hover\:hover\)and\(pointer\:fine\)\]\:block {
> 11976 |     @media (hover:hover)and(pointer:fine) {
        |                         ^
  11977 |       display: block;
  11978 |     }
  11979 |   }

Import trace:
  Client Component Browser:
    ./app/globals.css [Client Component Browser]
    ./app/layout.tsx [Server Component] @ http://localhost:4200/_next/static/chunks/0aus_next_dist_00tg.dm._.js:1945
[   12771ms] [ERROR] ./app/globals.css:11976:25
Parsing CSS source code failed
  11974 |   }
  11975 |   .\[\@media\(hover\:hover\)and\(pointer\:fine\)\]\:block {
> 11976 |     @media (hover:hover)and(pointer:fine) {
        |                         ^
  11977 |       display: block;
  11978 |     }
  11979 |   }

Unexpected token Function("and")

Generated code of PostCSS transform of file content of app/globals.css:
./app/globals.css:11976:25
  11974 |   }
  11975 |   .\[\@media\(hover\:hover\)and\(pointer\:fine\)\]\:block {
> 11976 |     @media (hover:hover)and(pointer:fine) {
        |                         ^
  11977 |       display: block;
  11978 |     }
  11979 |   }

Import trace:
  Client Component Browser:
    ./app/globals.css [Client Component Browser]
    ./app/layout.tsx [Server Component] @ http://localhost:4200/_next/static/chunks/0aus_next_dist_00tg.dm._.js:1945
[   12835ms] [ERROR] ./app/globals.css:11976:25
Parsing CSS source code failed
  11974 |   }
  11975 |   .\[\@media\(hover\:hover\)and\(pointer\:fine\)\]\:block {
> 11976 |     @media (hover:hover)and(pointer:fine) {
        |                         ^
  11977 |       display: block;
  11978 |     }
  11979 |   }

Unexpected token Function("and")

Generated code of PostCSS transform of file content of app/globals.css:
./app/globals.css:11976:25
  11974 |   }
  11975 |   .\[\@media\(hover\:hover\)and\(pointer\:fine\)\]\:block {
> 11976 |     @media (hover:hover)and(pointer:fine) {
        |                         ^
  11977 |       display: block;
  11978 |     }
  11979 |   }

Import trace:
  Client Component Browser:
    ./app/globals.css [Client Component Browser]
    ./app/layout.tsx [Server Component] @ http://localhost:4200/_next/static/chunks/0aus_next_dist_00tg.dm._.js:1945
[   12901ms] [ERROR] ./app/globals.css:11976:25
Parsing CSS source code failed
  11974 |   }
  11975 |   .\[\@media\(hover\:hover\)and\(pointer\:fine\)\]\:block {
> 11976 |     @media (hover:hover)and(pointer:fine) {
        |                         ^
  11977 |       display: block;
  11978 |     }
  11979 |   }

Unexpected token Function("and")

Generated code of PostCSS transform of file content of app/globals.css:
./app/globals.css:11976:25
  11974 |   }
  11975 |   .\[\@media\(hover\:hover\)and\(pointer\:fine\)\]\:block {
> 11976 |     @media (hover:hover)and(pointer:fine) {
        |                         ^
  11977 |       display: block;
  11978 |     }
  11979 |   }

Import trace:
  Client Component Browser:
    ./app/globals.css [Client Component Browser]
    ./app/layout.tsx [Server Component] @ http://localhost:4200/_next/static/chunks/0aus_next_dist_00tg.dm._.js:1945
[   12964ms] [ERROR] ./app/globals.css:11976:25
Parsing CSS source code failed
  11974 |   }
  11975 |   .\[\@media\(hover\:hover\)and\(pointer\:fine\)\]\:block {
> 11976 |     @media (hover:hover)and(pointer:fine) {
        |                         ^
  11977 |       display: block;
  11978 |     }
  11979 |   }

Unexpected token Function("and")

Generated code of PostCSS transform of file content of app/globals.css:
./app/globals.css:11976:25
  11974 |   }
  11975 |   .\[\@media\(hover\:hover\)and\(pointer\:fine\)\]\:block {
> 11976 |     @media (hover:hover)and(pointer:fine) {
        |                         ^
  11977 |       display: block;
  11978 |     }
  11979 |   }

Import trace:
  Client Component Browser:
    ./app/globals.css [Client Component Browser]
    ./app/layout.tsx [Server Component] @ http://localhost:4200/_next/static/chunks/0aus_next_dist_00tg.dm._.js:1945
[   13029ms] [ERROR] ./app/globals.css:11976:25
Parsing CSS source code failed
  11974 |   }
  11975 |   .\[\@media\(hover\:hover\)and\(pointer\:fine\)\]\:block {
> 11976 |     @media (hover:hover)and(pointer:fine) {
        |                         ^
  11977 |       display: block;
  11978 |     }
  11979 |   }

Unexpected token Function("and")

Generated code of PostCSS transform of file content of app/globals.css:
./app/globals.css:11976:25
  11974 |   }
  11975 |   .\[\@media\(hover\:hover\)and\(pointer\:fine\)\]\:block {
> 11976 |     @media (hover:hover)and(pointer:fine) {
        |                         ^
  11977 |       display: block;
  11978 |     }
  11979 |   }

Import trace:
  Client Component Browser:
    ./app/globals.css [Client Component Browser]
    ./app/layout.tsx [Server Component] @ http://localhost:4200/_next/static/chunks/0aus_next_dist_00tg.dm._.js:1945
[   13092ms] [ERROR] ./app/globals.css:11976:25
Parsing CSS source code failed
  11974 |   }
  11975 |   .\[\@media\(hover\:hover\)and\(pointer\:fine\)\]\:block {
> 11976 |     @media (hover:hover)and(pointer:fine) {
        |                         ^
  11977 |       display: block;
  11978 |     }
  11979 |   }

Unexpected token Function("and")

Generated code of PostCSS transform of file content of app/globals.css:
./app/globals.css:11976:25
  11974 |   }
  11975 |   .\[\@media\(hover\:hover\)and\(pointer\:fine\)\]\:block {
> 11976 |     @media (hover:hover)and(pointer:fine) {
        |                         ^
  11977 |       display: block;
  11978 |     }
  11979 |   }

Import trace:
  Client Component Browser:
    ./app/globals.css [Client Component Browser]
    ./app/layout.tsx [Server Component] @ http://localhost:4200/_next/static/chunks/0aus_next_dist_00tg.dm._.js:1945
[   13155ms] [ERROR] ./app/globals.css:11976:25
Parsing CSS source code failed
  11974 |   }
  11975 |   .\[\@media\(hover\:hover\)and\(pointer\:fine\)\]\:block {
> 11976 |     @media (hover:hover)and(pointer:fine) {
        |                         ^
  11977 |       display: block;
  11978 |     }
  11979 |   }

Unexpected token Function("and")

Generated code of PostCSS transform of file content of app/globals.css:
./app/globals.css:11976:25
  11974 |   }
  11975 |   .\[\@media\(hover\:hover\)and\(pointer\:fine\)\]\:block {
> 11976 |     @media (hover:hover)and(pointer:fine) {
        |                         ^
  11977 |       display: block;
  11978 |     }
  11979 |   }

Import trace:
  Client Component Browser:
    ./app/globals.css [Client Component Browser]
    ./app/layout.tsx [Server Component] @ http://localhost:4200/_next/static/chunks/0aus_next_dist_00tg.dm._.js:1945
[   13216ms] [ERROR] ./app/globals.css:11976:25
Parsing CSS source code failed
  11974 |   }
  11975 |   .\[\@media\(hover\:hover\)and\(pointer\:fine\)\]\:block {
> 11976 |     @media (hover:hover)and(pointer:fine) {
        |                         ^
  11977 |       display: block;
  11978 |     }
  11979 |   }

Unexpected token Function("and")

Generated code of PostCSS transform of file content of app/globals.css:
./app/globals.css:11976:25
  11974 |   }
  11975 |   .\[\@media\(hover\:hover\)and\(pointer\:fine\)\]\:block {
> 11976 |     @media (hover:hover)and(pointer:fine) {
        |                         ^
  11977 |       display: block;
  11978 |     }
  11979 |   }

Import trace:
  Client Component Browser:
    ./app/globals.css [Client Component Browser]
    ./app/layout.tsx [Server Component] @ http://localhost:4200/_next/static/chunks/0aus_next_dist_00tg.dm._.js:1945
[   13279ms] [ERROR] ./app/globals.css:11976:25
Parsing CSS source code failed
  11974 |   }
  11975 |   .\[\@media\(hover\:hover\)and\(pointer\:fine\)\]\:block {
> 11976 |     @media (hover:hover)and(pointer:fine) {
        |                         ^
  11977 |       display: block;
  11978 |     }
  11979 |   }

Unexpected token Function("and")

Generated code of PostCSS transform of file content of app/globals.css:
./app/globals.css:11976:25
  11974 |   }
  11975 |   .\[\@media\(hover\:hover\)and\(pointer\:fine\)\]\:block {
> 11976 |     @media (hover:hover)and(pointer:fine) {
        |                         ^
  11977 |       display: block;
  11978 |     }
  11979 |   }

Import trace:
  Client Component Browser:
    ./app/globals.css [Client Component Browser]
    ./app/layout.tsx [Server Component] @ http://localhost:4200/_next/static/chunks/0aus_next_dist_00tg.dm._.js:1945
[   13342ms] [ERROR] ./app/globals.css:11976:25
Parsing CSS source code failed
  11974 |   }
  11975 |   .\[\@media\(hover\:hover\)and\(pointer\:fine\)\]\:block {
> 11976 |     @media (hover:hover)and(pointer:fine) {
        |                         ^
  11977 |       display: block;
  11978 |     }
  11979 |   }

Unexpected token Function("and")

Generated code of PostCSS transform of file content of app/globals.css:
./app/globals.css:11976:25
  11974 |   }
  11975 |   .\[\@media\(hover\:hover\)and\(pointer\:fine\)\]\:block {
> 11976 |     @media (hover:hover)and(pointer:fine) {
        |                         ^
  11977 |       display: block;
  11978 |     }
  11979 |   }

Import trace:
  Client Component Browser:
    ./app/globals.css [Client Component Browser]
    ./app/layout.tsx [Server Component] @ http://localhost:4200/_next/static/chunks/0aus_next_dist_00tg.dm._.js:1945
[   13406ms] [ERROR] ./app/globals.css:11976:25
Parsing CSS source code failed
  11974 |   }
  11975 |   .\[\@media\(hover\:hover\)and\(pointer\:fine\)\]\:block {
> 11976 |     @media (hover:hover)and(pointer:fine) {
        |                         ^
  11977 |       display: block;
  11978 |     }
  11979 |   }

Unexpected token Function("and")

Generated code of PostCSS transform of file content of app/globals.css:
./app/globals.css:11976:25
  11974 |   }
  11975 |   .\[\@media\(hover\:hover\)and\(pointer\:fine\)\]\:block {
> 11976 |     @media (hover:hover)and(pointer:fine) {
        |                         ^
  11977 |       display: block;
  11978 |     }
  11979 |   }

Import trace:
  Client Component Browser:
    ./app/globals.css [Client Component Browser]
    ./app/layout.tsx [Server Component] @ http://localhost:4200/_next/static/chunks/0aus_next_dist_00tg.dm._.js:1945
[   13470ms] [ERROR] ./app/globals.css:11976:25
Parsing CSS source code failed
  11974 |   }
  11975 |   .\[\@media\(hover\:hover\)and\(pointer\:fine\)\]\:block {
> 11976 |     @media (hover:hover)and(pointer:fine) {
        |                         ^
  11977 |       display: block;
  11978 |     }
  11979 |   }

Unexpected token Function("and")

Generated code of PostCSS transform of file content of app/globals.css:
./app/globals.css:11976:25
  11974 |   }
  11975 |   .\[\@media\(hover\:hover\)and\(pointer\:fine\)\]\:block {
> 11976 |     @media (hover:hover)and(pointer:fine) {
        |                         ^
  11977 |       display: block;
  11978 |     }
  11979 |   }

Import trace:
  Client Component Browser:
    ./app/globals.css [Client Component Browser]
    ./app/layout.tsx [Server Component] @ http://localhost:4200/_next/static/chunks/0aus_next_dist_00tg.dm._.js:1945
[   13535ms] [ERROR] ./app/globals.css:11976:25
Parsing CSS source code failed
  11974 |   }
  11975 |   .\[\@media\(hover\:hover\)and\(pointer\:fine\)\]\:block {
> 11976 |     @media (hover:hover)and(pointer:fine) {
        |                         ^
  11977 |       display: block;
  11978 |     }
  11979 |   }

Unexpected token Function("and")

Generated code of PostCSS transform of file content of app/globals.css:
./app/globals.css:11976:25
  11974 |   }
  11975 |   .\[\@media\(hover\:hover\)and\(pointer\:fine\)\]\:block {
> 11976 |     @media (hover:hover)and(pointer:fine) {
        |                         ^
  11977 |       display: block;
  11978 |     }
  11979 |   }

Import trace:
  Client Component Browser:
    ./app/globals.css [Client Component Browser]
    ./app/layout.tsx [Server Component] @ http://localhost:4200/_next/static/chunks/0aus_next_dist_00tg.dm._.js:1945
[   13598ms] [ERROR] ./app/globals.css:11976:25
Parsing CSS source code failed
  11974 |   }
  11975 |   .\[\@media\(hover\:hover\)and\(pointer\:fine\)\]\:block {
> 11976 |     @media (hover:hover)and(pointer:fine) {
        |                         ^
  11977 |       display: block;
  11978 |     }
  11979 |   }

Unexpected token Function("and")

Generated code of PostCSS transform of file content of app/globals.css:
./app/globals.css:11976:25
  11974 |   }
  11975 |   .\[\@media\(hover\:hover\)and\(pointer\:fine\)\]\:block {
> 11976 |     @media (hover:hover)and(pointer:fine) {
        |                         ^
  11977 |       display: block;
  11978 |     }
  11979 |   }

Import trace:
  Client Component Browser:
    ./app/globals.css [Client Component Browser]
    ./app/layout.tsx [Server Component] @ http://localhost:4200/_next/static/chunks/0aus_next_dist_00tg.dm._.js:1945
[   13662ms] [ERROR] ./app/globals.css:11976:25
Parsing CSS source code failed
  11974 |   }
  11975 |   .\[\@media\(hover\:hover\)and\(pointer\:fine\)\]\:block {
> 11976 |     @media (hover:hover)and(pointer:fine) {
        |                         ^
  11977 |       display: block;
  11978 |     }
  11979 |   }

Unexpected token Function("and")

Generated code of PostCSS transform of file content of app/globals.css:
./app/globals.css:11976:25
  11974 |   }
  11975 |   .\[\@media\(hover\:hover\)and\(pointer\:fine\)\]\:block {
> 11976 |     @media (hover:hover)and(pointer:fine) {
        |                         ^
  11977 |       display: block;
  11978 |     }
  11979 |   }

Import trace:
  Client Component Browser:
    ./app/globals.css [Client Component Browser]
    ./app/layout.tsx [Server Component] @ http://localhost:4200/_next/static/chunks/0aus_next_dist_00tg.dm._.js:1945
[   13726ms] [ERROR] ./app/globals.css:11976:25
Parsing CSS source code failed
  11974 |   }
  11975 |   .\[\@media\(hover\:hover\)and\(pointer\:fine\)\]\:block {
> 11976 |     @media (hover:hover)and(pointer:fine) {
        |                         ^
  11977 |       display: block;
  11978 |     }
  11979 |   }

Unexpected token Function("and")

Generated code of PostCSS transform of file content of app/globals.css:
./app/globals.css:11976:25
  11974 |   }
  11975 |   .\[\@media\(hover\:hover\)and\(pointer\:fine\)\]\:block {
> 11976 |     @media (hover:hover)and(pointer:fine) {
        |                         ^
  11977 |       display: block;
  11978 |     }
  11979 |   }

Import trace:
  Client Component Browser:
    ./app/globals.css [Client Component Browser]
    ./app/layout.tsx [Server Component] @ http://localhost:4200/_next/static/chunks/0aus_next_dist_00tg.dm._.js:1945
[   13790ms] [ERROR] ./app/globals.css:11976:25
Parsing CSS source code failed
  11974 |   }
  11975 |   .\[\@media\(hover\:hover\)and\(pointer\:fine\)\]\:block {
> 11976 |     @media (hover:hover)and(pointer:fine) {
        |                         ^
  11977 |       display: block;
  11978 |     }
  11979 |   }

Unexpected token Function("and")

Generated code of PostCSS transform of file content of app/globals.css:
./app/globals.css:11976:25
  11974 |   }
  11975 |   .\[\@media\(hover\:hover\)and\(pointer\:fine\)\]\:block {
> 11976 |     @media (hover:hover)and(pointer:fine) {
        |                         ^
  11977 |       display: block;
  11978 |     }
  11979 |   }

Import trace:
  Client Component Browser:
    ./app/globals.css [Client Component Browser]
    ./app/layout.tsx [Server Component] @ http://localhost:4200/_next/static/chunks/0aus_next_dist_00tg.dm._.js:1945
[   13854ms] [ERROR] ./app/globals.css:11976:25
Parsing CSS source code failed
  11974 |   }
  11975 |   .\[\@media\(hover\:hover\)and\(pointer\:fine\)\]\:block {
> 11976 |     @media (hover:hover)and(pointer:fine) {
        |                         ^
  11977 |       display: block;
  11978 |     }
  11979 |   }

Unexpected token Function("and")

Generated code of PostCSS transform of file content of app/globals.css:
./app/globals.css:11976:25
  11974 |   }
  11975 |   .\[\@media\(hover\:hover\)and\(pointer\:fine\)\]\:block {
> 11976 |     @media (hover:hover)and(pointer:fine) {
        |                         ^
  11977 |       display: block;
  11978 |     }
  11979 |   }

Import trace:
  Client Component Browser:
    ./app/globals.css [Client Component Browser]
    ./app/layout.tsx [Server Component] @ http://localhost:4200/_next/static/chunks/0aus_next_dist_00tg.dm._.js:1945
[   13919ms] [ERROR] ./app/globals.css:11976:25
Parsing CSS source code failed
  11974 |   }
  11975 |   .\[\@media\(hover\:hover\)and\(pointer\:fine\)\]\:block {
> 11976 |     @media (hover:hover)and(pointer:fine) {
        |                         ^
  11977 |       display: block;
  11978 |     }
  11979 |   }

Unexpected token Function("and")

Generated code of PostCSS transform of file content of app/globals.css:
./app/globals.css:11976:25
  11974 |   }
  11975 |   .\[\@media\(hover\:hover\)and\(pointer\:fine\)\]\:block {
> 11976 |     @media (hover:hover)and(pointer:fine) {
        |                         ^
  11977 |       display: block;
  11978 |     }
  11979 |   }

Import trace:
  Client Component Browser:
    ./app/globals.css [Client Component Browser]
    ./app/layout.tsx [Server Component] @ http://localhost:4200/_next/static/chunks/0aus_next_dist_00tg.dm._.js:1945
[   13982ms] [ERROR] ./app/globals.css:11976:25
Parsing CSS source code failed
  11974 |   }
  11975 |   .\[\@media\(hover\:hover\)and\(pointer\:fine\)\]\:block {
> 11976 |     @media (hover:hover)and(pointer:fine) {
        |                         ^
  11977 |       display: block;
  11978 |     }
  11979 |   }

Unexpected token Function("and")

Generated code of PostCSS transform of file content of app/globals.css:
./app/globals.css:11976:25
  11974 |   }
  11975 |   .\[\@media\(hover\:hover\)and\(pointer\:fine\)\]\:block {
> 11976 |     @media (hover:hover)and(pointer:fine) {
        |                         ^
  11977 |       display: block;
  11978 |     }
  11979 |   }

Import trace:
  Client Component Browser:
    ./app/globals.css [Client Component Browser]
    ./app/layout.tsx [Server Component] @ http://localhost:4200/_next/static/chunks/0aus_next_dist_00tg.dm._.js:1945
[   14044ms] [ERROR] ./app/globals.css:11976:25
Parsing CSS source code failed
  11974 |   }
  11975 |   .\[\@media\(hover\:hover\)and\(pointer\:fine\)\]\:block {
> 11976 |     @media (hover:hover)and(pointer:fine) {
        |                         ^
  11977 |       display: block;
  11978 |     }
  11979 |   }

Unexpected token Function("and")

Generated code of PostCSS transform of file content of app/globals.css:
./app/globals.css:11976:25
  11974 |   }
  11975 |   .\[\@media\(hover\:hover\)and\(pointer\:fine\)\]\:block {
> 11976 |     @media (hover:hover)and(pointer:fine) {
        |                         ^
  11977 |       display: block;
  11978 |     }
  11979 |   }

Import trace:
  Client Component Browser:
    ./app/globals.css [Client Component Browser]
    ./app/layout.tsx [Server Component] @ http://localhost:4200/_next/static/chunks/0aus_next_dist_00tg.dm._.js:1945
[   14104ms] [ERROR] ./app/globals.css:11976:25
Parsing CSS source code failed
  11974 |   }
  11975 |   .\[\@media\(hover\:hover\)and\(pointer\:fine\)\]\:block {
> 11976 |     @media (hover:hover)and(pointer:fine) {
        |                         ^
  11977 |       display: block;
  11978 |     }
  11979 |   }

Unexpected token Function("and")

Generated code of PostCSS transform of file content of app/globals.css:
./app/globals.css:11976:25
  11974 |   }
  11975 |   .\[\@media\(hover\:hover\)and\(pointer\:fine\)\]\:block {
> 11976 |     @media (hover:hover)and(pointer:fine) {
        |                         ^
  11977 |       display: block;
  11978 |     }
  11979 |   }

Import trace:
  Client Component Browser:
    ./app/globals.css [Client Component Browser]
    ./app/layout.tsx [Server Component] @ http://localhost:4200/_next/static/chunks/0aus_next_dist_00tg.dm._.js:1945
[   14165ms] [ERROR] ./app/globals.css:11976:25
Parsing CSS source code failed
  11974 |   }
  11975 |   .\[\@media\(hover\:hover\)and\(pointer\:fine\)\]\:block {
> 11976 |     @media (hover:hover)and(pointer:fine) {
        |                         ^
  11977 |       display: block;
  11978 |     }
  11979 |   }

Unexpected token Function("and")

Generated code of PostCSS transform of file content of app/globals.css:
./app/globals.css:11976:25
  11974 |   }
  11975 |   .\[\@media\(hover\:hover\)and\(pointer\:fine\)\]\:block {
> 11976 |     @media (hover:hover)and(pointer:fine) {
        |                         ^
  11977 |       display: block;
  11978 |     }
  11979 |   }

Import trace:
  Client Component Browser:
    ./app/globals.css [Client Component Browser]
    ./app/layout.tsx [Server Component] @ http://localhost:4200/_next/static/chunks/0aus_next_dist_00tg.dm._.js:1945
[   14229ms] [LOG] [Fast Refresh] rebuilding @ http://localhost:4200/_next/static/chunks/0aus_next_dist_00tg.dm._.js:1226
[   14339ms] [ERROR] ./app/globals.css:11976:25
Parsing CSS source code failed
  11974 |   }
  11975 |   .\[\@media\(hover\:hover\)and\(pointer\:fine\)\]\:block {
> 11976 |     @media (hover:hover)and(pointer:fine) {
        |                         ^
  11977 |       display: block;
  11978 |     }
  11979 |   }

Unexpected token Function("and")

Generated code of PostCSS transform of file content of app/globals.css:
./app/globals.css:11976:25
  11974 |   }
  11975 |   .\[\@media\(hover\:hover\)and\(pointer\:fine\)\]\:block {
> 11976 |     @media (hover:hover)and(pointer:fine) {
        |                         ^
  11977 |       display: block;
  11978 |     }
  11979 |   }

Import trace:
  Client Component Browser:
    ./app/globals.css [Client Component Browser]
    ./app/layout.tsx [Server Component] @ http://localhost:4200/_next/static/chunks/0aus_next_dist_00tg.dm._.js:1945
[   14400ms] [ERROR] ./app/globals.css:11976:25
Parsing CSS source code failed
  11974 |   }
  11975 |   .\[\@media\(hover\:hover\)and\(pointer\:fine\)\]\:block {
> 11976 |     @media (hover:hover)and(pointer:fine) {
        |                         ^
  11977 |       display: block;
  11978 |     }
  11979 |   }

Unexpected token Function("and")

Generated code of PostCSS transform of file content of app/globals.css:
./app/globals.css:11976:25
  11974 |   }
  11975 |   .\[\@media\(hover\:hover\)and\(pointer\:fine\)\]\:block {
> 11976 |     @media (hover:hover)and(pointer:fine) {
        |                         ^
  11977 |       display: block;
  11978 |     }
  11979 |   }

Import trace:
  Client Component Browser:
    ./app/globals.css [Client Component Browser]
    ./app/layout.tsx [Server Component] @ http://localhost:4200/_next/static/chunks/0aus_next_dist_00tg.dm._.js:1945
[   14462ms] [ERROR] ./app/globals.css:11976:25
Parsing CSS source code failed
  11974 |   }
  11975 |   .\[\@media\(hover\:hover\)and\(pointer\:fine\)\]\:block {
> 11976 |     @media (hover:hover)and(pointer:fine) {
        |                         ^
  11977 |       display: block;
  11978 |     }
  11979 |   }

Unexpected token Function("and")

Generated code of PostCSS transform of file content of app/globals.css:
./app/globals.css:11976:25
  11974 |   }
  11975 |   .\[\@media\(hover\:hover\)and\(pointer\:fine\)\]\:block {
> 11976 |     @media (hover:hover)and(pointer:fine) {
        |                         ^
  11977 |       display: block;
  11978 |     }
  11979 |   }

Import trace:
  Client Component Browser:
    ./app/globals.css [Client Component Browser]
    ./app/layout.tsx [Server Component] @ http://localhost:4200/_next/static/chunks/0aus_next_dist_00tg.dm._.js:1945
[   14525ms] [ERROR] ./app/globals.css:11976:25
Parsing CSS source code failed
  11974 |   }
  11975 |   .\[\@media\(hover\:hover\)and\(pointer\:fine\)\]\:block {
> 11976 |     @media (hover:hover)and(pointer:fine) {
        |                         ^
  11977 |       display: block;
  11978 |     }
  11979 |   }

Unexpected token Function("and")

Generated code of PostCSS transform of file content of app/globals.css:
./app/globals.css:11976:25
  11974 |   }
  11975 |   .\[\@media\(hover\:hover\)and\(pointer\:fine\)\]\:block {
> 11976 |     @media (hover:hover)and(pointer:fine) {
        |                         ^
  11977 |       display: block;
  11978 |     }
  11979 |   }

Import trace:
  Client Component Browser:
    ./app/globals.css [Client Component Browser]
    ./app/layout.tsx [Server Component] @ http://localhost:4200/_next/static/chunks/0aus_next_dist_00tg.dm._.js:1945
[   14588ms] [ERROR] ./app/globals.css:11976:25
Parsing CSS source code failed
  11974 |   }
  11975 |   .\[\@media\(hover\:hover\)and\(pointer\:fine\)\]\:block {
> 11976 |     @media (hover:hover)and(pointer:fine) {
        |                         ^
  11977 |       display: block;
  11978 |     }
  11979 |   }

Unexpected token Function("and")

Generated code of PostCSS transform of file content of app/globals.css:
./app/globals.css:11976:25
  11974 |   }
  11975 |   .\[\@media\(hover\:hover\)and\(pointer\:fine\)\]\:block {
> 11976 |     @media (hover:hover)and(pointer:fine) {
        |                         ^
  11977 |       display: block;
  11978 |     }
  11979 |   }

Import trace:
  Client Component Browser:
    ./app/globals.css [Client Component Browser]
    ./app/layout.tsx [Server Component] @ http://localhost:4200/_next/static/chunks/0aus_next_dist_00tg.dm._.js:1945
[   14652ms] [ERROR] ./app/globals.css:11976:25
Parsing CSS source code failed
  11974 |   }
  11975 |   .\[\@media\(hover\:hover\)and\(pointer\:fine\)\]\:block {
> 11976 |     @media (hover:hover)and(pointer:fine) {
        |                         ^
  11977 |       display: block;
  11978 |     }
  11979 |   }

Unexpected token Function("and")

Generated code of PostCSS transform of file content of app/globals.css:
./app/globals.css:11976:25
  11974 |   }
  11975 |   .\[\@media\(hover\:hover\)and\(pointer\:fine\)\]\:block {
> 11976 |     @media (hover:hover)and(pointer:fine) {
        |                         ^
  11977 |       display: block;
  11978 |     }
  11979 |   }

Import trace:
  Client Component Browser:
    ./app/globals.css [Client Component Browser]
    ./app/layout.tsx [Server Component] @ http://localhost:4200/_next/static/chunks/0aus_next_dist_00tg.dm._.js:1945
[   14717ms] [ERROR] ./app/globals.css:11976:25
Parsing CSS source code failed
  11974 |   }
  11975 |   .\[\@media\(hover\:hover\)and\(pointer\:fine\)\]\:block {
> 11976 |     @media (hover:hover)and(pointer:fine) {
        |                         ^
  11977 |       display: block;
  11978 |     }
  11979 |   }

Unexpected token Function("and")

Generated code of PostCSS transform of file content of app/globals.css:
./app/globals.css:11976:25
  11974 |   }
  11975 |   .\[\@media\(hover\:hover\)and\(pointer\:fine\)\]\:block {
> 11976 |     @media (hover:hover)and(pointer:fine) {
        |                         ^
  11977 |       display: block;
  11978 |     }
  11979 |   }

Import trace:
  Client Component Browser:
    ./app/globals.css [Client Component Browser]
    ./app/layout.tsx [Server Component] @ http://localhost:4200/_next/static/chunks/0aus_next_dist_00tg.dm._.js:1945
[   14783ms] [ERROR] ./app/globals.css:11976:25
Parsing CSS source code failed
  11974 |   }
  11975 |   .\[\@media\(hover\:hover\)and\(pointer\:fine\)\]\:block {
> 11976 |     @media (hover:hover)and(pointer:fine) {
        |                         ^
  11977 |       display: block;
  11978 |     }
  11979 |   }

Unexpected token Function("and")

Generated code of PostCSS transform of file content of app/globals.css:
./app/globals.css:11976:25
  11974 |   }
  11975 |   .\[\@media\(hover\:hover\)and\(pointer\:fine\)\]\:block {
> 11976 |     @media (hover:hover)and(pointer:fine) {
        |                         ^
  11977 |       display: block;
  11978 |     }
  11979 |   }

Import trace:
  Client Component Browser:
    ./app/globals.css [Client Component Browser]
    ./app/layout.tsx [Server Component] @ http://localhost:4200/_next/static/chunks/0aus_next_dist_00tg.dm._.js:1945
[   14844ms] [ERROR] ./app/globals.css:11976:25
Parsing CSS source code failed
  11974 |   }
  11975 |   .\[\@media\(hover\:hover\)and\(pointer\:fine\)\]\:block {
> 11976 |     @media (hover:hover)and(pointer:fine) {
        |                         ^
  11977 |       display: block;
  11978 |     }
  11979 |   }

Unexpected token Function("and")

Generated code of PostCSS transform of file content of app/globals.css:
./app/globals.css:11976:25
  11974 |   }
  11975 |   .\[\@media\(hover\:hover\)and\(pointer\:fine\)\]\:block {
> 11976 |     @media (hover:hover)and(pointer:fine) {
        |                         ^
  11977 |       display: block;
  11978 |     }
  11979 |   }

Import trace:
  Client Component Browser:
    ./app/globals.css [Client Component Browser]
    ./app/layout.tsx [Server Component] @ http://localhost:4200/_next/static/chunks/0aus_next_dist_00tg.dm._.js:1945
[   14904ms] [ERROR] ./app/globals.css:11976:25
Parsing CSS source code failed
  11974 |   }
  11975 |   .\[\@media\(hover\:hover\)and\(pointer\:fine\)\]\:block {
> 11976 |     @media (hover:hover)and(pointer:fine) {
        |                         ^
  11977 |       display: block;
  11978 |     }
  11979 |   }

Unexpected token Function("and")

Generated code of PostCSS transform of file content of app/globals.css:
./app/globals.css:11976:25
  11974 |   }
  11975 |   .\[\@media\(hover\:hover\)and\(pointer\:fine\)\]\:block {
> 11976 |     @media (hover:hover)and(pointer:fine) {
        |                         ^
  11977 |       display: block;
  11978 |     }
  11979 |   }

Import trace:
  Client Component Browser:
    ./app/globals.css [Client Component Browser]
    ./app/layout.tsx [Server Component] @ http://localhost:4200/_next/static/chunks/0aus_next_dist_00tg.dm._.js:1945
[   14965ms] [ERROR] ./app/globals.css:11976:25
Parsing CSS source code failed
  11974 |   }
  11975 |   .\[\@media\(hover\:hover\)and\(pointer\:fine\)\]\:block {
> 11976 |     @media (hover:hover)and(pointer:fine) {
        |                         ^
  11977 |       display: block;
  11978 |     }
  11979 |   }

Unexpected token Function("and")

Generated code of PostCSS transform of file content of app/globals.css:
./app/globals.css:11976:25
  11974 |   }
  11975 |   .\[\@media\(hover\:hover\)and\(pointer\:fine\)\]\:block {
> 11976 |     @media (hover:hover)and(pointer:fine) {
        |                         ^
  11977 |       display: block;
  11978 |     }
  11979 |   }

Import trace:
  Client Component Browser:
    ./app/globals.css [Client Component Browser]
    ./app/layout.tsx [Server Component] @ http://localhost:4200/_next/static/chunks/0aus_next_dist_00tg.dm._.js:1945
[   15016ms] [ERROR] ./app/globals.css:11976:25
Parsing CSS source code failed
  11974 |   }
  11975 |   .\[\@media\(hover\:hover\)and\(pointer\:fine\)\]\:block {
> 11976 |     @media (hover:hover)and(pointer:fine) {
        |                         ^
  11977 |       display: block;
  11978 |     }
  11979 |   }

Unexpected token Function("and")

Generated code of PostCSS transform of file content of app/globals.css:
./app/globals.css:11976:25
  11974 |   }
  11975 |   .\[\@media\(hover\:hover\)and\(pointer\:fine\)\]\:block {
> 11976 |     @media (hover:hover)and(pointer:fine) {
        |                         ^
  11977 |       display: block;
  11978 |     }
  11979 |   }

Import trace:
  Client Component Browser:
    ./app/globals.css [Client Component Browser]
    ./app/layout.tsx [Server Component] @ http://localhost:4200/_next/static/chunks/0aus_next_dist_00tg.dm._.js:1945
[   15078ms] [ERROR] ./app/globals.css:11976:25
Parsing CSS source code failed
  11974 |   }
  11975 |   .\[\@media\(hover\:hover\)and\(pointer\:fine\)\]\:block {
> 11976 |     @media (hover:hover)and(pointer:fine) {
        |                         ^
  11977 |       display: block;
  11978 |     }
  11979 |   }

Unexpected token Function("and")

Generated code of PostCSS transform of file content of app/globals.css:
./app/globals.css:11976:25
  11974 |   }
  11975 |   .\[\@media\(hover\:hover\)and\(pointer\:fine\)\]\:block {
> 11976 |     @media (hover:hover)and(pointer:fine) {
        |                         ^
  11977 |       display: block;
  11978 |     }
  11979 |   }

Import trace:
  Client Component Browser:
    ./app/globals.css [Client Component Browser]
    ./app/layout.tsx [Server Component] @ http://localhost:4200/_next/static/chunks/0aus_next_dist_00tg.dm._.js:1945
[   15140ms] [ERROR] ./app/globals.css:11976:25
Parsing CSS source code failed
  11974 |   }
  11975 |   .\[\@media\(hover\:hover\)and\(pointer\:fine\)\]\:block {
> 11976 |     @media (hover:hover)and(pointer:fine) {
        |                         ^
  11977 |       display: block;
  11978 |     }
  11979 |   }

Unexpected token Function("and")

Generated code of PostCSS transform of file content of app/globals.css:
./app/globals.css:11976:25
  11974 |   }
  11975 |   .\[\@media\(hover\:hover\)and\(pointer\:fine\)\]\:block {
> 11976 |     @media (hover:hover)and(pointer:fine) {
        |                         ^
  11977 |       display: block;
  11978 |     }
  11979 |   }

Import trace:
  Client Component Browser:
    ./app/globals.css [Client Component Browser]
    ./app/layout.tsx [Server Component] @ http://localhost:4200/_next/static/chunks/0aus_next_dist_00tg.dm._.js:1945
[   15204ms] [ERROR] ./app/globals.css:11976:25
Parsing CSS source code failed
  11974 |   }
  11975 |   .\[\@media\(hover\:hover\)and\(pointer\:fine\)\]\:block {
> 11976 |     @media (hover:hover)and(pointer:fine) {
        |                         ^
  11977 |       display: block;
  11978 |     }
  11979 |   }

Unexpected token Function("and")

Generated code of PostCSS transform of file content of app/globals.css:
./app/globals.css:11976:25
  11974 |   }
  11975 |   .\[\@media\(hover\:hover\)and\(pointer\:fine\)\]\:block {
> 11976 |     @media (hover:hover)and(pointer:fine) {
        |                         ^
  11977 |       display: block;
  11978 |     }
  11979 |   }

Import trace:
  Client Component Browser:
    ./app/globals.css [Client Component Browser]
    ./app/layout.tsx [Server Component] @ http://localhost:4200/_next/static/chunks/0aus_next_dist_00tg.dm._.js:1945
[   15269ms] [ERROR] ./app/globals.css:11976:25
Parsing CSS source code failed
  11974 |   }
  11975 |   .\[\@media\(hover\:hover\)and\(pointer\:fine\)\]\:block {
> 11976 |     @media (hover:hover)and(pointer:fine) {
        |                         ^
  11977 |       display: block;
  11978 |     }
  11979 |   }

Unexpected token Function("and")

Generated code of PostCSS transform of file content of app/globals.css:
./app/globals.css:11976:25
  11974 |   }
  11975 |   .\[\@media\(hover\:hover\)and\(pointer\:fine\)\]\:block {
> 11976 |     @media (hover:hover)and(pointer:fine) {
        |                         ^
  11977 |       display: block;
  11978 |     }
  11979 |   }

Import trace:
  Client Component Browser:
    ./app/globals.css [Client Component Browser]
    ./app/layout.tsx [Server Component] @ http://localhost:4200/_next/static/chunks/0aus_next_dist_00tg.dm._.js:1945
[   15369ms] [ERROR] ./app/globals.css:11976:25
Parsing CSS source code failed
  11974 |   }
  11975 |   .\[\@media\(hover\:hover\)and\(pointer\:fine\)\]\:block {
> 11976 |     @media (hover:hover)and(pointer:fine) {
        |                         ^
  11977 |       display: block;
  11978 |     }
  11979 |   }

Unexpected token Function("and")

Generated code of PostCSS transform of file content of app/globals.css:
./app/globals.css:11976:25
  11974 |   }
  11975 |   .\[\@media\(hover\:hover\)and\(pointer\:fine\)\]\:block {
> 11976 |     @media (hover:hover)and(pointer:fine) {
        |                         ^
  11977 |       display: block;
  11978 |     }
  11979 |   }

Import trace:
  Client Component Browser:
    ./app/globals.css [Client Component Browser]
    ./app/layout.tsx [Server Component] @ http://localhost:4200/_next/static/chunks/0aus_next_dist_00tg.dm._.js:1945
[   15430ms] [ERROR] ./app/globals.css:11976:25
Parsing CSS source code failed
  11974 |   }
  11975 |   .\[\@media\(hover\:hover\)and\(pointer\:fine\)\]\:block {
> 11976 |     @media (hover:hover)and(pointer:fine) {
        |                         ^
  11977 |       display: block;
  11978 |     }
  11979 |   }

Unexpected token Function("and")

Generated code of PostCSS transform of file content of app/globals.css:
./app/globals.css:11976:25
  11974 |   }
  11975 |   .\[\@media\(hover\:hover\)and\(pointer\:fine\)\]\:block {
> 11976 |     @media (hover:hover)and(pointer:fine) {
        |                         ^
  11977 |       display: block;
  11978 |     }
  11979 |   }

Import trace:
  Client Component Browser:
    ./app/globals.css [Client Component Browser]
    ./app/layout.tsx [Server Component] @ http://localhost:4200/_next/static/chunks/0aus_next_dist_00tg.dm._.js:1945
[   15492ms] [ERROR] ./app/globals.css:11976:25
Parsing CSS source code failed
  11974 |   }
  11975 |   .\[\@media\(hover\:hover\)and\(pointer\:fine\)\]\:block {
> 11976 |     @media (hover:hover)and(pointer:fine) {
        |                         ^
  11977 |       display: block;
  11978 |     }
  11979 |   }

Unexpected token Function("and")

Generated code of PostCSS transform of file content of app/globals.css:
./app/globals.css:11976:25
  11974 |   }
  11975 |   .\[\@media\(hover\:hover\)and\(pointer\:fine\)\]\:block {
> 11976 |     @media (hover:hover)and(pointer:fine) {
        |                         ^
  11977 |       display: block;
  11978 |     }
  11979 |   }

Import trace:
  Client Component Browser:
    ./app/globals.css [Client Component Browser]
    ./app/layout.tsx [Server Component] @ http://localhost:4200/_next/static/chunks/0aus_next_dist_00tg.dm._.js:1945
[   15553ms] [ERROR] ./app/globals.css:11976:25
Parsing CSS source code failed
  11974 |   }
  11975 |   .\[\@media\(hover\:hover\)and\(pointer\:fine\)\]\:block {
> 11976 |     @media (hover:hover)and(pointer:fine) {
        |                         ^
  11977 |       display: block;
  11978 |     }
  11979 |   }

Unexpected token Function("and")

Generated code of PostCSS transform of file content of app/globals.css:
./app/globals.css:11976:25
  11974 |   }
  11975 |   .\[\@media\(hover\:hover\)and\(pointer\:fine\)\]\:block {
> 11976 |     @media (hover:hover)and(pointer:fine) {
        |                         ^
  11977 |       display: block;
  11978 |     }
  11979 |   }

Import trace:
  Client Component Browser:
    ./app/globals.css [Client Component Browser]
    ./app/layout.tsx [Server Component] @ http://localhost:4200/_next/static/chunks/0aus_next_dist_00tg.dm._.js:1945
[   15605ms] [ERROR] ./app/globals.css:11976:25
Parsing CSS source code failed
  11974 |   }
  11975 |   .\[\@media\(hover\:hover\)and\(pointer\:fine\)\]\:block {
> 11976 |     @media (hover:hover)and(pointer:fine) {
        |                         ^
  11977 |       display: block;
  11978 |     }
  11979 |   }

Unexpected token Function("and")

Generated code of PostCSS transform of file content of app/globals.css:
./app/globals.css:11976:25
  11974 |   }
  11975 |   .\[\@media\(hover\:hover\)and\(pointer\:fine\)\]\:block {
> 11976 |     @media (hover:hover)and(pointer:fine) {
        |                         ^
  11977 |       display: block;
  11978 |     }
  11979 |   }

Import trace:
  Client Component Browser:
    ./app/globals.css [Client Component Browser]
    ./app/layout.tsx [Server Component] @ http://localhost:4200/_next/static/chunks/0aus_next_dist_00tg.dm._.js:1945
[   15665ms] [ERROR] ./app/globals.css:11976:25
Parsing CSS source code failed
  11974 |   }
  11975 |   .\[\@media\(hover\:hover\)and\(pointer\:fine\)\]\:block {
> 11976 |     @media (hover:hover)and(pointer:fine) {
        |                         ^
  11977 |       display: block;
  11978 |     }
  11979 |   }

Unexpected token Function("and")

Generated code of PostCSS transform of file content of app/globals.css:
./app/globals.css:11976:25
  11974 |   }
  11975 |   .\[\@media\(hover\:hover\)and\(pointer\:fine\)\]\:block {
> 11976 |     @media (hover:hover)and(pointer:fine) {
        |                         ^
  11977 |       display: block;
  11978 |     }
  11979 |   }

Import trace:
  Client Component Browser:
    ./app/globals.css [Client Component Browser]
    ./app/layout.tsx [Server Component] @ http://localhost:4200/_next/static/chunks/0aus_next_dist_00tg.dm._.js:1945
[   15727ms] [ERROR] ./app/globals.css:11976:25
Parsing CSS source code failed
  11974 |   }
  11975 |   .\[\@media\(hover\:hover\)and\(pointer\:fine\)\]\:block {
> 11976 |     @media (hover:hover)and(pointer:fine) {
        |                         ^
  11977 |       display: block;
  11978 |     }
  11979 |   }

Unexpected token Function("and")

Generated code of PostCSS transform of file content of app/globals.css:
./app/globals.css:11976:25
  11974 |   }
  11975 |   .\[\@media\(hover\:hover\)and\(pointer\:fine\)\]\:block {
> 11976 |     @media (hover:hover)and(pointer:fine) {
        |                         ^
  11977 |       display: block;
  11978 |     }
  11979 |   }

Import trace:
  Client Component Browser:
    ./app/globals.css [Client Component Browser]
    ./app/layout.tsx [Server Component] @ http://localhost:4200/_next/static/chunks/0aus_next_dist_00tg.dm._.js:1945
[   15789ms] [ERROR] ./app/globals.css:11976:25
Parsing CSS source code failed
  11974 |   }
  11975 |   .\[\@media\(hover\:hover\)and\(pointer\:fine\)\]\:block {
> 11976 |     @media (hover:hover)and(pointer:fine) {
        |                         ^
  11977 |       display: block;
  11978 |     }
  11979 |   }

Unexpected token Function("and")

Generated code of PostCSS transform of file content of app/globals.css:
./app/globals.css:11976:25
  11974 |   }
  11975 |   .\[\@media\(hover\:hover\)and\(pointer\:fine\)\]\:block {
> 11976 |     @media (hover:hover)and(pointer:fine) {
        |                         ^
  11977 |       display: block;
  11978 |     }
  11979 |   }

Import trace:
  Client Component Browser:
    ./app/globals.css [Client Component Browser]
    ./app/layout.tsx [Server Component] @ http://localhost:4200/_next/static/chunks/0aus_next_dist_00tg.dm._.js:1945
[   15851ms] [ERROR] ./app/globals.css:11976:25
Parsing CSS source code failed
  11974 |   }
  11975 |   .\[\@media\(hover\:hover\)and\(pointer\:fine\)\]\:block {
> 11976 |     @media (hover:hover)and(pointer:fine) {
        |                         ^
  11977 |       display: block;
  11978 |     }
  11979 |   }

Unexpected token Function("and")

Generated code of PostCSS transform of file content of app/globals.css:
./app/globals.css:11976:25
  11974 |   }
  11975 |   .\[\@media\(hover\:hover\)and\(pointer\:fine\)\]\:block {
> 11976 |     @media (hover:hover)and(pointer:fine) {
        |                         ^
  11977 |       display: block;
  11978 |     }
  11979 |   }

Import trace:
  Client Component Browser:
    ./app/globals.css [Client Component Browser]
    ./app/layout.tsx [Server Component] @ http://localhost:4200/_next/static/chunks/0aus_next_dist_00tg.dm._.js:1945
[   15914ms] [ERROR] ./app/globals.css:11976:25
Parsing CSS source code failed
  11974 |   }
  11975 |   .\[\@media\(hover\:hover\)and\(pointer\:fine\)\]\:block {
> 11976 |     @media (hover:hover)and(pointer:fine) {
        |                         ^
  11977 |       display: block;
  11978 |     }
  11979 |   }

Unexpected token Function("and")

Generated code of PostCSS transform of file content of app/globals.css:
./app/globals.css:11976:25
  11974 |   }
  11975 |   .\[\@media\(hover\:hover\)and\(pointer\:fine\)\]\:block {
> 11976 |     @media (hover:hover)and(pointer:fine) {
        |                         ^
  11977 |       display: block;
  11978 |     }
  11979 |   }

Import trace:
  Client Component Browser:
    ./app/globals.css [Client Component Browser]
    ./app/layout.tsx [Server Component] @ http://localhost:4200/_next/static/chunks/0aus_next_dist_00tg.dm._.js:1945
[   15976ms] [ERROR] ./app/globals.css:11976:25
Parsing CSS source code failed
  11974 |   }
  11975 |   .\[\@media\(hover\:hover\)and\(pointer\:fine\)\]\:block {
> 11976 |     @media (hover:hover)and(pointer:fine) {
        |                         ^
  11977 |       display: block;
  11978 |     }
  11979 |   }

Unexpected token Function("and")

Generated code of PostCSS transform of file content of app/globals.css:
./app/globals.css:11976:25
  11974 |   }
  11975 |   .\[\@media\(hover\:hover\)and\(pointer\:fine\)\]\:block {
> 11976 |     @media (hover:hover)and(pointer:fine) {
        |                         ^
  11977 |       display: block;
  11978 |     }
  11979 |   }

Import trace:
  Client Component Browser:
    ./app/globals.css [Client Component Browser]
    ./app/layout.tsx [Server Component] @ http://localhost:4200/_next/static/chunks/0aus_next_dist_00tg.dm._.js:1945
[   16040ms] [ERROR] ./app/globals.css:11976:25
Parsing CSS source code failed
  11974 |   }
  11975 |   .\[\@media\(hover\:hover\)and\(pointer\:fine\)\]\:block {
> 11976 |     @media (hover:hover)and(pointer:fine) {
        |                         ^
  11977 |       display: block;
  11978 |     }
  11979 |   }

Unexpected token Function("and")

Generated code of PostCSS transform of file content of app/globals.css:
./app/globals.css:11976:25
  11974 |   }
  11975 |   .\[\@media\(hover\:hover\)and\(pointer\:fine\)\]\:block {
> 11976 |     @media (hover:hover)and(pointer:fine) {
        |                         ^
  11977 |       display: block;
  11978 |     }
  11979 |   }

Import trace:
  Client Component Browser:
    ./app/globals.css [Client Component Browser]
    ./app/layout.tsx [Server Component] @ http://localhost:4200/_next/static/chunks/0aus_next_dist_00tg.dm._.js:1945
[   16104ms] [ERROR] ./app/globals.css:11976:25
Parsing CSS source code failed
  11974 |   }
  11975 |   .\[\@media\(hover\:hover\)and\(pointer\:fine\)\]\:block {
> 11976 |     @media (hover:hover)and(pointer:fine) {
        |                         ^
  11977 |       display: block;
  11978 |     }
  11979 |   }

Unexpected token Function("and")

Generated code of PostCSS transform of file content of app/globals.css:
./app/globals.css:11976:25
  11974 |   }
  11975 |   .\[\@media\(hover\:hover\)and\(pointer\:fine\)\]\:block {
> 11976 |     @media (hover:hover)and(pointer:fine) {
        |                         ^
  11977 |       display: block;
  11978 |     }
  11979 |   }

Import trace:
  Client Component Browser:
    ./app/globals.css [Client Component Browser]
    ./app/layout.tsx [Server Component] @ http://localhost:4200/_next/static/chunks/0aus_next_dist_00tg.dm._.js:1945
[   16169ms] [ERROR] ./app/globals.css:11976:25
Parsing CSS source code failed
  11974 |   }
  11975 |   .\[\@media\(hover\:hover\)and\(pointer\:fine\)\]\:block {
> 11976 |     @media (hover:hover)and(pointer:fine) {
        |                         ^
  11977 |       display: block;
  11978 |     }
  11979 |   }

Unexpected token Function("and")

Generated code of PostCSS transform of file content of app/globals.css:
./app/globals.css:11976:25
  11974 |   }
  11975 |   .\[\@media\(hover\:hover\)and\(pointer\:fine\)\]\:block {
> 11976 |     @media (hover:hover)and(pointer:fine) {
        |                         ^
  11977 |       display: block;
  11978 |     }
  11979 |   }

Import trace:
  Client Component Browser:
    ./app/globals.css [Client Component Browser]
    ./app/layout.tsx [Server Component] @ http://localhost:4200/_next/static/chunks/0aus_next_dist_00tg.dm._.js:1945
[   16232ms] [ERROR] ./app/globals.css:11976:25
Parsing CSS source code failed
  11974 |   }
  11975 |   .\[\@media\(hover\:hover\)and\(pointer\:fine\)\]\:block {
> 11976 |     @media (hover:hover)and(pointer:fine) {
        |                         ^
  11977 |       display: block;
  11978 |     }
  11979 |   }

Unexpected token Function("and")

Generated code of PostCSS transform of file content of app/globals.css:
./app/globals.css:11976:25
  11974 |   }
  11975 |   .\[\@media\(hover\:hover\)and\(pointer\:fine\)\]\:block {
> 11976 |     @media (hover:hover)and(pointer:fine) {
        |                         ^
  11977 |       display: block;
  11978 |     }
  11979 |   }

Import trace:
  Client Component Browser:
    ./app/globals.css [Client Component Browser]
    ./app/layout.tsx [Server Component] @ http://localhost:4200/_next/static/chunks/0aus_next_dist_00tg.dm._.js:1945
[   16297ms] [ERROR] ./app/globals.css:11976:25
Parsing CSS source code failed
  11974 |   }
  11975 |   .\[\@media\(hover\:hover\)and\(pointer\:fine\)\]\:block {
> 11976 |     @media (hover:hover)and(pointer:fine) {
        |                         ^
  11977 |       display: block;
  11978 |     }
  11979 |   }

Unexpected token Function("and")

Generated code of PostCSS transform of file content of app/globals.css:
./app/globals.css:11976:25
  11974 |   }
  11975 |   .\[\@media\(hover\:hover\)and\(pointer\:fine\)\]\:block {
> 11976 |     @media (hover:hover)and(pointer:fine) {
        |                         ^
  11977 |       display: block;
  11978 |     }
  11979 |   }

Import trace:
  Client Component Browser:
    ./app/globals.css [Client Component Browser]
    ./app/layout.tsx [Server Component] @ http://localhost:4200/_next/static/chunks/0aus_next_dist_00tg.dm._.js:1945
[   16361ms] [ERROR] ./app/globals.css:11976:25
Parsing CSS source code failed
  11974 |   }
  11975 |   .\[\@media\(hover\:hover\)and\(pointer\:fine\)\]\:block {
> 11976 |     @media (hover:hover)and(pointer:fine) {
        |                         ^
  11977 |       display: block;
  11978 |     }
  11979 |   }

Unexpected token Function("and")

Generated code of PostCSS transform of file content of app/globals.css:
./app/globals.css:11976:25
  11974 |   }
  11975 |   .\[\@media\(hover\:hover\)and\(pointer\:fine\)\]\:block {
> 11976 |     @media (hover:hover)and(pointer:fine) {
        |                         ^
  11977 |       display: block;
  11978 |     }
  11979 |   }

Import trace:
  Client Component Browser:
    ./app/globals.css [Client Component Browser]
    ./app/layout.tsx [Server Component] @ http://localhost:4200/_next/static/chunks/0aus_next_dist_00tg.dm._.js:1945
[   16424ms] [ERROR] ./app/globals.css:11976:25
Parsing CSS source code failed
  11974 |   }
  11975 |   .\[\@media\(hover\:hover\)and\(pointer\:fine\)\]\:block {
> 11976 |     @media (hover:hover)and(pointer:fine) {
        |                         ^
  11977 |       display: block;
  11978 |     }
  11979 |   }

Unexpected token Function("and")

Generated code of PostCSS transform of file content of app/globals.css:
./app/globals.css:11976:25
  11974 |   }
  11975 |   .\[\@media\(hover\:hover\)and\(pointer\:fine\)\]\:block {
> 11976 |     @media (hover:hover)and(pointer:fine) {
        |                         ^
  11977 |       display: block;
  11978 |     }
  11979 |   }

Import trace:
  Client Component Browser:
    ./app/globals.css [Client Component Browser]
    ./app/layout.tsx [Server Component] @ http://localhost:4200/_next/static/chunks/0aus_next_dist_00tg.dm._.js:1945
[   16486ms] [ERROR] ./app/globals.css:11976:25
Parsing CSS source code failed
  11974 |   }
  11975 |   .\[\@media\(hover\:hover\)and\(pointer\:fine\)\]\:block {
> 11976 |     @media (hover:hover)and(pointer:fine) {
        |                         ^
  11977 |       display: block;
  11978 |     }
  11979 |   }

Unexpected token Function("and")

Generated code of PostCSS transform of file content of app/globals.css:
./app/globals.css:11976:25
  11974 |   }
  11975 |   .\[\@media\(hover\:hover\)and\(pointer\:fine\)\]\:block {
> 11976 |     @media (hover:hover)and(pointer:fine) {
        |                         ^
  11977 |       display: block;
  11978 |     }
  11979 |   }

Import trace:
  Client Component Browser:
    ./app/globals.css [Client Component Browser]
    ./app/layout.tsx [Server Component] @ http://localhost:4200/_next/static/chunks/0aus_next_dist_00tg.dm._.js:1945
[   16550ms] [ERROR] ./app/globals.css:11976:25
Parsing CSS source code failed
  11974 |   }
  11975 |   .\[\@media\(hover\:hover\)and\(pointer\:fine\)\]\:block {
> 11976 |     @media (hover:hover)and(pointer:fine) {
        |                         ^
  11977 |       display: block;
  11978 |     }
  11979 |   }

Unexpected token Function("and")

Generated code of PostCSS transform of file content of app/globals.css:
./app/globals.css:11976:25
  11974 |   }
  11975 |   .\[\@media\(hover\:hover\)and\(pointer\:fine\)\]\:block {
> 11976 |     @media (hover:hover)and(pointer:fine) {
        |                         ^
  11977 |       display: block;
  11978 |     }
  11979 |   }

Import trace:
  Client Component Browser:
    ./app/globals.css [Client Component Browser]
    ./app/layout.tsx [Server Component] @ http://localhost:4200/_next/static/chunks/0aus_next_dist_00tg.dm._.js:1945
[   16614ms] [ERROR] ./app/globals.css:11976:25
Parsing CSS source code failed
  11974 |   }
  11975 |   .\[\@media\(hover\:hover\)and\(pointer\:fine\)\]\:block {
> 11976 |     @media (hover:hover)and(pointer:fine) {
        |                         ^
  11977 |       display: block;
  11978 |     }
  11979 |   }

Unexpected token Function("and")

Generated code of PostCSS transform of file content of app/globals.css:
./app/globals.css:11976:25
  11974 |   }
  11975 |   .\[\@media\(hover\:hover\)and\(pointer\:fine\)\]\:block {
> 11976 |     @media (hover:hover)and(pointer:fine) {
        |                         ^
  11977 |       display: block;
  11978 |     }
  11979 |   }

Import trace:
  Client Component Browser:
    ./app/globals.css [Client Component Browser]
    ./app/layout.tsx [Server Component] @ http://localhost:4200/_next/static/chunks/0aus_next_dist_00tg.dm._.js:1945
[   16680ms] [ERROR] ./app/globals.css:11976:25
Parsing CSS source code failed
  11974 |   }
  11975 |   .\[\@media\(hover\:hover\)and\(pointer\:fine\)\]\:block {
> 11976 |     @media (hover:hover)and(pointer:fine) {
        |                         ^
  11977 |       display: block;
  11978 |     }
  11979 |   }

Unexpected token Function("and")

Generated code of PostCSS transform of file content of app/globals.css:
./app/globals.css:11976:25
  11974 |   }
  11975 |   .\[\@media\(hover\:hover\)and\(pointer\:fine\)\]\:block {
> 11976 |     @media (hover:hover)and(pointer:fine) {
        |                         ^
  11977 |       display: block;
  11978 |     }
  11979 |   }

Import trace:
  Client Component Browser:
    ./app/globals.css [Client Component Browser]
    ./app/layout.tsx [Server Component] @ http://localhost:4200/_next/static/chunks/0aus_next_dist_00tg.dm._.js:1945
[   16744ms] [ERROR] ./app/globals.css:11976:25
Parsing CSS source code failed
  11974 |   }
  11975 |   .\[\@media\(hover\:hover\)and\(pointer\:fine\)\]\:block {
> 11976 |     @media (hover:hover)and(pointer:fine) {
        |                         ^
  11977 |       display: block;
  11978 |     }
  11979 |   }

Unexpected token Function("and")

Generated code of PostCSS transform of file content of app/globals.css:
./app/globals.css:11976:25
  11974 |   }
  11975 |   .\[\@media\(hover\:hover\)and\(pointer\:fine\)\]\:block {
> 11976 |     @media (hover:hover)and(pointer:fine) {
        |                         ^
  11977 |       display: block;
  11978 |     }
  11979 |   }

Import trace:
  Client Component Browser:
    ./app/globals.css [Client Component Browser]
    ./app/layout.tsx [Server Component] @ http://localhost:4200/_next/static/chunks/0aus_next_dist_00tg.dm._.js:1945
[   16807ms] [ERROR] ./app/globals.css:11976:25
Parsing CSS source code failed
  11974 |   }
  11975 |   .\[\@media\(hover\:hover\)and\(pointer\:fine\)\]\:block {
> 11976 |     @media (hover:hover)and(pointer:fine) {
        |                         ^
  11977 |       display: block;
  11978 |     }
  11979 |   }

Unexpected token Function("and")

Generated code of PostCSS transform of file content of app/globals.css:
./app/globals.css:11976:25
  11974 |   }
  11975 |   .\[\@media\(hover\:hover\)and\(pointer\:fine\)\]\:block {
> 11976 |     @media (hover:hover)and(pointer:fine) {
        |                         ^
  11977 |       display: block;
  11978 |     }
  11979 |   }

Import trace:
  Client Component Browser:
    ./app/globals.css [Client Component Browser]
    ./app/layout.tsx [Server Component] @ http://localhost:4200/_next/static/chunks/0aus_next_dist_00tg.dm._.js:1945
[   16871ms] [ERROR] ./app/globals.css:11976:25
Parsing CSS source code failed
  11974 |   }
  11975 |   .\[\@media\(hover\:hover\)and\(pointer\:fine\)\]\:block {
> 11976 |     @media (hover:hover)and(pointer:fine) {
        |                         ^
  11977 |       display: block;
  11978 |     }
  11979 |   }

Unexpected token Function("and")

Generated code of PostCSS transform of file content of app/globals.css:
./app/globals.css:11976:25
  11974 |   }
  11975 |   .\[\@media\(hover\:hover\)and\(pointer\:fine\)\]\:block {
> 11976 |     @media (hover:hover)and(pointer:fine) {
        |                         ^
  11977 |       display: block;
  11978 |     }
  11979 |   }

Import trace:
  Client Component Browser:
    ./app/globals.css [Client Component Browser]
    ./app/layout.tsx [Server Component] @ http://localhost:4200/_next/static/chunks/0aus_next_dist_00tg.dm._.js:1945
[   16935ms] [ERROR] ./app/globals.css:11976:25
Parsing CSS source code failed
  11974 |   }
  11975 |   .\[\@media\(hover\:hover\)and\(pointer\:fine\)\]\:block {
> 11976 |     @media (hover:hover)and(pointer:fine) {
        |                         ^
  11977 |       display: block;
  11978 |     }
  11979 |   }

Unexpected token Function("and")

Generated code of PostCSS transform of file content of app/globals.css:
./app/globals.css:11976:25
  11974 |   }
  11975 |   .\[\@media\(hover\:hover\)and\(pointer\:fine\)\]\:block {
> 11976 |     @media (hover:hover)and(pointer:fine) {
        |                         ^
  11977 |       display: block;
  11978 |     }
  11979 |   }

Import trace:
  Client Component Browser:
    ./app/globals.css [Client Component Browser]
    ./app/layout.tsx [Server Component] @ http://localhost:4200/_next/static/chunks/0aus_next_dist_00tg.dm._.js:1945
[   17001ms] [ERROR] ./app/globals.css:11976:25
Parsing CSS source code failed
  11974 |   }
  11975 |   .\[\@media\(hover\:hover\)and\(pointer\:fine\)\]\:block {
> 11976 |     @media (hover:hover)and(pointer:fine) {
        |                         ^
  11977 |       display: block;
  11978 |     }
  11979 |   }

Unexpected token Function("and")

Generated code of PostCSS transform of file content of app/globals.css:
./app/globals.css:11976:25
  11974 |   }
  11975 |   .\[\@media\(hover\:hover\)and\(pointer\:fine\)\]\:block {
> 11976 |     @media (hover:hover)and(pointer:fine) {
        |                         ^
  11977 |       display: block;
  11978 |     }
  11979 |   }

Import trace:
  Client Component Browser:
    ./app/globals.css [Client Component Browser]
    ./app/layout.tsx [Server Component] @ http://localhost:4200/_next/static/chunks/0aus_next_dist_00tg.dm._.js:1945
[   17066ms] [ERROR] ./app/globals.css:11976:25
Parsing CSS source code failed
  11974 |   }
  11975 |   .\[\@media\(hover\:hover\)and\(pointer\:fine\)\]\:block {
> 11976 |     @media (hover:hover)and(pointer:fine) {
        |                         ^
  11977 |       display: block;
  11978 |     }
  11979 |   }

Unexpected token Function("and")

Generated code of PostCSS transform of file content of app/globals.css:
./app/globals.css:11976:25
  11974 |   }
  11975 |   .\[\@media\(hover\:hover\)and\(pointer\:fine\)\]\:block {
> 11976 |     @media (hover:hover)and(pointer:fine) {
        |                         ^
  11977 |       display: block;
  11978 |     }
  11979 |   }

Import trace:
  Client Component Browser:
    ./app/globals.css [Client Component Browser]
    ./app/layout.tsx [Server Component] @ http://localhost:4200/_next/static/chunks/0aus_next_dist_00tg.dm._.js:1945
[   17129ms] [ERROR] ./app/globals.css:11976:25
Parsing CSS source code failed
  11974 |   }
  11975 |   .\[\@media\(hover\:hover\)and\(pointer\:fine\)\]\:block {
> 11976 |     @media (hover:hover)and(pointer:fine) {
        |                         ^
  11977 |       display: block;
  11978 |     }
  11979 |   }

Unexpected token Function("and")

Generated code of PostCSS transform of file content of app/globals.css:
./app/globals.css:11976:25
  11974 |   }
  11975 |   .\[\@media\(hover\:hover\)and\(pointer\:fine\)\]\:block {
> 11976 |     @media (hover:hover)and(pointer:fine) {
        |                         ^
  11977 |       display: block;
  11978 |     }
  11979 |   }

Import trace:
  Client Component Browser:
    ./app/globals.css [Client Component Browser]
    ./app/layout.tsx [Server Component] @ http://localhost:4200/_next/static/chunks/0aus_next_dist_00tg.dm._.js:1945
[   17192ms] [ERROR] ./app/globals.css:11976:25
Parsing CSS source code failed
  11974 |   }
  11975 |   .\[\@media\(hover\:hover\)and\(pointer\:fine\)\]\:block {
> 11976 |     @media (hover:hover)and(pointer:fine) {
        |                         ^
  11977 |       display: block;
  11978 |     }
  11979 |   }

Unexpected token Function("and")

Generated code of PostCSS transform of file content of app/globals.css:
./app/globals.css:11976:25
  11974 |   }
  11975 |   .\[\@media\(hover\:hover\)and\(pointer\:fine\)\]\:block {
> 11976 |     @media (hover:hover)and(pointer:fine) {
        |                         ^
  11977 |       display: block;
  11978 |     }
  11979 |   }

Import trace:
  Client Component Browser:
    ./app/globals.css [Client Component Browser]
    ./app/layout.tsx [Server Component] @ http://localhost:4200/_next/static/chunks/0aus_next_dist_00tg.dm._.js:1945
[   17255ms] [ERROR] ./app/globals.css:11976:25
Parsing CSS source code failed
  11974 |   }
  11975 |   .\[\@media\(hover\:hover\)and\(pointer\:fine\)\]\:block {
> 11976 |     @media (hover:hover)and(pointer:fine) {
        |                         ^
  11977 |       display: block;
  11978 |     }
  11979 |   }

Unexpected token Function("and")

Generated code of PostCSS transform of file content of app/globals.css:
./app/globals.css:11976:25
  11974 |   }
  11975 |   .\[\@media\(hover\:hover\)and\(pointer\:fine\)\]\:block {
> 11976 |     @media (hover:hover)and(pointer:fine) {
        |                         ^
  11977 |       display: block;
  11978 |     }
  11979 |   }

Import trace:
  Client Component Browser:
    ./app/globals.css [Client Component Browser]
    ./app/layout.tsx [Server Component] @ http://localhost:4200/_next/static/chunks/0aus_next_dist_00tg.dm._.js:1945
[   17316ms] [ERROR] ./app/globals.css:11976:25
Parsing CSS source code failed
  11974 |   }
  11975 |   .\[\@media\(hover\:hover\)and\(pointer\:fine\)\]\:block {
> 11976 |     @media (hover:hover)and(pointer:fine) {
        |                         ^
  11977 |       display: block;
  11978 |     }
  11979 |   }

Unexpected token Function("and")

Generated code of PostCSS transform of file content of app/globals.css:
./app/globals.css:11976:25
  11974 |   }
  11975 |   .\[\@media\(hover\:hover\)and\(pointer\:fine\)\]\:block {
> 11976 |     @media (hover:hover)and(pointer:fine) {
        |                         ^
  11977 |       display: block;
  11978 |     }
  11979 |   }

Import trace:
  Client Component Browser:
    ./app/globals.css [Client Component Browser]
    ./app/layout.tsx [Server Component] @ http://localhost:4200/_next/static/chunks/0aus_next_dist_00tg.dm._.js:1945
[   17378ms] [ERROR] ./app/globals.css:11976:25
Parsing CSS source code failed
  11974 |   }
  11975 |   .\[\@media\(hover\:hover\)and\(pointer\:fine\)\]\:block {
> 11976 |     @media (hover:hover)and(pointer:fine) {
        |                         ^
  11977 |       display: block;
  11978 |     }
  11979 |   }

Unexpected token Function("and")

Generated code of PostCSS transform of file content of app/globals.css:
./app/globals.css:11976:25
  11974 |   }
  11975 |   .\[\@media\(hover\:hover\)and\(pointer\:fine\)\]\:block {
> 11976 |     @media (hover:hover)and(pointer:fine) {
        |                         ^
  11977 |       display: block;
  11978 |     }
  11979 |   }

Import trace:
  Client Component Browser:
    ./app/globals.css [Client Component Browser]
    ./app/layout.tsx [Server Component] @ http://localhost:4200/_next/static/chunks/0aus_next_dist_00tg.dm._.js:1945
[   17439ms] [ERROR] ./app/globals.css:11976:25
Parsing CSS source code failed
  11974 |   }
  11975 |   .\[\@media\(hover\:hover\)and\(pointer\:fine\)\]\:block {
> 11976 |     @media (hover:hover)and(pointer:fine) {
        |                         ^
  11977 |       display: block;
  11978 |     }
  11979 |   }

Unexpected token Function("and")

Generated code of PostCSS transform of file content of app/globals.css:
./app/globals.css:11976:25
  11974 |   }
  11975 |   .\[\@media\(hover\:hover\)and\(pointer\:fine\)\]\:block {
> 11976 |     @media (hover:hover)and(pointer:fine) {
        |                         ^
  11977 |       display: block;
  11978 |     }
  11979 |   }

Import trace:
  Client Component Browser:
    ./app/globals.css [Client Component Browser]
    ./app/layout.tsx [Server Component] @ http://localhost:4200/_next/static/chunks/0aus_next_dist_00tg.dm._.js:1945
[   17499ms] [ERROR] ./app/globals.css:11976:25
Parsing CSS source code failed
  11974 |   }
  11975 |   .\[\@media\(hover\:hover\)and\(pointer\:fine\)\]\:block {
> 11976 |     @media (hover:hover)and(pointer:fine) {
        |                         ^
  11977 |       display: block;
  11978 |     }
  11979 |   }

Unexpected token Function("and")

Generated code of PostCSS transform of file content of app/globals.css:
./app/globals.css:11976:25
  11974 |   }
  11975 |   .\[\@media\(hover\:hover\)and\(pointer\:fine\)\]\:block {
> 11976 |     @media (hover:hover)and(pointer:fine) {
        |                         ^
  11977 |       display: block;
  11978 |     }
  11979 |   }

Import trace:
  Client Component Browser:
    ./app/globals.css [Client Component Browser]
    ./app/layout.tsx [Server Component] @ http://localhost:4200/_next/static/chunks/0aus_next_dist_00tg.dm._.js:1945
[   17561ms] [ERROR] ./app/globals.css:11976:25
Parsing CSS source code failed
  11974 |   }
  11975 |   .\[\@media\(hover\:hover\)and\(pointer\:fine\)\]\:block {
> 11976 |     @media (hover:hover)and(pointer:fine) {
        |                         ^
  11977 |       display: block;
  11978 |     }
  11979 |   }

Unexpected token Function("and")

Generated code of PostCSS transform of file content of app/globals.css:
./app/globals.css:11976:25
  11974 |   }
  11975 |   .\[\@media\(hover\:hover\)and\(pointer\:fine\)\]\:block {
> 11976 |     @media (hover:hover)and(pointer:fine) {
        |                         ^
  11977 |       display: block;
  11978 |     }
  11979 |   }

Import trace:
  Client Component Browser:
    ./app/globals.css [Client Component Browser]
    ./app/layout.tsx [Server Component] @ http://localhost:4200/_next/static/chunks/0aus_next_dist_00tg.dm._.js:1945
[   17623ms] [ERROR] ./app/globals.css:11976:25
Parsing CSS source code failed
  11974 |   }
  11975 |   .\[\@media\(hover\:hover\)and\(pointer\:fine\)\]\:block {
> 11976 |     @media (hover:hover)and(pointer:fine) {
        |                         ^
  11977 |       display: block;
  11978 |     }
  11979 |   }

Unexpected token Function("and")

Generated code of PostCSS transform of file content of app/globals.css:
./app/globals.css:11976:25
  11974 |   }
  11975 |   .\[\@media\(hover\:hover\)and\(pointer\:fine\)\]\:block {
> 11976 |     @media (hover:hover)and(pointer:fine) {
        |                         ^
  11977 |       display: block;
  11978 |     }
  11979 |   }

Import trace:
  Client Component Browser:
    ./app/globals.css [Client Component Browser]
    ./app/layout.tsx [Server Component] @ http://localhost:4200/_next/static/chunks/0aus_next_dist_00tg.dm._.js:1945
[   17685ms] [ERROR] ./app/globals.css:11976:25
Parsing CSS source code failed
  11974 |   }
  11975 |   .\[\@media\(hover\:hover\)and\(pointer\:fine\)\]\:block {
> 11976 |     @media (hover:hover)and(pointer:fine) {
        |                         ^
  11977 |       display: block;
  11978 |     }
  11979 |   }

Unexpected token Function("and")

Generated code of PostCSS transform of file content of app/globals.css:
./app/globals.css:11976:25
  11974 |   }
  11975 |   .\[\@media\(hover\:hover\)and\(pointer\:fine\)\]\:block {
> 11976 |     @media (hover:hover)and(pointer:fine) {
        |                         ^
  11977 |       display: block;
  11978 |     }
  11979 |   }

Import trace:
  Client Component Browser:
    ./app/globals.css [Client Component Browser]
    ./app/layout.tsx [Server Component] @ http://localhost:4200/_next/static/chunks/0aus_next_dist_00tg.dm._.js:1945
[   17747ms] [ERROR] ./app/globals.css:11976:25
Parsing CSS source code failed
  11974 |   }
  11975 |   .\[\@media\(hover\:hover\)and\(pointer\:fine\)\]\:block {
> 11976 |     @media (hover:hover)and(pointer:fine) {
        |                         ^
  11977 |       display: block;
  11978 |     }
  11979 |   }

Unexpected token Function("and")

Generated code of PostCSS transform of file content of app/globals.css:
./app/globals.css:11976:25
  11974 |   }
  11975 |   .\[\@media\(hover\:hover\)and\(pointer\:fine\)\]\:block {
> 11976 |     @media (hover:hover)and(pointer:fine) {
        |                         ^
  11977 |       display: block;
  11978 |     }
  11979 |   }

Import trace:
  Client Component Browser:
    ./app/globals.css [Client Component Browser]
    ./app/layout.tsx [Server Component] @ http://localhost:4200/_next/static/chunks/0aus_next_dist_00tg.dm._.js:1945
[   17811ms] [ERROR] ./app/globals.css:11976:25
Parsing CSS source code failed
  11974 |   }
  11975 |   .\[\@media\(hover\:hover\)and\(pointer\:fine\)\]\:block {
> 11976 |     @media (hover:hover)and(pointer:fine) {
        |                         ^
  11977 |       display: block;
  11978 |     }
  11979 |   }

Unexpected token Function("and")

Generated code of PostCSS transform of file content of app/globals.css:
./app/globals.css:11976:25
  11974 |   }
  11975 |   .\[\@media\(hover\:hover\)and\(pointer\:fine\)\]\:block {
> 11976 |     @media (hover:hover)and(pointer:fine) {
        |                         ^
  11977 |       display: block;
  11978 |     }
  11979 |   }

Import trace:
  Client Component Browser:
    ./app/globals.css [Client Component Browser]
    ./app/layout.tsx [Server Component] @ http://localhost:4200/_next/static/chunks/0aus_next_dist_00tg.dm._.js:1945
[   17874ms] [ERROR] ./app/globals.css:11976:25
Parsing CSS source code failed
  11974 |   }
  11975 |   .\[\@media\(hover\:hover\)and\(pointer\:fine\)\]\:block {
> 11976 |     @media (hover:hover)and(pointer:fine) {
        |                         ^
  11977 |       display: block;
  11978 |     }
  11979 |   }

Unexpected token Function("and")

Generated code of PostCSS transform of file content of app/globals.css:
./app/globals.css:11976:25
  11974 |   }
  11975 |   .\[\@media\(hover\:hover\)and\(pointer\:fine\)\]\:block {
> 11976 |     @media (hover:hover)and(pointer:fine) {
        |                         ^
  11977 |       display: block;
  11978 |     }
  11979 |   }

Import trace:
  Client Component Browser:
    ./app/globals.css [Client Component Browser]
    ./app/layout.tsx [Server Component] @ http://localhost:4200/_next/static/chunks/0aus_next_dist_00tg.dm._.js:1945
[   17934ms] [ERROR] ./app/globals.css:11976:25
Parsing CSS source code failed
  11974 |   }
  11975 |   .\[\@media\(hover\:hover\)and\(pointer\:fine\)\]\:block {
> 11976 |     @media (hover:hover)and(pointer:fine) {
        |                         ^
  11977 |       display: block;
  11978 |     }
  11979 |   }

Unexpected token Function("and")

Generated code of PostCSS transform of file content of app/globals.css:
./app/globals.css:11976:25
  11974 |   }
  11975 |   .\[\@media\(hover\:hover\)and\(pointer\:fine\)\]\:block {
> 11976 |     @media (hover:hover)and(pointer:fine) {
        |                         ^
  11977 |       display: block;
  11978 |     }
  11979 |   }

Import trace:
  Client Component Browser:
    ./app/globals.css [Client Component Browser]
    ./app/layout.tsx [Server Component] @ http://localhost:4200/_next/static/chunks/0aus_next_dist_00tg.dm._.js:1945
[   17995ms] [ERROR] ./app/globals.css:11976:25
Parsing CSS source code failed
  11974 |   }
  11975 |   .\[\@media\(hover\:hover\)and\(pointer\:fine\)\]\:block {
> 11976 |     @media (hover:hover)and(pointer:fine) {
        |                         ^
  11977 |       display: block;
  11978 |     }
  11979 |   }

Unexpected token Function("and")

Generated code of PostCSS transform of file content of app/globals.css:
./app/globals.css:11976:25
  11974 |   }
  11975 |   .\[\@media\(hover\:hover\)and\(pointer\:fine\)\]\:block {
> 11976 |     @media (hover:hover)and(pointer:fine) {
        |                         ^
  11977 |       display: block;
  11978 |     }
  11979 |   }

Import trace:
  Client Component Browser:
    ./app/globals.css [Client Component Browser]
    ./app/layout.tsx [Server Component] @ http://localhost:4200/_next/static/chunks/0aus_next_dist_00tg.dm._.js:1945
[   18060ms] [ERROR] ./app/globals.css:11976:25
Parsing CSS source code failed
  11974 |   }
  11975 |   .\[\@media\(hover\:hover\)and\(pointer\:fine\)\]\:block {
> 11976 |     @media (hover:hover)and(pointer:fine) {
        |                         ^
  11977 |       display: block;
  11978 |     }
  11979 |   }

Unexpected token Function("and")

Generated code of PostCSS transform of file content of app/globals.css:
./app/globals.css:11976:25
  11974 |   }
  11975 |   .\[\@media\(hover\:hover\)and\(pointer\:fine\)\]\:block {
> 11976 |     @media (hover:hover)and(pointer:fine) {
        |                         ^
  11977 |       display: block;
  11978 |     }
  11979 |   }

Import trace:
  Client Component Browser:
    ./app/globals.css [Client Component Browser]
    ./app/layout.tsx [Server Component] @ http://localhost:4200/_next/static/chunks/0aus_next_dist_00tg.dm._.js:1945
[   18121ms] [ERROR] ./app/globals.css:11976:25
Parsing CSS source code failed
  11974 |   }
  11975 |   .\[\@media\(hover\:hover\)and\(pointer\:fine\)\]\:block {
> 11976 |     @media (hover:hover)and(pointer:fine) {
        |                         ^
  11977 |       display: block;
  11978 |     }
  11979 |   }

Unexpected token Function("and")

Generated code of PostCSS transform of file content of app/globals.css:
./app/globals.css:11976:25
  11974 |   }
  11975 |   .\[\@media\(hover\:hover\)and\(pointer\:fine\)\]\:block {
> 11976 |     @media (hover:hover)and(pointer:fine) {
        |                         ^
  11977 |       display: block;
  11978 |     }
  11979 |   }

Import trace:
  Client Component Browser:
    ./app/globals.css [Client Component Browser]
    ./app/layout.tsx [Server Component] @ http://localhost:4200/_next/static/chunks/0aus_next_dist_00tg.dm._.js:1945
[   18184ms] [ERROR] ./app/globals.css:11976:25
Parsing CSS source code failed
  11974 |   }
  11975 |   .\[\@media\(hover\:hover\)and\(pointer\:fine\)\]\:block {
> 11976 |     @media (hover:hover)and(pointer:fine) {
        |                         ^
  11977 |       display: block;
  11978 |     }
  11979 |   }

Unexpected token Function("and")

Generated code of PostCSS transform of file content of app/globals.css:
./app/globals.css:11976:25
  11974 |   }
  11975 |   .\[\@media\(hover\:hover\)and\(pointer\:fine\)\]\:block {
> 11976 |     @media (hover:hover)and(pointer:fine) {
        |                         ^
  11977 |       display: block;
  11978 |     }
  11979 |   }

Import trace:
  Client Component Browser:
    ./app/globals.css [Client Component Browser]
    ./app/layout.tsx [Server Component] @ http://localhost:4200/_next/static/chunks/0aus_next_dist_00tg.dm._.js:1945
[   18247ms] [ERROR] ./app/globals.css:11976:25
Parsing CSS source code failed
  11974 |   }
  11975 |   .\[\@media\(hover\:hover\)and\(pointer\:fine\)\]\:block {
> 11976 |     @media (hover:hover)and(pointer:fine) {
        |                         ^
  11977 |       display: block;
  11978 |     }
  11979 |   }

Unexpected token Function("and")

Generated code of PostCSS transform of file content of app/globals.css:
./app/globals.css:11976:25
  11974 |   }
  11975 |   .\[\@media\(hover\:hover\)and\(pointer\:fine\)\]\:block {
> 11976 |     @media (hover:hover)and(pointer:fine) {
        |                         ^
  11977 |       display: block;
  11978 |     }
  11979 |   }

Import trace:
  Client Component Browser:
    ./app/globals.css [Client Component Browser]
    ./app/layout.tsx [Server Component] @ http://localhost:4200/_next/static/chunks/0aus_next_dist_00tg.dm._.js:1945
[   18312ms] [ERROR] ./app/globals.css:11976:25
Parsing CSS source code failed
  11974 |   }
  11975 |   .\[\@media\(hover\:hover\)and\(pointer\:fine\)\]\:block {
> 11976 |     @media (hover:hover)and(pointer:fine) {
        |                         ^
  11977 |       display: block;
  11978 |     }
  11979 |   }

Unexpected token Function("and")

Generated code of PostCSS transform of file content of app/globals.css:
./app/globals.css:11976:25
  11974 |   }
  11975 |   .\[\@media\(hover\:hover\)and\(pointer\:fine\)\]\:block {
> 11976 |     @media (hover:hover)and(pointer:fine) {
        |                         ^
  11977 |       display: block;
  11978 |     }
  11979 |   }

Import trace:
  Client Component Browser:
    ./app/globals.css [Client Component Browser]
    ./app/layout.tsx [Server Component] @ http://localhost:4200/_next/static/chunks/0aus_next_dist_00tg.dm._.js:1945
[   18374ms] [ERROR] ./app/globals.css:11976:25
Parsing CSS source code failed
  11974 |   }
  11975 |   .\[\@media\(hover\:hover\)and\(pointer\:fine\)\]\:block {
> 11976 |     @media (hover:hover)and(pointer:fine) {
        |                         ^
  11977 |       display: block;
  11978 |     }
  11979 |   }

Unexpected token Function("and")

Generated code of PostCSS transform of file content of app/globals.css:
./app/globals.css:11976:25
  11974 |   }
  11975 |   .\[\@media\(hover\:hover\)and\(pointer\:fine\)\]\:block {
> 11976 |     @media (hover:hover)and(pointer:fine) {
        |                         ^
  11977 |       display: block;
  11978 |     }
  11979 |   }

Import trace:
  Client Component Browser:
    ./app/globals.css [Client Component Browser]
    ./app/layout.tsx [Server Component] @ http://localhost:4200/_next/static/chunks/0aus_next_dist_00tg.dm._.js:1945
[   18438ms] [ERROR] ./app/globals.css:11976:25
Parsing CSS source code failed
  11974 |   }
  11975 |   .\[\@media\(hover\:hover\)and\(pointer\:fine\)\]\:block {
> 11976 |     @media (hover:hover)and(pointer:fine) {
        |                         ^
  11977 |       display: block;
  11978 |     }
  11979 |   }

Unexpected token Function("and")

Generated code of PostCSS transform of file content of app/globals.css:
./app/globals.css:11976:25
  11974 |   }
  11975 |   .\[\@media\(hover\:hover\)and\(pointer\:fine\)\]\:block {
> 11976 |     @media (hover:hover)and(pointer:fine) {
        |                         ^
  11977 |       display: block;
  11978 |     }
  11979 |   }

Import trace:
  Client Component Browser:
    ./app/globals.css [Client Component Browser]
    ./app/layout.tsx [Server Component] @ http://localhost:4200/_next/static/chunks/0aus_next_dist_00tg.dm._.js:1945
[   18504ms] [ERROR] ./app/globals.css:11976:25
Parsing CSS source code failed
  11974 |   }
  11975 |   .\[\@media\(hover\:hover\)and\(pointer\:fine\)\]\:block {
> 11976 |     @media (hover:hover)and(pointer:fine) {
        |                         ^
  11977 |       display: block;
  11978 |     }
  11979 |   }

Unexpected token Function("and")

Generated code of PostCSS transform of file content of app/globals.css:
./app/globals.css:11976:25
  11974 |   }
  11975 |   .\[\@media\(hover\:hover\)and\(pointer\:fine\)\]\:block {
> 11976 |     @media (hover:hover)and(pointer:fine) {
        |                         ^
  11977 |       display: block;
  11978 |     }
  11979 |   }

Import trace:
  Client Component Browser:
    ./app/globals.css [Client Component Browser]
    ./app/layout.tsx [Server Component] @ http://localhost:4200/_next/static/chunks/0aus_next_dist_00tg.dm._.js:1945
[   18568ms] [ERROR] ./app/globals.css:11976:25
Parsing CSS source code failed
  11974 |   }
  11975 |   .\[\@media\(hover\:hover\)and\(pointer\:fine\)\]\:block {
> 11976 |     @media (hover:hover)and(pointer:fine) {
        |                         ^
  11977 |       display: block;
  11978 |     }
  11979 |   }

Unexpected token Function("and")

Generated code of PostCSS transform of file content of app/globals.css:
./app/globals.css:11976:25
  11974 |   }
  11975 |   .\[\@media\(hover\:hover\)and\(pointer\:fine\)\]\:block {
> 11976 |     @media (hover:hover)and(pointer:fine) {
        |                         ^
  11977 |       display: block;
  11978 |     }
  11979 |   }

Import trace:
  Client Component Browser:
    ./app/globals.css [Client Component Browser]
    ./app/layout.tsx [Server Component] @ http://localhost:4200/_next/static/chunks/0aus_next_dist_00tg.dm._.js:1945
[   18632ms] [ERROR] ./app/globals.css:11976:25
Parsing CSS source code failed
  11974 |   }
  11975 |   .\[\@media\(hover\:hover\)and\(pointer\:fine\)\]\:block {
> 11976 |     @media (hover:hover)and(pointer:fine) {
        |                         ^
  11977 |       display: block;
  11978 |     }
  11979 |   }

Unexpected token Function("and")

Generated code of PostCSS transform of file content of app/globals.css:
./app/globals.css:11976:25
  11974 |   }
  11975 |   .\[\@media\(hover\:hover\)and\(pointer\:fine\)\]\:block {
> 11976 |     @media (hover:hover)and(pointer:fine) {
        |                         ^
  11977 |       display: block;
  11978 |     }
  11979 |   }

Import trace:
  Client Component Browser:
    ./app/globals.css [Client Component Browser]
    ./app/layout.tsx [Server Component] @ http://localhost:4200/_next/static/chunks/0aus_next_dist_00tg.dm._.js:1945
[   18696ms] [ERROR] ./app/globals.css:11976:25
Parsing CSS source code failed
  11974 |   }
  11975 |   .\[\@media\(hover\:hover\)and\(pointer\:fine\)\]\:block {
> 11976 |     @media (hover:hover)and(pointer:fine) {
        |                         ^
  11977 |       display: block;
  11978 |     }
  11979 |   }

Unexpected token Function("and")

Generated code of PostCSS transform of file content of app/globals.css:
./app/globals.css:11976:25
  11974 |   }
  11975 |   .\[\@media\(hover\:hover\)and\(pointer\:fine\)\]\:block {
> 11976 |     @media (hover:hover)and(pointer:fine) {
        |                         ^
  11977 |       display: block;
  11978 |     }
  11979 |   }

Import trace:
  Client Component Browser:
    ./app/globals.css [Client Component Browser]
    ./app/layout.tsx [Server Component] @ http://localhost:4200/_next/static/chunks/0aus_next_dist_00tg.dm._.js:1945
[   18761ms] [ERROR] ./app/globals.css:11976:25
Parsing CSS source code failed
  11974 |   }
  11975 |   .\[\@media\(hover\:hover\)and\(pointer\:fine\)\]\:block {
> 11976 |     @media (hover:hover)and(pointer:fine) {
        |                         ^
  11977 |       display: block;
  11978 |     }
  11979 |   }

Unexpected token Function("and")

Generated code of PostCSS transform of file content of app/globals.css:
./app/globals.css:11976:25
  11974 |   }
  11975 |   .\[\@media\(hover\:hover\)and\(pointer\:fine\)\]\:block {
> 11976 |     @media (hover:hover)and(pointer:fine) {
        |                         ^
  11977 |       display: block;
  11978 |     }
  11979 |   }

Import trace:
  Client Component Browser:
    ./app/globals.css [Client Component Browser]
    ./app/layout.tsx [Server Component] @ http://localhost:4200/_next/static/chunks/0aus_next_dist_00tg.dm._.js:1945
[   18830ms] [ERROR] ./app/globals.css:11976:25
Parsing CSS source code failed
  11974 |   }
  11975 |   .\[\@media\(hover\:hover\)and\(pointer\:fine\)\]\:block {
> 11976 |     @media (hover:hover)and(pointer:fine) {
        |                         ^
  11977 |       display: block;
  11978 |     }
  11979 |   }

Unexpected token Function("and")

Generated code of PostCSS transform of file content of app/globals.css:
./app/globals.css:11976:25
  11974 |   }
  11975 |   .\[\@media\(hover\:hover\)and\(pointer\:fine\)\]\:block {
> 11976 |     @media (hover:hover)and(pointer:fine) {
        |                         ^
  11977 |       display: block;
  11978 |     }
  11979 |   }

Import trace:
  Client Component Browser:
    ./app/globals.css [Client Component Browser]
    ./app/layout.tsx [Server Component] @ http://localhost:4200/_next/static/chunks/0aus_next_dist_00tg.dm._.js:1945
[   18893ms] [ERROR] ./app/globals.css:11976:25
Parsing CSS source code failed
  11974 |   }
  11975 |   .\[\@media\(hover\:hover\)and\(pointer\:fine\)\]\:block {
> 11976 |     @media (hover:hover)and(pointer:fine) {
        |                         ^
  11977 |       display: block;
  11978 |     }
  11979 |   }

Unexpected token Function("and")

Generated code of PostCSS transform of file content of app/globals.css:
./app/globals.css:11976:25
  11974 |   }
  11975 |   .\[\@media\(hover\:hover\)and\(pointer\:fine\)\]\:block {
> 11976 |     @media (hover:hover)and(pointer:fine) {
        |                         ^
  11977 |       display: block;
  11978 |     }
  11979 |   }

Import trace:
  Client Component Browser:
    ./app/globals.css [Client Component Browser]
    ./app/layout.tsx [Server Component] @ http://localhost:4200/_next/static/chunks/0aus_next_dist_00tg.dm._.js:1945
[   18954ms] [ERROR] ./app/globals.css:11976:25
Parsing CSS source code failed
  11974 |   }
  11975 |   .\[\@media\(hover\:hover\)and\(pointer\:fine\)\]\:block {
> 11976 |     @media (hover:hover)and(pointer:fine) {
        |                         ^
  11977 |       display: block;
  11978 |     }
  11979 |   }

Unexpected token Function("and")

Generated code of PostCSS transform of file content of app/globals.css:
./app/globals.css:11976:25
  11974 |   }
  11975 |   .\[\@media\(hover\:hover\)and\(pointer\:fine\)\]\:block {
> 11976 |     @media (hover:hover)and(pointer:fine) {
        |                         ^
  11977 |       display: block;
  11978 |     }
  11979 |   }

Import trace:
  Client Component Browser:
    ./app/globals.css [Client Component Browser]
    ./app/layout.tsx [Server Component] @ http://localhost:4200/_next/static/chunks/0aus_next_dist_00tg.dm._.js:1945
[   19017ms] [ERROR] ./app/globals.css:11976:25
Parsing CSS source code failed
  11974 |   }
  11975 |   .\[\@media\(hover\:hover\)and\(pointer\:fine\)\]\:block {
> 11976 |     @media (hover:hover)and(pointer:fine) {
        |                         ^
  11977 |       display: block;
  11978 |     }
  11979 |   }

Unexpected token Function("and")

Generated code of PostCSS transform of file content of app/globals.css:
./app/globals.css:11976:25
  11974 |   }
  11975 |   .\[\@media\(hover\:hover\)and\(pointer\:fine\)\]\:block {
> 11976 |     @media (hover:hover)and(pointer:fine) {
        |                         ^
  11977 |       display: block;
  11978 |     }
  11979 |   }

Import trace:
  Client Component Browser:
    ./app/globals.css [Client Component Browser]
    ./app/layout.tsx [Server Component] @ http://localhost:4200/_next/static/chunks/0aus_next_dist_00tg.dm._.js:1945
[   19081ms] [ERROR] ./app/globals.css:11976:25
Parsing CSS source code failed
  11974 |   }
  11975 |   .\[\@media\(hover\:hover\)and\(pointer\:fine\)\]\:block {
> 11976 |     @media (hover:hover)and(pointer:fine) {
        |                         ^
  11977 |       display: block;
  11978 |     }
  11979 |   }

Unexpected token Function("and")

Generated code of PostCSS transform of file content of app/globals.css:
./app/globals.css:11976:25
  11974 |   }
  11975 |   .\[\@media\(hover\:hover\)and\(pointer\:fine\)\]\:block {
> 11976 |     @media (hover:hover)and(pointer:fine) {
        |                         ^
  11977 |       display: block;
  11978 |     }
  11979 |   }

Import trace:
  Client Component Browser:
    ./app/globals.css [Client Component Browser]
    ./app/layout.tsx [Server Component] @ http://localhost:4200/_next/static/chunks/0aus_next_dist_00tg.dm._.js:1945
[   19142ms] [ERROR] ./app/globals.css:11976:25
Parsing CSS source code failed
  11974 |   }
  11975 |   .\[\@media\(hover\:hover\)and\(pointer\:fine\)\]\:block {
> 11976 |     @media (hover:hover)and(pointer:fine) {
        |                         ^
  11977 |       display: block;
  11978 |     }
  11979 |   }

Unexpected token Function("and")

Generated code of PostCSS transform of file content of app/globals.css:
./app/globals.css:11976:25
  11974 |   }
  11975 |   .\[\@media\(hover\:hover\)and\(pointer\:fine\)\]\:block {
> 11976 |     @media (hover:hover)and(pointer:fine) {
        |                         ^
  11977 |       display: block;
  11978 |     }
  11979 |   }

Import trace:
  Client Component Browser:
    ./app/globals.css [Client Component Browser]
    ./app/layout.tsx [Server Component] @ http://localhost:4200/_next/static/chunks/0aus_next_dist_00tg.dm._.js:1945
[   19205ms] [ERROR] ./app/globals.css:11976:25
Parsing CSS source code failed
  11974 |   }
  11975 |   .\[\@media\(hover\:hover\)and\(pointer\:fine\)\]\:block {
> 11976 |     @media (hover:hover)and(pointer:fine) {
        |                         ^
  11977 |       display: block;
  11978 |     }
  11979 |   }

Unexpected token Function("and")

Generated code of PostCSS transform of file content of app/globals.css:
./app/globals.css:11976:25
  11974 |   }
  11975 |   .\[\@media\(hover\:hover\)and\(pointer\:fine\)\]\:block {
> 11976 |     @media (hover:hover)and(pointer:fine) {
        |                         ^
  11977 |       display: block;
  11978 |     }
  11979 |   }

Import trace:
  Client Component Browser:
    ./app/globals.css [Client Component Browser]
    ./app/layout.tsx [Server Component] @ http://localhost:4200/_next/static/chunks/0aus_next_dist_00tg.dm._.js:1945
[   19269ms] [ERROR] ./app/globals.css:11976:25
Parsing CSS source code failed
  11974 |   }
  11975 |   .\[\@media\(hover\:hover\)and\(pointer\:fine\)\]\:block {
> 11976 |     @media (hover:hover)and(pointer:fine) {
        |                         ^
  11977 |       display: block;
  11978 |     }
  11979 |   }

Unexpected token Function("and")

Generated code of PostCSS transform of file content of app/globals.css:
./app/globals.css:11976:25
  11974 |   }
  11975 |   .\[\@media\(hover\:hover\)and\(pointer\:fine\)\]\:block {
> 11976 |     @media (hover:hover)and(pointer:fine) {
        |                         ^
  11977 |       display: block;
  11978 |     }
  11979 |   }

Import trace:
  Client Component Browser:
    ./app/globals.css [Client Component Browser]
    ./app/layout.tsx [Server Component] @ http://localhost:4200/_next/static/chunks/0aus_next_dist_00tg.dm._.js:1945
[   19386ms] [LOG] [Fast Refresh] rebuilding @ http://localhost:4200/_next/static/chunks/0aus_next_dist_00tg.dm._.js:1226
[   20017ms] [ERROR] ./app/globals.css:11981:25
Parsing CSS source code failed
  11979 |   }
  11980 |   .\[\@media\(hover\:hover\)and\(pointer\:fine\)\]\:block {
> 11981 |     @media (hover:hover)and(pointer:fine) {
        |                         ^
  11982 |       display: block;
  11983 |     }
  11984 |   }

Unexpected token Function("and")

Generated code of PostCSS transform of file content of app/globals.css:
./app/globals.css:11981:25
  11979 |   }
  11980 |   .\[\@media\(hover\:hover\)and\(pointer\:fine\)\]\:block {
> 11981 |     @media (hover:hover)and(pointer:fine) {
        |                         ^
  11982 |       display: block;
  11983 |     }
  11984 |   }

Import trace:
  Client Component Browser:
    ./app/globals.css [Client Component Browser]
    ./app/layout.tsx [Server Component] @ http://localhost:4200/_next/static/chunks/0aus_next_dist_00tg.dm._.js:1945
[   20482ms] [ERROR] ./app/globals.css:11981:25
Parsing CSS source code failed
  11979 |   }
  11980 |   .\[\@media\(hover\:hover\)and\(pointer\:fine\)\]\:block {
> 11981 |     @media (hover:hover)and(pointer:fine) {
        |                         ^
  11982 |       display: block;
  11983 |     }
  11984 |   }

Unexpected token Function("and")

Generated code of PostCSS transform of file content of app/globals.css:
./app/globals.css:11981:25
  11979 |   }
  11980 |   .\[\@media\(hover\:hover\)and\(pointer\:fine\)\]\:block {
> 11981 |     @media (hover:hover)and(pointer:fine) {
        |                         ^
  11982 |       display: block;
  11983 |     }
  11984 |   }

Import trace:
  Client Component Browser:
    ./app/globals.css [Client Component Browser]
    ./app/layout.tsx [Server Component] @ http://localhost:4200/_next/static/chunks/0aus_next_dist_00tg.dm._.js:1945
[   20568ms] [ERROR] ./app/globals.css:11981:25
Parsing CSS source code failed
  11979 |   }
  11980 |   .\[\@media\(hover\:hover\)and\(pointer\:fine\)\]\:block {
> 11981 |     @media (hover:hover)and(pointer:fine) {
        |                         ^
  11982 |       display: block;
  11983 |     }
  11984 |   }

Unexpected token Function("and")

Generated code of PostCSS transform of file content of app/globals.css:
./app/globals.css:11981:25
  11979 |   }
  11980 |   .\[\@media\(hover\:hover\)and\(pointer\:fine\)\]\:block {
> 11981 |     @media (hover:hover)and(pointer:fine) {
        |                         ^
  11982 |       display: block;
  11983 |     }
  11984 |   }

Import trace:
  Client Component Browser:
    ./app/globals.css [Client Component Browser]
    ./app/layout.tsx [Server Component] @ http://localhost:4200/_next/static/chunks/0aus_next_dist_00tg.dm._.js:1945
[   20637ms] [ERROR] Failed to load resource: the server responded with a status of 500 (Internal Server Error) @ http://localhost:4200/bento-4:0
[   20675ms] [INFO] %cDownload the React DevTools for a better development experience: https://react.dev/link/react-devtools font-weight:bold @ http://localhost:4200/_next/static/chunks/0e-u_react-dom_0037m-m._.js:15305
[   20687ms] Error: ./app/globals.css:11981:25
Parsing CSS source code failed
  11979 |   }
  11980 |   .\[\@media\(hover\:hover\)and\(pointer\:fine\)\]\:block {
> 11981 |     @media (hover:hover)and(pointer:fine) {
        |                         ^
  11982 |       display: block;
  11983 |     }
  11984 |   }

Unexpected token Function("and")

Generated code of PostCSS transform of file content of app/globals.css:
./app/globals.css:11981:25
  11979 |   }
  11980 |   .\[\@media\(hover\:hover\)and\(pointer\:fine\)\]\:block {
> 11981 |     @media (hover:hover)and(pointer:fine) {
        |                         ^
  11982 |       display: block;
  11983 |     }
  11984 |   }

Import trace:
  Client Component Browser:
    ./app/globals.css [Client Component Browser]
    ./app/layout.tsx [Server Component]


    at <unknown> (Error: ./app/globals.css:11981:25)
    at <unknown> (./app/globals.css:11981:25)
    at Object.getCompilationErrors (file:///Users/godwinjanarthan/Documents/Projects/d2studio-ui/node_modules/.pnpm/next@16.2.4_@babel+core@7.28.4_react-dom@19.2.5_react@19.2.5__react@19.2.5/node_modules/next/dist/server/dev/hot-reloader-turbopack.js:1186:59)
    at DevBundlerService.getCompilationError (file:///Users/godwinjanarthan/Documents/Projects/d2studio-ui/node_modules/.pnpm/next@16.2.4_@babel+core@7.28.4_react-dom@19.2.5_react@19.2.5__react@19.2.5/node_modules/next/dist/server/lib/dev-bundler-service.js:44:55)
    at DevServer.getCompilationError (file:///Users/godwinjanarthan/Documents/Projects/d2studio-ui/node_modules/.pnpm/next@16.2.4_@babel+core@7.28.4_react-dom@19.2.5_react@19.2.5__react@19.2.5/node_modules/next/dist/server/dev/next-dev-server.js:719:42)
    at DevServer.findPageComponents (file:///Users/godwinjanarthan/Documents/Projects/d2studio-ui/node_modules/.pnpm/next@16.2.4_@babel+core@7.28.4_react-dom@19.2.5_react@19.2.5__react@19.2.5/node_modules/next/dist/server/dev/next-dev-server.js:689:43)
    at async DevServer.renderErrorToResponseImpl (file:///Users/godwinjanarthan/Documents/Projects/d2studio-ui/node_modules/.pnpm/next@16.2.4_@babel+core@7.28.4_react-dom@19.2.5_react@19.2.5__react@19.2.5/node_modules/next/dist/server/base-server.js:1745:26)
[   20697ms] [LOG] [HMR] connected @ http://localhost:4200/_next/static/chunks/0aus_next_dist_00tg.dm._.js:1226
[   20718ms] [ERROR] ./app/globals.css:11981:25
Parsing CSS source code failed
  11979 |   }
  11980 |   .\[\@media\(hover\:hover\)and\(pointer\:fine\)\]\:block {
> 11981 |     @media (hover:hover)and(pointer:fine) {
        |                         ^
  11982 |       display: block;
  11983 |     }
  11984 |   }

Unexpected token Function("and")

Generated code of PostCSS transform of file content of app/globals.css:
./app/globals.css:11981:25
  11979 |   }
  11980 |   .\[\@media\(hover\:hover\)and\(pointer\:fine\)\]\:block {
> 11981 |     @media (hover:hover)and(pointer:fine) {
        |                         ^
  11982 |       display: block;
  11983 |     }
  11984 |   }

Import trace:
  Client Component Browser:
    ./app/globals.css [Client Component Browser]
    ./app/layout.tsx [Server Component] @ http://localhost:4200/_next/static/chunks/0aus_next_dist_00tg.dm._.js:1945
[   20718ms] [ERROR] ./app/globals.css:11981:25
Parsing CSS source code failed
  11979 |   }
  11980 |   .\[\@media\(hover\:hover\)and\(pointer\:fine\)\]\:block {
> 11981 |     @media (hover:hover)and(pointer:fine) {
        |                         ^
  11982 |       display: block;
  11983 |     }
  11984 |   }

Unexpected token Function("and")

Generated code of PostCSS transform of file content of app/globals.css:
./app/globals.css:11981:25
  11979 |   }
  11980 |   .\[\@media\(hover\:hover\)and\(pointer\:fine\)\]\:block {
> 11981 |     @media (hover:hover)and(pointer:fine) {
        |                         ^
  11982 |       display: block;
  11983 |     }
  11984 |   }

Import trace:
  Client Component Browser:
    ./app/globals.css [Client Component Browser]
    ./app/layout.tsx [Server Component] @ http://localhost:4200/_next/static/chunks/0aus_next_dist_00tg.dm._.js:1945
[   20839ms] [ERROR] ./app/globals.css:11981:25
Parsing CSS source code failed
  11979 |   }
  11980 |   .\[\@media\(hover\:hover\)and\(pointer\:fine\)\]\:block {
> 11981 |     @media (hover:hover)and(pointer:fine) {
        |                         ^
  11982 |       display: block;
  11983 |     }
  11984 |   }

Unexpected token Function("and")

Generated code of PostCSS transform of file content of app/globals.css:
./app/globals.css:11981:25
  11979 |   }
  11980 |   .\[\@media\(hover\:hover\)and\(pointer\:fine\)\]\:block {
> 11981 |     @media (hover:hover)and(pointer:fine) {
        |                         ^
  11982 |       display: block;
  11983 |     }
  11984 |   }

Import trace:
  Client Component Browser:
    ./app/globals.css [Client Component Browser]
    ./app/layout.tsx [Server Component] @ http://localhost:4200/_next/static/chunks/0aus_next_dist_00tg.dm._.js:1945
[   20903ms] [ERROR] ./app/globals.css:11981:25
Parsing CSS source code failed
  11979 |   }
  11980 |   .\[\@media\(hover\:hover\)and\(pointer\:fine\)\]\:block {
> 11981 |     @media (hover:hover)and(pointer:fine) {
        |                         ^
  11982 |       display: block;
  11983 |     }
  11984 |   }

Unexpected token Function("and")

Generated code of PostCSS transform of file content of app/globals.css:
./app/globals.css:11981:25
  11979 |   }
  11980 |   .\[\@media\(hover\:hover\)and\(pointer\:fine\)\]\:block {
> 11981 |     @media (hover:hover)and(pointer:fine) {
        |                         ^
  11982 |       display: block;
  11983 |     }
  11984 |   }

Import trace:
  Client Component Browser:
    ./app/globals.css [Client Component Browser]
    ./app/layout.tsx [Server Component] @ http://localhost:4200/_next/static/chunks/0aus_next_dist_00tg.dm._.js:1945
[   20967ms] [ERROR] ./app/globals.css:11981:25
Parsing CSS source code failed
  11979 |   }
  11980 |   .\[\@media\(hover\:hover\)and\(pointer\:fine\)\]\:block {
> 11981 |     @media (hover:hover)and(pointer:fine) {
        |                         ^
  11982 |       display: block;
  11983 |     }
  11984 |   }

Unexpected token Function("and")

Generated code of PostCSS transform of file content of app/globals.css:
./app/globals.css:11981:25
  11979 |   }
  11980 |   .\[\@media\(hover\:hover\)and\(pointer\:fine\)\]\:block {
> 11981 |     @media (hover:hover)and(pointer:fine) {
        |                         ^
  11982 |       display: block;
  11983 |     }
  11984 |   }

Import trace:
  Client Component Browser:
    ./app/globals.css [Client Component Browser]
    ./app/layout.tsx [Server Component] @ http://localhost:4200/_next/static/chunks/0aus_next_dist_00tg.dm._.js:1945
[   21030ms] [ERROR] ./app/globals.css:11981:25
Parsing CSS source code failed
  11979 |   }
  11980 |   .\[\@media\(hover\:hover\)and\(pointer\:fine\)\]\:block {
> 11981 |     @media (hover:hover)and(pointer:fine) {
        |                         ^
  11982 |       display: block;
  11983 |     }
  11984 |   }

Unexpected token Function("and")

Generated code of PostCSS transform of file content of app/globals.css:
./app/globals.css:11981:25
  11979 |   }
  11980 |   .\[\@media\(hover\:hover\)and\(pointer\:fine\)\]\:block {
> 11981 |     @media (hover:hover)and(pointer:fine) {
        |                         ^
  11982 |       display: block;
  11983 |     }
  11984 |   }

Import trace:
  Client Component Browser:
    ./app/globals.css [Client Component Browser]
    ./app/layout.tsx [Server Component] @ http://localhost:4200/_next/static/chunks/0aus_next_dist_00tg.dm._.js:1945
[   21092ms] [ERROR] ./app/globals.css:11981:25
Parsing CSS source code failed
  11979 |   }
  11980 |   .\[\@media\(hover\:hover\)and\(pointer\:fine\)\]\:block {
> 11981 |     @media (hover:hover)and(pointer:fine) {
        |                         ^
  11982 |       display: block;
  11983 |     }
  11984 |   }

Unexpected token Function("and")

Generated code of PostCSS transform of file content of app/globals.css:
./app/globals.css:11981:25
  11979 |   }
  11980 |   .\[\@media\(hover\:hover\)and\(pointer\:fine\)\]\:block {
> 11981 |     @media (hover:hover)and(pointer:fine) {
        |                         ^
  11982 |       display: block;
  11983 |     }
  11984 |   }

Import trace:
  Client Component Browser:
    ./app/globals.css [Client Component Browser]
    ./app/layout.tsx [Server Component] @ http://localhost:4200/_next/static/chunks/0aus_next_dist_00tg.dm._.js:1945
[   21154ms] [ERROR] ./app/globals.css:11981:25
Parsing CSS source code failed
  11979 |   }
  11980 |   .\[\@media\(hover\:hover\)and\(pointer\:fine\)\]\:block {
> 11981 |     @media (hover:hover)and(pointer:fine) {
        |                         ^
  11982 |       display: block;
  11983 |     }
  11984 |   }

Unexpected token Function("and")

Generated code of PostCSS transform of file content of app/globals.css:
./app/globals.css:11981:25
  11979 |   }
  11980 |   .\[\@media\(hover\:hover\)and\(pointer\:fine\)\]\:block {
> 11981 |     @media (hover:hover)and(pointer:fine) {
        |                         ^
  11982 |       display: block;
  11983 |     }
  11984 |   }

Import trace:
  Client Component Browser:
    ./app/globals.css [Client Component Browser]
    ./app/layout.tsx [Server Component] @ http://localhost:4200/_next/static/chunks/0aus_next_dist_00tg.dm._.js:1945
[   21218ms] [ERROR] ./app/globals.css:11981:25
Parsing CSS source code failed
  11979 |   }
  11980 |   .\[\@media\(hover\:hover\)and\(pointer\:fine\)\]\:block {
> 11981 |     @media (hover:hover)and(pointer:fine) {
        |                         ^
  11982 |       display: block;
  11983 |     }
  11984 |   }

Unexpected token Function("and")

Generated code of PostCSS transform of file content of app/globals.css:
./app/globals.css:11981:25
  11979 |   }
  11980 |   .\[\@media\(hover\:hover\)and\(pointer\:fine\)\]\:block {
> 11981 |     @media (hover:hover)and(pointer:fine) {
        |                         ^
  11982 |       display: block;
  11983 |     }
  11984 |   }

Import trace:
  Client Component Browser:
    ./app/globals.css [Client Component Browser]
    ./app/layout.tsx [Server Component] @ http://localhost:4200/_next/static/chunks/0aus_next_dist_00tg.dm._.js:1945
[   21282ms] [ERROR] ./app/globals.css:11981:25
Parsing CSS source code failed
  11979 |   }
  11980 |   .\[\@media\(hover\:hover\)and\(pointer\:fine\)\]\:block {
> 11981 |     @media (hover:hover)and(pointer:fine) {
        |                         ^
  11982 |       display: block;
  11983 |     }
  11984 |   }

Unexpected token Function("and")

Generated code of PostCSS transform of file content of app/globals.css:
./app/globals.css:11981:25
  11979 |   }
  11980 |   .\[\@media\(hover\:hover\)and\(pointer\:fine\)\]\:block {
> 11981 |     @media (hover:hover)and(pointer:fine) {
        |                         ^
  11982 |       display: block;
  11983 |     }
  11984 |   }

Import trace:
  Client Component Browser:
    ./app/globals.css [Client Component Browser]
    ./app/layout.tsx [Server Component] @ http://localhost:4200/_next/static/chunks/0aus_next_dist_00tg.dm._.js:1945
[   21345ms] [ERROR] ./app/globals.css:11981:25
Parsing CSS source code failed
  11979 |   }
  11980 |   .\[\@media\(hover\:hover\)and\(pointer\:fine\)\]\:block {
> 11981 |     @media (hover:hover)and(pointer:fine) {
        |                         ^
  11982 |       display: block;
  11983 |     }
  11984 |   }

Unexpected token Function("and")

Generated code of PostCSS transform of file content of app/globals.css:
./app/globals.css:11981:25
  11979 |   }
  11980 |   .\[\@media\(hover\:hover\)and\(pointer\:fine\)\]\:block {
> 11981 |     @media (hover:hover)and(pointer:fine) {
        |                         ^
  11982 |       display: block;
  11983 |     }
  11984 |   }

Import trace:
  Client Component Browser:
    ./app/globals.css [Client Component Browser]
    ./app/layout.tsx [Server Component] @ http://localhost:4200/_next/static/chunks/0aus_next_dist_00tg.dm._.js:1945
[   21411ms] [ERROR] ./app/globals.css:11981:25
Parsing CSS source code failed
  11979 |   }
  11980 |   .\[\@media\(hover\:hover\)and\(pointer\:fine\)\]\:block {
> 11981 |     @media (hover:hover)and(pointer:fine) {
        |                         ^
  11982 |       display: block;
  11983 |     }
  11984 |   }

Unexpected token Function("and")

Generated code of PostCSS transform of file content of app/globals.css:
./app/globals.css:11981:25
  11979 |   }
  11980 |   .\[\@media\(hover\:hover\)and\(pointer\:fine\)\]\:block {
> 11981 |     @media (hover:hover)and(pointer:fine) {
        |                         ^
  11982 |       display: block;
  11983 |     }
  11984 |   }

Import trace:
  Client Component Browser:
    ./app/globals.css [Client Component Browser]
    ./app/layout.tsx [Server Component] @ http://localhost:4200/_next/static/chunks/0aus_next_dist_00tg.dm._.js:1945
[   21473ms] [ERROR] ./app/globals.css:11981:25
Parsing CSS source code failed
  11979 |   }
  11980 |   .\[\@media\(hover\:hover\)and\(pointer\:fine\)\]\:block {
> 11981 |     @media (hover:hover)and(pointer:fine) {
        |                         ^
  11982 |       display: block;
  11983 |     }
  11984 |   }

Unexpected token Function("and")

Generated code of PostCSS transform of file content of app/globals.css:
./app/globals.css:11981:25
  11979 |   }
  11980 |   .\[\@media\(hover\:hover\)and\(pointer\:fine\)\]\:block {
> 11981 |     @media (hover:hover)and(pointer:fine) {
        |                         ^
  11982 |       display: block;
  11983 |     }
  11984 |   }

Import trace:
  Client Component Browser:
    ./app/globals.css [Client Component Browser]
    ./app/layout.tsx [Server Component] @ http://localhost:4200/_next/static/chunks/0aus_next_dist_00tg.dm._.js:1945
[   21537ms] [ERROR] ./app/globals.css:11981:25
Parsing CSS source code failed
  11979 |   }
  11980 |   .\[\@media\(hover\:hover\)and\(pointer\:fine\)\]\:block {
> 11981 |     @media (hover:hover)and(pointer:fine) {
        |                         ^
  11982 |       display: block;
  11983 |     }
  11984 |   }

Unexpected token Function("and")

Generated code of PostCSS transform of file content of app/globals.css:
./app/globals.css:11981:25
  11979 |   }
  11980 |   .\[\@media\(hover\:hover\)and\(pointer\:fine\)\]\:block {
> 11981 |     @media (hover:hover)and(pointer:fine) {
        |                         ^
  11982 |       display: block;
  11983 |     }
  11984 |   }

Import trace:
  Client Component Browser:
    ./app/globals.css [Client Component Browser]
    ./app/layout.tsx [Server Component] @ http://localhost:4200/_next/static/chunks/0aus_next_dist_00tg.dm._.js:1945
[   21601ms] [ERROR] ./app/globals.css:11981:25
Parsing CSS source code failed
  11979 |   }
  11980 |   .\[\@media\(hover\:hover\)and\(pointer\:fine\)\]\:block {
> 11981 |     @media (hover:hover)and(pointer:fine) {
        |                         ^
  11982 |       display: block;
  11983 |     }
  11984 |   }

Unexpected token Function("and")

Generated code of PostCSS transform of file content of app/globals.css:
./app/globals.css:11981:25
  11979 |   }
  11980 |   .\[\@media\(hover\:hover\)and\(pointer\:fine\)\]\:block {
> 11981 |     @media (hover:hover)and(pointer:fine) {
        |                         ^
  11982 |       display: block;
  11983 |     }
  11984 |   }

Import trace:
  Client Component Browser:
    ./app/globals.css [Client Component Browser]
    ./app/layout.tsx [Server Component] @ http://localhost:4200/_next/static/chunks/0aus_next_dist_00tg.dm._.js:1945
[   21666ms] [ERROR] ./app/globals.css:11981:25
Parsing CSS source code failed
  11979 |   }
  11980 |   .\[\@media\(hover\:hover\)and\(pointer\:fine\)\]\:block {
> 11981 |     @media (hover:hover)and(pointer:fine) {
        |                         ^
  11982 |       display: block;
  11983 |     }
  11984 |   }

Unexpected token Function("and")

Generated code of PostCSS transform of file content of app/globals.css:
./app/globals.css:11981:25
  11979 |   }
  11980 |   .\[\@media\(hover\:hover\)and\(pointer\:fine\)\]\:block {
> 11981 |     @media (hover:hover)and(pointer:fine) {
        |                         ^
  11982 |       display: block;
  11983 |     }
  11984 |   }

Import trace:
  Client Component Browser:
    ./app/globals.css [Client Component Browser]
    ./app/layout.tsx [Server Component] @ http://localhost:4200/_next/static/chunks/0aus_next_dist_00tg.dm._.js:1945
[   21731ms] [ERROR] ./app/globals.css:11981:25
Parsing CSS source code failed
  11979 |   }
  11980 |   .\[\@media\(hover\:hover\)and\(pointer\:fine\)\]\:block {
> 11981 |     @media (hover:hover)and(pointer:fine) {
        |                         ^
  11982 |       display: block;
  11983 |     }
  11984 |   }

Unexpected token Function("and")

Generated code of PostCSS transform of file content of app/globals.css:
./app/globals.css:11981:25
  11979 |   }
  11980 |   .\[\@media\(hover\:hover\)and\(pointer\:fine\)\]\:block {
> 11981 |     @media (hover:hover)and(pointer:fine) {
        |                         ^
  11982 |       display: block;
  11983 |     }
  11984 |   }

Import trace:
  Client Component Browser:
    ./app/globals.css [Client Component Browser]
    ./app/layout.tsx [Server Component] @ http://localhost:4200/_next/static/chunks/0aus_next_dist_00tg.dm._.js:1945
[   21807ms] [ERROR] ./app/globals.css:11981:25
Parsing CSS source code failed
  11979 |   }
  11980 |   .\[\@media\(hover\:hover\)and\(pointer\:fine\)\]\:block {
> 11981 |     @media (hover:hover)and(pointer:fine) {
        |                         ^
  11982 |       display: block;
  11983 |     }
  11984 |   }

Unexpected token Function("and")

Generated code of PostCSS transform of file content of app/globals.css:
./app/globals.css:11981:25
  11979 |   }
  11980 |   .\[\@media\(hover\:hover\)and\(pointer\:fine\)\]\:block {
> 11981 |     @media (hover:hover)and(pointer:fine) {
        |                         ^
  11982 |       display: block;
  11983 |     }
  11984 |   }

Import trace:
  Client Component Browser:
    ./app/globals.css [Client Component Browser]
    ./app/layout.tsx [Server Component] @ http://localhost:4200/_next/static/chunks/0aus_next_dist_00tg.dm._.js:1945
[   21873ms] [ERROR] ./app/globals.css:11981:25
Parsing CSS source code failed
  11979 |   }
  11980 |   .\[\@media\(hover\:hover\)and\(pointer\:fine\)\]\:block {
> 11981 |     @media (hover:hover)and(pointer:fine) {
        |                         ^
  11982 |       display: block;
  11983 |     }
  11984 |   }

Unexpected token Function("and")

Generated code of PostCSS transform of file content of app/globals.css:
./app/globals.css:11981:25
  11979 |   }
  11980 |   .\[\@media\(hover\:hover\)and\(pointer\:fine\)\]\:block {
> 11981 |     @media (hover:hover)and(pointer:fine) {
        |                         ^
  11982 |       display: block;
  11983 |     }
  11984 |   }

Import trace:
  Client Component Browser:
    ./app/globals.css [Client Component Browser]
    ./app/layout.tsx [Server Component] @ http://localhost:4200/_next/static/chunks/0aus_next_dist_00tg.dm._.js:1945
